ISO-10303-21;
HEADER;
/* Generated by software containing ST-Developer
 * from STEP Tools, Inc. (www.steptools.com) 
 */

FILE_DESCRIPTION(
/* description */ (''),
/* implementation_level */ '2;1');

FILE_NAME(
/* name */ '060_UPDATED_2313_-_BCPCBCover.f3d.step',
/* time_stamp */ '2026-09-18T19:08:22-05:00',
/* author */ (''),
/* organization */ (''),
/* preprocessor_version */ 'ST-DEVELOPER v20.2',
/* originating_system */ 'Autodesk Translation Framework v15.15.0.0',
/* authorisation */ '');

FILE_SCHEMA (('AUTOMOTIVE_DESIGN { 1 0 10303 214 3 1 1 }'));
ENDSEC;

DATA;
#10=MECHANICAL_DESIGN_GEOMETRIC_PRESENTATION_REPRESENTATION('',(#13),#11443);
#11=SHAPE_REPRESENTATION_RELATIONSHIP('SRR','None',#11450,#12);
#12=ADVANCED_BREP_SHAPE_REPRESENTATION('',(#14),#11442);
#13=STYLED_ITEM('',(#11460),#14);
#14=MANIFOLD_SOLID_BREP('Body1',#6041);
#15=SPHERICAL_SURFACE('',#6294,1.);
#16=SPHERICAL_SURFACE('',#6300,1.00000000000001);
#17=SPHERICAL_SURFACE('',#6325,0.499999999999994);
#18=SPHERICAL_SURFACE('',#6338,0.500000000000003);
#19=B_SPLINE_SURFACE_WITH_KNOTS('',3,3,((#9460,#9461,#9462,#9463,#9464,
#9465,#9466,#9467,#9468,#9469,#9470,#9471,#9472,#9473),(#9474,#9475,#9476,
#9477,#9478,#9479,#9480,#9481,#9482,#9483,#9484,#9485,#9486,#9487),(#9488,
#9489,#9490,#9491,#9492,#9493,#9494,#9495,#9496,#9497,#9498,#9499,#9500,
#9501),(#9502,#9503,#9504,#9505,#9506,#9507,#9508,#9509,#9510,#9511,#9512,
#9513,#9514,#9515),(#9516,#9517,#9518,#9519,#9520,#9521,#9522,#9523,#9524,
#9525,#9526,#9527,#9528,#9529),(#9530,#9531,#9532,#9533,#9534,#9535,#9536,
#9537,#9538,#9539,#9540,#9541,#9542,#9543),(#9544,#9545,#9546,#9547,#9548,
#9549,#9550,#9551,#9552,#9553,#9554,#9555,#9556,#9557)),.UNSPECIFIED.,.F.,
 .F.,.F.,(4,1,1,1,4),(4,1,1,1,1,1,1,1,1,1,1,4),(0.,0.142857142857143,0.285714285714286,
0.571428571428571,1.),(0.,0.0714285714285714,0.142857142857143,0.214285714285714,
0.285714285714286,0.428571428571429,0.571428571428571,0.714285714285714,
0.857142857142857,0.928571428571429,0.964285714285714,1.),.UNSPECIFIED.);
#20=B_SPLINE_SURFACE_WITH_KNOTS('',3,3,((#9603,#9604,#9605,#9606,#9607,
#9608,#9609,#9610,#9611,#9612,#9613,#9614,#9615,#9616),(#9617,#9618,#9619,
#9620,#9621,#9622,#9623,#9624,#9625,#9626,#9627,#9628,#9629,#9630),(#9631,
#9632,#9633,#9634,#9635,#9636,#9637,#9638,#9639,#9640,#9641,#9642,#9643,
#9644),(#9645,#9646,#9647,#9648,#9649,#9650,#9651,#9652,#9653,#9654,#9655,
#9656,#9657,#9658),(#9659,#9660,#9661,#9662,#9663,#9664,#9665,#9666,#9667,
#9668,#9669,#9670,#9671,#9672),(#9673,#9674,#9675,#9676,#9677,#9678,#9679,
#9680,#9681,#9682,#9683,#9684,#9685,#9686),(#9687,#9688,#9689,#9690,#9691,
#9692,#9693,#9694,#9695,#9696,#9697,#9698,#9699,#9700)),.UNSPECIFIED.,.F.,
 .F.,.F.,(4,1,1,1,4),(4,1,1,1,1,1,1,1,1,1,1,4),(0.,0.142857142857143,0.285714285714286,
0.571428571428571,1.),(0.,0.0714285714285714,0.142857142857143,0.25,0.285714285714286,
0.392857142857143,0.5,0.535714285714286,0.571428571428571,0.642857142857143,
0.857142857142857,1.),.UNSPECIFIED.);
#21=B_SPLINE_SURFACE_WITH_KNOTS('',3,3,((#9770,#9771,#9772,#9773,#9774,
#9775,#9776,#9777,#9778,#9779),(#9780,#9781,#9782,#9783,#9784,#9785,#9786,
#9787,#9788,#9789),(#9790,#9791,#9792,#9793,#9794,#9795,#9796,#9797,#9798,
#9799),(#9800,#9801,#9802,#9803,#9804,#9805,#9806,#9807,#9808,#9809),(#9810,
#9811,#9812,#9813,#9814,#9815,#9816,#9817,#9818,#9819)),.UNSPECIFIED.,.F.,
 .F.,.F.,(4,1,4),(4,1,1,1,1,1,1,4),(0.,0.571428571428571,1.),(5.37415257303737E-16,
0.0283692609133459,0.0567385218266912,0.0709231522833639,0.0851077827400366,
0.0922000979683729,0.0957462555825411,0.0992924131967092),.UNSPECIFIED.);
#22=B_SPLINE_SURFACE_WITH_KNOTS('',3,3,((#9836,#9837,#9838,#9839,#9840,
#9841,#9842,#9843,#9844,#9845),(#9846,#9847,#9848,#9849,#9850,#9851,#9852,
#9853,#9854,#9855),(#9856,#9857,#9858,#9859,#9860,#9861,#9862,#9863,#9864,
#9865),(#9866,#9867,#9868,#9869,#9870,#9871,#9872,#9873,#9874,#9875),(#9876,
#9877,#9878,#9879,#9880,#9881,#9882,#9883,#9884,#9885)),.UNSPECIFIED.,.F.,
 .F.,.F.,(4,1,4),(4,1,1,1,1,1,1,4),(0.,0.571428571428571,1.),(0.,0.00354530784862886,
0.00709061569725771,0.0141812313945154,0.0283624627890308,0.0425436941835463,
0.0709061569725771,0.0992686197616079),.UNSPECIFIED.);
#23=B_SPLINE_SURFACE_WITH_KNOTS('',3,3,((#9901,#9902,#9903,#9904,#9905),
(#9906,#9907,#9908,#9909,#9910),(#9911,#9912,#9913,#9914,#9915),(#9916,
#9917,#9918,#9919,#9920),(#9921,#9922,#9923,#9924,#9925)),.UNSPECIFIED.,
 .F.,.F.,.F.,(4,1,4),(4,1,4),(-3.60296629740947E-5,0.5,1.0011872441418),
(-0.00118724414185227,0.6731984257692,1.57198357093667),.UNSPECIFIED.);
#24=B_SPLINE_SURFACE_WITH_KNOTS('',3,3,((#9931,#9932,#9933,#9934,#9935),
(#9936,#9937,#9938,#9939,#9940),(#9941,#9942,#9943,#9944,#9945),(#9946,
#9947,#9948,#9949,#9950),(#9951,#9952,#9953,#9954,#9955)),.UNSPECIFIED.,
 .F.,.F.,.F.,(4,1,4),(4,1,4),(-2.45217589025518E-5,0.5,1.00119549879486),
(-1.57199182558992,-0.897597901025826,0.00119549879468597),
 .UNSPECIFIED.);
#25=B_SPLINE_SURFACE_WITH_KNOTS('',3,3,((#9961,#9962,#9963,#9964,#9965),
(#9966,#9967,#9968,#9969,#9970),(#9971,#9972,#9973,#9974,#9975),(#9976,
#9977,#9978,#9979,#9980),(#9981,#9982,#9983,#9984,#9985)),.UNSPECIFIED.,
 .F.,.F.,.F.,(4,1,4),(4,1,4),(-0.00175274068834956,0.5,1.),(4.71063623969635,
5.38558740615393,6.28493804786794),.UNSPECIFIED.);
#26=B_SPLINE_SURFACE_WITH_KNOTS('',3,3,((#10009,#10010,#10011,#10012,#10013),
(#10014,#10015,#10016,#10017,#10018),(#10019,#10020,#10021,#10022,#10023),
(#10024,#10025,#10026,#10027,#10028),(#10029,#10030,#10031,#10032,#10033)),
 .UNSPECIFIED.,.F.,.F.,.F.,(4,1,4),(4,1,4),(-0.00175274069666353,0.5,1.),
(-0.00175274069666076,0.89759790102566,1.57254906749156),.UNSPECIFIED.);
#27=B_SPLINE_SURFACE_WITH_KNOTS('',3,3,((#10137,#10138,#10139,#10140),(#10141,
#10142,#10143,#10144),(#10145,#10146,#10147,#10148),(#10149,#10150,#10151,
#10152),(#10153,#10154,#10155,#10156)),.UNSPECIFIED.,.F.,.F.,.F.,(4,1,4),
(4,4),(-0.00201724411648998,0.5,1.),(0.669381014170365,1.32691872190653),
 .UNSPECIFIED.);
#28=B_SPLINE_SURFACE_WITH_KNOTS('',3,3,((#10336,#10337,#10338,#10339),(#10340,
#10341,#10342,#10343),(#10344,#10345,#10346,#10347),(#10348,#10349,#10350,
#10351),(#10352,#10353,#10354,#10355)),.UNSPECIFIED.,.F.,.F.,.F.,(4,1,4),
(4,4),(-3.42710275626938E-6,0.571428571428571,1.00020708236282),(-1.57100340915772,
-0.785191081034795),.UNSPECIFIED.);
#29=B_SPLINE_SURFACE_WITH_KNOTS('',3,3,((#10361,#10362,#10363,#10364),(#10365,
#10366,#10367,#10368),(#10369,#10370,#10371,#10372),(#10373,#10374,#10375,
#10376),(#10377,#10378,#10379,#10380)),.UNSPECIFIED.,.F.,.F.,.F.,(4,1,4),
(4,4),(-0.00034625663742409,0.571428571428571,1.00035381849842),(0.785044344899014,
1.57079632679489),.UNSPECIFIED.);
#30=B_SPLINE_SURFACE_WITH_KNOTS('',3,3,((#10427,#10428,#10429,#10430,#10431,
#10432,#10433,#10434),(#10435,#10436,#10437,#10438,#10439,#10440,#10441,
#10442),(#10443,#10444,#10445,#10446,#10447,#10448,#10449,#10450),(#10451,
#10452,#10453,#10454,#10455,#10456,#10457,#10458)),.UNSPECIFIED.,.F.,.F.,
 .F.,(4,4),(4,2,1,1,4),(-0.000455536052980406,1.),(-0.368596436513293,-0.368189735841695,
-0.321630161409127,-0.298350374192843,-0.251790799760274),.UNSPECIFIED.);
#31=B_SPLINE_SURFACE_WITH_KNOTS('',3,3,((#10823,#10824,#10825,#10826),(#10827,
#10828,#10829,#10830),(#10831,#10832,#10833,#10834),(#10835,#10836,#10837,
#10838),(#10839,#10840,#10841,#10842)),.UNSPECIFIED.,.F.,.F.,.F.,(4,1,4),
(4,4),(-0.00201724411679906,0.5,1.),(0.669381014170365,1.32691872190653),
 .UNSPECIFIED.);
#32=B_SPLINE_SURFACE_WITH_KNOTS('',3,3,((#11018,#11019,#11020,#11021),(#11022,
#11023,#11024,#11025),(#11026,#11027,#11028,#11029),(#11030,#11031,#11032,
#11033),(#11034,#11035,#11036,#11037)),.UNSPECIFIED.,.F.,.F.,.F.,(4,1,4),
(4,4),(-3.42710287830479E-6,0.571428571428571,1.00020708236282),(-1.57100340915772,
-0.785191081034793),.UNSPECIFIED.);
#33=B_SPLINE_SURFACE_WITH_KNOTS('',3,3,((#11043,#11044,#11045,#11046),(#11047,
#11048,#11049,#11050),(#11051,#11052,#11053,#11054),(#11055,#11056,#11057,
#11058),(#11059,#11060,#11061,#11062)),.UNSPECIFIED.,.F.,.F.,.F.,(4,1,4),
(4,4),(-0.000346256637407349,0.571428571428571,1.00035381853786),(0.785044344859571,
1.57079632679489),.UNSPECIFIED.);
#34=B_SPLINE_SURFACE_WITH_KNOTS('',3,3,((#11109,#11110,#11111,#11112,#11113,
#11114,#11115,#11116),(#11117,#11118,#11119,#11120,#11121,#11122,#11123,
#11124),(#11125,#11126,#11127,#11128,#11129,#11130,#11131,#11132),(#11133,
#11134,#11135,#11136,#11137,#11138,#11139,#11140)),.UNSPECIFIED.,.F.,.F.,
 .F.,(4,4),(4,2,1,1,4),(-0.000455536052523239,1.),(-0.368596436513293,-0.368189735841695,
-0.321630161409127,-0.298350374192843,-0.251790799760274),.UNSPECIFIED.);
#35=CONICAL_SURFACE('',#6229,2.,0.785398163396736);
#36=CONICAL_SURFACE('',#6233,4.,0.785398163396627);
#37=CONICAL_SURFACE('',#6259,4.,0.785398163397451);
#38=CONICAL_SURFACE('',#6262,2.,0.78539816339745);
#39=FACE_BOUND('',#1932,.T.);
#40=FACE_BOUND('',#1933,.T.);
#41=FACE_BOUND('',#1934,.T.);
#42=FACE_BOUND('',#1935,.T.);
#43=FACE_BOUND('',#2000,.T.);
#44=FACE_BOUND('',#2084,.T.);
#45=FACE_BOUND('',#2085,.T.);
#46=FACE_BOUND('',#2086,.T.);
#47=FACE_BOUND('',#2121,.T.);
#48=FACE_BOUND('',#2128,.T.);
#49=FACE_BOUND('',#2151,.T.);
#50=FACE_BOUND('',#2183,.T.);
#51=FACE_BOUND('',#2184,.T.);
#52=FACE_BOUND('',#2185,.T.);
#53=FACE_BOUND('',#2219,.T.);
#54=FACE_BOUND('',#2226,.T.);
#55=FACE_BOUND('',#2249,.T.);
#56=PLANE('',#6089);
#57=PLANE('',#6092);
#58=PLANE('',#6093);
#59=PLANE('',#6094);
#60=PLANE('',#6095);
#61=PLANE('',#6096);
#62=PLANE('',#6099);
#63=PLANE('',#6102);
#64=PLANE('',#6103);
#65=PLANE('',#6156);
#66=PLANE('',#6157);
#67=PLANE('',#6158);
#68=PLANE('',#6159);
#69=PLANE('',#6160);
#70=PLANE('',#6161);
#71=PLANE('',#6162);
#72=PLANE('',#6165);
#73=PLANE('',#6170);
#74=PLANE('',#6173);
#75=PLANE('',#6220);
#76=PLANE('',#6222);
#77=PLANE('',#6224);
#78=PLANE('',#6226);
#79=PLANE('',#6227);
#80=PLANE('',#6228);
#81=PLANE('',#6232);
#82=PLANE('',#6236);
#83=PLANE('',#6237);
#84=PLANE('',#6241);
#85=PLANE('',#6242);
#86=PLANE('',#6243);
#87=PLANE('',#6246);
#88=PLANE('',#6253);
#89=PLANE('',#6254);
#90=PLANE('',#6255);
#91=PLANE('',#6256);
#92=PLANE('',#6257);
#93=PLANE('',#6261);
#94=PLANE('',#6264);
#95=PLANE('',#6265);
#96=PLANE('',#6268);
#97=PLANE('',#6269);
#98=PLANE('',#6273);
#99=PLANE('',#6274);
#100=PLANE('',#6275);
#101=PLANE('',#6278);
#102=PLANE('',#6285);
#103=PLANE('',#6313);
#104=PLANE('',#6314);
#105=PLANE('',#6315);
#106=PLANE('',#6351);
#107=PLANE('',#6352);
#108=PLANE('',#6353);
#109=PLANE('',#6354);
#110=PLANE('',#6355);
#111=PLANE('',#6358);
#112=PLANE('',#6367);
#113=PLANE('',#6371);
#114=PLANE('',#6374);
#115=PLANE('',#6379);
#116=PLANE('',#6383);
#117=PLANE('',#6385);
#118=PLANE('',#6391);
#119=PLANE('',#6396);
#120=PLANE('',#6397);
#121=PLANE('',#6413);
#122=PLANE('',#6417);
#123=PLANE('',#6421);
#124=PLANE('',#6422);
#125=PLANE('',#6425);
#126=PLANE('',#6431);
#127=PLANE('',#6432);
#128=PLANE('',#6441);
#129=PLANE('',#6446);
#130=PLANE('',#6447);
#131=PLANE('',#6448);
#132=PLANE('',#6449);
#133=PLANE('',#6454);
#134=PLANE('',#6455);
#135=PLANE('',#6456);
#136=PLANE('',#6457);
#137=PLANE('',#6458);
#138=PLANE('',#6459);
#139=PLANE('',#6460);
#140=PLANE('',#6464);
#141=PLANE('',#6466);
#142=PLANE('',#6467);
#143=PLANE('',#6468);
#144=PLANE('',#6469);
#145=PLANE('',#6470);
#146=PLANE('',#6471);
#147=PLANE('',#6472);
#148=PLANE('',#6473);
#149=PLANE('',#6474);
#150=PLANE('',#6475);
#151=PLANE('',#6476);
#152=PLANE('',#6477);
#153=PLANE('',#6478);
#154=PLANE('',#6479);
#155=PLANE('',#6480);
#156=PLANE('',#6481);
#157=PLANE('',#6482);
#158=PLANE('',#6483);
#159=PLANE('',#6484);
#160=PLANE('',#6485);
#161=PLANE('',#6491);
#162=PLANE('',#6492);
#163=PLANE('',#6493);
#164=PLANE('',#6495);
#165=PLANE('',#6498);
#166=PLANE('',#6499);
#167=PLANE('',#6500);
#168=PLANE('',#6507);
#169=PLANE('',#6511);
#170=PLANE('',#6514);
#171=PLANE('',#6519);
#172=PLANE('',#6523);
#173=PLANE('',#6525);
#174=PLANE('',#6531);
#175=PLANE('',#6536);
#176=PLANE('',#6537);
#177=PLANE('',#6553);
#178=PLANE('',#6557);
#179=PLANE('',#6561);
#180=PLANE('',#6564);
#181=PLANE('',#6570);
#182=PLANE('',#6571);
#183=PLANE('',#6580);
#184=PLANE('',#6585);
#185=PLANE('',#6586);
#186=PLANE('',#6587);
#187=PLANE('',#6588);
#188=PLANE('',#6593);
#189=PLANE('',#6594);
#190=PLANE('',#6595);
#191=PLANE('',#6596);
#192=PLANE('',#6597);
#193=PLANE('',#6598);
#194=PLANE('',#6599);
#195=PLANE('',#6603);
#196=PLANE('',#6605);
#197=PLANE('',#6606);
#198=PLANE('',#6607);
#199=PLANE('',#6608);
#200=PLANE('',#6609);
#201=PLANE('',#6610);
#202=PLANE('',#6611);
#203=PLANE('',#6612);
#204=PLANE('',#6613);
#205=PLANE('',#6614);
#206=PLANE('',#6615);
#207=PLANE('',#6616);
#208=PLANE('',#6617);
#209=PLANE('',#6618);
#210=PLANE('',#6619);
#211=PLANE('',#6620);
#212=PLANE('',#6621);
#213=PLANE('',#6622);
#214=PLANE('',#6623);
#215=PLANE('',#6624);
#216=PLANE('',#6630);
#217=PLANE('',#6631);
#218=PLANE('',#6632);
#219=PLANE('',#6634);
#220=PLANE('',#6636);
#221=PLANE('',#6638);
#222=PLANE('',#6639);
#223=ELLIPSE('',#6066,1.0823922002924,1.);
#224=ELLIPSE('',#6068,1.0823922002924,1.);
#225=ELLIPSE('',#6070,1.08239220029239,1.);
#226=ELLIPSE('',#6072,1.0823922002924,1.);
#227=ELLIPSE('',#6126,1.08239220029239,1.);
#228=ELLIPSE('',#6127,1.08239220029239,1.);
#229=ELLIPSE('',#6141,1.0823922002924,1.);
#230=ELLIPSE('',#6143,1.08239220029239,1.);
#231=ELLIPSE('',#6176,1.0823922002924,1.);
#232=ELLIPSE('',#6187,1.08239220029239,1.);
#233=ELLIPSE('',#6189,1.0823922002924,1.);
#234=ELLIPSE('',#6191,1.08239220029239,1.);
#235=ELLIPSE('',#6198,1.0823922002924,1.);
#236=ELLIPSE('',#6200,1.08239220029239,1.);
#237=ELLIPSE('',#6202,1.08239220029239,1.);
#238=ELLIPSE('',#6204,1.08239220029239,1.);
#239=ELLIPSE('',#6225,23.758787847868,16.8);
#240=ELLIPSE('',#6244,10.3237590053177,7.29999999999588);
#241=ELLIPSE('',#6245,1.41421356237307,1.);
#242=ELLIPSE('',#6258,23.7587878478681,16.8);
#243=ELLIPSE('',#6266,1.41421356237307,1.);
#244=ELLIPSE('',#6267,10.3237590053177,7.29999999999588);
#245=ELLIPSE('',#6276,1.17924764150707,1.);
#246=ELLIPSE('',#6277,1.17924764150707,1.);
#247=ELLIPSE('',#6280,1.10337791896251,1.00000000000001);
#248=ELLIPSE('',#6281,1.00060954429882,1.);
#249=ELLIPSE('',#6282,1.00060954429882,0.999999999999994);
#250=ELLIPSE('',#6283,1.1033779189625,1.);
#251=ELLIPSE('',#6317,0.501217976674718,0.5);
#252=ELLIPSE('',#6320,0.501217976674718,0.5);
#253=ELLIPSE('',#6323,0.683697909938315,0.5);
#254=ELLIPSE('',#6331,0.707106781186548,0.5);
#255=ELLIPSE('',#6334,0.683697909938317,0.5);
#256=ELLIPSE('',#6343,0.707106781186555,0.5);
#257=ELLIPSE('',#6347,0.551688959481258,0.5);
#258=ELLIPSE('',#6362,1.41421356237397,1.);
#259=ELLIPSE('',#6365,1.08239220029239,1.);
#260=ELLIPSE('',#6368,9.97647232241351,6.79999999999588);
#261=ELLIPSE('',#6376,2.12132034355965,1.5);
#262=ELLIPSE('',#6381,6.74877976144372,5.);
#263=ELLIPSE('',#6382,6.74877976144372,5.);
#264=ELLIPSE('',#6384,6.74877976144373,5.);
#265=ELLIPSE('',#6386,2.47487373415306,1.75);
#266=ELLIPSE('',#6387,0.70710678118659,0.5);
#267=ELLIPSE('',#6389,6.74877976144371,5.);
#268=ELLIPSE('',#6390,6.74877976144374,5.);
#269=ELLIPSE('',#6392,6.74877976144372,5.);
#270=ELLIPSE('',#6395,6.74877976144372,5.);
#271=ELLIPSE('',#6398,2.51975049244217,1.5);
#272=ELLIPSE('',#6399,1.41421356236533,0.999999999994445);
#273=ELLIPSE('',#6402,6.74877976144373,5.);
#274=ELLIPSE('',#6405,5.09901951359171,5.);
#275=ELLIPSE('',#6406,5.0990195135917,4.99999999999998);
#276=ELLIPSE('',#6407,5.0990195135917,5.);
#277=ELLIPSE('',#6409,7.0710678118659,5.);
#278=ELLIPSE('',#6444,2.51975049244217,1.5);
#279=ELLIPSE('',#6445,2.51975049244216,1.5);
#280=ELLIPSE('',#6503,1.41421356237397,1.);
#281=ELLIPSE('',#6505,1.08239220029239,1.);
#282=ELLIPSE('',#6508,9.97647232241351,6.79999999999588);
#283=ELLIPSE('',#6516,2.12132034355965,1.5);
#284=ELLIPSE('',#6521,6.74877976144372,5.);
#285=ELLIPSE('',#6522,6.74877976144372,5.);
#286=ELLIPSE('',#6524,6.74877976144373,5.);
#287=ELLIPSE('',#6526,0.70710678118659,0.5);
#288=ELLIPSE('',#6527,2.47487373415306,1.75);
#289=ELLIPSE('',#6529,6.74877976144371,5.);
#290=ELLIPSE('',#6530,6.74877976144374,5.);
#291=ELLIPSE('',#6532,6.74877976144372,5.);
#292=ELLIPSE('',#6535,6.74877976144372,5.);
#293=ELLIPSE('',#6538,1.41421356236533,0.999999999994445);
#294=ELLIPSE('',#6539,2.51975049244217,1.5);
#295=ELLIPSE('',#6542,6.74877976144373,5.);
#296=ELLIPSE('',#6544,5.09901951359171,5.);
#297=ELLIPSE('',#6546,5.0990195135917,4.99999999999998);
#298=ELLIPSE('',#6547,5.0990195135917,5.);
#299=ELLIPSE('',#6549,7.0710678118659,5.);
#300=ELLIPSE('',#6583,2.51975049244217,1.5);
#301=ELLIPSE('',#6584,2.51975049244216,1.5);
#302=LINE('',#8405,#872);
#303=LINE('',#8406,#873);
#304=LINE('',#8415,#874);
#305=LINE('',#8417,#875);
#306=LINE('',#8421,#876);
#307=LINE('',#8424,#877);
#308=LINE('',#8427,#878);
#309=LINE('',#8430,#879);
#310=LINE('',#8433,#880);
#311=LINE('',#8436,#881);
#312=LINE('',#8439,#882);
#313=LINE('',#8442,#883);
#314=LINE('',#8453,#884);
#315=LINE('',#8454,#885);
#316=LINE('',#8465,#886);
#317=LINE('',#8466,#887);
#318=LINE('',#8469,#888);
#319=LINE('',#8472,#889);
#320=LINE('',#8475,#890);
#321=LINE('',#8481,#891);
#322=LINE('',#8484,#892);
#323=LINE('',#8488,#893);
#324=LINE('',#8489,#894);
#325=LINE('',#8492,#895);
#326=LINE('',#8493,#896);
#327=LINE('',#8496,#897);
#328=LINE('',#8497,#898);
#329=LINE('',#8500,#899);
#330=LINE('',#8501,#900);
#331=LINE('',#8504,#901);
#332=LINE('',#8505,#902);
#333=LINE('',#8508,#903);
#334=LINE('',#8512,#904);
#335=LINE('',#8513,#905);
#336=LINE('',#8516,#906);
#337=LINE('',#8520,#907);
#338=LINE('',#8521,#908);
#339=LINE('',#8524,#909);
#340=LINE('',#8526,#910);
#341=LINE('',#8528,#911);
#342=LINE('',#8530,#912);
#343=LINE('',#8534,#913);
#344=LINE('',#8540,#914);
#345=LINE('',#8548,#915);
#346=LINE('',#8552,#916);
#347=LINE('',#8554,#917);
#348=LINE('',#8556,#918);
#349=LINE('',#8560,#919);
#350=LINE('',#8568,#920);
#351=LINE('',#8574,#921);
#352=LINE('',#8578,#922);
#353=LINE('',#8580,#923);
#354=LINE('',#8582,#924);
#355=LINE('',#8584,#925);
#356=LINE('',#8588,#926);
#357=LINE('',#8592,#927);
#358=LINE('',#8605,#928);
#359=LINE('',#8609,#929);
#360=LINE('',#8613,#930);
#361=LINE('',#8616,#931);
#362=LINE('',#8627,#932);
#363=LINE('',#8628,#933);
#364=LINE('',#8637,#934);
#365=LINE('',#8639,#935);
#366=LINE('',#8643,#936);
#367=LINE('',#8645,#937);
#368=LINE('',#8648,#938);
#369=LINE('',#8649,#939);
#370=LINE('',#8652,#940);
#371=LINE('',#8655,#941);
#372=LINE('',#8666,#942);
#373=LINE('',#8667,#943);
#374=LINE('',#8684,#944);
#375=LINE('',#8687,#945);
#376=LINE('',#8688,#946);
#377=LINE('',#8690,#947);
#378=LINE('',#8693,#948);
#379=LINE('',#8695,#949);
#380=LINE('',#8696,#950);
#381=LINE('',#8699,#951);
#382=LINE('',#8700,#952);
#383=LINE('',#8703,#953);
#384=LINE('',#8704,#954);
#385=LINE('',#8707,#955);
#386=LINE('',#8708,#956);
#387=LINE('',#8711,#957);
#388=LINE('',#8715,#958);
#389=LINE('',#8717,#959);
#390=LINE('',#8724,#960);
#391=LINE('',#8728,#961);
#392=LINE('',#8733,#962);
#393=LINE('',#8740,#963);
#394=LINE('',#8749,#964);
#395=LINE('',#8755,#965);
#396=LINE('',#8758,#966);
#397=LINE('',#8762,#967);
#398=LINE('',#8766,#968);
#399=LINE('',#8773,#969);
#400=LINE('',#8778,#970);
#401=LINE('',#8782,#971);
#402=LINE('',#8786,#972);
#403=LINE('',#8790,#973);
#404=LINE('',#8795,#974);
#405=LINE('',#8806,#975);
#406=LINE('',#8807,#976);
#407=LINE('',#8815,#977);
#408=LINE('',#8816,#978);
#409=LINE('',#8820,#979);
#410=LINE('',#8822,#980);
#411=LINE('',#8824,#981);
#412=LINE('',#8829,#982);
#413=LINE('',#8833,#983);
#414=LINE('',#8835,#984);
#415=LINE('',#8836,#985);
#416=LINE('',#8839,#986);
#417=LINE('',#8841,#987);
#418=LINE('',#8842,#988);
#419=LINE('',#8845,#989);
#420=LINE('',#8846,#990);
#421=LINE('',#8847,#991);
#422=LINE('',#8853,#992);
#423=LINE('',#8858,#993);
#424=LINE('',#8859,#994);
#425=LINE('',#8860,#995);
#426=LINE('',#8865,#996);
#427=LINE('',#8869,#997);
#428=LINE('',#8871,#998);
#429=LINE('',#8872,#999);
#430=LINE('',#8874,#1000);
#431=LINE('',#8875,#1001);
#432=LINE('',#8880,#1002);
#433=LINE('',#8883,#1003);
#434=LINE('',#8886,#1004);
#435=LINE('',#8888,#1005);
#436=LINE('',#8889,#1006);
#437=LINE('',#8892,#1007);
#438=LINE('',#8893,#1008);
#439=LINE('',#8896,#1009);
#440=LINE('',#8902,#1010);
#441=LINE('',#8906,#1011);
#442=LINE('',#8910,#1012);
#443=LINE('',#8912,#1013);
#444=LINE('',#8929,#1014);
#445=LINE('',#8931,#1015);
#446=LINE('',#8933,#1016);
#447=LINE('',#8935,#1017);
#448=LINE('',#8939,#1018);
#449=LINE('',#8943,#1019);
#450=LINE('',#8945,#1020);
#451=LINE('',#8947,#1021);
#452=LINE('',#8949,#1022);
#453=LINE('',#9151,#1023);
#454=LINE('',#9293,#1024);
#455=LINE('',#9295,#1025);
#456=LINE('',#9308,#1026);
#457=LINE('',#9321,#1027);
#458=LINE('',#9322,#1028);
#459=LINE('',#9324,#1029);
#460=LINE('',#9327,#1030);
#461=LINE('',#9329,#1031);
#462=LINE('',#9330,#1032);
#463=LINE('',#9333,#1033);
#464=LINE('',#9335,#1034);
#465=LINE('',#9336,#1035);
#466=LINE('',#9339,#1036);
#467=LINE('',#9341,#1037);
#468=LINE('',#9342,#1038);
#469=LINE('',#9345,#1039);
#470=LINE('',#9347,#1040);
#471=LINE('',#9350,#1041);
#472=LINE('',#9353,#1042);
#473=LINE('',#9357,#1043);
#474=LINE('',#9358,#1044);
#475=LINE('',#9360,#1045);
#476=LINE('',#9365,#1046);
#477=LINE('',#9371,#1047);
#478=LINE('',#9372,#1048);
#479=LINE('',#9377,#1049);
#480=LINE('',#9378,#1050);
#481=LINE('',#9381,#1051);
#482=LINE('',#9384,#1052);
#483=LINE('',#9387,#1053);
#484=LINE('',#9400,#1054);
#485=LINE('',#9402,#1055);
#486=LINE('',#9404,#1056);
#487=LINE('',#9406,#1057);
#488=LINE('',#9416,#1058);
#489=LINE('',#9420,#1059);
#490=LINE('',#9422,#1060);
#491=LINE('',#9423,#1061);
#492=LINE('',#9426,#1062);
#493=LINE('',#9430,#1063);
#494=LINE('',#9434,#1064);
#495=LINE('',#9438,#1065);
#496=LINE('',#9442,#1066);
#497=LINE('',#9446,#1067);
#498=LINE('',#9449,#1068);
#499=LINE('',#9452,#1069);
#500=LINE('',#9454,#1070);
#501=LINE('',#9455,#1071);
#502=LINE('',#9458,#1072);
#503=LINE('',#9594,#1073);
#504=LINE('',#9752,#1074);
#505=LINE('',#9753,#1075);
#506=LINE('',#9755,#1076);
#507=LINE('',#9756,#1077);
#508=LINE('',#9762,#1078);
#509=LINE('',#9763,#1079);
#510=LINE('',#9765,#1080);
#511=LINE('',#9767,#1081);
#512=LINE('',#9835,#1082);
#513=LINE('',#10000,#1083);
#514=LINE('',#10002,#1084);
#515=LINE('',#10007,#1085);
#516=LINE('',#10008,#1086);
#517=LINE('',#10040,#1087);
#518=LINE('',#10042,#1088);
#519=LINE('',#10052,#1089);
#520=LINE('',#10054,#1090);
#521=LINE('',#10057,#1091);
#522=LINE('',#10058,#1092);
#523=LINE('',#10060,#1093);
#524=LINE('',#10061,#1094);
#525=LINE('',#10063,#1095);
#526=LINE('',#10065,#1096);
#527=LINE('',#10068,#1097);
#528=LINE('',#10070,#1098);
#529=LINE('',#10072,#1099);
#530=LINE('',#10073,#1100);
#531=LINE('',#10075,#1101);
#532=LINE('',#10084,#1102);
#533=LINE('',#10085,#1103);
#534=LINE('',#10088,#1104);
#535=LINE('',#10089,#1105);
#536=LINE('',#10093,#1106);
#537=LINE('',#10096,#1107);
#538=LINE('',#10100,#1108);
#539=LINE('',#10104,#1109);
#540=LINE('',#10108,#1110);
#541=LINE('',#10126,#1111);
#542=LINE('',#10160,#1112);
#543=LINE('',#10163,#1113);
#544=LINE('',#10166,#1114);
#545=LINE('',#10167,#1115);
#546=LINE('',#10181,#1116);
#547=LINE('',#10183,#1117);
#548=LINE('',#10185,#1118);
#549=LINE('',#10186,#1119);
#550=LINE('',#10190,#1120);
#551=LINE('',#10195,#1121);
#552=LINE('',#10196,#1122);
#553=LINE('',#10199,#1123);
#554=LINE('',#10201,#1124);
#555=LINE('',#10203,#1125);
#556=LINE('',#10205,#1126);
#557=LINE('',#10207,#1127);
#558=LINE('',#10208,#1128);
#559=LINE('',#10214,#1129);
#560=LINE('',#10217,#1130);
#561=LINE('',#10220,#1131);
#562=LINE('',#10222,#1132);
#563=LINE('',#10224,#1133);
#564=LINE('',#10227,#1134);
#565=LINE('',#10230,#1135);
#566=LINE('',#10232,#1136);
#567=LINE('',#10234,#1137);
#568=LINE('',#10236,#1138);
#569=LINE('',#10238,#1139);
#570=LINE('',#10240,#1140);
#571=LINE('',#10245,#1141);
#572=LINE('',#10247,#1142);
#573=LINE('',#10248,#1143);
#574=LINE('',#10254,#1144);
#575=LINE('',#10257,#1145);
#576=LINE('',#10259,#1146);
#577=LINE('',#10261,#1147);
#578=LINE('',#10267,#1148);
#579=LINE('',#10271,#1149);
#580=LINE('',#10273,#1150);
#581=LINE('',#10275,#1151);
#582=LINE('',#10277,#1152);
#583=LINE('',#10279,#1153);
#584=LINE('',#10281,#1154);
#585=LINE('',#10283,#1155);
#586=LINE('',#10284,#1156);
#587=LINE('',#10287,#1157);
#588=LINE('',#10288,#1158);
#589=LINE('',#10290,#1159);
#590=LINE('',#10292,#1160);
#591=LINE('',#10294,#1161);
#592=LINE('',#10296,#1162);
#593=LINE('',#10298,#1163);
#594=LINE('',#10300,#1164);
#595=LINE('',#10304,#1165);
#596=LINE('',#10306,#1166);
#597=LINE('',#10309,#1167);
#598=LINE('',#10311,#1168);
#599=LINE('',#10312,#1169);
#600=LINE('',#10313,#1170);
#601=LINE('',#10316,#1171);
#602=LINE('',#10318,#1172);
#603=LINE('',#10319,#1173);
#604=LINE('',#10322,#1174);
#605=LINE('',#10324,#1175);
#606=LINE('',#10325,#1176);
#607=LINE('',#10328,#1177);
#608=LINE('',#10332,#1178);
#609=LINE('',#10333,#1179);
#610=LINE('',#10385,#1180);
#611=LINE('',#10498,#1181);
#612=LINE('',#10501,#1182);
#613=LINE('',#10502,#1183);
#614=LINE('',#10515,#1184);
#615=LINE('',#10517,#1185);
#616=LINE('',#10522,#1186);
#617=LINE('',#10524,#1187);
#618=LINE('',#10525,#1188);
#619=LINE('',#10546,#1189);
#620=LINE('',#10548,#1190);
#621=LINE('',#10550,#1191);
#622=LINE('',#10551,#1192);
#623=LINE('',#10553,#1193);
#624=LINE('',#10554,#1194);
#625=LINE('',#10558,#1195);
#626=LINE('',#10561,#1196);
#627=LINE('',#10562,#1197);
#628=LINE('',#10564,#1198);
#629=LINE('',#10566,#1199);
#630=LINE('',#10568,#1200);
#631=LINE('',#10573,#1201);
#632=LINE('',#10574,#1202);
#633=LINE('',#10577,#1203);
#634=LINE('',#10579,#1204);
#635=LINE('',#10580,#1205);
#636=LINE('',#10582,#1206);
#637=LINE('',#10603,#1207);
#638=LINE('',#10615,#1208);
#639=LINE('',#10616,#1209);
#640=LINE('',#10618,#1210);
#641=LINE('',#10619,#1211);
#642=LINE('',#10620,#1212);
#643=LINE('',#10627,#1213);
#644=LINE('',#10629,#1214);
#645=LINE('',#10632,#1215);
#646=LINE('',#10634,#1216);
#647=LINE('',#10635,#1217);
#648=LINE('',#10637,#1218);
#649=LINE('',#10638,#1219);
#650=LINE('',#10641,#1220);
#651=LINE('',#10642,#1221);
#652=LINE('',#10645,#1222);
#653=LINE('',#10647,#1223);
#654=LINE('',#10649,#1224);
#655=LINE('',#10651,#1225);
#656=LINE('',#10652,#1226);
#657=LINE('',#10655,#1227);
#658=LINE('',#10659,#1228);
#659=LINE('',#10662,#1229);
#660=LINE('',#10665,#1230);
#661=LINE('',#10666,#1231);
#662=LINE('',#10668,#1232);
#663=LINE('',#10669,#1233);
#664=LINE('',#10672,#1234);
#665=LINE('',#10673,#1235);
#666=LINE('',#10676,#1236);
#667=LINE('',#10677,#1237);
#668=LINE('',#10680,#1238);
#669=LINE('',#10681,#1239);
#670=LINE('',#10684,#1240);
#671=LINE('',#10685,#1241);
#672=LINE('',#10688,#1242);
#673=LINE('',#10692,#1243);
#674=LINE('',#10695,#1244);
#675=LINE('',#10699,#1245);
#676=LINE('',#10701,#1246);
#677=LINE('',#10704,#1247);
#678=LINE('',#10706,#1248);
#679=LINE('',#10707,#1249);
#680=LINE('',#10710,#1250);
#681=LINE('',#10712,#1251);
#682=LINE('',#10713,#1252);
#683=LINE('',#10716,#1253);
#684=LINE('',#10717,#1254);
#685=LINE('',#10719,#1255);
#686=LINE('',#10721,#1256);
#687=LINE('',#10725,#1257);
#688=LINE('',#10726,#1258);
#689=LINE('',#10728,#1259);
#690=LINE('',#10731,#1260);
#691=LINE('',#10732,#1261);
#692=LINE('',#10734,#1262);
#693=LINE('',#10736,#1263);
#694=LINE('',#10738,#1264);
#695=LINE('',#10740,#1265);
#696=LINE('',#10751,#1266);
#697=LINE('',#10755,#1267);
#698=LINE('',#10758,#1268);
#699=LINE('',#10759,#1269);
#700=LINE('',#10760,#1270);
#701=LINE('',#10764,#1271);
#702=LINE('',#10768,#1272);
#703=LINE('',#10770,#1273);
#704=LINE('',#10772,#1274);
#705=LINE('',#10774,#1275);
#706=LINE('',#10776,#1276);
#707=LINE('',#10782,#1277);
#708=LINE('',#10786,#1278);
#709=LINE('',#10790,#1279);
#710=LINE('',#10794,#1280);
#711=LINE('',#10822,#1281);
#712=LINE('',#10846,#1282);
#713=LINE('',#10850,#1283);
#714=LINE('',#10851,#1284);
#715=LINE('',#10865,#1285);
#716=LINE('',#10867,#1286);
#717=LINE('',#10868,#1287);
#718=LINE('',#10871,#1288);
#719=LINE('',#10877,#1289);
#720=LINE('',#10878,#1290);
#721=LINE('',#10881,#1291);
#722=LINE('',#10883,#1292);
#723=LINE('',#10885,#1293);
#724=LINE('',#10887,#1294);
#725=LINE('',#10889,#1295);
#726=LINE('',#10890,#1296);
#727=LINE('',#10896,#1297);
#728=LINE('',#10899,#1298);
#729=LINE('',#10902,#1299);
#730=LINE('',#10906,#1300);
#731=LINE('',#10908,#1301);
#732=LINE('',#10909,#1302);
#733=LINE('',#10912,#1303);
#734=LINE('',#10914,#1304);
#735=LINE('',#10915,#1305);
#736=LINE('',#10921,#1306);
#737=LINE('',#10923,#1307);
#738=LINE('',#10925,#1308);
#739=LINE('',#10927,#1309);
#740=LINE('',#10929,#1310);
#741=LINE('',#10930,#1311);
#742=LINE('',#10935,#1312);
#743=LINE('',#10941,#1313);
#744=LINE('',#10943,#1314);
#745=LINE('',#10944,#1315);
#746=LINE('',#10950,#1316);
#747=LINE('',#10953,#1317);
#748=LINE('',#10955,#1318);
#749=LINE('',#10957,#1319);
#750=LINE('',#10959,#1320);
#751=LINE('',#10961,#1321);
#752=LINE('',#10963,#1322);
#753=LINE('',#10965,#1323);
#754=LINE('',#10966,#1324);
#755=LINE('',#10968,#1325);
#756=LINE('',#10970,#1326);
#757=LINE('',#10971,#1327);
#758=LINE('',#10973,#1328);
#759=LINE('',#10977,#1329);
#760=LINE('',#10979,#1330);
#761=LINE('',#10983,#1331);
#762=LINE('',#10985,#1332);
#763=LINE('',#10987,#1333);
#764=LINE('',#10989,#1334);
#765=LINE('',#10991,#1335);
#766=LINE('',#10992,#1336);
#767=LINE('',#10994,#1337);
#768=LINE('',#10995,#1338);
#769=LINE('',#10998,#1339);
#770=LINE('',#11000,#1340);
#771=LINE('',#11001,#1341);
#772=LINE('',#11004,#1342);
#773=LINE('',#11006,#1343);
#774=LINE('',#11007,#1344);
#775=LINE('',#11010,#1345);
#776=LINE('',#11012,#1346);
#777=LINE('',#11014,#1347);
#778=LINE('',#11107,#1348);
#779=LINE('',#11180,#1349);
#780=LINE('',#11181,#1350);
#781=LINE('',#11184,#1351);
#782=LINE('',#11197,#1352);
#783=LINE('',#11199,#1353);
#784=LINE('',#11202,#1354);
#785=LINE('',#11204,#1355);
#786=LINE('',#11206,#1356);
#787=LINE('',#11212,#1357);
#788=LINE('',#11214,#1358);
#789=LINE('',#11215,#1359);
#790=LINE('',#11218,#1360);
#791=LINE('',#11222,#1361);
#792=LINE('',#11223,#1362);
#793=LINE('',#11225,#1363);
#794=LINE('',#11227,#1364);
#795=LINE('',#11229,#1365);
#796=LINE('',#11234,#1366);
#797=LINE('',#11235,#1367);
#798=LINE('',#11238,#1368);
#799=LINE('',#11240,#1369);
#800=LINE('',#11241,#1370);
#801=LINE('',#11243,#1371);
#802=LINE('',#11264,#1372);
#803=LINE('',#11275,#1373);
#804=LINE('',#11276,#1374);
#805=LINE('',#11278,#1375);
#806=LINE('',#11279,#1376);
#807=LINE('',#11280,#1377);
#808=LINE('',#11286,#1378);
#809=LINE('',#11289,#1379);
#810=LINE('',#11292,#1380);
#811=LINE('',#11294,#1381);
#812=LINE('',#11295,#1382);
#813=LINE('',#11297,#1383);
#814=LINE('',#11298,#1384);
#815=LINE('',#11301,#1385);
#816=LINE('',#11302,#1386);
#817=LINE('',#11305,#1387);
#818=LINE('',#11307,#1388);
#819=LINE('',#11309,#1389);
#820=LINE('',#11311,#1390);
#821=LINE('',#11312,#1391);
#822=LINE('',#11316,#1392);
#823=LINE('',#11320,#1393);
#824=LINE('',#11322,#1394);
#825=LINE('',#11325,#1395);
#826=LINE('',#11327,#1396);
#827=LINE('',#11328,#1397);
#828=LINE('',#11329,#1398);
#829=LINE('',#11332,#1399);
#830=LINE('',#11333,#1400);
#831=LINE('',#11336,#1401);
#832=LINE('',#11337,#1402);
#833=LINE('',#11340,#1403);
#834=LINE('',#11341,#1404);
#835=LINE('',#11344,#1405);
#836=LINE('',#11345,#1406);
#837=LINE('',#11348,#1407);
#838=LINE('',#11352,#1408);
#839=LINE('',#11355,#1409);
#840=LINE('',#11359,#1410);
#841=LINE('',#11361,#1411);
#842=LINE('',#11364,#1412);
#843=LINE('',#11366,#1413);
#844=LINE('',#11367,#1414);
#845=LINE('',#11370,#1415);
#846=LINE('',#11372,#1416);
#847=LINE('',#11373,#1417);
#848=LINE('',#11376,#1418);
#849=LINE('',#11377,#1419);
#850=LINE('',#11379,#1420);
#851=LINE('',#11381,#1421);
#852=LINE('',#11385,#1422);
#853=LINE('',#11386,#1423);
#854=LINE('',#11388,#1424);
#855=LINE('',#11391,#1425);
#856=LINE('',#11392,#1426);
#857=LINE('',#11394,#1427);
#858=LINE('',#11396,#1428);
#859=LINE('',#11398,#1429);
#860=LINE('',#11400,#1430);
#861=LINE('',#11408,#1431);
#862=LINE('',#11409,#1432);
#863=LINE('',#11411,#1433);
#864=LINE('',#11415,#1434);
#865=LINE('',#11419,#1435);
#866=LINE('',#11424,#1436);
#867=LINE('',#11428,#1437);
#868=LINE('',#11430,#1438);
#869=LINE('',#11432,#1439);
#870=LINE('',#11434,#1440);
#871=LINE('',#11436,#1441);
#872=VECTOR('',#6654,10.);
#873=VECTOR('',#6655,10.);
#874=VECTOR('',#6666,10.);
#875=VECTOR('',#6667,10.);
#876=VECTOR('',#6672,10.);
#877=VECTOR('',#6675,10.);
#878=VECTOR('',#6678,10.);
#879=VECTOR('',#6681,10.);
#880=VECTOR('',#6684,10.);
#881=VECTOR('',#6687,10.);
#882=VECTOR('',#6690,10.);
#883=VECTOR('',#6693,10.);
#884=VECTOR('',#6706,10.);
#885=VECTOR('',#6707,10.);
#886=VECTOR('',#6720,10.);
#887=VECTOR('',#6721,10.);
#888=VECTOR('',#6724,10.);
#889=VECTOR('',#6727,10.);
#890=VECTOR('',#6730,10.);
#891=VECTOR('',#6731,10.);
#892=VECTOR('',#6734,10.);
#893=VECTOR('',#6739,10.);
#894=VECTOR('',#6740,10.);
#895=VECTOR('',#6743,10.);
#896=VECTOR('',#6744,10.);
#897=VECTOR('',#6747,10.);
#898=VECTOR('',#6748,10.);
#899=VECTOR('',#6751,10.);
#900=VECTOR('',#6752,10.);
#901=VECTOR('',#6755,10.);
#902=VECTOR('',#6756,10.);
#903=VECTOR('',#6759,10.);
#904=VECTOR('',#6764,10.);
#905=VECTOR('',#6765,10.);
#906=VECTOR('',#6768,10.);
#907=VECTOR('',#6773,10.);
#908=VECTOR('',#6774,10.);
#909=VECTOR('',#6777,10.);
#910=VECTOR('',#6778,10.);
#911=VECTOR('',#6779,10.);
#912=VECTOR('',#6780,10.);
#913=VECTOR('',#6783,10.);
#914=VECTOR('',#6788,10.);
#915=VECTOR('',#6795,10.);
#916=VECTOR('',#6798,10.);
#917=VECTOR('',#6799,10.);
#918=VECTOR('',#6800,10.);
#919=VECTOR('',#6803,10.);
#920=VECTOR('',#6810,10.);
#921=VECTOR('',#6815,10.);
#922=VECTOR('',#6818,10.);
#923=VECTOR('',#6819,10.);
#924=VECTOR('',#6820,10.);
#925=VECTOR('',#6821,10.);
#926=VECTOR('',#6824,10.);
#927=VECTOR('',#6827,10.);
#928=VECTOR('',#6840,10.);
#929=VECTOR('',#6843,10.);
#930=VECTOR('',#6848,10.);
#931=VECTOR('',#6851,10.);
#932=VECTOR('',#6864,10.);
#933=VECTOR('',#6865,10.);
#934=VECTOR('',#6876,10.);
#935=VECTOR('',#6877,10.);
#936=VECTOR('',#6882,10.);
#937=VECTOR('',#6883,10.);
#938=VECTOR('',#6888,10.);
#939=VECTOR('',#6889,10.);
#940=VECTOR('',#6892,10.);
#941=VECTOR('',#6895,10.);
#942=VECTOR('',#6908,10.);
#943=VECTOR('',#6909,10.);
#944=VECTOR('',#6918,10.);
#945=VECTOR('',#6921,10.);
#946=VECTOR('',#6922,10.);
#947=VECTOR('',#6925,10.);
#948=VECTOR('',#6928,10.);
#949=VECTOR('',#6929,10.);
#950=VECTOR('',#6930,10.);
#951=VECTOR('',#6933,10.);
#952=VECTOR('',#6934,10.);
#953=VECTOR('',#6937,10.);
#954=VECTOR('',#6938,10.);
#955=VECTOR('',#6941,10.);
#956=VECTOR('',#6942,10.);
#957=VECTOR('',#6945,10.);
#958=VECTOR('',#6950,10.);
#959=VECTOR('',#6951,10.);
#960=VECTOR('',#6954,10.);
#961=VECTOR('',#6959,2.);
#962=VECTOR('',#6966,2.);
#963=VECTOR('',#6975,10.);
#964=VECTOR('',#6988,10.);
#965=VECTOR('',#6997,10.);
#966=VECTOR('',#7000,10.);
#967=VECTOR('',#7005,10.);
#968=VECTOR('',#7010,10.);
#969=VECTOR('',#7021,10.);
#970=VECTOR('',#7026,10.);
#971=VECTOR('',#7031,10.);
#972=VECTOR('',#7036,10.);
#973=VECTOR('',#7041,10.);
#974=VECTOR('',#7048,10.);
#975=VECTOR('',#7061,10.);
#976=VECTOR('',#7062,10.);
#977=VECTOR('',#7073,10.);
#978=VECTOR('',#7074,10.);
#979=VECTOR('',#7081,10.);
#980=VECTOR('',#7084,10.);
#981=VECTOR('',#7087,10.);
#982=VECTOR('',#7092,10.);
#983=VECTOR('',#7095,10.);
#984=VECTOR('',#7096,10.);
#985=VECTOR('',#7097,10.);
#986=VECTOR('',#7100,10.);
#987=VECTOR('',#7101,10.);
#988=VECTOR('',#7102,10.);
#989=VECTOR('',#7105,10.);
#990=VECTOR('',#7106,10.);
#991=VECTOR('',#7107,10.);
#992=VECTOR('',#7114,9.99999999999999);
#993=VECTOR('',#7119,10.);
#994=VECTOR('',#7120,10.);
#995=VECTOR('',#7121,10.);
#996=VECTOR('',#7126,10.);
#997=VECTOR('',#7131,10.);
#998=VECTOR('',#7132,10.);
#999=VECTOR('',#7133,10.);
#1000=VECTOR('',#7136,10.);
#1001=VECTOR('',#7137,10.);
#1002=VECTOR('',#7142,10.);
#1003=VECTOR('',#7145,10.);
#1004=VECTOR('',#7148,10.);
#1005=VECTOR('',#7149,10.);
#1006=VECTOR('',#7150,10.);
#1007=VECTOR('',#7153,10.);
#1008=VECTOR('',#7154,10.);
#1009=VECTOR('',#7157,10.);
#1010=VECTOR('',#7164,10.);
#1011=VECTOR('',#7167,10.);
#1012=VECTOR('',#7170,10.);
#1013=VECTOR('',#7171,10.);
#1014=VECTOR('',#7174,10.);
#1015=VECTOR('',#7175,10.);
#1016=VECTOR('',#7176,10.);
#1017=VECTOR('',#7177,10.);
#1018=VECTOR('',#7180,10.);
#1019=VECTOR('',#7183,10.);
#1020=VECTOR('',#7184,10.);
#1021=VECTOR('',#7185,10.);
#1022=VECTOR('',#7186,10.);
#1023=VECTOR('',#7189,10.);
#1024=VECTOR('',#7190,10.);
#1025=VECTOR('',#7191,10.);
#1026=VECTOR('',#7192,10.);
#1027=VECTOR('',#7193,10.);
#1028=VECTOR('',#7194,10.);
#1029=VECTOR('',#7197,10.);
#1030=VECTOR('',#7200,10.);
#1031=VECTOR('',#7201,10.);
#1032=VECTOR('',#7202,10.);
#1033=VECTOR('',#7205,10.);
#1034=VECTOR('',#7206,10.);
#1035=VECTOR('',#7207,10.);
#1036=VECTOR('',#7210,10.);
#1037=VECTOR('',#7211,10.);
#1038=VECTOR('',#7212,10.);
#1039=VECTOR('',#7215,10.);
#1040=VECTOR('',#7216,10.);
#1041=VECTOR('',#7219,10.);
#1042=VECTOR('',#7222,10.);
#1043=VECTOR('',#7227,10.);
#1044=VECTOR('',#7228,10.);
#1045=VECTOR('',#7231,10.);
#1046=VECTOR('',#7238,10.);
#1047=VECTOR('',#7245,10.);
#1048=VECTOR('',#7246,10.);
#1049=VECTOR('',#7251,10.);
#1050=VECTOR('',#7252,10.);
#1051=VECTOR('',#7255,10.);
#1052=VECTOR('',#7258,10.);
#1053=VECTOR('',#7261,10.);
#1054=VECTOR('',#7264,10.);
#1055=VECTOR('',#7265,10.);
#1056=VECTOR('',#7266,10.);
#1057=VECTOR('',#7267,10.);
#1058=VECTOR('',#7272,10.);
#1059=VECTOR('',#7275,9.99999999999999);
#1060=VECTOR('',#7276,10.);
#1061=VECTOR('',#7277,10.);
#1062=VECTOR('',#7280,10.);
#1063=VECTOR('',#7283,10.);
#1064=VECTOR('',#7286,10.);
#1065=VECTOR('',#7289,10.);
#1066=VECTOR('',#7292,10.);
#1067=VECTOR('',#7295,10.);
#1068=VECTOR('',#7298,10.);
#1069=VECTOR('',#7301,10.);
#1070=VECTOR('',#7302,10.);
#1071=VECTOR('',#7303,10.);
#1072=VECTOR('',#7306,10.);
#1073=VECTOR('',#7315,10.);
#1074=VECTOR('',#7332,10.);
#1075=VECTOR('',#7333,10.);
#1076=VECTOR('',#7336,10.);
#1077=VECTOR('',#7337,10.);
#1078=VECTOR('',#7346,10.);
#1079=VECTOR('',#7347,10.);
#1080=VECTOR('',#7350,10.);
#1081=VECTOR('',#7353,10.);
#1082=VECTOR('',#7364,10.);
#1083=VECTOR('',#7403,10.);
#1084=VECTOR('',#7404,10.);
#1085=VECTOR('',#7411,10.);
#1086=VECTOR('',#7412,10.);
#1087=VECTOR('',#7421,10.);
#1088=VECTOR('',#7424,10.);
#1089=VECTOR('',#7435,10.);
#1090=VECTOR('',#7436,10.);
#1091=VECTOR('',#7441,10.);
#1092=VECTOR('',#7442,10.);
#1093=VECTOR('',#7445,10.);
#1094=VECTOR('',#7446,10.);
#1095=VECTOR('',#7449,10.);
#1096=VECTOR('',#7450,10.);
#1097=VECTOR('',#7455,10.);
#1098=VECTOR('',#7458,10.);
#1099=VECTOR('',#7461,10.);
#1100=VECTOR('',#7462,10.);
#1101=VECTOR('',#7465,10.);
#1102=VECTOR('',#7478,10.);
#1103=VECTOR('',#7479,10.);
#1104=VECTOR('',#7482,10.);
#1105=VECTOR('',#7483,10.);
#1106=VECTOR('',#7488,10.);
#1107=VECTOR('',#7491,10.);
#1108=VECTOR('',#7494,10.);
#1109=VECTOR('',#7499,10.);
#1110=VECTOR('',#7504,10.);
#1111=VECTOR('',#7507,10.);
#1112=VECTOR('',#7512,10.);
#1113=VECTOR('',#7515,10.);
#1114=VECTOR('',#7518,10.);
#1115=VECTOR('',#7519,10.);
#1116=VECTOR('',#7526,10.);
#1117=VECTOR('',#7527,10.);
#1118=VECTOR('',#7528,10.);
#1119=VECTOR('',#7529,10.);
#1120=VECTOR('',#7534,10.);
#1121=VECTOR('',#7539,5.);
#1122=VECTOR('',#7540,5.);
#1123=VECTOR('',#7543,10.);
#1124=VECTOR('',#7544,10.);
#1125=VECTOR('',#7545,10.);
#1126=VECTOR('',#7546,10.);
#1127=VECTOR('',#7547,10.);
#1128=VECTOR('',#7548,10.);
#1129=VECTOR('',#7553,10.);
#1130=VECTOR('',#7556,10.);
#1131=VECTOR('',#7559,10.);
#1132=VECTOR('',#7560,10.);
#1133=VECTOR('',#7561,10.);
#1134=VECTOR('',#7564,10.);
#1135=VECTOR('',#7567,10.);
#1136=VECTOR('',#7568,10.);
#1137=VECTOR('',#7569,10.);
#1138=VECTOR('',#7570,10.);
#1139=VECTOR('',#7571,10.);
#1140=VECTOR('',#7572,10.);
#1141=VECTOR('',#7577,10.);
#1142=VECTOR('',#7578,10.);
#1143=VECTOR('',#7579,10.);
#1144=VECTOR('',#7586,10.);
#1145=VECTOR('',#7589,10.);
#1146=VECTOR('',#7590,10.);
#1147=VECTOR('',#7591,10.);
#1148=VECTOR('',#7598,10.);
#1149=VECTOR('',#7603,10.);
#1150=VECTOR('',#7604,10.);
#1151=VECTOR('',#7605,10.);
#1152=VECTOR('',#7606,10.);
#1153=VECTOR('',#7607,10.);
#1154=VECTOR('',#7608,10.);
#1155=VECTOR('',#7609,10.);
#1156=VECTOR('',#7610,10.);
#1157=VECTOR('',#7613,10.);
#1158=VECTOR('',#7614,10.);
#1159=VECTOR('',#7615,10.);
#1160=VECTOR('',#7616,10.);
#1161=VECTOR('',#7617,10.);
#1162=VECTOR('',#7618,10.);
#1163=VECTOR('',#7619,10.);
#1164=VECTOR('',#7620,10.);
#1165=VECTOR('',#7623,10.);
#1166=VECTOR('',#7624,10.);
#1167=VECTOR('',#7627,10.);
#1168=VECTOR('',#7628,10.);
#1169=VECTOR('',#7629,10.);
#1170=VECTOR('',#7630,10.);
#1171=VECTOR('',#7631,10.);
#1172=VECTOR('',#7632,10.);
#1173=VECTOR('',#7633,10.);
#1174=VECTOR('',#7634,10.);
#1175=VECTOR('',#7635,10.);
#1176=VECTOR('',#7636,10.);
#1177=VECTOR('',#7637,10.);
#1178=VECTOR('',#7640,10.);
#1179=VECTOR('',#7641,10.);
#1180=VECTOR('',#7658,10.);
#1181=VECTOR('',#7669,10.);
#1182=VECTOR('',#7672,10.);
#1183=VECTOR('',#7673,10.);
#1184=VECTOR('',#7676,10.);
#1185=VECTOR('',#7679,10.);
#1186=VECTOR('',#7684,10.);
#1187=VECTOR('',#7685,10.);
#1188=VECTOR('',#7686,10.);
#1189=VECTOR('',#7693,10.);
#1190=VECTOR('',#7694,10.);
#1191=VECTOR('',#7695,10.);
#1192=VECTOR('',#7696,10.);
#1193=VECTOR('',#7699,10.);
#1194=VECTOR('',#7700,10.);
#1195=VECTOR('',#7705,10.);
#1196=VECTOR('',#7708,10.);
#1197=VECTOR('',#7709,10.);
#1198=VECTOR('',#7712,10.);
#1199=VECTOR('',#7715,10.);
#1200=VECTOR('',#7718,10.);
#1201=VECTOR('',#7723,10.);
#1202=VECTOR('',#7724,10.);
#1203=VECTOR('',#7727,10.);
#1204=VECTOR('',#7728,10.);
#1205=VECTOR('',#7729,10.);
#1206=VECTOR('',#7732,10.);
#1207=VECTOR('',#7735,10.);
#1208=VECTOR('',#7750,10.);
#1209=VECTOR('',#7751,10.);
#1210=VECTOR('',#7754,10.);
#1211=VECTOR('',#7755,10.);
#1212=VECTOR('',#7756,10.);
#1213=VECTOR('',#7763,10.);
#1214=VECTOR('',#7766,10.);
#1215=VECTOR('',#7769,10.);
#1216=VECTOR('',#7770,10.);
#1217=VECTOR('',#7771,10.);
#1218=VECTOR('',#7774,10.);
#1219=VECTOR('',#7775,10.);
#1220=VECTOR('',#7778,10.);
#1221=VECTOR('',#7779,10.);
#1222=VECTOR('',#7782,10.);
#1223=VECTOR('',#7783,10.);
#1224=VECTOR('',#7784,10.);
#1225=VECTOR('',#7785,10.);
#1226=VECTOR('',#7786,10.);
#1227=VECTOR('',#7789,10.);
#1228=VECTOR('',#7794,1.99999999999999);
#1229=VECTOR('',#7799,10.);
#1230=VECTOR('',#7802,10.);
#1231=VECTOR('',#7803,10.);
#1232=VECTOR('',#7804,10.);
#1233=VECTOR('',#7805,10.);
#1234=VECTOR('',#7808,10.);
#1235=VECTOR('',#7809,10.);
#1236=VECTOR('',#7812,10.);
#1237=VECTOR('',#7813,10.);
#1238=VECTOR('',#7816,10.);
#1239=VECTOR('',#7817,10.);
#1240=VECTOR('',#7820,10.);
#1241=VECTOR('',#7821,10.);
#1242=VECTOR('',#7824,10.);
#1243=VECTOR('',#7827,10.);
#1244=VECTOR('',#7830,10.);
#1245=VECTOR('',#7835,10.);
#1246=VECTOR('',#7838,10.);
#1247=VECTOR('',#7841,10.);
#1248=VECTOR('',#7842,10.);
#1249=VECTOR('',#7843,10.);
#1250=VECTOR('',#7846,10.);
#1251=VECTOR('',#7847,10.);
#1252=VECTOR('',#7848,10.);
#1253=VECTOR('',#7851,10.);
#1254=VECTOR('',#7852,10.);
#1255=VECTOR('',#7855,10.);
#1256=VECTOR('',#7858,10.);
#1257=VECTOR('',#7863,10.);
#1258=VECTOR('',#7864,10.);
#1259=VECTOR('',#7867,10.);
#1260=VECTOR('',#7870,10.);
#1261=VECTOR('',#7871,10.);
#1262=VECTOR('',#7874,10.);
#1263=VECTOR('',#7877,10.);
#1264=VECTOR('',#7880,10.);
#1265=VECTOR('',#7883,10.);
#1266=VECTOR('',#7900,10.);
#1267=VECTOR('',#7903,10.);
#1268=VECTOR('',#7906,10.);
#1269=VECTOR('',#7907,10.);
#1270=VECTOR('',#7908,10.);
#1271=VECTOR('',#7913,2.);
#1272=VECTOR('',#7920,10.);
#1273=VECTOR('',#7923,10.);
#1274=VECTOR('',#7926,10.);
#1275=VECTOR('',#7929,10.);
#1276=VECTOR('',#7932,10.);
#1277=VECTOR('',#7941,10.);
#1278=VECTOR('',#7944,10.);
#1279=VECTOR('',#7949,10.);
#1280=VECTOR('',#7954,10.);
#1281=VECTOR('',#7957,10.);
#1282=VECTOR('',#7962,10.);
#1283=VECTOR('',#7967,10.);
#1284=VECTOR('',#7968,10.);
#1285=VECTOR('',#7975,10.);
#1286=VECTOR('',#7976,10.);
#1287=VECTOR('',#7977,10.);
#1288=VECTOR('',#7980,10.);
#1289=VECTOR('',#7987,5.);
#1290=VECTOR('',#7988,5.);
#1291=VECTOR('',#7991,10.);
#1292=VECTOR('',#7992,10.);
#1293=VECTOR('',#7993,10.);
#1294=VECTOR('',#7994,10.);
#1295=VECTOR('',#7995,10.);
#1296=VECTOR('',#7996,10.);
#1297=VECTOR('',#8001,10.);
#1298=VECTOR('',#8004,10.);
#1299=VECTOR('',#8007,10.);
#1300=VECTOR('',#8010,10.);
#1301=VECTOR('',#8011,10.);
#1302=VECTOR('',#8012,10.);
#1303=VECTOR('',#8015,10.);
#1304=VECTOR('',#8016,10.);
#1305=VECTOR('',#8017,10.);
#1306=VECTOR('',#8022,10.);
#1307=VECTOR('',#8023,10.);
#1308=VECTOR('',#8024,10.);
#1309=VECTOR('',#8025,10.);
#1310=VECTOR('',#8026,10.);
#1311=VECTOR('',#8027,10.);
#1312=VECTOR('',#8032,10.);
#1313=VECTOR('',#8039,10.);
#1314=VECTOR('',#8040,10.);
#1315=VECTOR('',#8041,10.);
#1316=VECTOR('',#8048,10.);
#1317=VECTOR('',#8051,10.);
#1318=VECTOR('',#8052,10.);
#1319=VECTOR('',#8053,10.);
#1320=VECTOR('',#8054,10.);
#1321=VECTOR('',#8055,10.);
#1322=VECTOR('',#8056,10.);
#1323=VECTOR('',#8057,10.);
#1324=VECTOR('',#8058,10.);
#1325=VECTOR('',#8061,10.);
#1326=VECTOR('',#8062,10.);
#1327=VECTOR('',#8063,10.);
#1328=VECTOR('',#8064,10.);
#1329=VECTOR('',#8067,10.);
#1330=VECTOR('',#8068,10.);
#1331=VECTOR('',#8071,10.);
#1332=VECTOR('',#8072,10.);
#1333=VECTOR('',#8073,10.);
#1334=VECTOR('',#8074,10.);
#1335=VECTOR('',#8075,10.);
#1336=VECTOR('',#8076,10.);
#1337=VECTOR('',#8077,10.);
#1338=VECTOR('',#8078,10.);
#1339=VECTOR('',#8079,10.);
#1340=VECTOR('',#8080,10.);
#1341=VECTOR('',#8081,10.);
#1342=VECTOR('',#8082,10.);
#1343=VECTOR('',#8083,10.);
#1344=VECTOR('',#8084,10.);
#1345=VECTOR('',#8085,10.);
#1346=VECTOR('',#8086,10.);
#1347=VECTOR('',#8087,10.);
#1348=VECTOR('',#8108,10.);
#1349=VECTOR('',#8117,10.);
#1350=VECTOR('',#8118,10.);
#1351=VECTOR('',#8121,10.);
#1352=VECTOR('',#8124,10.);
#1353=VECTOR('',#8127,10.);
#1354=VECTOR('',#8130,10.);
#1355=VECTOR('',#8131,10.);
#1356=VECTOR('',#8132,10.);
#1357=VECTOR('',#8141,10.);
#1358=VECTOR('',#8142,10.);
#1359=VECTOR('',#8143,10.);
#1360=VECTOR('',#8146,10.);
#1361=VECTOR('',#8151,10.);
#1362=VECTOR('',#8152,10.);
#1363=VECTOR('',#8155,10.);
#1364=VECTOR('',#8158,10.);
#1365=VECTOR('',#8161,10.);
#1366=VECTOR('',#8166,10.);
#1367=VECTOR('',#8167,10.);
#1368=VECTOR('',#8170,10.);
#1369=VECTOR('',#8171,10.);
#1370=VECTOR('',#8172,10.);
#1371=VECTOR('',#8175,10.);
#1372=VECTOR('',#8180,10.);
#1373=VECTOR('',#8193,10.);
#1374=VECTOR('',#8194,10.);
#1375=VECTOR('',#8197,10.);
#1376=VECTOR('',#8198,10.);
#1377=VECTOR('',#8199,10.);
#1378=VECTOR('',#8206,10.);
#1379=VECTOR('',#8209,10.);
#1380=VECTOR('',#8212,10.);
#1381=VECTOR('',#8213,10.);
#1382=VECTOR('',#8214,10.);
#1383=VECTOR('',#8217,10.);
#1384=VECTOR('',#8218,10.);
#1385=VECTOR('',#8221,10.);
#1386=VECTOR('',#8222,10.);
#1387=VECTOR('',#8225,10.);
#1388=VECTOR('',#8226,10.);
#1389=VECTOR('',#8227,10.);
#1390=VECTOR('',#8228,10.);
#1391=VECTOR('',#8229,10.);
#1392=VECTOR('',#8234,10.);
#1393=VECTOR('',#8239,1.99999999999999);
#1394=VECTOR('',#8242,10.);
#1395=VECTOR('',#8245,10.);
#1396=VECTOR('',#8246,10.);
#1397=VECTOR('',#8247,10.);
#1398=VECTOR('',#8248,10.);
#1399=VECTOR('',#8251,10.);
#1400=VECTOR('',#8252,10.);
#1401=VECTOR('',#8255,10.);
#1402=VECTOR('',#8256,10.);
#1403=VECTOR('',#8259,10.);
#1404=VECTOR('',#8260,10.);
#1405=VECTOR('',#8263,10.);
#1406=VECTOR('',#8264,10.);
#1407=VECTOR('',#8267,10.);
#1408=VECTOR('',#8270,10.);
#1409=VECTOR('',#8273,10.);
#1410=VECTOR('',#8278,10.);
#1411=VECTOR('',#8281,10.);
#1412=VECTOR('',#8284,10.);
#1413=VECTOR('',#8285,10.);
#1414=VECTOR('',#8286,10.);
#1415=VECTOR('',#8289,10.);
#1416=VECTOR('',#8290,10.);
#1417=VECTOR('',#8291,10.);
#1418=VECTOR('',#8294,10.);
#1419=VECTOR('',#8295,10.);
#1420=VECTOR('',#8298,10.);
#1421=VECTOR('',#8301,10.);
#1422=VECTOR('',#8306,10.);
#1423=VECTOR('',#8307,10.);
#1424=VECTOR('',#8310,10.);
#1425=VECTOR('',#8313,10.);
#1426=VECTOR('',#8314,10.);
#1427=VECTOR('',#8317,10.);
#1428=VECTOR('',#8320,10.);
#1429=VECTOR('',#8323,10.);
#1430=VECTOR('',#8326,10.);
#1431=VECTOR('',#8341,10.);
#1432=VECTOR('',#8342,10.);
#1433=VECTOR('',#8343,10.);
#1434=VECTOR('',#8346,10.);
#1435=VECTOR('',#8349,10.);
#1436=VECTOR('',#8356,2.);
#1437=VECTOR('',#8363,10.);
#1438=VECTOR('',#8366,10.);
#1439=VECTOR('',#8369,10.);
#1440=VECTOR('',#8372,10.);
#1441=VECTOR('',#8375,10.);
#1442=CYLINDRICAL_SURFACE('',#6059,1.);
#1443=CYLINDRICAL_SURFACE('',#6065,1.);
#1444=CYLINDRICAL_SURFACE('',#6067,1.);
#1445=CYLINDRICAL_SURFACE('',#6069,1.);
#1446=CYLINDRICAL_SURFACE('',#6071,1.);
#1447=CYLINDRICAL_SURFACE('',#6073,1.);
#1448=CYLINDRICAL_SURFACE('',#6079,1.);
#1449=CYLINDRICAL_SURFACE('',#6085,1.);
#1450=CYLINDRICAL_SURFACE('',#6087,2.50000000000004);
#1451=CYLINDRICAL_SURFACE('',#6090,7.50000000000006);
#1452=CYLINDRICAL_SURFACE('',#6097,2.50000000000006);
#1453=CYLINDRICAL_SURFACE('',#6100,7.50000000000005);
#1454=CYLINDRICAL_SURFACE('',#6125,1.);
#1455=CYLINDRICAL_SURFACE('',#6128,1.);
#1456=CYLINDRICAL_SURFACE('',#6134,1.);
#1457=CYLINDRICAL_SURFACE('',#6140,1.);
#1458=CYLINDRICAL_SURFACE('',#6142,1.);
#1459=CYLINDRICAL_SURFACE('',#6144,1.);
#1460=CYLINDRICAL_SURFACE('',#6145,1.);
#1461=CYLINDRICAL_SURFACE('',#6151,1.);
#1462=CYLINDRICAL_SURFACE('',#6163,7.50000000000006);
#1463=CYLINDRICAL_SURFACE('',#6166,2.50000000000004);
#1464=CYLINDRICAL_SURFACE('',#6168,2.);
#1465=CYLINDRICAL_SURFACE('',#6171,2.);
#1466=CYLINDRICAL_SURFACE('',#6174,1.);
#1467=CYLINDRICAL_SURFACE('',#6180,1.);
#1468=CYLINDRICAL_SURFACE('',#6185,1.);
#1469=CYLINDRICAL_SURFACE('',#6186,1.);
#1470=CYLINDRICAL_SURFACE('',#6188,1.);
#1471=CYLINDRICAL_SURFACE('',#6190,1.);
#1472=CYLINDRICAL_SURFACE('',#6195,1.);
#1473=CYLINDRICAL_SURFACE('',#6196,1.);
#1474=CYLINDRICAL_SURFACE('',#6199,1.);
#1475=CYLINDRICAL_SURFACE('',#6201,1.);
#1476=CYLINDRICAL_SURFACE('',#6203,1.);
#1477=CYLINDRICAL_SURFACE('',#6205,1.);
#1478=CYLINDRICAL_SURFACE('',#6211,1.);
#1479=CYLINDRICAL_SURFACE('',#6217,1.);
#1480=CYLINDRICAL_SURFACE('',#6221,2.50000000000006);
#1481=CYLINDRICAL_SURFACE('',#6223,7.50000000000005);
#1482=CYLINDRICAL_SURFACE('',#6238,16.8);
#1483=CYLINDRICAL_SURFACE('',#6271,16.8);
#1484=CYLINDRICAL_SURFACE('',#6286,1.);
#1485=CYLINDRICAL_SURFACE('',#6290,4.);
#1486=CYLINDRICAL_SURFACE('',#6293,4.);
#1487=CYLINDRICAL_SURFACE('',#6298,1.);
#1488=CYLINDRICAL_SURFACE('',#6299,1.);
#1489=CYLINDRICAL_SURFACE('',#6303,1.);
#1490=CYLINDRICAL_SURFACE('',#6304,1.);
#1491=CYLINDRICAL_SURFACE('',#6305,1.);
#1492=CYLINDRICAL_SURFACE('',#6306,1.25);
#1493=CYLINDRICAL_SURFACE('',#6309,1.25);
#1494=CYLINDRICAL_SURFACE('',#6312,1.25);
#1495=CYLINDRICAL_SURFACE('',#6329,0.5);
#1496=CYLINDRICAL_SURFACE('',#6332,0.5);
#1497=CYLINDRICAL_SURFACE('',#6336,0.5);
#1498=CYLINDRICAL_SURFACE('',#6337,0.5);
#1499=CYLINDRICAL_SURFACE('',#6342,0.5);
#1500=CYLINDRICAL_SURFACE('',#6344,0.5);
#1501=CYLINDRICAL_SURFACE('',#6345,0.5);
#1502=CYLINDRICAL_SURFACE('',#6346,0.5);
#1503=CYLINDRICAL_SURFACE('',#6348,0.5);
#1504=CYLINDRICAL_SURFACE('',#6349,0.5);
#1505=CYLINDRICAL_SURFACE('',#6350,0.5);
#1506=CYLINDRICAL_SURFACE('',#6356,5.31500000000001);
#1507=CYLINDRICAL_SURFACE('',#6359,5.39850053702585);
#1508=CYLINDRICAL_SURFACE('',#6361,1.);
#1509=CYLINDRICAL_SURFACE('',#6364,1.);
#1510=CYLINDRICAL_SURFACE('',#6366,1.);
#1511=CYLINDRICAL_SURFACE('',#6369,3.);
#1512=CYLINDRICAL_SURFACE('',#6372,3.);
#1513=CYLINDRICAL_SURFACE('',#6375,1.5);
#1514=CYLINDRICAL_SURFACE('',#6377,5.);
#1515=CYLINDRICAL_SURFACE('',#6380,5.);
#1516=CYLINDRICAL_SURFACE('',#6388,5.);
#1517=CYLINDRICAL_SURFACE('',#6393,5.);
#1518=CYLINDRICAL_SURFACE('',#6401,5.);
#1519=CYLINDRICAL_SURFACE('',#6408,5.);
#1520=CYLINDRICAL_SURFACE('',#6410,5.);
#1521=CYLINDRICAL_SURFACE('',#6415,0.5);
#1522=CYLINDRICAL_SURFACE('',#6416,6.79999999999588);
#1523=CYLINDRICAL_SURFACE('',#6423,0.5);
#1524=CYLINDRICAL_SURFACE('',#6426,0.5);
#1525=CYLINDRICAL_SURFACE('',#6427,1.75);
#1526=CYLINDRICAL_SURFACE('',#6428,0.5);
#1527=CYLINDRICAL_SURFACE('',#6429,1.5);
#1528=CYLINDRICAL_SURFACE('',#6433,0.5);
#1529=CYLINDRICAL_SURFACE('',#6439,0.5);
#1530=CYLINDRICAL_SURFACE('',#6442,4.00000000000555);
#1531=CYLINDRICAL_SURFACE('',#6443,1.5);
#1532=CYLINDRICAL_SURFACE('',#6450,4.00000000000004);
#1533=CYLINDRICAL_SURFACE('',#6452,1.99999999999999);
#1534=CYLINDRICAL_SURFACE('',#6465,0.5);
#1535=CYLINDRICAL_SURFACE('',#6490,2.);
#1536=CYLINDRICAL_SURFACE('',#6494,1.99999999999999);
#1537=CYLINDRICAL_SURFACE('',#6496,4.00000000000555);
#1538=CYLINDRICAL_SURFACE('',#6497,0.999999999999943);
#1539=CYLINDRICAL_SURFACE('',#6501,1.);
#1540=CYLINDRICAL_SURFACE('',#6504,1.);
#1541=CYLINDRICAL_SURFACE('',#6506,1.);
#1542=CYLINDRICAL_SURFACE('',#6509,3.);
#1543=CYLINDRICAL_SURFACE('',#6512,3.);
#1544=CYLINDRICAL_SURFACE('',#6515,1.5);
#1545=CYLINDRICAL_SURFACE('',#6517,5.);
#1546=CYLINDRICAL_SURFACE('',#6520,5.);
#1547=CYLINDRICAL_SURFACE('',#6528,5.);
#1548=CYLINDRICAL_SURFACE('',#6533,5.);
#1549=CYLINDRICAL_SURFACE('',#6541,5.);
#1550=CYLINDRICAL_SURFACE('',#6548,5.);
#1551=CYLINDRICAL_SURFACE('',#6550,5.);
#1552=CYLINDRICAL_SURFACE('',#6555,0.5);
#1553=CYLINDRICAL_SURFACE('',#6556,6.79999999999588);
#1554=CYLINDRICAL_SURFACE('',#6562,0.5);
#1555=CYLINDRICAL_SURFACE('',#6565,0.5);
#1556=CYLINDRICAL_SURFACE('',#6566,1.75);
#1557=CYLINDRICAL_SURFACE('',#6567,0.5);
#1558=CYLINDRICAL_SURFACE('',#6568,1.5);
#1559=CYLINDRICAL_SURFACE('',#6572,0.5);
#1560=CYLINDRICAL_SURFACE('',#6578,0.5);
#1561=CYLINDRICAL_SURFACE('',#6581,4.00000000000555);
#1562=CYLINDRICAL_SURFACE('',#6582,1.5);
#1563=CYLINDRICAL_SURFACE('',#6589,4.00000000000004);
#1564=CYLINDRICAL_SURFACE('',#6591,1.99999999999999);
#1565=CYLINDRICAL_SURFACE('',#6604,0.5);
#1566=CYLINDRICAL_SURFACE('',#6629,2.);
#1567=CYLINDRICAL_SURFACE('',#6633,1.99999999999999);
#1568=CYLINDRICAL_SURFACE('',#6635,4.00000000000555);
#1569=CYLINDRICAL_SURFACE('',#6637,0.999999999999943);
#1570=FACE_OUTER_BOUND('',#1907,.T.);
#1571=FACE_OUTER_BOUND('',#1908,.T.);
#1572=FACE_OUTER_BOUND('',#1909,.T.);
#1573=FACE_OUTER_BOUND('',#1910,.T.);
#1574=FACE_OUTER_BOUND('',#1911,.T.);
#1575=FACE_OUTER_BOUND('',#1912,.T.);
#1576=FACE_OUTER_BOUND('',#1913,.T.);
#1577=FACE_OUTER_BOUND('',#1914,.T.);
#1578=FACE_OUTER_BOUND('',#1915,.T.);
#1579=FACE_OUTER_BOUND('',#1916,.T.);
#1580=FACE_OUTER_BOUND('',#1917,.T.);
#1581=FACE_OUTER_BOUND('',#1918,.T.);
#1582=FACE_OUTER_BOUND('',#1919,.T.);
#1583=FACE_OUTER_BOUND('',#1920,.T.);
#1584=FACE_OUTER_BOUND('',#1921,.T.);
#1585=FACE_OUTER_BOUND('',#1922,.T.);
#1586=FACE_OUTER_BOUND('',#1923,.T.);
#1587=FACE_OUTER_BOUND('',#1924,.T.);
#1588=FACE_OUTER_BOUND('',#1925,.T.);
#1589=FACE_OUTER_BOUND('',#1926,.T.);
#1590=FACE_OUTER_BOUND('',#1927,.T.);
#1591=FACE_OUTER_BOUND('',#1928,.T.);
#1592=FACE_OUTER_BOUND('',#1929,.T.);
#1593=FACE_OUTER_BOUND('',#1930,.T.);
#1594=FACE_OUTER_BOUND('',#1931,.T.);
#1595=FACE_OUTER_BOUND('',#1936,.T.);
#1596=FACE_OUTER_BOUND('',#1937,.T.);
#1597=FACE_OUTER_BOUND('',#1938,.T.);
#1598=FACE_OUTER_BOUND('',#1939,.T.);
#1599=FACE_OUTER_BOUND('',#1940,.T.);
#1600=FACE_OUTER_BOUND('',#1941,.T.);
#1601=FACE_OUTER_BOUND('',#1942,.T.);
#1602=FACE_OUTER_BOUND('',#1943,.T.);
#1603=FACE_OUTER_BOUND('',#1944,.T.);
#1604=FACE_OUTER_BOUND('',#1945,.T.);
#1605=FACE_OUTER_BOUND('',#1946,.T.);
#1606=FACE_OUTER_BOUND('',#1947,.T.);
#1607=FACE_OUTER_BOUND('',#1948,.T.);
#1608=FACE_OUTER_BOUND('',#1949,.T.);
#1609=FACE_OUTER_BOUND('',#1950,.T.);
#1610=FACE_OUTER_BOUND('',#1951,.T.);
#1611=FACE_OUTER_BOUND('',#1952,.T.);
#1612=FACE_OUTER_BOUND('',#1953,.T.);
#1613=FACE_OUTER_BOUND('',#1954,.T.);
#1614=FACE_OUTER_BOUND('',#1955,.T.);
#1615=FACE_OUTER_BOUND('',#1956,.T.);
#1616=FACE_OUTER_BOUND('',#1957,.T.);
#1617=FACE_OUTER_BOUND('',#1958,.T.);
#1618=FACE_OUTER_BOUND('',#1959,.T.);
#1619=FACE_OUTER_BOUND('',#1960,.T.);
#1620=FACE_OUTER_BOUND('',#1961,.T.);
#1621=FACE_OUTER_BOUND('',#1962,.T.);
#1622=FACE_OUTER_BOUND('',#1963,.T.);
#1623=FACE_OUTER_BOUND('',#1964,.T.);
#1624=FACE_OUTER_BOUND('',#1965,.T.);
#1625=FACE_OUTER_BOUND('',#1966,.T.);
#1626=FACE_OUTER_BOUND('',#1967,.T.);
#1627=FACE_OUTER_BOUND('',#1968,.T.);
#1628=FACE_OUTER_BOUND('',#1969,.T.);
#1629=FACE_OUTER_BOUND('',#1970,.T.);
#1630=FACE_OUTER_BOUND('',#1971,.T.);
#1631=FACE_OUTER_BOUND('',#1972,.T.);
#1632=FACE_OUTER_BOUND('',#1973,.T.);
#1633=FACE_OUTER_BOUND('',#1974,.T.);
#1634=FACE_OUTER_BOUND('',#1975,.T.);
#1635=FACE_OUTER_BOUND('',#1976,.T.);
#1636=FACE_OUTER_BOUND('',#1977,.T.);
#1637=FACE_OUTER_BOUND('',#1978,.T.);
#1638=FACE_OUTER_BOUND('',#1979,.T.);
#1639=FACE_OUTER_BOUND('',#1980,.T.);
#1640=FACE_OUTER_BOUND('',#1981,.T.);
#1641=FACE_OUTER_BOUND('',#1982,.T.);
#1642=FACE_OUTER_BOUND('',#1983,.T.);
#1643=FACE_OUTER_BOUND('',#1984,.T.);
#1644=FACE_OUTER_BOUND('',#1985,.T.);
#1645=FACE_OUTER_BOUND('',#1986,.T.);
#1646=FACE_OUTER_BOUND('',#1987,.T.);
#1647=FACE_OUTER_BOUND('',#1988,.T.);
#1648=FACE_OUTER_BOUND('',#1989,.T.);
#1649=FACE_OUTER_BOUND('',#1990,.T.);
#1650=FACE_OUTER_BOUND('',#1991,.T.);
#1651=FACE_OUTER_BOUND('',#1992,.T.);
#1652=FACE_OUTER_BOUND('',#1993,.T.);
#1653=FACE_OUTER_BOUND('',#1994,.T.);
#1654=FACE_OUTER_BOUND('',#1995,.T.);
#1655=FACE_OUTER_BOUND('',#1996,.T.);
#1656=FACE_OUTER_BOUND('',#1997,.T.);
#1657=FACE_OUTER_BOUND('',#1998,.T.);
#1658=FACE_OUTER_BOUND('',#1999,.T.);
#1659=FACE_OUTER_BOUND('',#2001,.T.);
#1660=FACE_OUTER_BOUND('',#2002,.T.);
#1661=FACE_OUTER_BOUND('',#2003,.T.);
#1662=FACE_OUTER_BOUND('',#2004,.T.);
#1663=FACE_OUTER_BOUND('',#2005,.T.);
#1664=FACE_OUTER_BOUND('',#2006,.T.);
#1665=FACE_OUTER_BOUND('',#2007,.T.);
#1666=FACE_OUTER_BOUND('',#2008,.T.);
#1667=FACE_OUTER_BOUND('',#2009,.T.);
#1668=FACE_OUTER_BOUND('',#2010,.T.);
#1669=FACE_OUTER_BOUND('',#2011,.T.);
#1670=FACE_OUTER_BOUND('',#2012,.T.);
#1671=FACE_OUTER_BOUND('',#2013,.T.);
#1672=FACE_OUTER_BOUND('',#2014,.T.);
#1673=FACE_OUTER_BOUND('',#2015,.T.);
#1674=FACE_OUTER_BOUND('',#2016,.T.);
#1675=FACE_OUTER_BOUND('',#2017,.T.);
#1676=FACE_OUTER_BOUND('',#2018,.T.);
#1677=FACE_OUTER_BOUND('',#2019,.T.);
#1678=FACE_OUTER_BOUND('',#2020,.T.);
#1679=FACE_OUTER_BOUND('',#2021,.T.);
#1680=FACE_OUTER_BOUND('',#2022,.T.);
#1681=FACE_OUTER_BOUND('',#2023,.T.);
#1682=FACE_OUTER_BOUND('',#2024,.T.);
#1683=FACE_OUTER_BOUND('',#2025,.T.);
#1684=FACE_OUTER_BOUND('',#2026,.T.);
#1685=FACE_OUTER_BOUND('',#2027,.T.);
#1686=FACE_OUTER_BOUND('',#2028,.T.);
#1687=FACE_OUTER_BOUND('',#2029,.T.);
#1688=FACE_OUTER_BOUND('',#2030,.T.);
#1689=FACE_OUTER_BOUND('',#2031,.T.);
#1690=FACE_OUTER_BOUND('',#2032,.T.);
#1691=FACE_OUTER_BOUND('',#2033,.T.);
#1692=FACE_OUTER_BOUND('',#2034,.T.);
#1693=FACE_OUTER_BOUND('',#2035,.T.);
#1694=FACE_OUTER_BOUND('',#2036,.T.);
#1695=FACE_OUTER_BOUND('',#2037,.T.);
#1696=FACE_OUTER_BOUND('',#2038,.T.);
#1697=FACE_OUTER_BOUND('',#2039,.T.);
#1698=FACE_OUTER_BOUND('',#2040,.T.);
#1699=FACE_OUTER_BOUND('',#2041,.T.);
#1700=FACE_OUTER_BOUND('',#2042,.T.);
#1701=FACE_OUTER_BOUND('',#2043,.T.);
#1702=FACE_OUTER_BOUND('',#2044,.T.);
#1703=FACE_OUTER_BOUND('',#2045,.T.);
#1704=FACE_OUTER_BOUND('',#2046,.T.);
#1705=FACE_OUTER_BOUND('',#2047,.T.);
#1706=FACE_OUTER_BOUND('',#2048,.T.);
#1707=FACE_OUTER_BOUND('',#2049,.T.);
#1708=FACE_OUTER_BOUND('',#2050,.T.);
#1709=FACE_OUTER_BOUND('',#2051,.T.);
#1710=FACE_OUTER_BOUND('',#2052,.T.);
#1711=FACE_OUTER_BOUND('',#2053,.T.);
#1712=FACE_OUTER_BOUND('',#2054,.T.);
#1713=FACE_OUTER_BOUND('',#2055,.T.);
#1714=FACE_OUTER_BOUND('',#2056,.T.);
#1715=FACE_OUTER_BOUND('',#2057,.T.);
#1716=FACE_OUTER_BOUND('',#2058,.T.);
#1717=FACE_OUTER_BOUND('',#2059,.T.);
#1718=FACE_OUTER_BOUND('',#2060,.T.);
#1719=FACE_OUTER_BOUND('',#2061,.T.);
#1720=FACE_OUTER_BOUND('',#2062,.T.);
#1721=FACE_OUTER_BOUND('',#2063,.T.);
#1722=FACE_OUTER_BOUND('',#2064,.T.);
#1723=FACE_OUTER_BOUND('',#2065,.T.);
#1724=FACE_OUTER_BOUND('',#2066,.T.);
#1725=FACE_OUTER_BOUND('',#2067,.T.);
#1726=FACE_OUTER_BOUND('',#2068,.T.);
#1727=FACE_OUTER_BOUND('',#2069,.T.);
#1728=FACE_OUTER_BOUND('',#2070,.T.);
#1729=FACE_OUTER_BOUND('',#2071,.T.);
#1730=FACE_OUTER_BOUND('',#2072,.T.);
#1731=FACE_OUTER_BOUND('',#2073,.T.);
#1732=FACE_OUTER_BOUND('',#2074,.T.);
#1733=FACE_OUTER_BOUND('',#2075,.T.);
#1734=FACE_OUTER_BOUND('',#2076,.T.);
#1735=FACE_OUTER_BOUND('',#2077,.T.);
#1736=FACE_OUTER_BOUND('',#2078,.T.);
#1737=FACE_OUTER_BOUND('',#2079,.T.);
#1738=FACE_OUTER_BOUND('',#2080,.T.);
#1739=FACE_OUTER_BOUND('',#2081,.T.);
#1740=FACE_OUTER_BOUND('',#2082,.T.);
#1741=FACE_OUTER_BOUND('',#2083,.T.);
#1742=FACE_OUTER_BOUND('',#2087,.T.);
#1743=FACE_OUTER_BOUND('',#2088,.T.);
#1744=FACE_OUTER_BOUND('',#2089,.T.);
#1745=FACE_OUTER_BOUND('',#2090,.T.);
#1746=FACE_OUTER_BOUND('',#2091,.T.);
#1747=FACE_OUTER_BOUND('',#2092,.T.);
#1748=FACE_OUTER_BOUND('',#2093,.T.);
#1749=FACE_OUTER_BOUND('',#2094,.T.);
#1750=FACE_OUTER_BOUND('',#2095,.T.);
#1751=FACE_OUTER_BOUND('',#2096,.T.);
#1752=FACE_OUTER_BOUND('',#2097,.T.);
#1753=FACE_OUTER_BOUND('',#2098,.T.);
#1754=FACE_OUTER_BOUND('',#2099,.T.);
#1755=FACE_OUTER_BOUND('',#2100,.T.);
#1756=FACE_OUTER_BOUND('',#2101,.T.);
#1757=FACE_OUTER_BOUND('',#2102,.T.);
#1758=FACE_OUTER_BOUND('',#2103,.T.);
#1759=FACE_OUTER_BOUND('',#2104,.T.);
#1760=FACE_OUTER_BOUND('',#2105,.T.);
#1761=FACE_OUTER_BOUND('',#2106,.T.);
#1762=FACE_OUTER_BOUND('',#2107,.T.);
#1763=FACE_OUTER_BOUND('',#2108,.T.);
#1764=FACE_OUTER_BOUND('',#2109,.T.);
#1765=FACE_OUTER_BOUND('',#2110,.T.);
#1766=FACE_OUTER_BOUND('',#2111,.T.);
#1767=FACE_OUTER_BOUND('',#2112,.T.);
#1768=FACE_OUTER_BOUND('',#2113,.T.);
#1769=FACE_OUTER_BOUND('',#2114,.T.);
#1770=FACE_OUTER_BOUND('',#2115,.T.);
#1771=FACE_OUTER_BOUND('',#2116,.T.);
#1772=FACE_OUTER_BOUND('',#2117,.T.);
#1773=FACE_OUTER_BOUND('',#2118,.T.);
#1774=FACE_OUTER_BOUND('',#2119,.T.);
#1775=FACE_OUTER_BOUND('',#2120,.T.);
#1776=FACE_OUTER_BOUND('',#2122,.T.);
#1777=FACE_OUTER_BOUND('',#2123,.T.);
#1778=FACE_OUTER_BOUND('',#2124,.T.);
#1779=FACE_OUTER_BOUND('',#2125,.T.);
#1780=FACE_OUTER_BOUND('',#2126,.T.);
#1781=FACE_OUTER_BOUND('',#2127,.T.);
#1782=FACE_OUTER_BOUND('',#2129,.T.);
#1783=FACE_OUTER_BOUND('',#2130,.T.);
#1784=FACE_OUTER_BOUND('',#2131,.T.);
#1785=FACE_OUTER_BOUND('',#2132,.T.);
#1786=FACE_OUTER_BOUND('',#2133,.T.);
#1787=FACE_OUTER_BOUND('',#2134,.T.);
#1788=FACE_OUTER_BOUND('',#2135,.T.);
#1789=FACE_OUTER_BOUND('',#2136,.T.);
#1790=FACE_OUTER_BOUND('',#2137,.T.);
#1791=FACE_OUTER_BOUND('',#2138,.T.);
#1792=FACE_OUTER_BOUND('',#2139,.T.);
#1793=FACE_OUTER_BOUND('',#2140,.T.);
#1794=FACE_OUTER_BOUND('',#2141,.T.);
#1795=FACE_OUTER_BOUND('',#2142,.T.);
#1796=FACE_OUTER_BOUND('',#2143,.T.);
#1797=FACE_OUTER_BOUND('',#2144,.T.);
#1798=FACE_OUTER_BOUND('',#2145,.T.);
#1799=FACE_OUTER_BOUND('',#2146,.T.);
#1800=FACE_OUTER_BOUND('',#2147,.T.);
#1801=FACE_OUTER_BOUND('',#2148,.T.);
#1802=FACE_OUTER_BOUND('',#2149,.T.);
#1803=FACE_OUTER_BOUND('',#2150,.T.);
#1804=FACE_OUTER_BOUND('',#2152,.T.);
#1805=FACE_OUTER_BOUND('',#2153,.T.);
#1806=FACE_OUTER_BOUND('',#2154,.T.);
#1807=FACE_OUTER_BOUND('',#2155,.T.);
#1808=FACE_OUTER_BOUND('',#2156,.T.);
#1809=FACE_OUTER_BOUND('',#2157,.T.);
#1810=FACE_OUTER_BOUND('',#2158,.T.);
#1811=FACE_OUTER_BOUND('',#2159,.T.);
#1812=FACE_OUTER_BOUND('',#2160,.T.);
#1813=FACE_OUTER_BOUND('',#2161,.T.);
#1814=FACE_OUTER_BOUND('',#2162,.T.);
#1815=FACE_OUTER_BOUND('',#2163,.T.);
#1816=FACE_OUTER_BOUND('',#2164,.T.);
#1817=FACE_OUTER_BOUND('',#2165,.T.);
#1818=FACE_OUTER_BOUND('',#2166,.T.);
#1819=FACE_OUTER_BOUND('',#2167,.T.);
#1820=FACE_OUTER_BOUND('',#2168,.T.);
#1821=FACE_OUTER_BOUND('',#2169,.T.);
#1822=FACE_OUTER_BOUND('',#2170,.T.);
#1823=FACE_OUTER_BOUND('',#2171,.T.);
#1824=FACE_OUTER_BOUND('',#2172,.T.);
#1825=FACE_OUTER_BOUND('',#2173,.T.);
#1826=FACE_OUTER_BOUND('',#2174,.T.);
#1827=FACE_OUTER_BOUND('',#2175,.T.);
#1828=FACE_OUTER_BOUND('',#2176,.T.);
#1829=FACE_OUTER_BOUND('',#2177,.T.);
#1830=FACE_OUTER_BOUND('',#2178,.T.);
#1831=FACE_OUTER_BOUND('',#2179,.T.);
#1832=FACE_OUTER_BOUND('',#2180,.T.);
#1833=FACE_OUTER_BOUND('',#2181,.T.);
#1834=FACE_OUTER_BOUND('',#2182,.T.);
#1835=FACE_OUTER_BOUND('',#2186,.T.);
#1836=FACE_OUTER_BOUND('',#2187,.T.);
#1837=FACE_OUTER_BOUND('',#2188,.T.);
#1838=FACE_OUTER_BOUND('',#2189,.T.);
#1839=FACE_OUTER_BOUND('',#2190,.T.);
#1840=FACE_OUTER_BOUND('',#2191,.T.);
#1841=FACE_OUTER_BOUND('',#2192,.T.);
#1842=FACE_OUTER_BOUND('',#2193,.T.);
#1843=FACE_OUTER_BOUND('',#2194,.T.);
#1844=FACE_OUTER_BOUND('',#2195,.T.);
#1845=FACE_OUTER_BOUND('',#2196,.T.);
#1846=FACE_OUTER_BOUND('',#2197,.T.);
#1847=FACE_OUTER_BOUND('',#2198,.T.);
#1848=FACE_OUTER_BOUND('',#2199,.T.);
#1849=FACE_OUTER_BOUND('',#2200,.T.);
#1850=FACE_OUTER_BOUND('',#2201,.T.);
#1851=FACE_OUTER_BOUND('',#2202,.T.);
#1852=FACE_OUTER_BOUND('',#2203,.T.);
#1853=FACE_OUTER_BOUND('',#2204,.T.);
#1854=FACE_OUTER_BOUND('',#2205,.T.);
#1855=FACE_OUTER_BOUND('',#2206,.T.);
#1856=FACE_OUTER_BOUND('',#2207,.T.);
#1857=FACE_OUTER_BOUND('',#2208,.T.);
#1858=FACE_OUTER_BOUND('',#2209,.T.);
#1859=FACE_OUTER_BOUND('',#2210,.T.);
#1860=FACE_OUTER_BOUND('',#2211,.T.);
#1861=FACE_OUTER_BOUND('',#2212,.T.);
#1862=FACE_OUTER_BOUND('',#2213,.T.);
#1863=FACE_OUTER_BOUND('',#2214,.T.);
#1864=FACE_OUTER_BOUND('',#2215,.T.);
#1865=FACE_OUTER_BOUND('',#2216,.T.);
#1866=FACE_OUTER_BOUND('',#2217,.T.);
#1867=FACE_OUTER_BOUND('',#2218,.T.);
#1868=FACE_OUTER_BOUND('',#2220,.T.);
#1869=FACE_OUTER_BOUND('',#2221,.T.);
#1870=FACE_OUTER_BOUND('',#2222,.T.);
#1871=FACE_OUTER_BOUND('',#2223,.T.);
#1872=FACE_OUTER_BOUND('',#2224,.T.);
#1873=FACE_OUTER_BOUND('',#2225,.T.);
#1874=FACE_OUTER_BOUND('',#2227,.T.);
#1875=FACE_OUTER_BOUND('',#2228,.T.);
#1876=FACE_OUTER_BOUND('',#2229,.T.);
#1877=FACE_OUTER_BOUND('',#2230,.T.);
#1878=FACE_OUTER_BOUND('',#2231,.T.);
#1879=FACE_OUTER_BOUND('',#2232,.T.);
#1880=FACE_OUTER_BOUND('',#2233,.T.);
#1881=FACE_OUTER_BOUND('',#2234,.T.);
#1882=FACE_OUTER_BOUND('',#2235,.T.);
#1883=FACE_OUTER_BOUND('',#2236,.T.);
#1884=FACE_OUTER_BOUND('',#2237,.T.);
#1885=FACE_OUTER_BOUND('',#2238,.T.);
#1886=FACE_OUTER_BOUND('',#2239,.T.);
#1887=FACE_OUTER_BOUND('',#2240,.T.);
#1888=FACE_OUTER_BOUND('',#2241,.T.);
#1889=FACE_OUTER_BOUND('',#2242,.T.);
#1890=FACE_OUTER_BOUND('',#2243,.T.);
#1891=FACE_OUTER_BOUND('',#2244,.T.);
#1892=FACE_OUTER_BOUND('',#2245,.T.);
#1893=FACE_OUTER_BOUND('',#2246,.T.);
#1894=FACE_OUTER_BOUND('',#2247,.T.);
#1895=FACE_OUTER_BOUND('',#2248,.T.);
#1896=FACE_OUTER_BOUND('',#2250,.T.);
#1897=FACE_OUTER_BOUND('',#2251,.T.);
#1898=FACE_OUTER_BOUND('',#2252,.T.);
#1899=FACE_OUTER_BOUND('',#2253,.T.);
#1900=FACE_OUTER_BOUND('',#2254,.T.);
#1901=FACE_OUTER_BOUND('',#2255,.T.);
#1902=FACE_OUTER_BOUND('',#2256,.T.);
#1903=FACE_OUTER_BOUND('',#2257,.T.);
#1904=FACE_OUTER_BOUND('',#2258,.T.);
#1905=FACE_OUTER_BOUND('',#2259,.T.);
#1906=FACE_OUTER_BOUND('',#2260,.T.);
#1907=EDGE_LOOP('',(#3926,#3927,#3928,#3929));
#1908=EDGE_LOOP('',(#3930,#3931,#3932,#3933));
#1909=EDGE_LOOP('',(#3934,#3935,#3936,#3937));
#1910=EDGE_LOOP('',(#3938,#3939,#3940,#3941));
#1911=EDGE_LOOP('',(#3942,#3943,#3944,#3945));
#1912=EDGE_LOOP('',(#3946,#3947,#3948,#3949));
#1913=EDGE_LOOP('',(#3950,#3951,#3952,#3953));
#1914=EDGE_LOOP('',(#3954,#3955,#3956,#3957));
#1915=EDGE_LOOP('',(#3958,#3959,#3960,#3961));
#1916=EDGE_LOOP('',(#3962,#3963,#3964,#3965));
#1917=EDGE_LOOP('',(#3966,#3967,#3968,#3969));
#1918=EDGE_LOOP('',(#3970,#3971,#3972,#3973));
#1919=EDGE_LOOP('',(#3974,#3975,#3976,#3977));
#1920=EDGE_LOOP('',(#3978,#3979,#3980,#3981,#3982));
#1921=EDGE_LOOP('',(#3983,#3984,#3985,#3986));
#1922=EDGE_LOOP('',(#3987,#3988,#3989,#3990));
#1923=EDGE_LOOP('',(#3991,#3992,#3993,#3994));
#1924=EDGE_LOOP('',(#3995,#3996,#3997,#3998));
#1925=EDGE_LOOP('',(#3999,#4000,#4001,#4002));
#1926=EDGE_LOOP('',(#4003,#4004,#4005,#4006));
#1927=EDGE_LOOP('',(#4007,#4008,#4009,#4010));
#1928=EDGE_LOOP('',(#4011,#4012,#4013,#4014));
#1929=EDGE_LOOP('',(#4015,#4016,#4017,#4018));
#1930=EDGE_LOOP('',(#4019,#4020,#4021,#4022));
#1931=EDGE_LOOP('',(#4023,#4024,#4025,#4026,#4027,#4028,#4029,#4030,#4031,
#4032,#4033,#4034,#4035,#4036,#4037,#4038,#4039,#4040,#4041,#4042,#4043,
#4044,#4045,#4046,#4047,#4048,#4049,#4050,#4051,#4052,#4053,#4054,#4055,
#4056,#4057,#4058,#4059,#4060));
#1932=EDGE_LOOP('',(#4061));
#1933=EDGE_LOOP('',(#4062));
#1934=EDGE_LOOP('',(#4063));
#1935=EDGE_LOOP('',(#4064));
#1936=EDGE_LOOP('',(#4065,#4066,#4067,#4068));
#1937=EDGE_LOOP('',(#4069,#4070,#4071,#4072));
#1938=EDGE_LOOP('',(#4073,#4074,#4075,#4076));
#1939=EDGE_LOOP('',(#4077,#4078,#4079,#4080));
#1940=EDGE_LOOP('',(#4081,#4082,#4083,#4084));
#1941=EDGE_LOOP('',(#4085,#4086,#4087,#4088));
#1942=EDGE_LOOP('',(#4089,#4090,#4091,#4092));
#1943=EDGE_LOOP('',(#4093,#4094,#4095,#4096));
#1944=EDGE_LOOP('',(#4097,#4098,#4099,#4100));
#1945=EDGE_LOOP('',(#4101,#4102,#4103,#4104));
#1946=EDGE_LOOP('',(#4105,#4106,#4107,#4108));
#1947=EDGE_LOOP('',(#4109,#4110,#4111,#4112));
#1948=EDGE_LOOP('',(#4113,#4114,#4115,#4116,#4117,#4118,#4119,#4120,#4121,
#4122,#4123,#4124,#4125,#4126));
#1949=EDGE_LOOP('',(#4127,#4128,#4129,#4130));
#1950=EDGE_LOOP('',(#4131,#4132,#4133,#4134,#4135,#4136,#4137,#4138,#4139,
#4140,#4141,#4142,#4143,#4144));
#1951=EDGE_LOOP('',(#4145,#4146,#4147,#4148));
#1952=EDGE_LOOP('',(#4149,#4150,#4151,#4152));
#1953=EDGE_LOOP('',(#4153,#4154,#4155,#4156));
#1954=EDGE_LOOP('',(#4157,#4158,#4159,#4160));
#1955=EDGE_LOOP('',(#4161,#4162,#4163,#4164));
#1956=EDGE_LOOP('',(#4165,#4166,#4167,#4168,#4169));
#1957=EDGE_LOOP('',(#4170,#4171,#4172,#4173));
#1958=EDGE_LOOP('',(#4174,#4175,#4176,#4177));
#1959=EDGE_LOOP('',(#4178));
#1960=EDGE_LOOP('',(#4179,#4180,#4181,#4182));
#1961=EDGE_LOOP('',(#4183));
#1962=EDGE_LOOP('',(#4184,#4185,#4186,#4187));
#1963=EDGE_LOOP('',(#4188,#4189,#4190,#4191));
#1964=EDGE_LOOP('',(#4192,#4193,#4194,#4195));
#1965=EDGE_LOOP('',(#4196,#4197,#4198,#4199));
#1966=EDGE_LOOP('',(#4200,#4201,#4202,#4203));
#1967=EDGE_LOOP('',(#4204,#4205,#4206,#4207));
#1968=EDGE_LOOP('',(#4208,#4209,#4210,#4211));
#1969=EDGE_LOOP('',(#4212,#4213,#4214,#4215));
#1970=EDGE_LOOP('',(#4216,#4217,#4218,#4219));
#1971=EDGE_LOOP('',(#4220,#4221,#4222,#4223));
#1972=EDGE_LOOP('',(#4224,#4225,#4226,#4227));
#1973=EDGE_LOOP('',(#4228,#4229,#4230,#4231));
#1974=EDGE_LOOP('',(#4232,#4233,#4234,#4235));
#1975=EDGE_LOOP('',(#4236,#4237,#4238,#4239));
#1976=EDGE_LOOP('',(#4240,#4241,#4242,#4243));
#1977=EDGE_LOOP('',(#4244,#4245,#4246,#4247));
#1978=EDGE_LOOP('',(#4248,#4249,#4250,#4251));
#1979=EDGE_LOOP('',(#4252,#4253,#4254,#4255));
#1980=EDGE_LOOP('',(#4256,#4257,#4258,#4259));
#1981=EDGE_LOOP('',(#4260,#4261,#4262,#4263));
#1982=EDGE_LOOP('',(#4264,#4265,#4266,#4267));
#1983=EDGE_LOOP('',(#4268,#4269,#4270,#4271));
#1984=EDGE_LOOP('',(#4272,#4273,#4274,#4275));
#1985=EDGE_LOOP('',(#4276,#4277,#4278,#4279));
#1986=EDGE_LOOP('',(#4280,#4281,#4282,#4283,#4284));
#1987=EDGE_LOOP('',(#4285,#4286,#4287,#4288));
#1988=EDGE_LOOP('',(#4289,#4290,#4291,#4292));
#1989=EDGE_LOOP('',(#4293,#4294,#4295,#4296,#4297));
#1990=EDGE_LOOP('',(#4298,#4299,#4300,#4301));
#1991=EDGE_LOOP('',(#4302,#4303,#4304,#4305));
#1992=EDGE_LOOP('',(#4306,#4307,#4308,#4309));
#1993=EDGE_LOOP('',(#4310,#4311,#4312,#4313));
#1994=EDGE_LOOP('',(#4314,#4315,#4316,#4317));
#1995=EDGE_LOOP('',(#4318,#4319,#4320,#4321,#4322));
#1996=EDGE_LOOP('',(#4323,#4324,#4325,#4326,#4327));
#1997=EDGE_LOOP('',(#4328,#4329,#4330,#4331));
#1998=EDGE_LOOP('',(#4332,#4333,#4334,#4335,#4336));
#1999=EDGE_LOOP('',(#4337,#4338,#4339,#4340,#4341,#4342,#4343,#4344,#4345,
#4346,#4347,#4348,#4349,#4350,#4351,#4352,#4353,#4354,#4355,#4356,#4357,
#4358,#4359,#4360,#4361,#4362,#4363,#4364,#4365,#4366,#4367,#4368,#4369,
#4370,#4371,#4372,#4373,#4374,#4375,#4376,#4377,#4378,#4379,#4380,#4381,
#4382,#4383,#4384,#4385,#4386,#4387,#4388));
#2000=EDGE_LOOP('',(#4389,#4390,#4391,#4392,#4393,#4394,#4395,#4396,#4397,
#4398));
#2001=EDGE_LOOP('',(#4399,#4400,#4401,#4402,#4403));
#2002=EDGE_LOOP('',(#4404,#4405,#4406,#4407));
#2003=EDGE_LOOP('',(#4408,#4409,#4410,#4411));
#2004=EDGE_LOOP('',(#4412,#4413,#4414,#4415));
#2005=EDGE_LOOP('',(#4416,#4417,#4418,#4419,#4420));
#2006=EDGE_LOOP('',(#4421,#4422,#4423,#4424));
#2007=EDGE_LOOP('',(#4425,#4426,#4427,#4428));
#2008=EDGE_LOOP('',(#4429,#4430,#4431,#4432));
#2009=EDGE_LOOP('',(#4433,#4434,#4435,#4436));
#2010=EDGE_LOOP('',(#4437,#4438,#4439,#4440,#4441));
#2011=EDGE_LOOP('',(#4442,#4443,#4444,#4445));
#2012=EDGE_LOOP('',(#4446,#4447,#4448,#4449,#4450));
#2013=EDGE_LOOP('',(#4451,#4452,#4453,#4454,#4455));
#2014=EDGE_LOOP('',(#4456,#4457,#4458,#4459));
#2015=EDGE_LOOP('',(#4460,#4461,#4462,#4463,#4464,#4465,#4466,#4467,#4468,
#4469));
#2016=EDGE_LOOP('',(#4470,#4471,#4472,#4473,#4474,#4475));
#2017=EDGE_LOOP('',(#4476,#4477,#4478,#4479,#4480,#4481,#4482,#4483,#4484,
#4485,#4486,#4487,#4488,#4489));
#2018=EDGE_LOOP('',(#4490,#4491,#4492,#4493,#4494));
#2019=EDGE_LOOP('',(#4495,#4496,#4497,#4498));
#2020=EDGE_LOOP('',(#4499,#4500,#4501,#4502,#4503));
#2021=EDGE_LOOP('',(#4504,#4505,#4506,#4507,#4508));
#2022=EDGE_LOOP('',(#4509,#4510,#4511,#4512,#4513));
#2023=EDGE_LOOP('',(#4514,#4515,#4516,#4517,#4518));
#2024=EDGE_LOOP('',(#4519,#4520,#4521));
#2025=EDGE_LOOP('',(#4522,#4523,#4524,#4525));
#2026=EDGE_LOOP('',(#4526,#4527,#4528,#4529,#4530));
#2027=EDGE_LOOP('',(#4531,#4532,#4533));
#2028=EDGE_LOOP('',(#4534,#4535,#4536,#4537));
#2029=EDGE_LOOP('',(#4538,#4539,#4540,#4541,#4542));
#2030=EDGE_LOOP('',(#4543,#4544,#4545,#4546));
#2031=EDGE_LOOP('',(#4547,#4548,#4549,#4550));
#2032=EDGE_LOOP('',(#4551,#4552,#4553,#4554));
#2033=EDGE_LOOP('',(#4555,#4556,#4557,#4558));
#2034=EDGE_LOOP('',(#4559,#4560,#4561,#4562));
#2035=EDGE_LOOP('',(#4563,#4564,#4565,#4566));
#2036=EDGE_LOOP('',(#4567,#4568,#4569,#4570,#4571));
#2037=EDGE_LOOP('',(#4572,#4573,#4574,#4575));
#2038=EDGE_LOOP('',(#4576,#4577,#4578,#4579));
#2039=EDGE_LOOP('',(#4580,#4581,#4582,#4583));
#2040=EDGE_LOOP('',(#4584,#4585,#4586,#4587));
#2041=EDGE_LOOP('',(#4588,#4589,#4590,#4591,#4592));
#2042=EDGE_LOOP('',(#4593,#4594,#4595));
#2043=EDGE_LOOP('',(#4596,#4597,#4598,#4599,#4600));
#2044=EDGE_LOOP('',(#4601,#4602,#4603,#4604));
#2045=EDGE_LOOP('',(#4605,#4606,#4607,#4608,#4609));
#2046=EDGE_LOOP('',(#4610,#4611,#4612,#4613));
#2047=EDGE_LOOP('',(#4614,#4615,#4616,#4617));
#2048=EDGE_LOOP('',(#4618,#4619,#4620));
#2049=EDGE_LOOP('',(#4621,#4622,#4623,#4624));
#2050=EDGE_LOOP('',(#4625,#4626,#4627,#4628));
#2051=EDGE_LOOP('',(#4629,#4630,#4631,#4632));
#2052=EDGE_LOOP('',(#4633,#4634,#4635,#4636,#4637));
#2053=EDGE_LOOP('',(#4638,#4639,#4640,#4641));
#2054=EDGE_LOOP('',(#4642,#4643,#4644,#4645));
#2055=EDGE_LOOP('',(#4646,#4647,#4648,#4649));
#2056=EDGE_LOOP('',(#4650,#4651,#4652,#4653,#4654));
#2057=EDGE_LOOP('',(#4655,#4656,#4657,#4658));
#2058=EDGE_LOOP('',(#4659,#4660,#4661,#4662));
#2059=EDGE_LOOP('',(#4663,#4664,#4665,#4666));
#2060=EDGE_LOOP('',(#4667,#4668,#4669,#4670,#4671));
#2061=EDGE_LOOP('',(#4672,#4673,#4674,#4675));
#2062=EDGE_LOOP('',(#4676,#4677,#4678,#4679));
#2063=EDGE_LOOP('',(#4680,#4681,#4682,#4683));
#2064=EDGE_LOOP('',(#4684,#4685,#4686,#4687));
#2065=EDGE_LOOP('',(#4688,#4689,#4690,#4691));
#2066=EDGE_LOOP('',(#4692,#4693,#4694,#4695,#4696,#4697));
#2067=EDGE_LOOP('',(#4698,#4699,#4700,#4701,#4702));
#2068=EDGE_LOOP('',(#4703,#4704,#4705,#4706));
#2069=EDGE_LOOP('',(#4707,#4708,#4709,#4710));
#2070=EDGE_LOOP('',(#4711,#4712,#4713,#4714));
#2071=EDGE_LOOP('',(#4715,#4716,#4717,#4718,#4719));
#2072=EDGE_LOOP('',(#4720,#4721,#4722,#4723,#4724,#4725,#4726));
#2073=EDGE_LOOP('',(#4727,#4728,#4729,#4730,#4731));
#2074=EDGE_LOOP('',(#4732,#4733,#4734,#4735));
#2075=EDGE_LOOP('',(#4736,#4737,#4738,#4739,#4740,#4741,#4742,#4743));
#2076=EDGE_LOOP('',(#4744,#4745,#4746,#4747));
#2077=EDGE_LOOP('',(#4748,#4749,#4750,#4751,#4752,#4753));
#2078=EDGE_LOOP('',(#4754,#4755,#4756,#4757,#4758,#4759,#4760,#4761,#4762,
#4763,#4764,#4765,#4766,#4767));
#2079=EDGE_LOOP('',(#4768,#4769,#4770,#4771));
#2080=EDGE_LOOP('',(#4772,#4773,#4774,#4775,#4776,#4777));
#2081=EDGE_LOOP('',(#4778,#4779,#4780,#4781));
#2082=EDGE_LOOP('',(#4782,#4783,#4784,#4785,#4786,#4787,#4788,#4789,#4790,
#4791,#4792));
#2083=EDGE_LOOP('',(#4793,#4794,#4795,#4796,#4797,#4798,#4799,#4800,#4801,
#4802,#4803,#4804,#4805,#4806,#4807,#4808,#4809,#4810,#4811,#4812,#4813));
#2084=EDGE_LOOP('',(#4814,#4815,#4816));
#2085=EDGE_LOOP('',(#4817,#4818,#4819));
#2086=EDGE_LOOP('',(#4820,#4821,#4822,#4823));
#2087=EDGE_LOOP('',(#4824,#4825,#4826,#4827));
#2088=EDGE_LOOP('',(#4828,#4829,#4830,#4831));
#2089=EDGE_LOOP('',(#4832,#4833,#4834));
#2090=EDGE_LOOP('',(#4835,#4836,#4837,#4838,#4839,#4840,#4841,#4842));
#2091=EDGE_LOOP('',(#4843,#4844,#4845,#4846));
#2092=EDGE_LOOP('',(#4847,#4848,#4849,#4850,#4851));
#2093=EDGE_LOOP('',(#4852,#4853,#4854,#4855,#4856,#4857,#4858));
#2094=EDGE_LOOP('',(#4859,#4860,#4861,#4862));
#2095=EDGE_LOOP('',(#4863,#4864,#4865,#4866));
#2096=EDGE_LOOP('',(#4867,#4868,#4869,#4870,#4871,#4872,#4873,#4874,#4875));
#2097=EDGE_LOOP('',(#4876,#4877,#4878,#4879,#4880));
#2098=EDGE_LOOP('',(#4881,#4882,#4883,#4884,#4885,#4886,#4887,#4888));
#2099=EDGE_LOOP('',(#4889,#4890,#4891,#4892,#4893,#4894,#4895,#4896,#4897,
#4898));
#2100=EDGE_LOOP('',(#4899,#4900,#4901,#4902));
#2101=EDGE_LOOP('',(#4903,#4904,#4905,#4906));
#2102=EDGE_LOOP('',(#4907,#4908,#4909,#4910));
#2103=EDGE_LOOP('',(#4911,#4912,#4913,#4914,#4915));
#2104=EDGE_LOOP('',(#4916,#4917,#4918,#4919));
#2105=EDGE_LOOP('',(#4920,#4921,#4922,#4923));
#2106=EDGE_LOOP('',(#4924,#4925,#4926,#4927));
#2107=EDGE_LOOP('',(#4928,#4929,#4930,#4931));
#2108=EDGE_LOOP('',(#4932,#4933,#4934,#4935));
#2109=EDGE_LOOP('',(#4936,#4937,#4938,#4939));
#2110=EDGE_LOOP('',(#4940,#4941,#4942,#4943));
#2111=EDGE_LOOP('',(#4944,#4945,#4946,#4947,#4948,#4949));
#2112=EDGE_LOOP('',(#4950,#4951,#4952,#4953));
#2113=EDGE_LOOP('',(#4954,#4955,#4956,#4957,#4958,#4959));
#2114=EDGE_LOOP('',(#4960,#4961,#4962,#4963));
#2115=EDGE_LOOP('',(#4964,#4965,#4966,#4967));
#2116=EDGE_LOOP('',(#4968,#4969,#4970));
#2117=EDGE_LOOP('',(#4971,#4972,#4973,#4974,#4975,#4976,#4977,#4978,#4979));
#2118=EDGE_LOOP('',(#4980,#4981,#4982,#4983));
#2119=EDGE_LOOP('',(#4984,#4985,#4986,#4987));
#2120=EDGE_LOOP('',(#4988,#4989,#4990,#4991));
#2121=EDGE_LOOP('',(#4992));
#2122=EDGE_LOOP('',(#4993,#4994,#4995,#4996));
#2123=EDGE_LOOP('',(#4997,#4998,#4999,#5000,#5001));
#2124=EDGE_LOOP('',(#5002,#5003,#5004,#5005));
#2125=EDGE_LOOP('',(#5006,#5007,#5008,#5009,#5010,#5011,#5012,#5013,#5014));
#2126=EDGE_LOOP('',(#5015,#5016,#5017,#5018));
#2127=EDGE_LOOP('',(#5019,#5020,#5021,#5022,#5023,#5024,#5025,#5026,#5027,
#5028,#5029,#5030,#5031,#5032));
#2128=EDGE_LOOP('',(#5033));
#2129=EDGE_LOOP('',(#5034,#5035,#5036,#5037));
#2130=EDGE_LOOP('',(#5038,#5039,#5040,#5041));
#2131=EDGE_LOOP('',(#5042,#5043,#5044,#5045));
#2132=EDGE_LOOP('',(#5046,#5047,#5048,#5049));
#2133=EDGE_LOOP('',(#5050,#5051,#5052,#5053));
#2134=EDGE_LOOP('',(#5054,#5055,#5056,#5057));
#2135=EDGE_LOOP('',(#5058,#5059,#5060,#5061));
#2136=EDGE_LOOP('',(#5062,#5063,#5064,#5065));
#2137=EDGE_LOOP('',(#5066,#5067,#5068,#5069));
#2138=EDGE_LOOP('',(#5070,#5071,#5072,#5073));
#2139=EDGE_LOOP('',(#5074,#5075,#5076,#5077));
#2140=EDGE_LOOP('',(#5078,#5079,#5080,#5081));
#2141=EDGE_LOOP('',(#5082,#5083,#5084,#5085));
#2142=EDGE_LOOP('',(#5086,#5087,#5088,#5089,#5090,#5091));
#2143=EDGE_LOOP('',(#5092,#5093,#5094,#5095,#5096,#5097));
#2144=EDGE_LOOP('',(#5098,#5099,#5100,#5101));
#2145=EDGE_LOOP('',(#5102,#5103,#5104));
#2146=EDGE_LOOP('',(#5105,#5106,#5107));
#2147=EDGE_LOOP('',(#5108,#5109,#5110));
#2148=EDGE_LOOP('',(#5111,#5112,#5113));
#2149=EDGE_LOOP('',(#5114,#5115,#5116));
#2150=EDGE_LOOP('',(#5117,#5118,#5119,#5120,#5121,#5122,#5123,#5124,#5125,
#5126,#5127,#5128,#5129,#5130,#5131,#5132));
#2151=EDGE_LOOP('',(#5133));
#2152=EDGE_LOOP('',(#5134,#5135,#5136,#5137));
#2153=EDGE_LOOP('',(#5138,#5139,#5140,#5141));
#2154=EDGE_LOOP('',(#5142,#5143,#5144,#5145));
#2155=EDGE_LOOP('',(#5146,#5147,#5148,#5149));
#2156=EDGE_LOOP('',(#5150,#5151,#5152,#5153));
#2157=EDGE_LOOP('',(#5154,#5155,#5156,#5157));
#2158=EDGE_LOOP('',(#5158,#5159,#5160,#5161));
#2159=EDGE_LOOP('',(#5162,#5163,#5164,#5165,#5166,#5167,#5168));
#2160=EDGE_LOOP('',(#5169,#5170,#5171));
#2161=EDGE_LOOP('',(#5172,#5173,#5174,#5175,#5176,#5177));
#2162=EDGE_LOOP('',(#5178,#5179,#5180,#5181));
#2163=EDGE_LOOP('',(#5182,#5183,#5184,#5185));
#2164=EDGE_LOOP('',(#5186,#5187,#5188,#5189));
#2165=EDGE_LOOP('',(#5190,#5191,#5192,#5193,#5194,#5195));
#2166=EDGE_LOOP('',(#5196,#5197,#5198,#5199,#5200));
#2167=EDGE_LOOP('',(#5201,#5202,#5203,#5204));
#2168=EDGE_LOOP('',(#5205,#5206,#5207,#5208));
#2169=EDGE_LOOP('',(#5209,#5210,#5211,#5212));
#2170=EDGE_LOOP('',(#5213,#5214,#5215,#5216,#5217));
#2171=EDGE_LOOP('',(#5218,#5219,#5220,#5221,#5222,#5223,#5224));
#2172=EDGE_LOOP('',(#5225,#5226,#5227,#5228,#5229));
#2173=EDGE_LOOP('',(#5230,#5231,#5232,#5233));
#2174=EDGE_LOOP('',(#5234,#5235,#5236,#5237,#5238,#5239,#5240,#5241));
#2175=EDGE_LOOP('',(#5242,#5243,#5244,#5245));
#2176=EDGE_LOOP('',(#5246,#5247,#5248,#5249,#5250,#5251));
#2177=EDGE_LOOP('',(#5252,#5253,#5254,#5255,#5256,#5257,#5258,#5259,#5260,
#5261,#5262,#5263,#5264,#5265));
#2178=EDGE_LOOP('',(#5266,#5267,#5268,#5269));
#2179=EDGE_LOOP('',(#5270,#5271,#5272,#5273,#5274,#5275));
#2180=EDGE_LOOP('',(#5276,#5277,#5278,#5279));
#2181=EDGE_LOOP('',(#5280,#5281,#5282,#5283,#5284,#5285,#5286,#5287,#5288,
#5289,#5290));
#2182=EDGE_LOOP('',(#5291,#5292,#5293,#5294,#5295,#5296,#5297,#5298,#5299,
#5300,#5301,#5302,#5303,#5304,#5305,#5306,#5307,#5308,#5309,#5310,#5311));
#2183=EDGE_LOOP('',(#5312,#5313,#5314));
#2184=EDGE_LOOP('',(#5315,#5316,#5317));
#2185=EDGE_LOOP('',(#5318,#5319,#5320,#5321));
#2186=EDGE_LOOP('',(#5322,#5323,#5324,#5325));
#2187=EDGE_LOOP('',(#5326,#5327,#5328,#5329));
#2188=EDGE_LOOP('',(#5330,#5331,#5332));
#2189=EDGE_LOOP('',(#5333,#5334,#5335,#5336,#5337,#5338,#5339,#5340));
#2190=EDGE_LOOP('',(#5341,#5342,#5343,#5344));
#2191=EDGE_LOOP('',(#5345,#5346,#5347,#5348,#5349));
#2192=EDGE_LOOP('',(#5350,#5351,#5352,#5353,#5354,#5355,#5356));
#2193=EDGE_LOOP('',(#5357,#5358,#5359,#5360));
#2194=EDGE_LOOP('',(#5361,#5362,#5363,#5364));
#2195=EDGE_LOOP('',(#5365,#5366,#5367,#5368,#5369,#5370,#5371,#5372,#5373));
#2196=EDGE_LOOP('',(#5374,#5375,#5376,#5377,#5378));
#2197=EDGE_LOOP('',(#5379,#5380,#5381,#5382,#5383,#5384,#5385,#5386));
#2198=EDGE_LOOP('',(#5387,#5388,#5389,#5390));
#2199=EDGE_LOOP('',(#5391,#5392,#5393,#5394));
#2200=EDGE_LOOP('',(#5395,#5396,#5397,#5398));
#2201=EDGE_LOOP('',(#5399,#5400,#5401,#5402,#5403));
#2202=EDGE_LOOP('',(#5404,#5405,#5406,#5407));
#2203=EDGE_LOOP('',(#5408,#5409,#5410,#5411));
#2204=EDGE_LOOP('',(#5412,#5413,#5414,#5415));
#2205=EDGE_LOOP('',(#5416,#5417,#5418,#5419));
#2206=EDGE_LOOP('',(#5420,#5421,#5422,#5423));
#2207=EDGE_LOOP('',(#5424,#5425,#5426,#5427));
#2208=EDGE_LOOP('',(#5428,#5429,#5430,#5431));
#2209=EDGE_LOOP('',(#5432,#5433,#5434,#5435,#5436,#5437));
#2210=EDGE_LOOP('',(#5438,#5439,#5440,#5441));
#2211=EDGE_LOOP('',(#5442,#5443,#5444,#5445,#5446,#5447));
#2212=EDGE_LOOP('',(#5448,#5449,#5450,#5451));
#2213=EDGE_LOOP('',(#5452,#5453,#5454,#5455));
#2214=EDGE_LOOP('',(#5456,#5457,#5458));
#2215=EDGE_LOOP('',(#5459,#5460,#5461,#5462,#5463,#5464,#5465,#5466,#5467));
#2216=EDGE_LOOP('',(#5468,#5469,#5470,#5471));
#2217=EDGE_LOOP('',(#5472,#5473,#5474,#5475));
#2218=EDGE_LOOP('',(#5476,#5477,#5478,#5479));
#2219=EDGE_LOOP('',(#5480));
#2220=EDGE_LOOP('',(#5481,#5482,#5483,#5484));
#2221=EDGE_LOOP('',(#5485,#5486,#5487,#5488,#5489));
#2222=EDGE_LOOP('',(#5490,#5491,#5492,#5493));
#2223=EDGE_LOOP('',(#5494,#5495,#5496,#5497,#5498,#5499,#5500,#5501,#5502));
#2224=EDGE_LOOP('',(#5503,#5504,#5505,#5506));
#2225=EDGE_LOOP('',(#5507,#5508,#5509,#5510,#5511,#5512,#5513,#5514,#5515,
#5516,#5517,#5518,#5519,#5520));
#2226=EDGE_LOOP('',(#5521));
#2227=EDGE_LOOP('',(#5522,#5523,#5524,#5525));
#2228=EDGE_LOOP('',(#5526,#5527,#5528,#5529));
#2229=EDGE_LOOP('',(#5530,#5531,#5532,#5533));
#2230=EDGE_LOOP('',(#5534,#5535,#5536,#5537));
#2231=EDGE_LOOP('',(#5538,#5539,#5540,#5541));
#2232=EDGE_LOOP('',(#5542,#5543,#5544,#5545));
#2233=EDGE_LOOP('',(#5546,#5547,#5548,#5549));
#2234=EDGE_LOOP('',(#5550,#5551,#5552,#5553));
#2235=EDGE_LOOP('',(#5554,#5555,#5556,#5557));
#2236=EDGE_LOOP('',(#5558,#5559,#5560,#5561));
#2237=EDGE_LOOP('',(#5562,#5563,#5564,#5565));
#2238=EDGE_LOOP('',(#5566,#5567,#5568,#5569));
#2239=EDGE_LOOP('',(#5570,#5571,#5572,#5573));
#2240=EDGE_LOOP('',(#5574,#5575,#5576,#5577,#5578,#5579));
#2241=EDGE_LOOP('',(#5580,#5581,#5582,#5583,#5584,#5585));
#2242=EDGE_LOOP('',(#5586,#5587,#5588,#5589));
#2243=EDGE_LOOP('',(#5590,#5591,#5592));
#2244=EDGE_LOOP('',(#5593,#5594,#5595));
#2245=EDGE_LOOP('',(#5596,#5597,#5598));
#2246=EDGE_LOOP('',(#5599,#5600,#5601));
#2247=EDGE_LOOP('',(#5602,#5603,#5604));
#2248=EDGE_LOOP('',(#5605,#5606,#5607,#5608,#5609,#5610,#5611,#5612,#5613,
#5614,#5615,#5616,#5617,#5618,#5619,#5620));
#2249=EDGE_LOOP('',(#5621));
#2250=EDGE_LOOP('',(#5622,#5623,#5624,#5625));
#2251=EDGE_LOOP('',(#5626,#5627,#5628,#5629));
#2252=EDGE_LOOP('',(#5630,#5631,#5632,#5633));
#2253=EDGE_LOOP('',(#5634,#5635,#5636,#5637));
#2254=EDGE_LOOP('',(#5638,#5639,#5640,#5641));
#2255=EDGE_LOOP('',(#5642,#5643,#5644,#5645));
#2256=EDGE_LOOP('',(#5646,#5647,#5648,#5649));
#2257=EDGE_LOOP('',(#5650,#5651,#5652,#5653,#5654,#5655,#5656,#5657,#5658,
#5659,#5660,#5661,#5662,#5663,#5664,#5665,#5666,#5667,#5668,#5669));
#2258=EDGE_LOOP('',(#5670,#5671,#5672,#5673,#5674,#5675,#5676));
#2259=EDGE_LOOP('',(#5677,#5678,#5679));
#2260=EDGE_LOOP('',(#5680,#5681,#5682,#5683,#5684,#5685));
#2261=CIRCLE('',#6056,3.50000000000004);
#2262=CIRCLE('',#6057,1.00000000000033);
#2263=CIRCLE('',#6058,2.50000000000004);
#2264=CIRCLE('',#6060,0.999999999999996);
#2265=CIRCLE('',#6062,1.00000000000035);
#2266=CIRCLE('',#6063,7.50000000000006);
#2267=CIRCLE('',#6064,6.50000000000006);
#2268=CIRCLE('',#6074,0.999999999999996);
#2269=CIRCLE('',#6076,1.00000000000035);
#2270=CIRCLE('',#6077,2.50000000000006);
#2271=CIRCLE('',#6078,3.50000000000006);
#2272=CIRCLE('',#6080,0.999999999999996);
#2273=CIRCLE('',#6082,1.00000000000033);
#2274=CIRCLE('',#6083,7.50000000000005);
#2275=CIRCLE('',#6084,6.50000000000005);
#2276=CIRCLE('',#6086,1.);
#2277=CIRCLE('',#6088,2.50000000000004);
#2278=CIRCLE('',#6091,7.50000000000006);
#2279=CIRCLE('',#6098,2.50000000000006);
#2280=CIRCLE('',#6101,7.50000000000005);
#2281=CIRCLE('',#6104,1.5);
#2282=CIRCLE('',#6105,4.00000000000004);
#2283=CIRCLE('',#6106,5.);
#2284=CIRCLE('',#6107,0.5);
#2285=CIRCLE('',#6108,1.75);
#2286=CIRCLE('',#6109,0.5);
#2287=CIRCLE('',#6110,0.5);
#2288=CIRCLE('',#6111,0.5);
#2289=CIRCLE('',#6112,0.5);
#2290=CIRCLE('',#6113,1.75);
#2291=CIRCLE('',#6114,0.5);
#2292=CIRCLE('',#6115,5.);
#2293=CIRCLE('',#6116,4.00000000000004);
#2294=CIRCLE('',#6117,1.5);
#2295=CIRCLE('',#6118,1.);
#2296=CIRCLE('',#6119,1.);
#2297=CIRCLE('',#6120,1.);
#2298=CIRCLE('',#6121,2.);
#2299=CIRCLE('',#6122,2.);
#2300=CIRCLE('',#6123,1.99999999999999);
#2301=CIRCLE('',#6124,1.99999999999999);
#2302=CIRCLE('',#6129,0.999999999999996);
#2303=CIRCLE('',#6131,0.999999999999996);
#2304=CIRCLE('',#6132,7.50000000000005);
#2305=CIRCLE('',#6133,6.50000000000005);
#2306=CIRCLE('',#6135,0.999999999999996);
#2307=CIRCLE('',#6137,0.999999999999996);
#2308=CIRCLE('',#6138,2.50000000000006);
#2309=CIRCLE('',#6139,3.50000000000006);
#2310=CIRCLE('',#6146,0.999999999999996);
#2311=CIRCLE('',#6148,0.999999999999996);
#2312=CIRCLE('',#6149,7.50000000000006);
#2313=CIRCLE('',#6150,6.50000000000006);
#2314=CIRCLE('',#6152,0.999999999999996);
#2315=CIRCLE('',#6154,2.50000000000004);
#2316=CIRCLE('',#6155,3.50000000000004);
#2317=CIRCLE('',#6164,7.50000000000006);
#2318=CIRCLE('',#6167,2.50000000000004);
#2319=CIRCLE('',#6169,2.);
#2320=CIRCLE('',#6172,2.);
#2321=CIRCLE('',#6175,0.999999999999988);
#2322=CIRCLE('',#6178,1.00000000000001);
#2323=CIRCLE('',#6179,1.50000000000006);
#2324=CIRCLE('',#6181,1.);
#2325=CIRCLE('',#6183,0.999999999999988);
#2326=CIRCLE('',#6184,8.50000000000004);
#2327=CIRCLE('',#6193,1.00000000000001);
#2328=CIRCLE('',#6194,8.50000000000006);
#2329=CIRCLE('',#6197,0.999999999999996);
#2330=CIRCLE('',#6206,0.999999999999988);
#2331=CIRCLE('',#6208,0.999999999999996);
#2332=CIRCLE('',#6209,8.50000000000004);
#2333=CIRCLE('',#6210,7.50000000000005);
#2334=CIRCLE('',#6212,0.999999999999998);
#2335=CIRCLE('',#6214,0.999999999999988);
#2336=CIRCLE('',#6215,1.50000000000006);
#2337=CIRCLE('',#6216,2.50000000000006);
#2338=CIRCLE('',#6219,8.50000000000006);
#2339=CIRCLE('',#6230,1.);
#2340=CIRCLE('',#6231,3.);
#2341=CIRCLE('',#6234,5.);
#2342=CIRCLE('',#6235,3.);
#2343=CIRCLE('',#6239,16.8);
#2344=CIRCLE('',#6240,16.8);
#2345=CIRCLE('',#6247,1.);
#2346=CIRCLE('',#6248,5.);
#2347=CIRCLE('',#6249,6.79999999999588);
#2348=CIRCLE('',#6250,5.31500000000001);
#2349=CIRCLE('',#6251,5.39850053702585);
#2350=CIRCLE('',#6252,6.79999999999588);
#2351=CIRCLE('',#6260,3.);
#2352=CIRCLE('',#6263,3.);
#2353=CIRCLE('',#6270,16.8);
#2354=CIRCLE('',#6272,16.8);
#2355=CIRCLE('',#6279,4.);
#2356=CIRCLE('',#6284,4.);
#2357=CIRCLE('',#6287,1.00000000000001);
#2358=CIRCLE('',#6288,4.00000000000002);
#2359=CIRCLE('',#6289,1.);
#2360=CIRCLE('',#6291,4.);
#2361=CIRCLE('',#6292,0.999999999999996);
#2362=CIRCLE('',#6295,1.00000000000001);
#2363=CIRCLE('',#6296,1.);
#2364=CIRCLE('',#6297,1.);
#2365=CIRCLE('',#6301,0.99999999999999);
#2366=CIRCLE('',#6302,1.);
#2367=CIRCLE('',#6307,1.25);
#2368=CIRCLE('',#6308,1.25);
#2369=CIRCLE('',#6310,1.24999999999999);
#2370=CIRCLE('',#6311,1.25);
#2371=CIRCLE('',#6316,0.499999999999994);
#2372=CIRCLE('',#6318,0.499999999999998);
#2373=CIRCLE('',#6319,0.5);
#2374=CIRCLE('',#6321,0.5);
#2375=CIRCLE('',#6322,0.5);
#2376=CIRCLE('',#6324,0.499999999999998);
#2377=CIRCLE('',#6326,0.5);
#2378=CIRCLE('',#6327,0.499999999999994);
#2379=CIRCLE('',#6328,0.5);
#2380=CIRCLE('',#6330,0.5);
#2381=CIRCLE('',#6333,0.500000000000007);
#2382=CIRCLE('',#6335,0.499999999999998);
#2383=CIRCLE('',#6339,0.500000000000027);
#2384=CIRCLE('',#6340,0.500000000000003);
#2385=CIRCLE('',#6341,0.5);
#2386=CIRCLE('',#6357,5.31500000000001);
#2387=CIRCLE('',#6360,5.39850053702585);
#2388=CIRCLE('',#6363,1.);
#2389=CIRCLE('',#6370,3.);
#2390=CIRCLE('',#6373,3.);
#2391=CIRCLE('',#6378,5.);
#2392=CIRCLE('',#6394,5.);
#2393=CIRCLE('',#6400,1.5);
#2394=CIRCLE('',#6403,4.00000000000555);
#2395=CIRCLE('',#6404,4.00000000000555);
#2396=CIRCLE('',#6411,0.999999999999943);
#2397=CIRCLE('',#6412,0.999999999999943);
#2398=CIRCLE('',#6414,0.5);
#2399=CIRCLE('',#6418,0.5);
#2400=CIRCLE('',#6420,17.3);
#2401=CIRCLE('',#6424,0.5);
#2402=CIRCLE('',#6430,1.5);
#2403=CIRCLE('',#6434,0.500000000000007);
#2404=CIRCLE('',#6436,0.499999999999998);
#2405=CIRCLE('',#6437,4.00000000000555);
#2406=CIRCLE('',#6438,3.50000000000555);
#2407=CIRCLE('',#6440,0.5);
#2408=CIRCLE('',#6451,4.00000000000004);
#2409=CIRCLE('',#6453,1.99999999999999);
#2410=CIRCLE('',#6461,1.99999999999999);
#2411=CIRCLE('',#6462,4.00000000000555);
#2412=CIRCLE('',#6463,2.);
#2413=CIRCLE('',#6486,0.999999999999943);
#2414=CIRCLE('',#6487,4.00000000000555);
#2415=CIRCLE('',#6488,1.99999999999999);
#2416=CIRCLE('',#6489,2.);
#2417=CIRCLE('',#6502,1.);
#2418=CIRCLE('',#6510,3.);
#2419=CIRCLE('',#6513,3.);
#2420=CIRCLE('',#6518,5.);
#2421=CIRCLE('',#6534,5.);
#2422=CIRCLE('',#6540,1.5);
#2423=CIRCLE('',#6543,4.00000000000555);
#2424=CIRCLE('',#6545,4.00000000000555);
#2425=CIRCLE('',#6551,0.999999999999943);
#2426=CIRCLE('',#6552,0.999999999999943);
#2427=CIRCLE('',#6554,0.5);
#2428=CIRCLE('',#6558,0.5);
#2429=CIRCLE('',#6560,17.3);
#2430=CIRCLE('',#6563,0.5);
#2431=CIRCLE('',#6569,1.5);
#2432=CIRCLE('',#6573,0.500000000000007);
#2433=CIRCLE('',#6575,0.499999999999998);
#2434=CIRCLE('',#6576,3.50000000000556);
#2435=CIRCLE('',#6577,4.00000000000555);
#2436=CIRCLE('',#6579,0.5);
#2437=CIRCLE('',#6590,4.00000000000004);
#2438=CIRCLE('',#6592,1.99999999999999);
#2439=CIRCLE('',#6600,4.00000000000555);
#2440=CIRCLE('',#6601,1.99999999999999);
#2441=CIRCLE('',#6602,2.);
#2442=CIRCLE('',#6625,1.99999999999999);
#2443=CIRCLE('',#6626,4.00000000000555);
#2444=CIRCLE('',#6627,0.999999999999943);
#2445=CIRCLE('',#6628,2.);
#2446=B_SPLINE_CURVE_WITH_KNOTS('',3,(#8386,#8387,#8388,#8389,#8390,#8391,
#8392,#8393,#8394,#8395),.UNSPECIFIED.,.F.,.F.,(4,2,2,2,4),(0.323364725996186,
0.357221459263097,0.397733769014189,0.443405945135107,0.489468472534031),
 .UNSPECIFIED.);
#2447=B_SPLINE_CURVE_WITH_KNOTS('',3,(#8477,#8478,#8479,#8480),
 .UNSPECIFIED.,.F.,.F.,(4,4),(-1.21510841469668,-0.823265918108242),
 .UNSPECIFIED.);
#2448=B_SPLINE_CURVE_WITH_KNOTS('',3,(#8671,#8672,#8673,#8674,#8675,#8676,
#8677,#8678,#8679,#8680),.UNSPECIFIED.,.F.,.F.,(4,2,2,2,4),(0.157260979458347,
0.20332350685727,0.248995682978186,0.289507992729277,0.323364725996187),
 .UNSPECIFIED.);
#2449=B_SPLINE_CURVE_WITH_KNOTS('',3,(#8718,#8719,#8720,#8721),
 .UNSPECIFIED.,.F.,.F.,(4,4),(0.823265918108237,1.21510841469666),
 .UNSPECIFIED.);
#2450=B_SPLINE_CURVE_WITH_KNOTS('',3,(#8914,#8915,#8916,#8917,#8918,#8919,
#8920,#8921,#8922,#8923,#8924,#8925),.UNSPECIFIED.,.F.,.F.,(4,2,2,2,2,4),
(-0.10383351483309,-0.0879183635330992,-0.0711736665081764,-0.0429443632673453,
-0.0218387567305414,-7.80928633203198E-6),.UNSPECIFIED.);
#2451=B_SPLINE_CURVE_WITH_KNOTS('',3,(#8952,#8953,#8954,#8955,#8956,#8957,
#8958,#8959,#8960,#8961,#8962,#8963),.UNSPECIFIED.,.F.,.F.,(4,2,2,2,2,4),
(-0.103833514822505,-0.0879183635287742,-0.0711736665064636,-0.0429443632676405,
-0.0218387567307692,-7.80928652878085E-6),.UNSPECIFIED.);
#2452=B_SPLINE_CURVE_WITH_KNOTS('',3,(#8966,#8967,#8968,#8969,#8970,#8971,
#8972,#8973,#8974,#8975,#8976,#8977,#8978,#8979,#8980,#8981,#8982,#8983,
#8984,#8985,#8986,#8987,#8988,#8989,#8990,#8991,#8992,#8993,#8994,#8995,
#8996,#8997,#8998,#8999,#9000,#9001,#9002,#9003,#9004,#9005,#9006,#9007,
#9008,#9009,#9010,#9011,#9012,#9013,#9014,#9015,#9016,#9017,#9018,#9019,
#9020,#9021,#9022,#9023,#9024,#9025,#9026,#9027,#9028,#9029,#9030,#9031,
#9032,#9033,#9034,#9035,#9036,#9037,#9038,#9039,#9040,#9041,#9042,#9043,
#9044,#9045,#9046,#9047,#9048,#9049,#9050,#9051,#9052,#9053,#9054,#9055,
#9056,#9057,#9058,#9059,#9060,#9061,#9062,#9063,#9064,#9065,#9066,#9067,
#9068,#9069,#9070,#9071,#9072,#9073,#9074,#9075,#9076,#9077,#9078,#9079,
#9080,#9081,#9082,#9083,#9084,#9085,#9086,#9087,#9088,#9089,#9090,#9091,
#9092,#9093,#9094,#9095,#9096,#9097,#9098,#9099,#9100,#9101,#9102,#9103,
#9104,#9105,#9106,#9107,#9108,#9109,#9110,#9111,#9112,#9113,#9114,#9115,
#9116,#9117,#9118,#9119,#9120,#9121,#9122,#9123,#9124,#9125,#9126,#9127,
#9128,#9129,#9130,#9131,#9132,#9133,#9134,#9135,#9136,#9137,#9138,#9139,
#9140,#9141,#9142,#9143,#9144,#9145,#9146,#9147,#9148,#9149),
 .UNSPECIFIED.,.F.,.F.,(4,3,3,3,3,3,3,3,3,3,3,3,3,3,3,3,3,3,3,3,3,3,3,3,
3,3,3,3,3,3,3,3,3,3,3,3,3,3,3,3,3,3,3,3,3,3,3,3,3,3,3,3,3,3,3,3,3,3,3,3,
3,4),(0.,0.0153002195038772,0.0310513491027988,0.0463506382723161,0.0589078309679019,
0.0714307426809074,0.0789739429114608,0.0988565573993901,0.122135671217649,
0.143029819268549,0.166929177774827,0.187762372602511,0.204719651515665,
0.220510380843767,0.242178353857718,0.250261957085564,0.269420121691264,
0.285835389789055,0.306279740199865,0.328544877541446,0.360859905095998,
0.38245925740591,0.39317493265055,0.41060292759602,0.425827045281047,0.439820869938538,
0.455400003817258,0.47365954188175,0.486411601148032,0.500424321567464,
0.520375500317216,0.536097244274895,0.556566585049239,0.569741866242415,
0.571868895572996,0.592917785168179,0.609007022491157,0.624428575927552,
0.636600453821552,0.643359373903749,0.653690343339817,0.670718303295623,
0.689087117593774,0.710142741615254,0.735428805450743,0.746374898913347,
0.766130406428862,0.78513481017485,0.803414796288469,0.816585342071776,
0.831707206265287,0.848344201475959,0.85757465832579,0.868986425871741,
0.888970878274545,0.905620805855398,0.921547692457606,0.944892488221885,
0.960320779162718,0.974445408555549,0.987241529627423,1.),.UNSPECIFIED.);
#2453=B_SPLINE_CURVE_WITH_KNOTS('',3,(#9153,#9154,#9155,#9156,#9157,#9158,
#9159,#9160,#9161,#9162,#9163,#9164,#9165,#9166,#9167,#9168,#9169,#9170,
#9171,#9172,#9173,#9174,#9175,#9176,#9177,#9178,#9179,#9180,#9181,#9182,
#9183,#9184,#9185,#9186,#9187,#9188,#9189,#9190,#9191,#9192,#9193,#9194,
#9195,#9196,#9197,#9198,#9199,#9200,#9201,#9202,#9203,#9204,#9205,#9206,
#9207,#9208,#9209,#9210,#9211,#9212,#9213,#9214,#9215,#9216,#9217,#9218,
#9219,#9220,#9221,#9222,#9223,#9224,#9225,#9226,#9227,#9228,#9229,#9230,
#9231,#9232,#9233,#9234,#9235,#9236,#9237,#9238,#9239,#9240,#9241,#9242,
#9243,#9244,#9245,#9246,#9247,#9248,#9249,#9250,#9251,#9252,#9253,#9254,
#9255,#9256,#9257,#9258,#9259,#9260,#9261,#9262,#9263,#9264,#9265,#9266,
#9267,#9268,#9269,#9270,#9271,#9272,#9273,#9274,#9275,#9276,#9277,#9278,
#9279,#9280,#9281,#9282,#9283,#9284,#9285,#9286,#9287,#9288,#9289,#9290,
#9291),.UNSPECIFIED.,.F.,.F.,(4,3,3,3,3,3,3,3,3,3,3,3,3,3,3,3,3,3,3,3,3,
3,3,3,3,3,3,3,3,3,3,3,3,3,3,3,3,3,3,3,3,3,3,3,3,3,4),(0.,0.0158717187350199,
0.0321292898998033,0.0492723603240005,0.0675517626309264,0.0713061331627123,
0.103222560342253,0.120450303112023,0.136385349698156,0.14272106320218,
0.163685393725677,0.184595395702812,0.206398092308988,0.214169416176773,
0.249881411289144,0.275354387100504,0.285593406401516,0.318893023307192,
0.356606741613495,0.403140608358229,0.428439386828706,0.490674203439558,
0.5279539631482,0.566523357194882,0.571326883128201,0.612251095015467,0.658696759330592,
0.700111385911234,0.714234731423268,0.749945581864198,0.777001681102295,
0.803862738884731,0.820299333458034,0.853653647377201,0.857078133186988,
0.874949987689565,0.890403568348316,0.907827670533384,0.920877865053549,
0.928565551197295,0.93894429743746,0.954270912098491,0.9642734352846,0.975894809283825,
0.987257106098946,0.996687053786684,1.),.UNSPECIFIED.);
#2454=B_SPLINE_CURVE_WITH_KNOTS('',3,(#9297,#9298,#9299,#9300,#9301,#9302,
#9303,#9304,#9305,#9306),.UNSPECIFIED.,.F.,.F.,(4,1,1,1,1,1,1,4),(-0.0992924131967092,
-0.0957462555825411,-0.0922000979683729,-0.0851077827400366,-0.0709231522833639,
-0.0567385218266912,-0.0283692609133459,-5.37415257303737E-16),
 .UNSPECIFIED.);
#2455=B_SPLINE_CURVE_WITH_KNOTS('',3,(#9310,#9311,#9312,#9313,#9314,#9315,
#9316,#9317,#9318,#9319),.UNSPECIFIED.,.F.,.F.,(4,1,1,1,1,1,1,4),(-0.0992686197616079,
-0.0709061569725771,-0.0425436941835463,-0.0283624627890308,-0.0141812313945154,
-0.00709061569725771,-0.00354530784862886,0.),.UNSPECIFIED.);
#2456=B_SPLINE_CURVE_WITH_KNOTS('',3,(#9388,#9389,#9390,#9391,#9392,#9393,
#9394,#9395,#9396,#9397),.UNSPECIFIED.,.F.,.F.,(4,2,2,2,4),(-0.15862066452059,
-0.140913699084547,-0.121870602072891,-0.101176706081722,-0.0961038044138951),
 .UNSPECIFIED.);
#2457=B_SPLINE_CURVE_WITH_KNOTS('',3,(#9407,#9408,#9409,#9410),
 .UNSPECIFIED.,.F.,.F.,(4,4),(0.317664414952309,0.347591425328276),
 .UNSPECIFIED.);
#2458=B_SPLINE_CURVE_WITH_KNOTS('',3,(#9560,#9561,#9562,#9563,#9564,#9565,
#9566,#9567,#9568,#9569,#9570,#9571,#9572,#9573,#9574,#9575,#9576,#9577,
#9578,#9579,#9580,#9581,#9582,#9583,#9584,#9585),.UNSPECIFIED.,.F.,.F.,
(4,2,2,2,2,2,2,2,2,2,2,2,4),(-1.61447811473204,-1.53249270246644,-1.39071738178884,
-1.24894711274554,-1.10718140484401,-0.965374934122786,-0.823582798729818,
-0.681803033340127,-0.540033674455649,-0.398230096648089,-0.256452473793277,
-0.114654469222297,0.),.UNSPECIFIED.);
#2459=B_SPLINE_CURVE_WITH_KNOTS('',3,(#9589,#9590,#9591,#9592),
 .UNSPECIFIED.,.F.,.F.,(4,4),(-1.67427356545555,-1.61447811473204),
 .UNSPECIFIED.);
#2460=B_SPLINE_CURVE_WITH_KNOTS('',3,(#9595,#9596,#9597,#9598,#9599,#9600,
#9601,#9602),.UNSPECIFIED.,.F.,.F.,(4,2,2,4),(0.762672528068022,0.848690241548763,
0.934707955029504,1.10674338199099),.UNSPECIFIED.);
#2461=B_SPLINE_CURVE_WITH_KNOTS('',3,(#9703,#9704,#9705,#9706,#9707,#9708,
#9709,#9710,#9711,#9712,#9713,#9714,#9715,#9716,#9717,#9718,#9719,#9720,
#9721,#9722,#9723,#9724,#9725,#9726,#9727,#9728),.UNSPECIFIED.,.F.,.F.,
(4,2,2,2,2,2,2,2,2,2,2,2,4),(-1.67427356545584,-1.53249270246673,-1.39071738178913,
-1.24894711274582,-1.1071814048443,-0.965374934123081,-0.823582798730115,
-0.681803033340418,-0.540033674455925,-0.39823009664836,-0.256452473793554,
-0.114654469222569,-0.0890027767226496),.UNSPECIFIED.);
#2462=B_SPLINE_CURVE_WITH_KNOTS('',3,(#9730,#9731,#9732,#9733),
 .UNSPECIFIED.,.F.,.F.,(4,4),(-0.0890027767226496,0.),.UNSPECIFIED.);
#2463=B_SPLINE_CURVE_WITH_KNOTS('',3,(#9736,#9737,#9738,#9739,#9740,#9741,
#9742,#9743),.UNSPECIFIED.,.F.,.F.,(4,2,2,4),(0.,0.172035426961481,0.258053140442222,
0.344070853922962),.UNSPECIFIED.);
#2464=B_SPLINE_CURVE_WITH_KNOTS('',3,(#9822,#9823,#9824,#9825,#9826,#9827,
#9828,#9829,#9830,#9831),.UNSPECIFIED.,.F.,.F.,(4,1,1,1,1,1,1,4),(5.37415257303737E-16,
0.0283692609133459,0.0567385218266912,0.0709231522833639,0.0851077827400366,
0.0922000979683729,0.0957462555825411,0.0992924131967092),.UNSPECIFIED.);
#2465=B_SPLINE_CURVE_WITH_KNOTS('',3,(#9887,#9888,#9889,#9890,#9891,#9892,
#9893,#9894,#9895,#9896),.UNSPECIFIED.,.F.,.F.,(4,1,1,1,1,1,1,4),(0.,0.00354530784862886,
0.00709061569725771,0.0141812313945154,0.0283624627890308,0.0425436941835463,
0.0709061569725771,0.0992686197616079),.UNSPECIFIED.);
#2466=B_SPLINE_CURVE_WITH_KNOTS('',3,(#10110,#10111,#10112,#10113,#10114,
#10115,#10116,#10117,#10118,#10119),.UNSPECIFIED.,.F.,.F.,(4,2,2,2,4),(4.26318015776327E-7,
0.0124151310497495,0.0248197821168125,0.0372154264281988,0.0496331616368994),
 .UNSPECIFIED.);
#2467=B_SPLINE_CURVE_WITH_KNOTS('',3,(#10120,#10121,#10122,#10123),
 .UNSPECIFIED.,.F.,.F.,(4,4),(0.402246732657088,0.439776633532506),
 .UNSPECIFIED.);
#2468=B_SPLINE_CURVE_WITH_KNOTS('',3,(#10127,#10128,#10129,#10130,#10131,
#10132,#10133,#10134,#10135,#10136),.UNSPECIFIED.,.F.,.F.,(4,2,2,2,4),(-0.238093863590001,
-0.216064622959567,-0.195370726968363,-0.176327629956671,-0.158620664520602),
 .UNSPECIFIED.);
#2469=B_SPLINE_CURVE_WITH_KNOTS('',3,(#10171,#10172,#10173,#10174,#10175,
#10176,#10177,#10178),.UNSPECIFIED.,.F.,.F.,(4,2,2,4),(0.109920613302661,
0.11387323341412,0.171380543144718,0.228887852875317),.UNSPECIFIED.);
#2470=B_SPLINE_CURVE_WITH_KNOTS('',3,(#10387,#10388,#10389,#10390,#10391,
#10392),.UNSPECIFIED.,.F.,.F.,(4,2,4),(-0.253560216739303,-0.131621249954389,
0.),.UNSPECIFIED.);
#2471=B_SPLINE_CURVE_WITH_KNOTS('',3,(#10396,#10397,#10398,#10399,#10400,
#10401,#10402,#10403,#10404,#10405,#10406,#10407,#10408,#10409),
 .UNSPECIFIED.,.F.,.F.,(4,2,2,2,2,2,4),(0.229812541734899,0.233860380011791,
0.245217927818929,0.256575475626067,0.265336637586652,0.274097799547236,
0.300819519251113),.UNSPECIFIED.);
#2472=B_SPLINE_CURVE_WITH_KNOTS('',3,(#10410,#10411,#10412,#10413,#10414,
#10415,#10416,#10417,#10418,#10419,#10420,#10421,#10422,#10423,#10424,#10425),
 .UNSPECIFIED.,.F.,.F.,(4,2,2,2,2,2,2,4),(0.20752017020938,0.258298393995854,
0.316470155190651,0.376773750497623,0.437077345804595,0.479951589093137,
0.522825832381679,0.543386918594477),.UNSPECIFIED.);
#2473=B_SPLINE_CURVE_WITH_KNOTS('',3,(#10461,#10462,#10463,#10464,#10465,
#10466,#10467,#10468,#10469,#10470,#10471,#10472,#10473,#10474,#10475,#10476,
#10477,#10478),.UNSPECIFIED.,.F.,.F.,(4,2,2,2,2,2,2,2,4),(-0.101722841781758,
-0.0983847413201887,-0.0838152761609043,-0.0719757373640934,-0.0584812848618177,
-0.0395184795502069,-0.0204600954021026,-0.0103667341761635,0.),
 .UNSPECIFIED.);
#2474=B_SPLINE_CURVE_WITH_KNOTS('',3,(#10480,#10481,#10482,#10483),
 .UNSPECIFIED.,.F.,.F.,(4,4),(-0.0697696563121175,0.),.UNSPECIFIED.);
#2475=B_SPLINE_CURVE_WITH_KNOTS('',3,(#10488,#10489,#10490,#10491,#10492,
#10493,#10494,#10495),.UNSPECIFIED.,.F.,.F.,(4,1,1,2,4),(0.252868716578385,
0.298350374192843,0.321630161409127,0.368189735841695,0.368596436513293),
 .UNSPECIFIED.);
#2476=B_SPLINE_CURVE_WITH_KNOTS('',3,(#10505,#10506,#10507,#10508,#10509,
#10510,#10511,#10512,#10513,#10514),.UNSPECIFIED.,.F.,.F.,(4,2,2,2,4),(-0.379092210154662,
-0.345827802749525,-0.312563395344388,-0.289893058775199,-0.270680451835921),
 .UNSPECIFIED.);
#2477=B_SPLINE_CURVE_WITH_KNOTS('',3,(#10529,#10530,#10531,#10532),
 .UNSPECIFIED.,.F.,.F.,(4,4),(-0.141167930686178,-0.111240920310284),
 .UNSPECIFIED.);
#2478=B_SPLINE_CURVE_WITH_KNOTS('',3,(#10533,#10534,#10535,#10536,#10537,
#10538,#10539,#10540,#10541,#10542),.UNSPECIFIED.,.F.,.F.,(4,2,2,2,4),(0.158624934457764,
0.176331899893841,0.195374996905542,0.216068892896756,0.221141794564593),
 .UNSPECIFIED.);
#2479=B_SPLINE_CURVE_WITH_KNOTS('',3,(#10585,#10586,#10587,#10588,#10589,
#10590,#10591,#10592,#10593,#10594,#10595,#10596,#10597,#10598,#10599,#10600,
#10601),.UNSPECIFIED.,.F.,.F.,(4,2,2,3,2,2,2,4),(-0.0582580941936204,-0.0571256949934164,
-0.0245170656778978,2.39044894989604E-14,0.00944355876328803,0.0188871175265522,
0.029268156342157,0.0396491951577618),.UNSPECIFIED.);
#2480=B_SPLINE_CURVE_WITH_KNOTS('',3,(#10796,#10797,#10798,#10799),
 .UNSPECIFIED.,.F.,.F.,(4,4),(-0.800356321061587,-0.762826420186105),
 .UNSPECIFIED.);
#2481=B_SPLINE_CURVE_WITH_KNOTS('',3,(#10800,#10801,#10802,#10803,#10804,
#10805,#10806,#10807,#10808,#10809),.UNSPECIFIED.,.F.,.F.,(4,2,2,2,4),(4.26318027450818E-7,
0.0124151310497156,0.0248197821167513,0.0372154264280601,0.0496331616369161),
 .UNSPECIFIED.);
#2482=B_SPLINE_CURVE_WITH_KNOTS('',3,(#10812,#10813,#10814,#10815,#10816,
#10817,#10818,#10819,#10820,#10821),.UNSPECIFIED.,.F.,.F.,(4,2,2,2,4),(-0.238093863590003,
-0.216064622959604,-0.195370726968434,-0.176327629956776,-0.158620664520733),
 .UNSPECIFIED.);
#2483=B_SPLINE_CURVE_WITH_KNOTS('',3,(#10854,#10855,#10856,#10857,#10858,
#10859,#10860,#10861),.UNSPECIFIED.,.F.,.F.,(4,2,2,4),(-0.381178391362696,
-0.377225771251242,-0.319718461520643,-0.262211151790044),.UNSPECIFIED.);
#2484=B_SPLINE_CURVE_WITH_KNOTS('',3,(#11067,#11068,#11069,#11070,#11071,
#11072,#11073,#11074,#11075,#11076,#11077,#11078,#11079,#11080,#11081,#11082),
 .UNSPECIFIED.,.F.,.F.,(4,2,2,2,2,2,2,4),(-0.400856567080758,-0.3534637069771,
-0.291750864390872,-0.226478692125397,-0.161206519859921,-0.120904889894941,
-0.0806032599299604,-0.0649653003298926),.UNSPECIFIED.);
#2485=B_SPLINE_CURVE_WITH_KNOTS('',3,(#11084,#11085,#11086,#11087,#11088,
#11089,#11090,#11091,#11092,#11093,#11094,#11095,#11096,#11097),
 .UNSPECIFIED.,.F.,.F.,(4,2,2,2,2,2,4),(-0.414916877784957,-0.410869039508057,
-0.399511491700908,-0.38815394389376,-0.379392781933166,-0.370631619972573,
-0.343909900268672),.UNSPECIFIED.);
#2486=B_SPLINE_CURVE_WITH_KNOTS('',3,(#11101,#11102,#11103,#11104,#11105,
#11106),.UNSPECIFIED.,.F.,.F.,(4,2,4),(0.644326093757443,0.771923523423186,
0.899520953088929),.UNSPECIFIED.);
#2487=B_SPLINE_CURVE_WITH_KNOTS('',3,(#11143,#11144,#11145,#11146,#11147,
#11148,#11149,#11150,#11151,#11152,#11153,#11154,#11155,#11156,#11157,#11158,
#11159,#11160),.UNSPECIFIED.,.F.,.F.,(4,2,2,2,2,2,2,2,4),(-0.101722841785718,
-0.0983847413206052,-0.0838152761613856,-0.0719757373637847,-0.0584812848612834,
-0.039518479550716,-0.0204600954023666,-0.0103667341762839,0.),
 .UNSPECIFIED.);
#2488=B_SPLINE_CURVE_WITH_KNOTS('',3,(#11162,#11163,#11164,#11165,#11166,
#11167,#11168,#11169),.UNSPECIFIED.,.F.,.F.,(4,1,1,2,4),(0.252868716578381,
0.298350374192843,0.321630161409127,0.368189735841695,0.368596436513293),
 .UNSPECIFIED.);
#2489=B_SPLINE_CURVE_WITH_KNOTS('',3,(#11174,#11175,#11176,#11177),
 .UNSPECIFIED.,.F.,.F.,(4,4),(-0.0697696562516874,0.),.UNSPECIFIED.);
#2490=B_SPLINE_CURVE_WITH_KNOTS('',3,(#11187,#11188,#11189,#11190,#11191,
#11192,#11193,#11194,#11195,#11196),.UNSPECIFIED.,.F.,.F.,(4,2,2,2,4),(0.,
0.0332644074051847,0.0665288148103694,0.0891991513795324,0.108411758321499),
 .UNSPECIFIED.);
#2491=B_SPLINE_CURVE_WITH_KNOTS('',3,(#11246,#11247,#11248,#11249,#11250,
#11251,#11252,#11253,#11254,#11255,#11256,#11257,#11258,#11259,#11260,#11261),
 .UNSPECIFIED.,.F.,.F.,(4,2,2,2,2,2,2,4),(0.139331814845155,0.145648190755814,
0.175161328097365,0.197769776233434,0.207213334996697,0.21665689375996,
0.227037932575562,0.237418971391164),.UNSPECIFIED.);
#2492=VERTEX_POINT('',#8384);
#2493=VERTEX_POINT('',#8385);
#2494=VERTEX_POINT('',#8396);
#2495=VERTEX_POINT('',#8398);
#2496=VERTEX_POINT('',#8402);
#2497=VERTEX_POINT('',#8403);
#2498=VERTEX_POINT('',#8408);
#2499=VERTEX_POINT('',#8409);
#2500=VERTEX_POINT('',#8414);
#2501=VERTEX_POINT('',#8416);
#2502=VERTEX_POINT('',#8420);
#2503=VERTEX_POINT('',#8422);
#2504=VERTEX_POINT('',#8426);
#2505=VERTEX_POINT('',#8428);
#2506=VERTEX_POINT('',#8432);
#2507=VERTEX_POINT('',#8434);
#2508=VERTEX_POINT('',#8438);
#2509=VERTEX_POINT('',#8440);
#2510=VERTEX_POINT('',#8444);
#2511=VERTEX_POINT('',#8445);
#2512=VERTEX_POINT('',#8450);
#2513=VERTEX_POINT('',#8451);
#2514=VERTEX_POINT('',#8456);
#2515=VERTEX_POINT('',#8457);
#2516=VERTEX_POINT('',#8462);
#2517=VERTEX_POINT('',#8463);
#2518=VERTEX_POINT('',#8468);
#2519=VERTEX_POINT('',#8470);
#2520=VERTEX_POINT('',#8474);
#2521=VERTEX_POINT('',#8476);
#2522=VERTEX_POINT('',#8483);
#2523=VERTEX_POINT('',#8487);
#2524=VERTEX_POINT('',#8491);
#2525=VERTEX_POINT('',#8495);
#2526=VERTEX_POINT('',#8499);
#2527=VERTEX_POINT('',#8503);
#2528=VERTEX_POINT('',#8507);
#2529=VERTEX_POINT('',#8511);
#2530=VERTEX_POINT('',#8515);
#2531=VERTEX_POINT('',#8519);
#2532=VERTEX_POINT('',#8523);
#2533=VERTEX_POINT('',#8525);
#2534=VERTEX_POINT('',#8527);
#2535=VERTEX_POINT('',#8529);
#2536=VERTEX_POINT('',#8531);
#2537=VERTEX_POINT('',#8533);
#2538=VERTEX_POINT('',#8535);
#2539=VERTEX_POINT('',#8537);
#2540=VERTEX_POINT('',#8539);
#2541=VERTEX_POINT('',#8541);
#2542=VERTEX_POINT('',#8543);
#2543=VERTEX_POINT('',#8545);
#2544=VERTEX_POINT('',#8547);
#2545=VERTEX_POINT('',#8549);
#2546=VERTEX_POINT('',#8551);
#2547=VERTEX_POINT('',#8553);
#2548=VERTEX_POINT('',#8555);
#2549=VERTEX_POINT('',#8557);
#2550=VERTEX_POINT('',#8559);
#2551=VERTEX_POINT('',#8561);
#2552=VERTEX_POINT('',#8563);
#2553=VERTEX_POINT('',#8565);
#2554=VERTEX_POINT('',#8567);
#2555=VERTEX_POINT('',#8569);
#2556=VERTEX_POINT('',#8571);
#2557=VERTEX_POINT('',#8573);
#2558=VERTEX_POINT('',#8575);
#2559=VERTEX_POINT('',#8577);
#2560=VERTEX_POINT('',#8579);
#2561=VERTEX_POINT('',#8581);
#2562=VERTEX_POINT('',#8583);
#2563=VERTEX_POINT('',#8585);
#2564=VERTEX_POINT('',#8587);
#2565=VERTEX_POINT('',#8589);
#2566=VERTEX_POINT('',#8591);
#2567=VERTEX_POINT('',#8594);
#2568=VERTEX_POINT('',#8596);
#2569=VERTEX_POINT('',#8598);
#2570=VERTEX_POINT('',#8600);
#2571=VERTEX_POINT('',#8603);
#2572=VERTEX_POINT('',#8604);
#2573=VERTEX_POINT('',#8606);
#2574=VERTEX_POINT('',#8608);
#2575=VERTEX_POINT('',#8612);
#2576=VERTEX_POINT('',#8614);
#2577=VERTEX_POINT('',#8618);
#2578=VERTEX_POINT('',#8619);
#2579=VERTEX_POINT('',#8624);
#2580=VERTEX_POINT('',#8625);
#2581=VERTEX_POINT('',#8630);
#2582=VERTEX_POINT('',#8631);
#2583=VERTEX_POINT('',#8636);
#2584=VERTEX_POINT('',#8638);
#2585=VERTEX_POINT('',#8642);
#2586=VERTEX_POINT('',#8644);
#2587=VERTEX_POINT('',#8651);
#2588=VERTEX_POINT('',#8653);
#2589=VERTEX_POINT('',#8657);
#2590=VERTEX_POINT('',#8658);
#2591=VERTEX_POINT('',#8663);
#2592=VERTEX_POINT('',#8664);
#2593=VERTEX_POINT('',#8669);
#2594=VERTEX_POINT('',#8670);
#2595=VERTEX_POINT('',#8686);
#2596=VERTEX_POINT('',#8692);
#2597=VERTEX_POINT('',#8694);
#2598=VERTEX_POINT('',#8698);
#2599=VERTEX_POINT('',#8702);
#2600=VERTEX_POINT('',#8706);
#2601=VERTEX_POINT('',#8710);
#2602=VERTEX_POINT('',#8714);
#2603=VERTEX_POINT('',#8716);
#2604=VERTEX_POINT('',#8723);
#2605=VERTEX_POINT('',#8727);
#2606=VERTEX_POINT('',#8732);
#2607=VERTEX_POINT('',#8737);
#2608=VERTEX_POINT('',#8739);
#2609=VERTEX_POINT('',#8743);
#2610=VERTEX_POINT('',#8747);
#2611=VERTEX_POINT('',#8751);
#2612=VERTEX_POINT('',#8757);
#2613=VERTEX_POINT('',#8761);
#2614=VERTEX_POINT('',#8765);
#2615=VERTEX_POINT('',#8769);
#2616=VERTEX_POINT('',#8775);
#2617=VERTEX_POINT('',#8777);
#2618=VERTEX_POINT('',#8781);
#2619=VERTEX_POINT('',#8785);
#2620=VERTEX_POINT('',#8789);
#2621=VERTEX_POINT('',#8793);
#2622=VERTEX_POINT('',#8797);
#2623=VERTEX_POINT('',#8798);
#2624=VERTEX_POINT('',#8803);
#2625=VERTEX_POINT('',#8804);
#2626=VERTEX_POINT('',#8809);
#2627=VERTEX_POINT('',#8810);
#2628=VERTEX_POINT('',#8827);
#2629=VERTEX_POINT('',#8828);
#2630=VERTEX_POINT('',#8830);
#2631=VERTEX_POINT('',#8832);
#2632=VERTEX_POINT('',#8834);
#2633=VERTEX_POINT('',#8838);
#2634=VERTEX_POINT('',#8840);
#2635=VERTEX_POINT('',#8844);
#2636=VERTEX_POINT('',#8850);
#2637=VERTEX_POINT('',#8852);
#2638=VERTEX_POINT('',#8856);
#2639=VERTEX_POINT('',#8857);
#2640=VERTEX_POINT('',#8862);
#2641=VERTEX_POINT('',#8864);
#2642=VERTEX_POINT('',#8868);
#2643=VERTEX_POINT('',#8870);
#2644=VERTEX_POINT('',#8877);
#2645=VERTEX_POINT('',#8879);
#2646=VERTEX_POINT('',#8881);
#2647=VERTEX_POINT('',#8885);
#2648=VERTEX_POINT('',#8887);
#2649=VERTEX_POINT('',#8891);
#2650=VERTEX_POINT('',#8895);
#2651=VERTEX_POINT('',#8897);
#2652=VERTEX_POINT('',#8901);
#2653=VERTEX_POINT('',#8903);
#2654=VERTEX_POINT('',#8905);
#2655=VERTEX_POINT('',#8907);
#2656=VERTEX_POINT('',#8909);
#2657=VERTEX_POINT('',#8911);
#2658=VERTEX_POINT('',#8913);
#2659=VERTEX_POINT('',#8926);
#2660=VERTEX_POINT('',#8928);
#2661=VERTEX_POINT('',#8930);
#2662=VERTEX_POINT('',#8932);
#2663=VERTEX_POINT('',#8934);
#2664=VERTEX_POINT('',#8936);
#2665=VERTEX_POINT('',#8938);
#2666=VERTEX_POINT('',#8940);
#2667=VERTEX_POINT('',#8942);
#2668=VERTEX_POINT('',#8944);
#2669=VERTEX_POINT('',#8946);
#2670=VERTEX_POINT('',#8948);
#2671=VERTEX_POINT('',#8950);
#2672=VERTEX_POINT('',#8964);
#2673=VERTEX_POINT('',#8965);
#2674=VERTEX_POINT('',#9150);
#2675=VERTEX_POINT('',#9152);
#2676=VERTEX_POINT('',#9292);
#2677=VERTEX_POINT('',#9294);
#2678=VERTEX_POINT('',#9296);
#2679=VERTEX_POINT('',#9307);
#2680=VERTEX_POINT('',#9309);
#2681=VERTEX_POINT('',#9320);
#2682=VERTEX_POINT('',#9326);
#2683=VERTEX_POINT('',#9328);
#2684=VERTEX_POINT('',#9332);
#2685=VERTEX_POINT('',#9334);
#2686=VERTEX_POINT('',#9338);
#2687=VERTEX_POINT('',#9340);
#2688=VERTEX_POINT('',#9344);
#2689=VERTEX_POINT('',#9346);
#2690=VERTEX_POINT('',#9348);
#2691=VERTEX_POINT('',#9352);
#2692=VERTEX_POINT('',#9356);
#2693=VERTEX_POINT('',#9364);
#2694=VERTEX_POINT('',#9366);
#2695=VERTEX_POINT('',#9370);
#2696=VERTEX_POINT('',#9374);
#2697=VERTEX_POINT('',#9376);
#2698=VERTEX_POINT('',#9380);
#2699=VERTEX_POINT('',#9382);
#2700=VERTEX_POINT('',#9386);
#2701=VERTEX_POINT('',#9399);
#2702=VERTEX_POINT('',#9401);
#2703=VERTEX_POINT('',#9403);
#2704=VERTEX_POINT('',#9405);
#2705=VERTEX_POINT('',#9412);
#2706=VERTEX_POINT('',#9413);
#2707=VERTEX_POINT('',#9415);
#2708=VERTEX_POINT('',#9417);
#2709=VERTEX_POINT('',#9419);
#2710=VERTEX_POINT('',#9421);
#2711=VERTEX_POINT('',#9425);
#2712=VERTEX_POINT('',#9427);
#2713=VERTEX_POINT('',#9429);
#2714=VERTEX_POINT('',#9431);
#2715=VERTEX_POINT('',#9433);
#2716=VERTEX_POINT('',#9435);
#2717=VERTEX_POINT('',#9437);
#2718=VERTEX_POINT('',#9439);
#2719=VERTEX_POINT('',#9441);
#2720=VERTEX_POINT('',#9443);
#2721=VERTEX_POINT('',#9445);
#2722=VERTEX_POINT('',#9447);
#2723=VERTEX_POINT('',#9451);
#2724=VERTEX_POINT('',#9453);
#2725=VERTEX_POINT('',#9457);
#2726=VERTEX_POINT('',#9558);
#2727=VERTEX_POINT('',#9559);
#2728=VERTEX_POINT('',#9587);
#2729=VERTEX_POINT('',#9702);
#2730=VERTEX_POINT('',#9729);
#2731=VERTEX_POINT('',#9745);
#2732=VERTEX_POINT('',#9746);
#2733=VERTEX_POINT('',#9748);
#2734=VERTEX_POINT('',#9758);
#2735=VERTEX_POINT('',#9820);
#2736=VERTEX_POINT('',#9833);
#2737=VERTEX_POINT('',#9926);
#2738=VERTEX_POINT('',#9928);
#2739=VERTEX_POINT('',#9956);
#2740=VERTEX_POINT('',#9958);
#2741=VERTEX_POINT('',#9986);
#2742=VERTEX_POINT('',#9988);
#2743=VERTEX_POINT('',#9992);
#2744=VERTEX_POINT('',#9993);
#2745=VERTEX_POINT('',#9995);
#2746=VERTEX_POINT('',#9999);
#2747=VERTEX_POINT('',#10001);
#2748=VERTEX_POINT('',#10003);
#2749=VERTEX_POINT('',#10034);
#2750=VERTEX_POINT('',#10036);
#2751=VERTEX_POINT('',#10044);
#2752=VERTEX_POINT('',#10045);
#2753=VERTEX_POINT('',#10047);
#2754=VERTEX_POINT('',#10051);
#2755=VERTEX_POINT('',#10053);
#2756=VERTEX_POINT('',#10064);
#2757=VERTEX_POINT('',#10081);
#2758=VERTEX_POINT('',#10082);
#2759=VERTEX_POINT('',#10087);
#2760=VERTEX_POINT('',#10091);
#2761=VERTEX_POINT('',#10095);
#2762=VERTEX_POINT('',#10097);
#2763=VERTEX_POINT('',#10099);
#2764=VERTEX_POINT('',#10103);
#2765=VERTEX_POINT('',#10107);
#2766=VERTEX_POINT('',#10109);
#2767=VERTEX_POINT('',#10125);
#2768=VERTEX_POINT('',#10159);
#2769=VERTEX_POINT('',#10161);
#2770=VERTEX_POINT('',#10165);
#2771=VERTEX_POINT('',#10169);
#2772=VERTEX_POINT('',#10180);
#2773=VERTEX_POINT('',#10182);
#2774=VERTEX_POINT('',#10184);
#2775=VERTEX_POINT('',#10188);
#2776=VERTEX_POINT('',#10192);
#2777=VERTEX_POINT('',#10193);
#2778=VERTEX_POINT('',#10198);
#2779=VERTEX_POINT('',#10200);
#2780=VERTEX_POINT('',#10202);
#2781=VERTEX_POINT('',#10204);
#2782=VERTEX_POINT('',#10206);
#2783=VERTEX_POINT('',#10210);
#2784=VERTEX_POINT('',#10211);
#2785=VERTEX_POINT('',#10213);
#2786=VERTEX_POINT('',#10215);
#2787=VERTEX_POINT('',#10219);
#2788=VERTEX_POINT('',#10221);
#2789=VERTEX_POINT('',#10223);
#2790=VERTEX_POINT('',#10225);
#2791=VERTEX_POINT('',#10229);
#2792=VERTEX_POINT('',#10231);
#2793=VERTEX_POINT('',#10233);
#2794=VERTEX_POINT('',#10235);
#2795=VERTEX_POINT('',#10237);
#2796=VERTEX_POINT('',#10239);
#2797=VERTEX_POINT('',#10241);
#2798=VERTEX_POINT('',#10244);
#2799=VERTEX_POINT('',#10246);
#2800=VERTEX_POINT('',#10250);
#2801=VERTEX_POINT('',#10252);
#2802=VERTEX_POINT('',#10256);
#2803=VERTEX_POINT('',#10258);
#2804=VERTEX_POINT('',#10260);
#2805=VERTEX_POINT('',#10264);
#2806=VERTEX_POINT('',#10266);
#2807=VERTEX_POINT('',#10270);
#2808=VERTEX_POINT('',#10272);
#2809=VERTEX_POINT('',#10274);
#2810=VERTEX_POINT('',#10276);
#2811=VERTEX_POINT('',#10278);
#2812=VERTEX_POINT('',#10280);
#2813=VERTEX_POINT('',#10282);
#2814=VERTEX_POINT('',#10286);
#2815=VERTEX_POINT('',#10289);
#2816=VERTEX_POINT('',#10291);
#2817=VERTEX_POINT('',#10293);
#2818=VERTEX_POINT('',#10295);
#2819=VERTEX_POINT('',#10297);
#2820=VERTEX_POINT('',#10299);
#2821=VERTEX_POINT('',#10301);
#2822=VERTEX_POINT('',#10303);
#2823=VERTEX_POINT('',#10305);
#2824=VERTEX_POINT('',#10307);
#2825=VERTEX_POINT('',#10310);
#2826=VERTEX_POINT('',#10314);
#2827=VERTEX_POINT('',#10315);
#2828=VERTEX_POINT('',#10317);
#2829=VERTEX_POINT('',#10320);
#2830=VERTEX_POINT('',#10321);
#2831=VERTEX_POINT('',#10323);
#2832=VERTEX_POINT('',#10326);
#2833=VERTEX_POINT('',#10327);
#2834=VERTEX_POINT('',#10329);
#2835=VERTEX_POINT('',#10331);
#2836=VERTEX_POINT('',#10356);
#2837=VERTEX_POINT('',#10358);
#2838=VERTEX_POINT('',#10384);
#2839=VERTEX_POINT('',#10386);
#2840=VERTEX_POINT('',#10393);
#2841=VERTEX_POINT('',#10395);
#2842=VERTEX_POINT('',#10459);
#2843=VERTEX_POINT('',#10460);
#2844=VERTEX_POINT('',#10479);
#2845=VERTEX_POINT('',#10484);
#2846=VERTEX_POINT('',#10486);
#2847=VERTEX_POINT('',#10497);
#2848=VERTEX_POINT('',#10500);
#2849=VERTEX_POINT('',#10504);
#2850=VERTEX_POINT('',#10519);
#2851=VERTEX_POINT('',#10521);
#2852=VERTEX_POINT('',#10523);
#2853=VERTEX_POINT('',#10527);
#2854=VERTEX_POINT('',#10528);
#2855=VERTEX_POINT('',#10545);
#2856=VERTEX_POINT('',#10547);
#2857=VERTEX_POINT('',#10549);
#2858=VERTEX_POINT('',#10556);
#2859=VERTEX_POINT('',#10560);
#2860=VERTEX_POINT('',#10570);
#2861=VERTEX_POINT('',#10571);
#2862=VERTEX_POINT('',#10576);
#2863=VERTEX_POINT('',#10578);
#2864=VERTEX_POINT('',#10584);
#2865=VERTEX_POINT('',#10602);
#2866=VERTEX_POINT('',#10606);
#2867=VERTEX_POINT('',#10607);
#2868=VERTEX_POINT('',#10612);
#2869=VERTEX_POINT('',#10613);
#2870=VERTEX_POINT('',#10623);
#2871=VERTEX_POINT('',#10624);
#2872=VERTEX_POINT('',#10626);
#2873=VERTEX_POINT('',#10631);
#2874=VERTEX_POINT('',#10633);
#2875=VERTEX_POINT('',#10640);
#2876=VERTEX_POINT('',#10644);
#2877=VERTEX_POINT('',#10646);
#2878=VERTEX_POINT('',#10648);
#2879=VERTEX_POINT('',#10650);
#2880=VERTEX_POINT('',#10654);
#2881=VERTEX_POINT('',#10658);
#2882=VERTEX_POINT('',#10664);
#2883=VERTEX_POINT('',#10667);
#2884=VERTEX_POINT('',#10671);
#2885=VERTEX_POINT('',#10675);
#2886=VERTEX_POINT('',#10679);
#2887=VERTEX_POINT('',#10683);
#2888=VERTEX_POINT('',#10687);
#2889=VERTEX_POINT('',#10689);
#2890=VERTEX_POINT('',#10691);
#2891=VERTEX_POINT('',#10693);
#2892=VERTEX_POINT('',#10696);
#2893=VERTEX_POINT('',#10703);
#2894=VERTEX_POINT('',#10705);
#2895=VERTEX_POINT('',#10709);
#2896=VERTEX_POINT('',#10711);
#2897=VERTEX_POINT('',#10715);
#2898=VERTEX_POINT('',#10724);
#2899=VERTEX_POINT('',#10730);
#2900=VERTEX_POINT('',#10748);
#2901=VERTEX_POINT('',#10750);
#2902=VERTEX_POINT('',#10752);
#2903=VERTEX_POINT('',#10754);
#2904=VERTEX_POINT('',#10756);
#2905=VERTEX_POINT('',#10761);
#2906=VERTEX_POINT('',#10781);
#2907=VERTEX_POINT('',#10783);
#2908=VERTEX_POINT('',#10785);
#2909=VERTEX_POINT('',#10789);
#2910=VERTEX_POINT('',#10793);
#2911=VERTEX_POINT('',#10795);
#2912=VERTEX_POINT('',#10811);
#2913=VERTEX_POINT('',#10845);
#2914=VERTEX_POINT('',#10849);
#2915=VERTEX_POINT('',#10853);
#2916=VERTEX_POINT('',#10864);
#2917=VERTEX_POINT('',#10866);
#2918=VERTEX_POINT('',#10870);
#2919=VERTEX_POINT('',#10874);
#2920=VERTEX_POINT('',#10875);
#2921=VERTEX_POINT('',#10880);
#2922=VERTEX_POINT('',#10882);
#2923=VERTEX_POINT('',#10884);
#2924=VERTEX_POINT('',#10886);
#2925=VERTEX_POINT('',#10888);
#2926=VERTEX_POINT('',#10892);
#2927=VERTEX_POINT('',#10893);
#2928=VERTEX_POINT('',#10895);
#2929=VERTEX_POINT('',#10897);
#2930=VERTEX_POINT('',#10901);
#2931=VERTEX_POINT('',#10903);
#2932=VERTEX_POINT('',#10905);
#2933=VERTEX_POINT('',#10907);
#2934=VERTEX_POINT('',#10911);
#2935=VERTEX_POINT('',#10913);
#2936=VERTEX_POINT('',#10916);
#2937=VERTEX_POINT('',#10918);
#2938=VERTEX_POINT('',#10920);
#2939=VERTEX_POINT('',#10922);
#2940=VERTEX_POINT('',#10924);
#2941=VERTEX_POINT('',#10926);
#2942=VERTEX_POINT('',#10928);
#2943=VERTEX_POINT('',#10932);
#2944=VERTEX_POINT('',#10934);
#2945=VERTEX_POINT('',#10938);
#2946=VERTEX_POINT('',#10940);
#2947=VERTEX_POINT('',#10942);
#2948=VERTEX_POINT('',#10946);
#2949=VERTEX_POINT('',#10948);
#2950=VERTEX_POINT('',#10952);
#2951=VERTEX_POINT('',#10954);
#2952=VERTEX_POINT('',#10956);
#2953=VERTEX_POINT('',#10958);
#2954=VERTEX_POINT('',#10960);
#2955=VERTEX_POINT('',#10962);
#2956=VERTEX_POINT('',#10964);
#2957=VERTEX_POINT('',#10969);
#2958=VERTEX_POINT('',#10972);
#2959=VERTEX_POINT('',#10974);
#2960=VERTEX_POINT('',#10976);
#2961=VERTEX_POINT('',#10978);
#2962=VERTEX_POINT('',#10980);
#2963=VERTEX_POINT('',#10982);
#2964=VERTEX_POINT('',#10984);
#2965=VERTEX_POINT('',#10986);
#2966=VERTEX_POINT('',#10988);
#2967=VERTEX_POINT('',#10990);
#2968=VERTEX_POINT('',#10993);
#2969=VERTEX_POINT('',#10996);
#2970=VERTEX_POINT('',#10997);
#2971=VERTEX_POINT('',#10999);
#2972=VERTEX_POINT('',#11002);
#2973=VERTEX_POINT('',#11003);
#2974=VERTEX_POINT('',#11005);
#2975=VERTEX_POINT('',#11008);
#2976=VERTEX_POINT('',#11009);
#2977=VERTEX_POINT('',#11011);
#2978=VERTEX_POINT('',#11013);
#2979=VERTEX_POINT('',#11038);
#2980=VERTEX_POINT('',#11040);
#2981=VERTEX_POINT('',#11066);
#2982=VERTEX_POINT('',#11083);
#2983=VERTEX_POINT('',#11098);
#2984=VERTEX_POINT('',#11100);
#2985=VERTEX_POINT('',#11141);
#2986=VERTEX_POINT('',#11142);
#2987=VERTEX_POINT('',#11161);
#2988=VERTEX_POINT('',#11170);
#2989=VERTEX_POINT('',#11172);
#2990=VERTEX_POINT('',#11179);
#2991=VERTEX_POINT('',#11182);
#2992=VERTEX_POINT('',#11186);
#2993=VERTEX_POINT('',#11201);
#2994=VERTEX_POINT('',#11203);
#2995=VERTEX_POINT('',#11205);
#2996=VERTEX_POINT('',#11211);
#2997=VERTEX_POINT('',#11213);
#2998=VERTEX_POINT('',#11217);
#2999=VERTEX_POINT('',#11221);
#3000=VERTEX_POINT('',#11231);
#3001=VERTEX_POINT('',#11232);
#3002=VERTEX_POINT('',#11237);
#3003=VERTEX_POINT('',#11239);
#3004=VERTEX_POINT('',#11245);
#3005=VERTEX_POINT('',#11262);
#3006=VERTEX_POINT('',#11266);
#3007=VERTEX_POINT('',#11267);
#3008=VERTEX_POINT('',#11272);
#3009=VERTEX_POINT('',#11273);
#3010=VERTEX_POINT('',#11283);
#3011=VERTEX_POINT('',#11284);
#3012=VERTEX_POINT('',#11287);
#3013=VERTEX_POINT('',#11291);
#3014=VERTEX_POINT('',#11293);
#3015=VERTEX_POINT('',#11300);
#3016=VERTEX_POINT('',#11304);
#3017=VERTEX_POINT('',#11306);
#3018=VERTEX_POINT('',#11308);
#3019=VERTEX_POINT('',#11310);
#3020=VERTEX_POINT('',#11314);
#3021=VERTEX_POINT('',#11318);
#3022=VERTEX_POINT('',#11324);
#3023=VERTEX_POINT('',#11326);
#3024=VERTEX_POINT('',#11331);
#3025=VERTEX_POINT('',#11335);
#3026=VERTEX_POINT('',#11339);
#3027=VERTEX_POINT('',#11343);
#3028=VERTEX_POINT('',#11347);
#3029=VERTEX_POINT('',#11349);
#3030=VERTEX_POINT('',#11351);
#3031=VERTEX_POINT('',#11353);
#3032=VERTEX_POINT('',#11356);
#3033=VERTEX_POINT('',#11363);
#3034=VERTEX_POINT('',#11365);
#3035=VERTEX_POINT('',#11369);
#3036=VERTEX_POINT('',#11371);
#3037=VERTEX_POINT('',#11375);
#3038=VERTEX_POINT('',#11384);
#3039=VERTEX_POINT('',#11390);
#3040=VERTEX_POINT('',#11410);
#3041=VERTEX_POINT('',#11412);
#3042=VERTEX_POINT('',#11414);
#3043=VERTEX_POINT('',#11416);
#3044=VERTEX_POINT('',#11418);
#3045=VERTEX_POINT('',#11421);
#3046=EDGE_CURVE('',#2492,#2493,#2446,.T.);
#3047=EDGE_CURVE('',#2493,#2494,#2261,.T.);
#3048=EDGE_CURVE('',#2494,#2495,#2262,.T.);
#3049=EDGE_CURVE('',#2495,#2492,#2263,.T.);
#3050=EDGE_CURVE('',#2496,#2497,#2264,.T.);
#3051=EDGE_CURVE('',#2497,#2495,#302,.T.);
#3052=EDGE_CURVE('',#2494,#2496,#303,.T.);
#3053=EDGE_CURVE('',#2498,#2499,#2265,.T.);
#3054=EDGE_CURVE('',#2499,#2497,#2266,.T.);
#3055=EDGE_CURVE('',#2496,#2498,#2267,.T.);
#3056=EDGE_CURVE('',#2500,#2499,#304,.T.);
#3057=EDGE_CURVE('',#2498,#2501,#305,.T.);
#3058=EDGE_CURVE('',#2501,#2500,#223,.T.);
#3059=EDGE_CURVE('',#2501,#2502,#306,.T.);
#3060=EDGE_CURVE('',#2502,#2503,#224,.T.);
#3061=EDGE_CURVE('',#2503,#2500,#307,.T.);
#3062=EDGE_CURVE('',#2502,#2504,#308,.T.);
#3063=EDGE_CURVE('',#2504,#2505,#225,.T.);
#3064=EDGE_CURVE('',#2505,#2503,#309,.T.);
#3065=EDGE_CURVE('',#2504,#2506,#310,.T.);
#3066=EDGE_CURVE('',#2506,#2507,#226,.T.);
#3067=EDGE_CURVE('',#2507,#2505,#311,.T.);
#3068=EDGE_CURVE('',#2506,#2508,#312,.T.);
#3069=EDGE_CURVE('',#2508,#2509,#2268,.T.);
#3070=EDGE_CURVE('',#2509,#2507,#313,.T.);
#3071=EDGE_CURVE('',#2510,#2511,#2269,.T.);
#3072=EDGE_CURVE('',#2511,#2509,#2270,.T.);
#3073=EDGE_CURVE('',#2508,#2510,#2271,.T.);
#3074=EDGE_CURVE('',#2512,#2513,#2272,.T.);
#3075=EDGE_CURVE('',#2513,#2511,#314,.T.);
#3076=EDGE_CURVE('',#2510,#2512,#315,.T.);
#3077=EDGE_CURVE('',#2514,#2515,#2273,.T.);
#3078=EDGE_CURVE('',#2515,#2513,#2274,.T.);
#3079=EDGE_CURVE('',#2512,#2514,#2275,.T.);
#3080=EDGE_CURVE('',#2516,#2517,#2276,.T.);
#3081=EDGE_CURVE('',#2517,#2515,#316,.T.);
#3082=EDGE_CURVE('',#2514,#2516,#317,.T.);
#3083=EDGE_CURVE('',#2518,#2495,#318,.T.);
#3084=EDGE_CURVE('',#2519,#2518,#2277,.T.);
#3085=EDGE_CURVE('',#2519,#2492,#319,.T.);
#3086=EDGE_CURVE('',#2520,#2497,#320,.T.);
#3087=EDGE_CURVE('',#2520,#2521,#2447,.T.);
#3088=EDGE_CURVE('',#2518,#2521,#321,.T.);
#3089=EDGE_CURVE('',#2522,#2499,#322,.T.);
#3090=EDGE_CURVE('',#2520,#2522,#2278,.T.);
#3091=EDGE_CURVE('',#2523,#2500,#323,.T.);
#3092=EDGE_CURVE('',#2522,#2523,#324,.T.);
#3093=EDGE_CURVE('',#2503,#2524,#325,.T.);
#3094=EDGE_CURVE('',#2523,#2524,#326,.T.);
#3095=EDGE_CURVE('',#2525,#2505,#327,.T.);
#3096=EDGE_CURVE('',#2524,#2525,#328,.T.);
#3097=EDGE_CURVE('',#2507,#2526,#329,.T.);
#3098=EDGE_CURVE('',#2525,#2526,#330,.T.);
#3099=EDGE_CURVE('',#2527,#2509,#331,.T.);
#3100=EDGE_CURVE('',#2526,#2527,#332,.T.);
#3101=EDGE_CURVE('',#2528,#2511,#333,.T.);
#3102=EDGE_CURVE('',#2527,#2528,#2279,.T.);
#3103=EDGE_CURVE('',#2529,#2513,#334,.T.);
#3104=EDGE_CURVE('',#2528,#2529,#335,.T.);
#3105=EDGE_CURVE('',#2530,#2515,#336,.T.);
#3106=EDGE_CURVE('',#2529,#2530,#2280,.T.);
#3107=EDGE_CURVE('',#2531,#2517,#337,.T.);
#3108=EDGE_CURVE('',#2530,#2531,#338,.T.);
#3109=EDGE_CURVE('',#2516,#2532,#339,.T.);
#3110=EDGE_CURVE('',#2533,#2532,#340,.T.);
#3111=EDGE_CURVE('',#2534,#2533,#341,.T.);
#3112=EDGE_CURVE('',#2534,#2535,#342,.T.);
#3113=EDGE_CURVE('',#2536,#2535,#2281,.F.);
#3114=EDGE_CURVE('',#2536,#2537,#343,.T.);
#3115=EDGE_CURVE('',#2537,#2538,#2282,.T.);
#3116=EDGE_CURVE('',#2538,#2539,#2283,.T.);
#3117=EDGE_CURVE('',#2539,#2540,#344,.T.);
#3118=EDGE_CURVE('',#2540,#2541,#2284,.T.);
#3119=EDGE_CURVE('',#2542,#2541,#2285,.T.);
#3120=EDGE_CURVE('',#2542,#2543,#2286,.T.);
#3121=EDGE_CURVE('',#2543,#2544,#345,.T.);
#3122=EDGE_CURVE('',#2544,#2545,#2287,.T.);
#3123=EDGE_CURVE('',#2545,#2546,#346,.T.);
#3124=EDGE_CURVE('',#2547,#2546,#347,.T.);
#3125=EDGE_CURVE('',#2548,#2547,#348,.T.);
#3126=EDGE_CURVE('',#2549,#2548,#2288,.T.);
#3127=EDGE_CURVE('',#2550,#2549,#349,.T.);
#3128=EDGE_CURVE('',#2551,#2550,#2289,.T.);
#3129=EDGE_CURVE('',#2551,#2552,#2290,.T.);
#3130=EDGE_CURVE('',#2553,#2552,#2291,.T.);
#3131=EDGE_CURVE('',#2554,#2553,#350,.T.);
#3132=EDGE_CURVE('',#2555,#2554,#2292,.T.);
#3133=EDGE_CURVE('',#2556,#2555,#2293,.T.);
#3134=EDGE_CURVE('',#2557,#2556,#351,.T.);
#3135=EDGE_CURVE('',#2557,#2558,#2294,.F.);
#3136=EDGE_CURVE('',#2559,#2558,#352,.T.);
#3137=EDGE_CURVE('',#2560,#2559,#353,.T.);
#3138=EDGE_CURVE('',#2561,#2560,#354,.T.);
#3139=EDGE_CURVE('',#2561,#2562,#355,.T.);
#3140=EDGE_CURVE('',#2563,#2562,#2295,.T.);
#3141=EDGE_CURVE('',#2564,#2563,#356,.T.);
#3142=EDGE_CURVE('',#2565,#2564,#2296,.T.);
#3143=EDGE_CURVE('',#2565,#2566,#357,.T.);
#3144=EDGE_CURVE('',#2531,#2566,#2297,.T.);
#3145=EDGE_CURVE('',#2567,#2567,#2298,.T.);
#3146=EDGE_CURVE('',#2568,#2568,#2299,.T.);
#3147=EDGE_CURVE('',#2569,#2569,#2300,.T.);
#3148=EDGE_CURVE('',#2570,#2570,#2301,.T.);
#3149=EDGE_CURVE('',#2571,#2572,#358,.T.);
#3150=EDGE_CURVE('',#2572,#2573,#227,.T.);
#3151=EDGE_CURVE('',#2573,#2574,#359,.T.);
#3152=EDGE_CURVE('',#2574,#2571,#228,.T.);
#3153=EDGE_CURVE('',#2562,#2575,#360,.T.);
#3154=EDGE_CURVE('',#2575,#2576,#2302,.T.);
#3155=EDGE_CURVE('',#2576,#2563,#361,.T.);
#3156=EDGE_CURVE('',#2577,#2578,#2303,.T.);
#3157=EDGE_CURVE('',#2578,#2576,#2304,.T.);
#3158=EDGE_CURVE('',#2575,#2577,#2305,.T.);
#3159=EDGE_CURVE('',#2579,#2580,#2306,.T.);
#3160=EDGE_CURVE('',#2580,#2578,#362,.T.);
#3161=EDGE_CURVE('',#2577,#2579,#363,.T.);
#3162=EDGE_CURVE('',#2581,#2582,#2307,.T.);
#3163=EDGE_CURVE('',#2582,#2580,#2308,.T.);
#3164=EDGE_CURVE('',#2579,#2581,#2309,.T.);
#3165=EDGE_CURVE('',#2583,#2582,#364,.T.);
#3166=EDGE_CURVE('',#2581,#2584,#365,.T.);
#3167=EDGE_CURVE('',#2584,#2583,#229,.T.);
#3168=EDGE_CURVE('',#2585,#2583,#366,.T.);
#3169=EDGE_CURVE('',#2584,#2586,#367,.T.);
#3170=EDGE_CURVE('',#2586,#2585,#230,.T.);
#3171=EDGE_CURVE('',#2572,#2585,#368,.T.);
#3172=EDGE_CURVE('',#2586,#2573,#369,.T.);
#3173=EDGE_CURVE('',#2574,#2587,#370,.T.);
#3174=EDGE_CURVE('',#2587,#2588,#2310,.T.);
#3175=EDGE_CURVE('',#2588,#2571,#371,.T.);
#3176=EDGE_CURVE('',#2589,#2590,#2311,.T.);
#3177=EDGE_CURVE('',#2590,#2588,#2312,.T.);
#3178=EDGE_CURVE('',#2587,#2589,#2313,.T.);
#3179=EDGE_CURVE('',#2591,#2592,#2314,.T.);
#3180=EDGE_CURVE('',#2592,#2590,#372,.T.);
#3181=EDGE_CURVE('',#2589,#2591,#373,.T.);
#3182=EDGE_CURVE('',#2593,#2594,#2448,.T.);
#3183=EDGE_CURVE('',#2594,#2592,#2315,.T.);
#3184=EDGE_CURVE('',#2591,#2593,#2316,.T.);
#3185=EDGE_CURVE('',#2593,#2561,#374,.T.);
#3186=EDGE_CURVE('',#2595,#2576,#375,.T.);
#3187=EDGE_CURVE('',#2564,#2595,#376,.T.);
#3188=EDGE_CURVE('',#2532,#2493,#377,.T.);
#3189=EDGE_CURVE('',#2585,#2596,#378,.T.);
#3190=EDGE_CURVE('',#2597,#2596,#379,.T.);
#3191=EDGE_CURVE('',#2597,#2583,#380,.T.);
#3192=EDGE_CURVE('',#2598,#2572,#381,.T.);
#3193=EDGE_CURVE('',#2596,#2598,#382,.T.);
#3194=EDGE_CURVE('',#2571,#2599,#383,.T.);
#3195=EDGE_CURVE('',#2598,#2599,#384,.T.);
#3196=EDGE_CURVE('',#2600,#2588,#385,.T.);
#3197=EDGE_CURVE('',#2599,#2600,#386,.T.);
#3198=EDGE_CURVE('',#2601,#2590,#387,.T.);
#3199=EDGE_CURVE('',#2600,#2601,#2317,.T.);
#3200=EDGE_CURVE('',#2602,#2592,#388,.T.);
#3201=EDGE_CURVE('',#2603,#2602,#389,.T.);
#3202=EDGE_CURVE('',#2603,#2601,#2449,.T.);
#3203=EDGE_CURVE('',#2604,#2594,#390,.T.);
#3204=EDGE_CURVE('',#2602,#2604,#2318,.T.);
#3205=EDGE_CURVE('',#2567,#2605,#391,.T.);
#3206=EDGE_CURVE('',#2605,#2605,#2319,.T.);
#3207=EDGE_CURVE('',#2568,#2606,#392,.T.);
#3208=EDGE_CURVE('',#2606,#2606,#2320,.T.);
#3209=EDGE_CURVE('',#2527,#2607,#2321,.T.);
#3210=EDGE_CURVE('',#2607,#2608,#393,.T.);
#3211=EDGE_CURVE('',#2608,#2526,#231,.T.);
#3212=EDGE_CURVE('',#2528,#2609,#2322,.T.);
#3213=EDGE_CURVE('',#2609,#2607,#2323,.T.);
#3214=EDGE_CURVE('',#2529,#2610,#2324,.T.);
#3215=EDGE_CURVE('',#2610,#2609,#394,.T.);
#3216=EDGE_CURVE('',#2530,#2611,#2325,.T.);
#3217=EDGE_CURVE('',#2611,#2610,#2326,.T.);
#3218=EDGE_CURVE('',#2566,#2611,#395,.T.);
#3219=EDGE_CURVE('',#2608,#2612,#396,.T.);
#3220=EDGE_CURVE('',#2612,#2525,#232,.T.);
#3221=EDGE_CURVE('',#2612,#2613,#397,.T.);
#3222=EDGE_CURVE('',#2613,#2524,#233,.T.);
#3223=EDGE_CURVE('',#2613,#2614,#398,.T.);
#3224=EDGE_CURVE('',#2614,#2523,#234,.T.);
#3225=EDGE_CURVE('',#2522,#2615,#2327,.T.);
#3226=EDGE_CURVE('',#2615,#2521,#2328,.T.);
#3227=EDGE_CURVE('',#2614,#2615,#399,.T.);
#3228=EDGE_CURVE('',#2600,#2616,#2329,.T.);
#3229=EDGE_CURVE('',#2616,#2617,#400,.T.);
#3230=EDGE_CURVE('',#2617,#2599,#235,.T.);
#3231=EDGE_CURVE('',#2617,#2618,#401,.T.);
#3232=EDGE_CURVE('',#2618,#2598,#236,.T.);
#3233=EDGE_CURVE('',#2618,#2619,#402,.T.);
#3234=EDGE_CURVE('',#2619,#2596,#237,.T.);
#3235=EDGE_CURVE('',#2619,#2620,#403,.T.);
#3236=EDGE_CURVE('',#2620,#2597,#238,.T.);
#3237=EDGE_CURVE('',#2595,#2621,#2330,.T.);
#3238=EDGE_CURVE('',#2621,#2565,#404,.T.);
#3239=EDGE_CURVE('',#2622,#2623,#2331,.T.);
#3240=EDGE_CURVE('',#2623,#2621,#2332,.T.);
#3241=EDGE_CURVE('',#2595,#2622,#2333,.T.);
#3242=EDGE_CURVE('',#2624,#2625,#2334,.T.);
#3243=EDGE_CURVE('',#2625,#2623,#405,.T.);
#3244=EDGE_CURVE('',#2622,#2624,#406,.T.);
#3245=EDGE_CURVE('',#2626,#2627,#2335,.T.);
#3246=EDGE_CURVE('',#2627,#2625,#2336,.T.);
#3247=EDGE_CURVE('',#2624,#2626,#2337,.T.);
#3248=EDGE_CURVE('',#2620,#2627,#407,.T.);
#3249=EDGE_CURVE('',#2626,#2597,#408,.T.);
#3250=EDGE_CURVE('',#2603,#2616,#2338,.T.);
#3251=EDGE_CURVE('',#2626,#2582,#409,.T.);
#3252=EDGE_CURVE('',#2624,#2580,#410,.T.);
#3253=EDGE_CURVE('',#2622,#2578,#411,.T.);
#3254=EDGE_CURVE('',#2628,#2629,#412,.T.);
#3255=EDGE_CURVE('',#2629,#2630,#239,.T.);
#3256=EDGE_CURVE('',#2630,#2631,#413,.T.);
#3257=EDGE_CURVE('',#2631,#2632,#414,.T.);
#3258=EDGE_CURVE('',#2632,#2628,#415,.T.);
#3259=EDGE_CURVE('',#2632,#2633,#416,.T.);
#3260=EDGE_CURVE('',#2633,#2634,#417,.T.);
#3261=EDGE_CURVE('',#2634,#2628,#418,.T.);
#3262=EDGE_CURVE('',#2519,#2635,#419,.T.);
#3263=EDGE_CURVE('',#2635,#2534,#420,.T.);
#3264=EDGE_CURVE('',#2533,#2519,#421,.T.);
#3265=EDGE_CURVE('',#2635,#2636,#2339,.T.);
#3266=EDGE_CURVE('',#2636,#2637,#422,.T.);
#3267=EDGE_CURVE('',#2637,#2534,#2340,.T.);
#3268=EDGE_CURVE('',#2638,#2639,#423,.T.);
#3269=EDGE_CURVE('',#2639,#2637,#424,.T.);
#3270=EDGE_CURVE('',#2636,#2638,#425,.T.);
#3271=EDGE_CURVE('',#2638,#2640,#2341,.T.);
#3272=EDGE_CURVE('',#2640,#2641,#426,.T.);
#3273=EDGE_CURVE('',#2641,#2639,#2342,.T.);
#3274=EDGE_CURVE('',#2642,#2641,#427,.T.);
#3275=EDGE_CURVE('',#2640,#2643,#428,.T.);
#3276=EDGE_CURVE('',#2643,#2642,#429,.T.);
#3277=EDGE_CURVE('',#2633,#2642,#430,.T.);
#3278=EDGE_CURVE('',#2643,#2634,#431,.T.);
#3279=EDGE_CURVE('',#2629,#2644,#2343,.T.);
#3280=EDGE_CURVE('',#2644,#2645,#432,.T.);
#3281=EDGE_CURVE('',#2645,#2646,#2344,.T.);
#3282=EDGE_CURVE('',#2646,#2630,#433,.T.);
#3283=EDGE_CURVE('',#2647,#2628,#434,.T.);
#3284=EDGE_CURVE('',#2647,#2648,#435,.T.);
#3285=EDGE_CURVE('',#2648,#2644,#436,.T.);
#3286=EDGE_CURVE('',#2649,#2634,#437,.T.);
#3287=EDGE_CURVE('',#2649,#2647,#438,.T.);
#3288=EDGE_CURVE('',#2650,#2643,#439,.T.);
#3289=EDGE_CURVE('',#2650,#2651,#240,.T.);
#3290=EDGE_CURVE('',#2651,#2649,#241,.T.);
#3291=EDGE_CURVE('',#2652,#2604,#440,.T.);
#3292=EDGE_CURVE('',#2653,#2652,#2345,.T.);
#3293=EDGE_CURVE('',#2654,#2653,#441,.T.);
#3294=EDGE_CURVE('',#2655,#2654,#2346,.T.);
#3295=EDGE_CURVE('',#2656,#2655,#442,.T.);
#3296=EDGE_CURVE('',#2657,#2656,#443,.T.);
#3297=EDGE_CURVE('',#2658,#2657,#2450,.F.);
#3298=EDGE_CURVE('',#2659,#2658,#2347,.T.);
#3299=EDGE_CURVE('',#2660,#2659,#444,.T.);
#3300=EDGE_CURVE('',#2661,#2660,#445,.T.);
#3301=EDGE_CURVE('',#2662,#2661,#446,.T.);
#3302=EDGE_CURVE('',#2663,#2662,#447,.T.);
#3303=EDGE_CURVE('',#2664,#2663,#2348,.T.);
#3304=EDGE_CURVE('',#2664,#2665,#448,.T.);
#3305=EDGE_CURVE('',#2666,#2665,#2349,.T.);
#3306=EDGE_CURVE('',#2666,#2667,#449,.T.);
#3307=EDGE_CURVE('',#2667,#2668,#450,.T.);
#3308=EDGE_CURVE('',#2668,#2669,#451,.T.);
#3309=EDGE_CURVE('',#2669,#2670,#452,.T.);
#3310=EDGE_CURVE('',#2670,#2671,#2350,.T.);
#3311=EDGE_CURVE('',#2671,#2650,#2451,.F.);
#3312=EDGE_CURVE('',#2672,#2673,#2452,.T.);
#3313=EDGE_CURVE('',#2674,#2672,#453,.T.);
#3314=EDGE_CURVE('',#2675,#2674,#2453,.T.);
#3315=EDGE_CURVE('',#2676,#2675,#454,.T.);
#3316=EDGE_CURVE('',#2677,#2676,#455,.T.);
#3317=EDGE_CURVE('',#2678,#2677,#2454,.T.);
#3318=EDGE_CURVE('',#2679,#2678,#456,.T.);
#3319=EDGE_CURVE('',#2680,#2679,#2455,.T.);
#3320=EDGE_CURVE('',#2681,#2680,#457,.T.);
#3321=EDGE_CURVE('',#2673,#2681,#458,.T.);
#3322=EDGE_CURVE('',#2560,#2604,#459,.T.);
#3323=EDGE_CURVE('',#2655,#2682,#460,.T.);
#3324=EDGE_CURVE('',#2682,#2683,#461,.T.);
#3325=EDGE_CURVE('',#2683,#2656,#462,.T.);
#3326=EDGE_CURVE('',#2683,#2684,#463,.T.);
#3327=EDGE_CURVE('',#2684,#2685,#464,.T.);
#3328=EDGE_CURVE('',#2685,#2656,#465,.T.);
#3329=EDGE_CURVE('',#2684,#2686,#466,.T.);
#3330=EDGE_CURVE('',#2686,#2687,#467,.T.);
#3331=EDGE_CURVE('',#2687,#2685,#468,.T.);
#3332=EDGE_CURVE('',#2686,#2688,#469,.T.);
#3333=EDGE_CURVE('',#2688,#2689,#470,.T.);
#3334=EDGE_CURVE('',#2689,#2690,#242,.T.);
#3335=EDGE_CURVE('',#2690,#2687,#471,.T.);
#3336=EDGE_CURVE('',#2654,#2691,#472,.T.);
#3337=EDGE_CURVE('',#2691,#2682,#2351,.T.);
#3338=EDGE_CURVE('',#2653,#2692,#473,.T.);
#3339=EDGE_CURVE('',#2692,#2691,#474,.T.);
#3340=EDGE_CURVE('',#2652,#2559,#475,.T.);
#3341=EDGE_CURVE('',#2559,#2692,#2352,.T.);
#3342=EDGE_CURVE('',#2693,#2685,#476,.T.);
#3343=EDGE_CURVE('',#2694,#2693,#243,.T.);
#3344=EDGE_CURVE('',#2657,#2694,#244,.T.);
#3345=EDGE_CURVE('',#2695,#2687,#477,.T.);
#3346=EDGE_CURVE('',#2693,#2695,#478,.T.);
#3347=EDGE_CURVE('',#2690,#2696,#2353,.T.);
#3348=EDGE_CURVE('',#2697,#2696,#479,.T.);
#3349=EDGE_CURVE('',#2695,#2697,#480,.T.);
#3350=EDGE_CURVE('',#2698,#2689,#481,.T.);
#3351=EDGE_CURVE('',#2699,#2698,#2354,.T.);
#3352=EDGE_CURVE('',#2696,#2699,#482,.T.);
#3353=EDGE_CURVE('',#2700,#2688,#483,.F.);
#3354=EDGE_CURVE('',#2698,#2700,#2456,.T.);
#3355=EDGE_CURVE('',#2701,#2682,#484,.T.);
#3356=EDGE_CURVE('',#2701,#2702,#485,.F.);
#3357=EDGE_CURVE('',#2702,#2703,#486,.F.);
#3358=EDGE_CURVE('',#2703,#2704,#487,.F.);
#3359=EDGE_CURVE('',#2700,#2704,#2457,.T.);
#3360=EDGE_CURVE('',#2705,#2706,#245,.T.);
#3361=EDGE_CURVE('',#2706,#2707,#488,.T.);
#3362=EDGE_CURVE('',#2707,#2708,#246,.T.);
#3363=EDGE_CURVE('',#2708,#2709,#489,.T.);
#3364=EDGE_CURVE('',#2709,#2710,#490,.T.);
#3365=EDGE_CURVE('',#2710,#2705,#491,.T.);
#3366=EDGE_CURVE('',#2711,#2709,#492,.T.);
#3367=EDGE_CURVE('',#2712,#2711,#2355,.T.);
#3368=EDGE_CURVE('',#2713,#2712,#493,.T.);
#3369=EDGE_CURVE('',#2714,#2713,#247,.T.);
#3370=EDGE_CURVE('',#2715,#2714,#494,.T.);
#3371=EDGE_CURVE('',#2716,#2715,#248,.T.);
#3372=EDGE_CURVE('',#2717,#2716,#495,.T.);
#3373=EDGE_CURVE('',#2718,#2717,#249,.T.);
#3374=EDGE_CURVE('',#2719,#2718,#496,.T.);
#3375=EDGE_CURVE('',#2720,#2719,#250,.T.);
#3376=EDGE_CURVE('',#2721,#2720,#497,.T.);
#3377=EDGE_CURVE('',#2722,#2721,#2356,.T.);
#3378=EDGE_CURVE('',#2710,#2722,#498,.T.);
#3379=EDGE_CURVE('',#2723,#2708,#499,.T.);
#3380=EDGE_CURVE('',#2724,#2723,#500,.T.);
#3381=EDGE_CURVE('',#2711,#2724,#501,.T.);
#3382=EDGE_CURVE('',#2707,#2725,#502,.T.);
#3383=EDGE_CURVE('',#2725,#2723,#2357,.F.);
#3384=EDGE_CURVE('',#2726,#2727,#2458,.F.);
#3385=EDGE_CURVE('',#2675,#2726,#2358,.T.);
#3386=EDGE_CURVE('',#2728,#2674,#2359,.T.);
#3387=EDGE_CURVE('',#2727,#2728,#2459,.F.);
#3388=EDGE_CURVE('',#2726,#2722,#503,.T.);
#3389=EDGE_CURVE('',#2721,#2676,#2460,.T.);
#3390=EDGE_CURVE('',#2724,#2673,#2360,.T.);
#3391=EDGE_CURVE('',#2729,#2724,#2461,.F.);
#3392=EDGE_CURVE('',#2730,#2729,#2462,.F.);
#3393=EDGE_CURVE('',#2672,#2730,#2361,.T.);
#3394=EDGE_CURVE('',#2681,#2712,#2463,.T.);
#3395=EDGE_CURVE('',#2731,#2732,#2362,.F.);
#3396=EDGE_CURVE('',#2733,#2731,#2363,.F.);
#3397=EDGE_CURVE('',#2732,#2733,#2364,.F.);
#3398=EDGE_CURVE('',#2705,#2733,#504,.T.);
#3399=EDGE_CURVE('',#2731,#2706,#505,.T.);
#3400=EDGE_CURVE('',#2728,#2732,#506,.T.);
#3401=EDGE_CURVE('',#2733,#2726,#507,.T.);
#3402=EDGE_CURVE('',#2723,#2734,#2365,.F.);
#3403=EDGE_CURVE('',#2734,#2725,#2366,.F.);
#3404=EDGE_CURVE('',#2732,#2734,#508,.T.);
#3405=EDGE_CURVE('',#2725,#2731,#509,.T.);
#3406=EDGE_CURVE('',#2734,#2730,#510,.T.);
#3407=EDGE_CURVE('',#2730,#2728,#511,.T.);
#3408=EDGE_CURVE('',#2720,#2677,#2367,.T.);
#3409=EDGE_CURVE('',#2735,#2678,#2368,.T.);
#3410=EDGE_CURVE('',#2720,#2735,#2464,.T.);
#3411=EDGE_CURVE('',#2736,#2679,#2369,.T.);
#3412=EDGE_CURVE('',#2735,#2736,#512,.T.);
#3413=EDGE_CURVE('',#2713,#2680,#2370,.T.);
#3414=EDGE_CURVE('',#2736,#2713,#2465,.T.);
#3415=EDGE_CURVE('',#2737,#2717,#2371,.T.);
#3416=EDGE_CURVE('',#2738,#2737,#251,.F.);
#3417=EDGE_CURVE('',#2718,#2738,#2372,.T.);
#3418=EDGE_CURVE('',#2739,#2715,#2373,.T.);
#3419=EDGE_CURVE('',#2740,#2739,#252,.F.);
#3420=EDGE_CURVE('',#2716,#2740,#2374,.T.);
#3421=EDGE_CURVE('',#2741,#2719,#2375,.T.);
#3422=EDGE_CURVE('',#2742,#2741,#253,.F.);
#3423=EDGE_CURVE('',#2735,#2742,#2376,.T.);
#3424=EDGE_CURVE('',#2743,#2744,#2377,.F.);
#3425=EDGE_CURVE('',#2745,#2743,#2378,.F.);
#3426=EDGE_CURVE('',#2744,#2745,#2379,.F.);
#3427=EDGE_CURVE('',#2746,#2745,#513,.T.);
#3428=EDGE_CURVE('',#2743,#2747,#514,.T.);
#3429=EDGE_CURVE('',#2748,#2747,#2380,.T.);
#3430=EDGE_CURVE('',#2748,#2746,#254,.T.);
#3431=EDGE_CURVE('',#2745,#2740,#515,.T.);
#3432=EDGE_CURVE('',#2739,#2744,#516,.T.);
#3433=EDGE_CURVE('',#2749,#2736,#2381,.T.);
#3434=EDGE_CURVE('',#2750,#2749,#255,.F.);
#3435=EDGE_CURVE('',#2714,#2750,#2382,.T.);
#3436=EDGE_CURVE('',#2750,#2739,#517,.T.);
#3437=EDGE_CURVE('',#2742,#2749,#518,.T.);
#3438=EDGE_CURVE('',#2751,#2752,#2383,.F.);
#3439=EDGE_CURVE('',#2753,#2751,#2384,.F.);
#3440=EDGE_CURVE('',#2752,#2753,#2385,.F.);
#3441=EDGE_CURVE('',#2754,#2753,#519,.T.);
#3442=EDGE_CURVE('',#2751,#2755,#520,.T.);
#3443=EDGE_CURVE('',#2755,#2754,#256,.T.);
#3444=EDGE_CURVE('',#2753,#2743,#521,.T.);
#3445=EDGE_CURVE('',#2744,#2752,#522,.T.);
#3446=EDGE_CURVE('',#2749,#2751,#523,.T.);
#3447=EDGE_CURVE('',#2752,#2750,#524,.T.);
#3448=EDGE_CURVE('',#2755,#2742,#525,.T.);
#3449=EDGE_CURVE('',#2741,#2756,#526,.T.);
#3450=EDGE_CURVE('',#2754,#2756,#257,.T.);
#3451=EDGE_CURVE('',#2738,#2741,#527,.T.);
#3452=EDGE_CURVE('',#2740,#2737,#528,.T.);
#3453=EDGE_CURVE('',#2748,#2738,#529,.T.);
#3454=EDGE_CURVE('',#2737,#2746,#530,.T.);
#3455=EDGE_CURVE('',#2756,#2747,#531,.T.);
#3456=EDGE_CURVE('',#2757,#2758,#2386,.T.);
#3457=EDGE_CURVE('',#2664,#2758,#532,.T.);
#3458=EDGE_CURVE('',#2757,#2663,#533,.T.);
#3459=EDGE_CURVE('',#2758,#2759,#534,.T.);
#3460=EDGE_CURVE('',#2665,#2759,#535,.T.);
#3461=EDGE_CURVE('',#2759,#2760,#2387,.T.);
#3462=EDGE_CURVE('',#2760,#2666,#536,.T.);
#3463=EDGE_CURVE('',#2648,#2761,#537,.T.);
#3464=EDGE_CURVE('',#2762,#2648,#258,.T.);
#3465=EDGE_CURVE('',#2763,#2762,#538,.T.);
#3466=EDGE_CURVE('',#2761,#2763,#2388,.T.);
#3467=EDGE_CURVE('',#2762,#2764,#539,.T.);
#3468=EDGE_CURVE('',#2764,#2647,#259,.T.);
#3469=EDGE_CURVE('',#2764,#2765,#540,.T.);
#3470=EDGE_CURVE('',#2766,#2651,#2466,.T.);
#3471=EDGE_CURVE('',#2765,#2766,#2467,.T.);
#3472=EDGE_CURVE('',#2761,#2767,#541,.T.);
#3473=EDGE_CURVE('',#2767,#2645,#2468,.T.);
#3474=EDGE_CURVE('',#2766,#2671,#260,.T.);
#3475=EDGE_CURVE('',#2768,#2641,#542,.T.);
#3476=EDGE_CURVE('',#2769,#2768,#2389,.T.);
#3477=EDGE_CURVE('',#2639,#2769,#543,.T.);
#3478=EDGE_CURVE('',#2770,#2769,#544,.T.);
#3479=EDGE_CURVE('',#2770,#2637,#545,.T.);
#3480=EDGE_CURVE('',#2771,#2770,#2390,.T.);
#3481=EDGE_CURVE('',#2535,#2771,#2469,.T.);
#3482=EDGE_CURVE('',#2768,#2772,#546,.F.);
#3483=EDGE_CURVE('',#2773,#2772,#547,.T.);
#3484=EDGE_CURVE('',#2774,#2773,#548,.T.);
#3485=EDGE_CURVE('',#2774,#2771,#549,.T.);
#3486=EDGE_CURVE('',#2774,#2775,#261,.T.);
#3487=EDGE_CURVE('',#2536,#2775,#550,.T.);
#3488=EDGE_CURVE('',#2776,#2777,#2391,.T.);
#3489=EDGE_CURVE('',#2539,#2776,#551,.T.);
#3490=EDGE_CURVE('',#2777,#2538,#552,.T.);
#3491=EDGE_CURVE('',#2778,#2776,#553,.T.);
#3492=EDGE_CURVE('',#2779,#2778,#554,.T.);
#3493=EDGE_CURVE('',#2779,#2780,#555,.T.);
#3494=EDGE_CURVE('',#2780,#2781,#556,.T.);
#3495=EDGE_CURVE('',#2782,#2781,#557,.T.);
#3496=EDGE_CURVE('',#2782,#2540,#558,.T.);
#3497=EDGE_CURVE('',#2783,#2784,#262,.T.);
#3498=EDGE_CURVE('',#2785,#2784,#559,.T.);
#3499=EDGE_CURVE('',#2785,#2786,#263,.T.);
#3500=EDGE_CURVE('',#2783,#2786,#560,.T.);
#3501=EDGE_CURVE('',#2785,#2787,#561,.T.);
#3502=EDGE_CURVE('',#2787,#2788,#562,.T.);
#3503=EDGE_CURVE('',#2789,#2788,#563,.T.);
#3504=EDGE_CURVE('',#2789,#2790,#264,.T.);
#3505=EDGE_CURVE('',#2786,#2790,#564,.T.);
#3506=EDGE_CURVE('',#2790,#2791,#565,.T.);
#3507=EDGE_CURVE('',#2791,#2792,#566,.T.);
#3508=EDGE_CURVE('',#2792,#2793,#567,.T.);
#3509=EDGE_CURVE('',#2793,#2794,#568,.T.);
#3510=EDGE_CURVE('',#2794,#2795,#569,.T.);
#3511=EDGE_CURVE('',#2795,#2796,#570,.T.);
#3512=EDGE_CURVE('',#2797,#2796,#265,.T.);
#3513=EDGE_CURVE('',#2797,#2782,#266,.T.);
#3514=EDGE_CURVE('',#2798,#2781,#571,.T.);
#3515=EDGE_CURVE('',#2798,#2799,#572,.T.);
#3516=EDGE_CURVE('',#2799,#2783,#573,.T.);
#3517=EDGE_CURVE('',#2800,#2793,#267,.T.);
#3518=EDGE_CURVE('',#2792,#2801,#268,.T.);
#3519=EDGE_CURVE('',#2800,#2801,#574,.T.);
#3520=EDGE_CURVE('',#2800,#2802,#575,.T.);
#3521=EDGE_CURVE('',#2802,#2803,#576,.T.);
#3522=EDGE_CURVE('',#2804,#2803,#577,.T.);
#3523=EDGE_CURVE('',#2804,#2794,#269,.T.);
#3524=EDGE_CURVE('',#2798,#2805,#2392,.T.);
#3525=EDGE_CURVE('',#2806,#2805,#578,.T.);
#3526=EDGE_CURVE('',#2799,#2806,#270,.T.);
#3527=EDGE_CURVE('',#2780,#2807,#579,.T.);
#3528=EDGE_CURVE('',#2807,#2808,#580,.T.);
#3529=EDGE_CURVE('',#2808,#2809,#581,.T.);
#3530=EDGE_CURVE('',#2810,#2809,#582,.T.);
#3531=EDGE_CURVE('',#2811,#2810,#583,.T.);
#3532=EDGE_CURVE('',#2811,#2812,#584,.T.);
#3533=EDGE_CURVE('',#2813,#2812,#585,.T.);
#3534=EDGE_CURVE('',#2805,#2813,#586,.T.);
#3535=EDGE_CURVE('',#2813,#2814,#587,.T.);
#3536=EDGE_CURVE('',#2814,#2810,#588,.T.);
#3537=EDGE_CURVE('',#2809,#2815,#589,.T.);
#3538=EDGE_CURVE('',#2815,#2816,#590,.T.);
#3539=EDGE_CURVE('',#2816,#2817,#591,.T.);
#3540=EDGE_CURVE('',#2817,#2818,#592,.T.);
#3541=EDGE_CURVE('',#2818,#2819,#593,.T.);
#3542=EDGE_CURVE('',#2819,#2820,#594,.T.);
#3543=EDGE_CURVE('',#2821,#2820,#271,.F.);
#3544=EDGE_CURVE('',#2821,#2822,#595,.T.);
#3545=EDGE_CURVE('',#2822,#2823,#596,.T.);
#3546=EDGE_CURVE('',#2823,#2824,#272,.T.);
#3547=EDGE_CURVE('',#2824,#2804,#597,.T.);
#3548=EDGE_CURVE('',#2803,#2825,#598,.T.);
#3549=EDGE_CURVE('',#2825,#2789,#599,.T.);
#3550=EDGE_CURVE('',#2788,#2806,#600,.T.);
#3551=EDGE_CURVE('',#2826,#2827,#601,.T.);
#3552=EDGE_CURVE('',#2827,#2828,#602,.T.);
#3553=EDGE_CURVE('',#2828,#2826,#603,.T.);
#3554=EDGE_CURVE('',#2829,#2830,#604,.T.);
#3555=EDGE_CURVE('',#2830,#2831,#605,.T.);
#3556=EDGE_CURVE('',#2831,#2829,#606,.T.);
#3557=EDGE_CURVE('',#2832,#2833,#607,.T.);
#3558=EDGE_CURVE('',#2832,#2834,#2393,.T.);
#3559=EDGE_CURVE('',#2834,#2835,#608,.T.);
#3560=EDGE_CURVE('',#2835,#2833,#609,.T.);
#3561=EDGE_CURVE('',#2791,#2825,#273,.T.);
#3562=EDGE_CURVE('',#2836,#2824,#2394,.T.);
#3563=EDGE_CURVE('',#2837,#2823,#2395,.T.);
#3564=EDGE_CURVE('',#2836,#2837,#274,.T.);
#3565=EDGE_CURVE('',#2824,#2795,#275,.T.);
#3566=EDGE_CURVE('',#2795,#2836,#276,.T.);
#3567=EDGE_CURVE('',#2838,#2837,#610,.T.);
#3568=EDGE_CURVE('',#2838,#2839,#2470,.F.);
#3569=EDGE_CURVE('',#2840,#2839,#277,.T.);
#3570=EDGE_CURVE('',#2841,#2840,#2471,.T.);
#3571=EDGE_CURVE('',#2796,#2841,#2472,.T.);
#3572=EDGE_CURVE('',#2842,#2843,#2473,.T.);
#3573=EDGE_CURVE('',#2844,#2842,#2474,.T.);
#3574=EDGE_CURVE('',#2845,#2844,#2396,.T.);
#3575=EDGE_CURVE('',#2846,#2845,#2397,.T.);
#3576=EDGE_CURVE('',#2843,#2846,#2475,.T.);
#3577=EDGE_CURVE('',#2847,#2760,#611,.T.);
#3578=EDGE_CURVE('',#2847,#2843,#2398,.T.);
#3579=EDGE_CURVE('',#2848,#2846,#612,.T.);
#3580=EDGE_CURVE('',#2667,#2848,#613,.T.);
#3581=EDGE_CURVE('',#2842,#2849,#2476,.F.);
#3582=EDGE_CURVE('',#2849,#2847,#614,.T.);
#3583=EDGE_CURVE('',#2670,#2765,#615,.T.);
#3584=EDGE_CURVE('',#2669,#2850,#2399,.T.);
#3585=EDGE_CURVE('',#2850,#2851,#616,.F.);
#3586=EDGE_CURVE('',#2851,#2852,#617,.F.);
#3587=EDGE_CURVE('',#2852,#2763,#618,.F.);
#3588=EDGE_CURVE('',#2853,#2854,#2477,.T.);
#3589=EDGE_CURVE('',#2646,#2853,#2478,.T.);
#3590=EDGE_CURVE('',#2854,#2767,#2400,.T.);
#3591=EDGE_CURVE('',#2855,#2852,#619,.T.);
#3592=EDGE_CURVE('',#2856,#2855,#620,.T.);
#3593=EDGE_CURVE('',#2856,#2857,#621,.T.);
#3594=EDGE_CURVE('',#2857,#2854,#622,.F.);
#3595=EDGE_CURVE('',#2853,#2631,#623,.F.);
#3596=EDGE_CURVE('',#2772,#2857,#624,.F.);
#3597=EDGE_CURVE('',#2858,#2668,#2401,.F.);
#3598=EDGE_CURVE('',#2850,#2858,#625,.T.);
#3599=EDGE_CURVE('',#2859,#2858,#626,.T.);
#3600=EDGE_CURVE('',#2851,#2859,#627,.T.);
#3601=EDGE_CURVE('',#2541,#2797,#628,.T.);
#3602=EDGE_CURVE('',#2841,#2542,#629,.T.);
#3603=EDGE_CURVE('',#2543,#2840,#630,.F.);
#3604=EDGE_CURVE('',#2860,#2861,#2402,.T.);
#3605=EDGE_CURVE('',#2834,#2861,#631,.T.);
#3606=EDGE_CURVE('',#2860,#2832,#632,.T.);
#3607=EDGE_CURVE('',#2860,#2862,#633,.T.);
#3608=EDGE_CURVE('',#2863,#2862,#634,.T.);
#3609=EDGE_CURVE('',#2861,#2863,#635,.T.);
#3610=EDGE_CURVE('',#2863,#2835,#636,.T.);
#3611=EDGE_CURVE('',#2864,#2821,#2479,.T.);
#3612=EDGE_CURVE('',#2865,#2864,#637,.T.);
#3613=EDGE_CURVE('',#2822,#2865,#2403,.T.);
#3614=EDGE_CURVE('',#2866,#2867,#2404,.T.);
#3615=EDGE_CURVE('',#2822,#2866,#2405,.T.);
#3616=EDGE_CURVE('',#2867,#2865,#2406,.T.);
#3617=EDGE_CURVE('',#2868,#2869,#2407,.T.);
#3618=EDGE_CURVE('',#2866,#2868,#638,.T.);
#3619=EDGE_CURVE('',#2869,#2867,#639,.T.);
#3620=EDGE_CURVE('',#2838,#2545,#640,.T.);
#3621=EDGE_CURVE('',#2866,#2837,#641,.T.);
#3622=EDGE_CURVE('',#2868,#2546,#642,.T.);
#3623=EDGE_CURVE('',#2870,#2871,#278,.T.);
#3624=EDGE_CURVE('',#2872,#2871,#643,.T.);
#3625=EDGE_CURVE('',#2872,#2864,#279,.T.);
#3626=EDGE_CURVE('',#2870,#2820,#644,.T.);
#3627=EDGE_CURVE('',#2873,#2870,#645,.T.);
#3628=EDGE_CURVE('',#2874,#2873,#646,.T.);
#3629=EDGE_CURVE('',#2871,#2874,#647,.T.);
#3630=EDGE_CURVE('',#2874,#2818,#648,.T.);
#3631=EDGE_CURVE('',#2818,#2872,#649,.T.);
#3632=EDGE_CURVE('',#2875,#2856,#650,.T.);
#3633=EDGE_CURVE('',#2875,#2855,#651,.T.);
#3634=EDGE_CURVE('',#2875,#2876,#652,.T.);
#3635=EDGE_CURVE('',#2877,#2876,#653,.T.);
#3636=EDGE_CURVE('',#2877,#2878,#654,.T.);
#3637=EDGE_CURVE('',#2878,#2879,#655,.T.);
#3638=EDGE_CURVE('',#2879,#2773,#656,.T.);
#3639=EDGE_CURVE('',#2880,#2537,#657,.T.);
#3640=EDGE_CURVE('',#2777,#2880,#2408,.T.);
#3641=EDGE_CURVE('',#2569,#2881,#658,.T.);
#3642=EDGE_CURVE('',#2881,#2881,#2409,.T.);
#3643=EDGE_CURVE('',#2778,#2880,#659,.T.);
#3644=EDGE_CURVE('',#2882,#2815,#660,.T.);
#3645=EDGE_CURVE('',#2815,#2817,#661,.T.);
#3646=EDGE_CURVE('',#2817,#2883,#662,.T.);
#3647=EDGE_CURVE('',#2883,#2882,#663,.T.);
#3648=EDGE_CURVE('',#2879,#2884,#664,.T.);
#3649=EDGE_CURVE('',#2884,#2775,#665,.T.);
#3650=EDGE_CURVE('',#2885,#2878,#666,.T.);
#3651=EDGE_CURVE('',#2884,#2885,#667,.T.);
#3652=EDGE_CURVE('',#2886,#2885,#668,.T.);
#3653=EDGE_CURVE('',#2779,#2886,#669,.T.);
#3654=EDGE_CURVE('',#2882,#2887,#670,.T.);
#3655=EDGE_CURVE('',#2887,#2816,#671,.T.);
#3656=EDGE_CURVE('',#2888,#2808,#672,.T.);
#3657=EDGE_CURVE('',#2889,#2888,#2410,.T.);
#3658=EDGE_CURVE('',#2890,#2889,#673,.T.);
#3659=EDGE_CURVE('',#2891,#2890,#2411,.T.);
#3660=EDGE_CURVE('',#2869,#2891,#674,.T.);
#3661=EDGE_CURVE('',#2892,#2892,#2412,.T.);
#3662=EDGE_CURVE('',#2873,#2819,#675,.T.);
#3663=EDGE_CURVE('',#2839,#2544,#676,.T.);
#3664=EDGE_CURVE('',#2893,#2831,#677,.T.);
#3665=EDGE_CURVE('',#2893,#2894,#678,.T.);
#3666=EDGE_CURVE('',#2894,#2829,#679,.T.);
#3667=EDGE_CURVE('',#2895,#2828,#680,.T.);
#3668=EDGE_CURVE('',#2895,#2896,#681,.T.);
#3669=EDGE_CURVE('',#2896,#2826,#682,.T.);
#3670=EDGE_CURVE('',#2812,#2897,#683,.T.);
#3671=EDGE_CURVE('',#2897,#2814,#684,.T.);
#3672=EDGE_CURVE('',#2897,#2811,#685,.T.);
#3673=EDGE_CURVE('',#2887,#2883,#686,.T.);
#3674=EDGE_CURVE('',#2894,#2898,#687,.T.);
#3675=EDGE_CURVE('',#2898,#2830,#688,.T.);
#3676=EDGE_CURVE('',#2898,#2893,#689,.T.);
#3677=EDGE_CURVE('',#2896,#2899,#690,.T.);
#3678=EDGE_CURVE('',#2899,#2827,#691,.T.);
#3679=EDGE_CURVE('',#2899,#2895,#692,.T.);
#3680=EDGE_CURVE('',#2862,#2833,#693,.T.);
#3681=EDGE_CURVE('',#2802,#2801,#694,.T.);
#3682=EDGE_CURVE('',#2787,#2784,#695,.T.);
#3683=EDGE_CURVE('',#2848,#2900,#2413,.T.);
#3684=EDGE_CURVE('',#2900,#2901,#696,.T.);
#3685=EDGE_CURVE('',#2901,#2902,#2414,.T.);
#3686=EDGE_CURVE('',#2902,#2903,#697,.T.);
#3687=EDGE_CURVE('',#2904,#2903,#2415,.T.);
#3688=EDGE_CURVE('',#2904,#2807,#698,.T.);
#3689=EDGE_CURVE('',#2886,#2877,#699,.T.);
#3690=EDGE_CURVE('',#2876,#2859,#700,.T.);
#3691=EDGE_CURVE('',#2905,#2905,#2416,.T.);
#3692=EDGE_CURVE('',#2892,#2905,#701,.T.);
#3693=EDGE_CURVE('',#2904,#2888,#702,.T.);
#3694=EDGE_CURVE('',#2903,#2889,#703,.T.);
#3695=EDGE_CURVE('',#2902,#2890,#704,.T.);
#3696=EDGE_CURVE('',#2901,#2891,#705,.T.);
#3697=EDGE_CURVE('',#2900,#2849,#706,.T.);
#3698=EDGE_CURVE('',#2697,#2906,#707,.T.);
#3699=EDGE_CURVE('',#2906,#2907,#2417,.T.);
#3700=EDGE_CURVE('',#2907,#2908,#708,.T.);
#3701=EDGE_CURVE('',#2908,#2697,#280,.T.);
#3702=EDGE_CURVE('',#2908,#2909,#709,.T.);
#3703=EDGE_CURVE('',#2909,#2695,#281,.T.);
#3704=EDGE_CURVE('',#2909,#2910,#710,.T.);
#3705=EDGE_CURVE('',#2910,#2911,#2480,.T.);
#3706=EDGE_CURVE('',#2911,#2694,#2481,.T.);
#3707=EDGE_CURVE('',#2912,#2699,#2482,.T.);
#3708=EDGE_CURVE('',#2906,#2912,#711,.T.);
#3709=EDGE_CURVE('',#2911,#2658,#282,.T.);
#3710=EDGE_CURVE('',#2691,#2913,#712,.T.);
#3711=EDGE_CURVE('',#2913,#2701,#2418,.T.);
#3712=EDGE_CURVE('',#2914,#2692,#713,.T.);
#3713=EDGE_CURVE('',#2914,#2913,#714,.T.);
#3714=EDGE_CURVE('',#2558,#2915,#2483,.T.);
#3715=EDGE_CURVE('',#2915,#2914,#2419,.T.);
#3716=EDGE_CURVE('',#2916,#2915,#715,.T.);
#3717=EDGE_CURVE('',#2916,#2917,#716,.T.);
#3718=EDGE_CURVE('',#2917,#2702,#717,.T.);
#3719=EDGE_CURVE('',#2557,#2918,#718,.T.);
#3720=EDGE_CURVE('',#2916,#2918,#283,.T.);
#3721=EDGE_CURVE('',#2919,#2920,#2420,.T.);
#3722=EDGE_CURVE('',#2920,#2555,#719,.T.);
#3723=EDGE_CURVE('',#2554,#2919,#720,.T.);
#3724=EDGE_CURVE('',#2921,#2919,#721,.T.);
#3725=EDGE_CURVE('',#2922,#2553,#722,.T.);
#3726=EDGE_CURVE('',#2922,#2923,#723,.T.);
#3727=EDGE_CURVE('',#2924,#2923,#724,.T.);
#3728=EDGE_CURVE('',#2925,#2924,#725,.T.);
#3729=EDGE_CURVE('',#2925,#2921,#726,.T.);
#3730=EDGE_CURVE('',#2926,#2927,#284,.T.);
#3731=EDGE_CURVE('',#2926,#2928,#727,.T.);
#3732=EDGE_CURVE('',#2929,#2928,#285,.T.);
#3733=EDGE_CURVE('',#2929,#2927,#728,.T.);
#3734=EDGE_CURVE('',#2928,#2930,#729,.T.);
#3735=EDGE_CURVE('',#2931,#2930,#286,.T.);
#3736=EDGE_CURVE('',#2931,#2932,#730,.T.);
#3737=EDGE_CURVE('',#2933,#2932,#731,.T.);
#3738=EDGE_CURVE('',#2929,#2933,#732,.T.);
#3739=EDGE_CURVE('',#2934,#2926,#733,.T.);
#3740=EDGE_CURVE('',#2935,#2934,#734,.T.);
#3741=EDGE_CURVE('',#2935,#2923,#735,.T.);
#3742=EDGE_CURVE('',#2936,#2922,#287,.T.);
#3743=EDGE_CURVE('',#2936,#2937,#288,.T.);
#3744=EDGE_CURVE('',#2938,#2937,#736,.T.);
#3745=EDGE_CURVE('',#2939,#2938,#737,.T.);
#3746=EDGE_CURVE('',#2940,#2939,#738,.T.);
#3747=EDGE_CURVE('',#2941,#2940,#739,.T.);
#3748=EDGE_CURVE('',#2942,#2941,#740,.T.);
#3749=EDGE_CURVE('',#2930,#2942,#741,.T.);
#3750=EDGE_CURVE('',#2943,#2940,#289,.T.);
#3751=EDGE_CURVE('',#2943,#2944,#742,.T.);
#3752=EDGE_CURVE('',#2941,#2944,#290,.T.);
#3753=EDGE_CURVE('',#2945,#2939,#291,.T.);
#3754=EDGE_CURVE('',#2945,#2946,#743,.T.);
#3755=EDGE_CURVE('',#2947,#2946,#744,.T.);
#3756=EDGE_CURVE('',#2943,#2947,#745,.T.);
#3757=EDGE_CURVE('',#2935,#2948,#2421,.T.);
#3758=EDGE_CURVE('',#2934,#2949,#292,.T.);
#3759=EDGE_CURVE('',#2949,#2948,#746,.T.);
#3760=EDGE_CURVE('',#2948,#2950,#747,.T.);
#3761=EDGE_CURVE('',#2950,#2951,#748,.T.);
#3762=EDGE_CURVE('',#2952,#2951,#749,.T.);
#3763=EDGE_CURVE('',#2952,#2953,#750,.T.);
#3764=EDGE_CURVE('',#2953,#2954,#751,.T.);
#3765=EDGE_CURVE('',#2955,#2954,#752,.T.);
#3766=EDGE_CURVE('',#2956,#2955,#753,.T.);
#3767=EDGE_CURVE('',#2924,#2956,#754,.T.);
#3768=EDGE_CURVE('',#2932,#2949,#755,.T.);
#3769=EDGE_CURVE('',#2957,#2931,#756,.T.);
#3770=EDGE_CURVE('',#2946,#2957,#757,.T.);
#3771=EDGE_CURVE('',#2958,#2945,#758,.T.);
#3772=EDGE_CURVE('',#2959,#2958,#293,.T.);
#3773=EDGE_CURVE('',#2960,#2959,#759,.T.);
#3774=EDGE_CURVE('',#2961,#2960,#760,.T.);
#3775=EDGE_CURVE('',#2961,#2962,#294,.F.);
#3776=EDGE_CURVE('',#2963,#2962,#761,.T.);
#3777=EDGE_CURVE('',#2964,#2963,#762,.T.);
#3778=EDGE_CURVE('',#2965,#2964,#763,.T.);
#3779=EDGE_CURVE('',#2966,#2965,#764,.T.);
#3780=EDGE_CURVE('',#2967,#2966,#765,.T.);
#3781=EDGE_CURVE('',#2954,#2967,#766,.T.);
#3782=EDGE_CURVE('',#2968,#2953,#767,.T.);
#3783=EDGE_CURVE('',#2950,#2968,#768,.T.);
#3784=EDGE_CURVE('',#2969,#2970,#769,.T.);
#3785=EDGE_CURVE('',#2971,#2969,#770,.T.);
#3786=EDGE_CURVE('',#2970,#2971,#771,.T.);
#3787=EDGE_CURVE('',#2972,#2973,#772,.T.);
#3788=EDGE_CURVE('',#2974,#2972,#773,.T.);
#3789=EDGE_CURVE('',#2973,#2974,#774,.T.);
#3790=EDGE_CURVE('',#2975,#2976,#775,.T.);
#3791=EDGE_CURVE('',#2977,#2976,#776,.T.);
#3792=EDGE_CURVE('',#2978,#2977,#777,.T.);
#3793=EDGE_CURVE('',#2975,#2978,#2422,.T.);
#3794=EDGE_CURVE('',#2942,#2957,#295,.T.);
#3795=EDGE_CURVE('',#2979,#2958,#2423,.T.);
#3796=EDGE_CURVE('',#2979,#2980,#296,.T.);
#3797=EDGE_CURVE('',#2980,#2959,#2424,.T.);
#3798=EDGE_CURVE('',#2958,#2938,#297,.T.);
#3799=EDGE_CURVE('',#2938,#2979,#298,.T.);
#3800=EDGE_CURVE('',#2937,#2981,#2484,.T.);
#3801=EDGE_CURVE('',#2981,#2982,#2485,.T.);
#3802=EDGE_CURVE('',#2982,#2983,#299,.T.);
#3803=EDGE_CURVE('',#2984,#2983,#2486,.F.);
#3804=EDGE_CURVE('',#2984,#2980,#778,.T.);
#3805=EDGE_CURVE('',#2985,#2986,#2487,.T.);
#3806=EDGE_CURVE('',#2986,#2987,#2488,.T.);
#3807=EDGE_CURVE('',#2987,#2988,#2425,.T.);
#3808=EDGE_CURVE('',#2988,#2989,#2426,.T.);
#3809=EDGE_CURVE('',#2989,#2985,#2489,.T.);
#3810=EDGE_CURVE('',#2662,#2990,#779,.T.);
#3811=EDGE_CURVE('',#2990,#2987,#780,.T.);
#3812=EDGE_CURVE('',#2991,#2986,#2427,.T.);
#3813=EDGE_CURVE('',#2991,#2757,#781,.T.);
#3814=EDGE_CURVE('',#2985,#2992,#2490,.F.);
#3815=EDGE_CURVE('',#2992,#2991,#782,.T.);
#3816=EDGE_CURVE('',#2659,#2910,#783,.T.);
#3817=EDGE_CURVE('',#2993,#2907,#784,.F.);
#3818=EDGE_CURVE('',#2994,#2993,#785,.F.);
#3819=EDGE_CURVE('',#2995,#2994,#786,.F.);
#3820=EDGE_CURVE('',#2660,#2995,#2428,.T.);
#3821=EDGE_CURVE('',#2704,#2912,#2429,.T.);
#3822=EDGE_CURVE('',#2996,#2703,#787,.T.);
#3823=EDGE_CURVE('',#2996,#2997,#788,.T.);
#3824=EDGE_CURVE('',#2997,#2993,#789,.T.);
#3825=EDGE_CURVE('',#2995,#2998,#790,.T.);
#3826=EDGE_CURVE('',#2998,#2661,#2430,.F.);
#3827=EDGE_CURVE('',#2994,#2999,#791,.T.);
#3828=EDGE_CURVE('',#2999,#2998,#792,.T.);
#3829=EDGE_CURVE('',#2552,#2936,#793,.T.);
#3830=EDGE_CURVE('',#2981,#2551,#794,.T.);
#3831=EDGE_CURVE('',#2550,#2982,#795,.F.);
#3832=EDGE_CURVE('',#3000,#3001,#2431,.T.);
#3833=EDGE_CURVE('',#3000,#2975,#796,.T.);
#3834=EDGE_CURVE('',#2978,#3001,#797,.T.);
#3835=EDGE_CURVE('',#3001,#3002,#798,.T.);
#3836=EDGE_CURVE('',#3002,#3003,#799,.T.);
#3837=EDGE_CURVE('',#3000,#3003,#800,.T.);
#3838=EDGE_CURVE('',#3002,#2977,#801,.T.);
#3839=EDGE_CURVE('',#3004,#2961,#2491,.T.);
#3840=EDGE_CURVE('',#2960,#3005,#2432,.T.);
#3841=EDGE_CURVE('',#3005,#3004,#802,.T.);
#3842=EDGE_CURVE('',#3006,#3007,#2433,.T.);
#3843=EDGE_CURVE('',#3007,#3005,#2434,.T.);
#3844=EDGE_CURVE('',#2960,#3006,#2435,.T.);
#3845=EDGE_CURVE('',#3008,#3009,#2436,.T.);
#3846=EDGE_CURVE('',#3009,#3007,#803,.T.);
#3847=EDGE_CURVE('',#3006,#3008,#804,.T.);
#3848=EDGE_CURVE('',#2984,#2548,#805,.T.);
#3849=EDGE_CURVE('',#3008,#2547,#806,.T.);
#3850=EDGE_CURVE('',#3006,#2980,#807,.T.);
#3851=EDGE_CURVE('',#3010,#3011,#300,.T.);
#3852=EDGE_CURVE('',#3010,#2962,#808,.T.);
#3853=EDGE_CURVE('',#3012,#3004,#301,.T.);
#3854=EDGE_CURVE('',#3012,#3011,#809,.T.);
#3855=EDGE_CURVE('',#3011,#3013,#810,.T.);
#3856=EDGE_CURVE('',#3013,#3014,#811,.T.);
#3857=EDGE_CURVE('',#3014,#3010,#812,.T.);
#3858=EDGE_CURVE('',#2964,#3012,#813,.T.);
#3859=EDGE_CURVE('',#3013,#2964,#814,.T.);
#3860=EDGE_CURVE('',#3015,#2996,#815,.T.);
#3861=EDGE_CURVE('',#3015,#2997,#816,.T.);
#3862=EDGE_CURVE('',#3016,#2917,#817,.T.);
#3863=EDGE_CURVE('',#3017,#3016,#818,.T.);
#3864=EDGE_CURVE('',#3018,#3017,#819,.T.);
#3865=EDGE_CURVE('',#3018,#3019,#820,.T.);
#3866=EDGE_CURVE('',#3015,#3019,#821,.T.);
#3867=EDGE_CURVE('',#2920,#3020,#2437,.T.);
#3868=EDGE_CURVE('',#3020,#2556,#822,.T.);
#3869=EDGE_CURVE('',#3021,#3021,#2438,.T.);
#3870=EDGE_CURVE('',#3021,#2570,#823,.T.);
#3871=EDGE_CURVE('',#2921,#3020,#824,.T.);
#3872=EDGE_CURVE('',#3022,#2967,#825,.T.);
#3873=EDGE_CURVE('',#3023,#3022,#826,.T.);
#3874=EDGE_CURVE('',#2965,#3023,#827,.T.);
#3875=EDGE_CURVE('',#2967,#2965,#828,.T.);
#3876=EDGE_CURVE('',#3024,#2918,#829,.T.);
#3877=EDGE_CURVE('',#3016,#3024,#830,.T.);
#3878=EDGE_CURVE('',#3024,#3025,#831,.T.);
#3879=EDGE_CURVE('',#3025,#3017,#832,.T.);
#3880=EDGE_CURVE('',#2925,#3026,#833,.T.);
#3881=EDGE_CURVE('',#3026,#3025,#834,.T.);
#3882=EDGE_CURVE('',#3027,#2966,#835,.T.);
#3883=EDGE_CURVE('',#3022,#3027,#836,.T.);
#3884=EDGE_CURVE('',#3009,#3028,#837,.T.);
#3885=EDGE_CURVE('',#3028,#3029,#2439,.T.);
#3886=EDGE_CURVE('',#3029,#3030,#838,.T.);
#3887=EDGE_CURVE('',#3030,#3031,#2440,.T.);
#3888=EDGE_CURVE('',#3031,#2955,#839,.T.);
#3889=EDGE_CURVE('',#3032,#3032,#2441,.T.);
#3890=EDGE_CURVE('',#3014,#2963,#840,.T.);
#3891=EDGE_CURVE('',#2983,#2549,#841,.T.);
#3892=EDGE_CURVE('',#3033,#2972,#842,.T.);
#3893=EDGE_CURVE('',#3034,#3033,#843,.T.);
#3894=EDGE_CURVE('',#3034,#2974,#844,.T.);
#3895=EDGE_CURVE('',#3035,#2969,#845,.T.);
#3896=EDGE_CURVE('',#3036,#3035,#846,.T.);
#3897=EDGE_CURVE('',#3036,#2971,#847,.T.);
#3898=EDGE_CURVE('',#3037,#2968,#848,.T.);
#3899=EDGE_CURVE('',#2951,#3037,#849,.T.);
#3900=EDGE_CURVE('',#3037,#2952,#850,.T.);
#3901=EDGE_CURVE('',#3027,#3023,#851,.T.);
#3902=EDGE_CURVE('',#3038,#2973,#852,.T.);
#3903=EDGE_CURVE('',#3033,#3038,#853,.T.);
#3904=EDGE_CURVE('',#3038,#3034,#854,.T.);
#3905=EDGE_CURVE('',#3039,#2970,#855,.T.);
#3906=EDGE_CURVE('',#3035,#3039,#856,.T.);
#3907=EDGE_CURVE('',#3039,#3036,#857,.T.);
#3908=EDGE_CURVE('',#3003,#2976,#858,.T.);
#3909=EDGE_CURVE('',#2947,#2944,#859,.T.);
#3910=EDGE_CURVE('',#2933,#2927,#860,.T.);
#3911=EDGE_CURVE('',#3019,#2999,#861,.T.);
#3912=EDGE_CURVE('',#3026,#3018,#862,.T.);
#3913=EDGE_CURVE('',#3040,#2956,#863,.T.);
#3914=EDGE_CURVE('',#3040,#3041,#2442,.T.);
#3915=EDGE_CURVE('',#3042,#3041,#864,.T.);
#3916=EDGE_CURVE('',#3043,#3042,#2443,.T.);
#3917=EDGE_CURVE('',#3044,#3043,#865,.T.);
#3918=EDGE_CURVE('',#2990,#3044,#2444,.T.);
#3919=EDGE_CURVE('',#3045,#3045,#2445,.T.);
#3920=EDGE_CURVE('',#3045,#3032,#866,.T.);
#3921=EDGE_CURVE('',#3040,#3031,#867,.T.);
#3922=EDGE_CURVE('',#3041,#3030,#868,.T.);
#3923=EDGE_CURVE('',#3042,#3029,#869,.T.);
#3924=EDGE_CURVE('',#3043,#3028,#870,.T.);
#3925=EDGE_CURVE('',#3044,#2992,#871,.T.);
#3926=ORIENTED_EDGE('',*,*,#3046,.T.);
#3927=ORIENTED_EDGE('',*,*,#3047,.T.);
#3928=ORIENTED_EDGE('',*,*,#3048,.T.);
#3929=ORIENTED_EDGE('',*,*,#3049,.T.);
#3930=ORIENTED_EDGE('',*,*,#3050,.T.);
#3931=ORIENTED_EDGE('',*,*,#3051,.T.);
#3932=ORIENTED_EDGE('',*,*,#3048,.F.);
#3933=ORIENTED_EDGE('',*,*,#3052,.T.);
#3934=ORIENTED_EDGE('',*,*,#3053,.T.);
#3935=ORIENTED_EDGE('',*,*,#3054,.T.);
#3936=ORIENTED_EDGE('',*,*,#3050,.F.);
#3937=ORIENTED_EDGE('',*,*,#3055,.T.);
#3938=ORIENTED_EDGE('',*,*,#3056,.T.);
#3939=ORIENTED_EDGE('',*,*,#3053,.F.);
#3940=ORIENTED_EDGE('',*,*,#3057,.T.);
#3941=ORIENTED_EDGE('',*,*,#3058,.T.);
#3942=ORIENTED_EDGE('',*,*,#3059,.T.);
#3943=ORIENTED_EDGE('',*,*,#3060,.T.);
#3944=ORIENTED_EDGE('',*,*,#3061,.T.);
#3945=ORIENTED_EDGE('',*,*,#3058,.F.);
#3946=ORIENTED_EDGE('',*,*,#3062,.T.);
#3947=ORIENTED_EDGE('',*,*,#3063,.T.);
#3948=ORIENTED_EDGE('',*,*,#3064,.T.);
#3949=ORIENTED_EDGE('',*,*,#3060,.F.);
#3950=ORIENTED_EDGE('',*,*,#3065,.T.);
#3951=ORIENTED_EDGE('',*,*,#3066,.T.);
#3952=ORIENTED_EDGE('',*,*,#3067,.T.);
#3953=ORIENTED_EDGE('',*,*,#3063,.F.);
#3954=ORIENTED_EDGE('',*,*,#3068,.T.);
#3955=ORIENTED_EDGE('',*,*,#3069,.T.);
#3956=ORIENTED_EDGE('',*,*,#3070,.T.);
#3957=ORIENTED_EDGE('',*,*,#3066,.F.);
#3958=ORIENTED_EDGE('',*,*,#3071,.T.);
#3959=ORIENTED_EDGE('',*,*,#3072,.T.);
#3960=ORIENTED_EDGE('',*,*,#3069,.F.);
#3961=ORIENTED_EDGE('',*,*,#3073,.T.);
#3962=ORIENTED_EDGE('',*,*,#3074,.T.);
#3963=ORIENTED_EDGE('',*,*,#3075,.T.);
#3964=ORIENTED_EDGE('',*,*,#3071,.F.);
#3965=ORIENTED_EDGE('',*,*,#3076,.T.);
#3966=ORIENTED_EDGE('',*,*,#3077,.T.);
#3967=ORIENTED_EDGE('',*,*,#3078,.T.);
#3968=ORIENTED_EDGE('',*,*,#3074,.F.);
#3969=ORIENTED_EDGE('',*,*,#3079,.T.);
#3970=ORIENTED_EDGE('',*,*,#3080,.T.);
#3971=ORIENTED_EDGE('',*,*,#3081,.T.);
#3972=ORIENTED_EDGE('',*,*,#3077,.F.);
#3973=ORIENTED_EDGE('',*,*,#3082,.T.);
#3974=ORIENTED_EDGE('',*,*,#3049,.F.);
#3975=ORIENTED_EDGE('',*,*,#3083,.F.);
#3976=ORIENTED_EDGE('',*,*,#3084,.F.);
#3977=ORIENTED_EDGE('',*,*,#3085,.T.);
#3978=ORIENTED_EDGE('',*,*,#3051,.F.);
#3979=ORIENTED_EDGE('',*,*,#3086,.F.);
#3980=ORIENTED_EDGE('',*,*,#3087,.T.);
#3981=ORIENTED_EDGE('',*,*,#3088,.F.);
#3982=ORIENTED_EDGE('',*,*,#3083,.T.);
#3983=ORIENTED_EDGE('',*,*,#3054,.F.);
#3984=ORIENTED_EDGE('',*,*,#3089,.F.);
#3985=ORIENTED_EDGE('',*,*,#3090,.F.);
#3986=ORIENTED_EDGE('',*,*,#3086,.T.);
#3987=ORIENTED_EDGE('',*,*,#3056,.F.);
#3988=ORIENTED_EDGE('',*,*,#3091,.F.);
#3989=ORIENTED_EDGE('',*,*,#3092,.F.);
#3990=ORIENTED_EDGE('',*,*,#3089,.T.);
#3991=ORIENTED_EDGE('',*,*,#3061,.F.);
#3992=ORIENTED_EDGE('',*,*,#3093,.T.);
#3993=ORIENTED_EDGE('',*,*,#3094,.F.);
#3994=ORIENTED_EDGE('',*,*,#3091,.T.);
#3995=ORIENTED_EDGE('',*,*,#3064,.F.);
#3996=ORIENTED_EDGE('',*,*,#3095,.F.);
#3997=ORIENTED_EDGE('',*,*,#3096,.F.);
#3998=ORIENTED_EDGE('',*,*,#3093,.F.);
#3999=ORIENTED_EDGE('',*,*,#3067,.F.);
#4000=ORIENTED_EDGE('',*,*,#3097,.T.);
#4001=ORIENTED_EDGE('',*,*,#3098,.F.);
#4002=ORIENTED_EDGE('',*,*,#3095,.T.);
#4003=ORIENTED_EDGE('',*,*,#3070,.F.);
#4004=ORIENTED_EDGE('',*,*,#3099,.F.);
#4005=ORIENTED_EDGE('',*,*,#3100,.F.);
#4006=ORIENTED_EDGE('',*,*,#3097,.F.);
#4007=ORIENTED_EDGE('',*,*,#3072,.F.);
#4008=ORIENTED_EDGE('',*,*,#3101,.F.);
#4009=ORIENTED_EDGE('',*,*,#3102,.F.);
#4010=ORIENTED_EDGE('',*,*,#3099,.T.);
#4011=ORIENTED_EDGE('',*,*,#3075,.F.);
#4012=ORIENTED_EDGE('',*,*,#3103,.F.);
#4013=ORIENTED_EDGE('',*,*,#3104,.F.);
#4014=ORIENTED_EDGE('',*,*,#3101,.T.);
#4015=ORIENTED_EDGE('',*,*,#3078,.F.);
#4016=ORIENTED_EDGE('',*,*,#3105,.F.);
#4017=ORIENTED_EDGE('',*,*,#3106,.F.);
#4018=ORIENTED_EDGE('',*,*,#3103,.T.);
#4019=ORIENTED_EDGE('',*,*,#3081,.F.);
#4020=ORIENTED_EDGE('',*,*,#3107,.F.);
#4021=ORIENTED_EDGE('',*,*,#3108,.F.);
#4022=ORIENTED_EDGE('',*,*,#3105,.T.);
#4023=ORIENTED_EDGE('',*,*,#3080,.F.);
#4024=ORIENTED_EDGE('',*,*,#3109,.T.);
#4025=ORIENTED_EDGE('',*,*,#3110,.F.);
#4026=ORIENTED_EDGE('',*,*,#3111,.F.);
#4027=ORIENTED_EDGE('',*,*,#3112,.T.);
#4028=ORIENTED_EDGE('',*,*,#3113,.F.);
#4029=ORIENTED_EDGE('',*,*,#3114,.T.);
#4030=ORIENTED_EDGE('',*,*,#3115,.T.);
#4031=ORIENTED_EDGE('',*,*,#3116,.T.);
#4032=ORIENTED_EDGE('',*,*,#3117,.T.);
#4033=ORIENTED_EDGE('',*,*,#3118,.T.);
#4034=ORIENTED_EDGE('',*,*,#3119,.F.);
#4035=ORIENTED_EDGE('',*,*,#3120,.T.);
#4036=ORIENTED_EDGE('',*,*,#3121,.T.);
#4037=ORIENTED_EDGE('',*,*,#3122,.T.);
#4038=ORIENTED_EDGE('',*,*,#3123,.T.);
#4039=ORIENTED_EDGE('',*,*,#3124,.F.);
#4040=ORIENTED_EDGE('',*,*,#3125,.F.);
#4041=ORIENTED_EDGE('',*,*,#3126,.F.);
#4042=ORIENTED_EDGE('',*,*,#3127,.F.);
#4043=ORIENTED_EDGE('',*,*,#3128,.F.);
#4044=ORIENTED_EDGE('',*,*,#3129,.T.);
#4045=ORIENTED_EDGE('',*,*,#3130,.F.);
#4046=ORIENTED_EDGE('',*,*,#3131,.F.);
#4047=ORIENTED_EDGE('',*,*,#3132,.F.);
#4048=ORIENTED_EDGE('',*,*,#3133,.F.);
#4049=ORIENTED_EDGE('',*,*,#3134,.F.);
#4050=ORIENTED_EDGE('',*,*,#3135,.T.);
#4051=ORIENTED_EDGE('',*,*,#3136,.F.);
#4052=ORIENTED_EDGE('',*,*,#3137,.F.);
#4053=ORIENTED_EDGE('',*,*,#3138,.F.);
#4054=ORIENTED_EDGE('',*,*,#3139,.T.);
#4055=ORIENTED_EDGE('',*,*,#3140,.F.);
#4056=ORIENTED_EDGE('',*,*,#3141,.F.);
#4057=ORIENTED_EDGE('',*,*,#3142,.F.);
#4058=ORIENTED_EDGE('',*,*,#3143,.T.);
#4059=ORIENTED_EDGE('',*,*,#3144,.F.);
#4060=ORIENTED_EDGE('',*,*,#3107,.T.);
#4061=ORIENTED_EDGE('',*,*,#3145,.T.);
#4062=ORIENTED_EDGE('',*,*,#3146,.T.);
#4063=ORIENTED_EDGE('',*,*,#3147,.T.);
#4064=ORIENTED_EDGE('',*,*,#3148,.F.);
#4065=ORIENTED_EDGE('',*,*,#3149,.T.);
#4066=ORIENTED_EDGE('',*,*,#3150,.T.);
#4067=ORIENTED_EDGE('',*,*,#3151,.T.);
#4068=ORIENTED_EDGE('',*,*,#3152,.T.);
#4069=ORIENTED_EDGE('',*,*,#3140,.T.);
#4070=ORIENTED_EDGE('',*,*,#3153,.T.);
#4071=ORIENTED_EDGE('',*,*,#3154,.T.);
#4072=ORIENTED_EDGE('',*,*,#3155,.T.);
#4073=ORIENTED_EDGE('',*,*,#3156,.T.);
#4074=ORIENTED_EDGE('',*,*,#3157,.T.);
#4075=ORIENTED_EDGE('',*,*,#3154,.F.);
#4076=ORIENTED_EDGE('',*,*,#3158,.T.);
#4077=ORIENTED_EDGE('',*,*,#3159,.T.);
#4078=ORIENTED_EDGE('',*,*,#3160,.T.);
#4079=ORIENTED_EDGE('',*,*,#3156,.F.);
#4080=ORIENTED_EDGE('',*,*,#3161,.T.);
#4081=ORIENTED_EDGE('',*,*,#3162,.T.);
#4082=ORIENTED_EDGE('',*,*,#3163,.T.);
#4083=ORIENTED_EDGE('',*,*,#3159,.F.);
#4084=ORIENTED_EDGE('',*,*,#3164,.T.);
#4085=ORIENTED_EDGE('',*,*,#3165,.T.);
#4086=ORIENTED_EDGE('',*,*,#3162,.F.);
#4087=ORIENTED_EDGE('',*,*,#3166,.T.);
#4088=ORIENTED_EDGE('',*,*,#3167,.T.);
#4089=ORIENTED_EDGE('',*,*,#3168,.T.);
#4090=ORIENTED_EDGE('',*,*,#3167,.F.);
#4091=ORIENTED_EDGE('',*,*,#3169,.T.);
#4092=ORIENTED_EDGE('',*,*,#3170,.T.);
#4093=ORIENTED_EDGE('',*,*,#3171,.T.);
#4094=ORIENTED_EDGE('',*,*,#3170,.F.);
#4095=ORIENTED_EDGE('',*,*,#3172,.T.);
#4096=ORIENTED_EDGE('',*,*,#3150,.F.);
#4097=ORIENTED_EDGE('',*,*,#3173,.T.);
#4098=ORIENTED_EDGE('',*,*,#3174,.T.);
#4099=ORIENTED_EDGE('',*,*,#3175,.T.);
#4100=ORIENTED_EDGE('',*,*,#3152,.F.);
#4101=ORIENTED_EDGE('',*,*,#3176,.T.);
#4102=ORIENTED_EDGE('',*,*,#3177,.T.);
#4103=ORIENTED_EDGE('',*,*,#3174,.F.);
#4104=ORIENTED_EDGE('',*,*,#3178,.T.);
#4105=ORIENTED_EDGE('',*,*,#3179,.T.);
#4106=ORIENTED_EDGE('',*,*,#3180,.T.);
#4107=ORIENTED_EDGE('',*,*,#3176,.F.);
#4108=ORIENTED_EDGE('',*,*,#3181,.T.);
#4109=ORIENTED_EDGE('',*,*,#3182,.T.);
#4110=ORIENTED_EDGE('',*,*,#3183,.T.);
#4111=ORIENTED_EDGE('',*,*,#3179,.F.);
#4112=ORIENTED_EDGE('',*,*,#3184,.T.);
#4113=ORIENTED_EDGE('',*,*,#3184,.F.);
#4114=ORIENTED_EDGE('',*,*,#3181,.F.);
#4115=ORIENTED_EDGE('',*,*,#3178,.F.);
#4116=ORIENTED_EDGE('',*,*,#3173,.F.);
#4117=ORIENTED_EDGE('',*,*,#3151,.F.);
#4118=ORIENTED_EDGE('',*,*,#3172,.F.);
#4119=ORIENTED_EDGE('',*,*,#3169,.F.);
#4120=ORIENTED_EDGE('',*,*,#3166,.F.);
#4121=ORIENTED_EDGE('',*,*,#3164,.F.);
#4122=ORIENTED_EDGE('',*,*,#3161,.F.);
#4123=ORIENTED_EDGE('',*,*,#3158,.F.);
#4124=ORIENTED_EDGE('',*,*,#3153,.F.);
#4125=ORIENTED_EDGE('',*,*,#3139,.F.);
#4126=ORIENTED_EDGE('',*,*,#3185,.F.);
#4127=ORIENTED_EDGE('',*,*,#3155,.F.);
#4128=ORIENTED_EDGE('',*,*,#3186,.F.);
#4129=ORIENTED_EDGE('',*,*,#3187,.F.);
#4130=ORIENTED_EDGE('',*,*,#3141,.T.);
#4131=ORIENTED_EDGE('',*,*,#3047,.F.);
#4132=ORIENTED_EDGE('',*,*,#3188,.F.);
#4133=ORIENTED_EDGE('',*,*,#3109,.F.);
#4134=ORIENTED_EDGE('',*,*,#3082,.F.);
#4135=ORIENTED_EDGE('',*,*,#3079,.F.);
#4136=ORIENTED_EDGE('',*,*,#3076,.F.);
#4137=ORIENTED_EDGE('',*,*,#3073,.F.);
#4138=ORIENTED_EDGE('',*,*,#3068,.F.);
#4139=ORIENTED_EDGE('',*,*,#3065,.F.);
#4140=ORIENTED_EDGE('',*,*,#3062,.F.);
#4141=ORIENTED_EDGE('',*,*,#3059,.F.);
#4142=ORIENTED_EDGE('',*,*,#3057,.F.);
#4143=ORIENTED_EDGE('',*,*,#3055,.F.);
#4144=ORIENTED_EDGE('',*,*,#3052,.F.);
#4145=ORIENTED_EDGE('',*,*,#3168,.F.);
#4146=ORIENTED_EDGE('',*,*,#3189,.T.);
#4147=ORIENTED_EDGE('',*,*,#3190,.F.);
#4148=ORIENTED_EDGE('',*,*,#3191,.T.);
#4149=ORIENTED_EDGE('',*,*,#3171,.F.);
#4150=ORIENTED_EDGE('',*,*,#3192,.F.);
#4151=ORIENTED_EDGE('',*,*,#3193,.F.);
#4152=ORIENTED_EDGE('',*,*,#3189,.F.);
#4153=ORIENTED_EDGE('',*,*,#3149,.F.);
#4154=ORIENTED_EDGE('',*,*,#3194,.T.);
#4155=ORIENTED_EDGE('',*,*,#3195,.F.);
#4156=ORIENTED_EDGE('',*,*,#3192,.T.);
#4157=ORIENTED_EDGE('',*,*,#3175,.F.);
#4158=ORIENTED_EDGE('',*,*,#3196,.F.);
#4159=ORIENTED_EDGE('',*,*,#3197,.F.);
#4160=ORIENTED_EDGE('',*,*,#3194,.F.);
#4161=ORIENTED_EDGE('',*,*,#3177,.F.);
#4162=ORIENTED_EDGE('',*,*,#3198,.F.);
#4163=ORIENTED_EDGE('',*,*,#3199,.F.);
#4164=ORIENTED_EDGE('',*,*,#3196,.T.);
#4165=ORIENTED_EDGE('',*,*,#3180,.F.);
#4166=ORIENTED_EDGE('',*,*,#3200,.F.);
#4167=ORIENTED_EDGE('',*,*,#3201,.F.);
#4168=ORIENTED_EDGE('',*,*,#3202,.T.);
#4169=ORIENTED_EDGE('',*,*,#3198,.T.);
#4170=ORIENTED_EDGE('',*,*,#3183,.F.);
#4171=ORIENTED_EDGE('',*,*,#3203,.F.);
#4172=ORIENTED_EDGE('',*,*,#3204,.F.);
#4173=ORIENTED_EDGE('',*,*,#3200,.T.);
#4174=ORIENTED_EDGE('',*,*,#3145,.F.);
#4175=ORIENTED_EDGE('',*,*,#3205,.T.);
#4176=ORIENTED_EDGE('',*,*,#3206,.T.);
#4177=ORIENTED_EDGE('',*,*,#3205,.F.);
#4178=ORIENTED_EDGE('',*,*,#3206,.F.);
#4179=ORIENTED_EDGE('',*,*,#3146,.F.);
#4180=ORIENTED_EDGE('',*,*,#3207,.T.);
#4181=ORIENTED_EDGE('',*,*,#3208,.T.);
#4182=ORIENTED_EDGE('',*,*,#3207,.F.);
#4183=ORIENTED_EDGE('',*,*,#3208,.F.);
#4184=ORIENTED_EDGE('',*,*,#3100,.T.);
#4185=ORIENTED_EDGE('',*,*,#3209,.T.);
#4186=ORIENTED_EDGE('',*,*,#3210,.T.);
#4187=ORIENTED_EDGE('',*,*,#3211,.T.);
#4188=ORIENTED_EDGE('',*,*,#3212,.T.);
#4189=ORIENTED_EDGE('',*,*,#3213,.T.);
#4190=ORIENTED_EDGE('',*,*,#3209,.F.);
#4191=ORIENTED_EDGE('',*,*,#3102,.T.);
#4192=ORIENTED_EDGE('',*,*,#3214,.T.);
#4193=ORIENTED_EDGE('',*,*,#3215,.T.);
#4194=ORIENTED_EDGE('',*,*,#3212,.F.);
#4195=ORIENTED_EDGE('',*,*,#3104,.T.);
#4196=ORIENTED_EDGE('',*,*,#3216,.T.);
#4197=ORIENTED_EDGE('',*,*,#3217,.T.);
#4198=ORIENTED_EDGE('',*,*,#3214,.F.);
#4199=ORIENTED_EDGE('',*,*,#3106,.T.);
#4200=ORIENTED_EDGE('',*,*,#3144,.T.);
#4201=ORIENTED_EDGE('',*,*,#3218,.T.);
#4202=ORIENTED_EDGE('',*,*,#3216,.F.);
#4203=ORIENTED_EDGE('',*,*,#3108,.T.);
#4204=ORIENTED_EDGE('',*,*,#3098,.T.);
#4205=ORIENTED_EDGE('',*,*,#3211,.F.);
#4206=ORIENTED_EDGE('',*,*,#3219,.T.);
#4207=ORIENTED_EDGE('',*,*,#3220,.T.);
#4208=ORIENTED_EDGE('',*,*,#3096,.T.);
#4209=ORIENTED_EDGE('',*,*,#3220,.F.);
#4210=ORIENTED_EDGE('',*,*,#3221,.T.);
#4211=ORIENTED_EDGE('',*,*,#3222,.T.);
#4212=ORIENTED_EDGE('',*,*,#3094,.T.);
#4213=ORIENTED_EDGE('',*,*,#3222,.F.);
#4214=ORIENTED_EDGE('',*,*,#3223,.T.);
#4215=ORIENTED_EDGE('',*,*,#3224,.T.);
#4216=ORIENTED_EDGE('',*,*,#3087,.F.);
#4217=ORIENTED_EDGE('',*,*,#3090,.T.);
#4218=ORIENTED_EDGE('',*,*,#3225,.T.);
#4219=ORIENTED_EDGE('',*,*,#3226,.T.);
#4220=ORIENTED_EDGE('',*,*,#3227,.T.);
#4221=ORIENTED_EDGE('',*,*,#3225,.F.);
#4222=ORIENTED_EDGE('',*,*,#3092,.T.);
#4223=ORIENTED_EDGE('',*,*,#3224,.F.);
#4224=ORIENTED_EDGE('',*,*,#3197,.T.);
#4225=ORIENTED_EDGE('',*,*,#3228,.T.);
#4226=ORIENTED_EDGE('',*,*,#3229,.T.);
#4227=ORIENTED_EDGE('',*,*,#3230,.T.);
#4228=ORIENTED_EDGE('',*,*,#3231,.T.);
#4229=ORIENTED_EDGE('',*,*,#3232,.T.);
#4230=ORIENTED_EDGE('',*,*,#3195,.T.);
#4231=ORIENTED_EDGE('',*,*,#3230,.F.);
#4232=ORIENTED_EDGE('',*,*,#3233,.T.);
#4233=ORIENTED_EDGE('',*,*,#3234,.T.);
#4234=ORIENTED_EDGE('',*,*,#3193,.T.);
#4235=ORIENTED_EDGE('',*,*,#3232,.F.);
#4236=ORIENTED_EDGE('',*,*,#3235,.T.);
#4237=ORIENTED_EDGE('',*,*,#3236,.T.);
#4238=ORIENTED_EDGE('',*,*,#3190,.T.);
#4239=ORIENTED_EDGE('',*,*,#3234,.F.);
#4240=ORIENTED_EDGE('',*,*,#3237,.T.);
#4241=ORIENTED_EDGE('',*,*,#3238,.T.);
#4242=ORIENTED_EDGE('',*,*,#3142,.T.);
#4243=ORIENTED_EDGE('',*,*,#3187,.T.);
#4244=ORIENTED_EDGE('',*,*,#3239,.T.);
#4245=ORIENTED_EDGE('',*,*,#3240,.T.);
#4246=ORIENTED_EDGE('',*,*,#3237,.F.);
#4247=ORIENTED_EDGE('',*,*,#3241,.T.);
#4248=ORIENTED_EDGE('',*,*,#3242,.T.);
#4249=ORIENTED_EDGE('',*,*,#3243,.T.);
#4250=ORIENTED_EDGE('',*,*,#3239,.F.);
#4251=ORIENTED_EDGE('',*,*,#3244,.T.);
#4252=ORIENTED_EDGE('',*,*,#3245,.T.);
#4253=ORIENTED_EDGE('',*,*,#3246,.T.);
#4254=ORIENTED_EDGE('',*,*,#3242,.F.);
#4255=ORIENTED_EDGE('',*,*,#3247,.T.);
#4256=ORIENTED_EDGE('',*,*,#3248,.T.);
#4257=ORIENTED_EDGE('',*,*,#3245,.F.);
#4258=ORIENTED_EDGE('',*,*,#3249,.T.);
#4259=ORIENTED_EDGE('',*,*,#3236,.F.);
#4260=ORIENTED_EDGE('',*,*,#3202,.F.);
#4261=ORIENTED_EDGE('',*,*,#3250,.T.);
#4262=ORIENTED_EDGE('',*,*,#3228,.F.);
#4263=ORIENTED_EDGE('',*,*,#3199,.T.);
#4264=ORIENTED_EDGE('',*,*,#3165,.F.);
#4265=ORIENTED_EDGE('',*,*,#3191,.F.);
#4266=ORIENTED_EDGE('',*,*,#3249,.F.);
#4267=ORIENTED_EDGE('',*,*,#3251,.T.);
#4268=ORIENTED_EDGE('',*,*,#3163,.F.);
#4269=ORIENTED_EDGE('',*,*,#3251,.F.);
#4270=ORIENTED_EDGE('',*,*,#3247,.F.);
#4271=ORIENTED_EDGE('',*,*,#3252,.T.);
#4272=ORIENTED_EDGE('',*,*,#3160,.F.);
#4273=ORIENTED_EDGE('',*,*,#3252,.F.);
#4274=ORIENTED_EDGE('',*,*,#3244,.F.);
#4275=ORIENTED_EDGE('',*,*,#3253,.T.);
#4276=ORIENTED_EDGE('',*,*,#3157,.F.);
#4277=ORIENTED_EDGE('',*,*,#3253,.F.);
#4278=ORIENTED_EDGE('',*,*,#3241,.F.);
#4279=ORIENTED_EDGE('',*,*,#3186,.T.);
#4280=ORIENTED_EDGE('',*,*,#3254,.T.);
#4281=ORIENTED_EDGE('',*,*,#3255,.T.);
#4282=ORIENTED_EDGE('',*,*,#3256,.T.);
#4283=ORIENTED_EDGE('',*,*,#3257,.T.);
#4284=ORIENTED_EDGE('',*,*,#3258,.T.);
#4285=ORIENTED_EDGE('',*,*,#3259,.T.);
#4286=ORIENTED_EDGE('',*,*,#3260,.T.);
#4287=ORIENTED_EDGE('',*,*,#3261,.T.);
#4288=ORIENTED_EDGE('',*,*,#3258,.F.);
#4289=ORIENTED_EDGE('',*,*,#3262,.T.);
#4290=ORIENTED_EDGE('',*,*,#3263,.T.);
#4291=ORIENTED_EDGE('',*,*,#3111,.T.);
#4292=ORIENTED_EDGE('',*,*,#3264,.T.);
#4293=ORIENTED_EDGE('',*,*,#3046,.F.);
#4294=ORIENTED_EDGE('',*,*,#3085,.F.);
#4295=ORIENTED_EDGE('',*,*,#3264,.F.);
#4296=ORIENTED_EDGE('',*,*,#3110,.T.);
#4297=ORIENTED_EDGE('',*,*,#3188,.T.);
#4298=ORIENTED_EDGE('',*,*,#3263,.F.);
#4299=ORIENTED_EDGE('',*,*,#3265,.T.);
#4300=ORIENTED_EDGE('',*,*,#3266,.T.);
#4301=ORIENTED_EDGE('',*,*,#3267,.T.);
#4302=ORIENTED_EDGE('',*,*,#3268,.T.);
#4303=ORIENTED_EDGE('',*,*,#3269,.T.);
#4304=ORIENTED_EDGE('',*,*,#3266,.F.);
#4305=ORIENTED_EDGE('',*,*,#3270,.T.);
#4306=ORIENTED_EDGE('',*,*,#3268,.F.);
#4307=ORIENTED_EDGE('',*,*,#3271,.T.);
#4308=ORIENTED_EDGE('',*,*,#3272,.T.);
#4309=ORIENTED_EDGE('',*,*,#3273,.T.);
#4310=ORIENTED_EDGE('',*,*,#3274,.T.);
#4311=ORIENTED_EDGE('',*,*,#3272,.F.);
#4312=ORIENTED_EDGE('',*,*,#3275,.T.);
#4313=ORIENTED_EDGE('',*,*,#3276,.T.);
#4314=ORIENTED_EDGE('',*,*,#3277,.T.);
#4315=ORIENTED_EDGE('',*,*,#3276,.F.);
#4316=ORIENTED_EDGE('',*,*,#3278,.T.);
#4317=ORIENTED_EDGE('',*,*,#3260,.F.);
#4318=ORIENTED_EDGE('',*,*,#3255,.F.);
#4319=ORIENTED_EDGE('',*,*,#3279,.T.);
#4320=ORIENTED_EDGE('',*,*,#3280,.T.);
#4321=ORIENTED_EDGE('',*,*,#3281,.T.);
#4322=ORIENTED_EDGE('',*,*,#3282,.T.);
#4323=ORIENTED_EDGE('',*,*,#3254,.F.);
#4324=ORIENTED_EDGE('',*,*,#3283,.F.);
#4325=ORIENTED_EDGE('',*,*,#3284,.T.);
#4326=ORIENTED_EDGE('',*,*,#3285,.T.);
#4327=ORIENTED_EDGE('',*,*,#3279,.F.);
#4328=ORIENTED_EDGE('',*,*,#3261,.F.);
#4329=ORIENTED_EDGE('',*,*,#3286,.F.);
#4330=ORIENTED_EDGE('',*,*,#3287,.T.);
#4331=ORIENTED_EDGE('',*,*,#3283,.T.);
#4332=ORIENTED_EDGE('',*,*,#3278,.F.);
#4333=ORIENTED_EDGE('',*,*,#3288,.F.);
#4334=ORIENTED_EDGE('',*,*,#3289,.T.);
#4335=ORIENTED_EDGE('',*,*,#3290,.T.);
#4336=ORIENTED_EDGE('',*,*,#3286,.T.);
#4337=ORIENTED_EDGE('',*,*,#3218,.F.);
#4338=ORIENTED_EDGE('',*,*,#3143,.F.);
#4339=ORIENTED_EDGE('',*,*,#3238,.F.);
#4340=ORIENTED_EDGE('',*,*,#3240,.F.);
#4341=ORIENTED_EDGE('',*,*,#3243,.F.);
#4342=ORIENTED_EDGE('',*,*,#3246,.F.);
#4343=ORIENTED_EDGE('',*,*,#3248,.F.);
#4344=ORIENTED_EDGE('',*,*,#3235,.F.);
#4345=ORIENTED_EDGE('',*,*,#3233,.F.);
#4346=ORIENTED_EDGE('',*,*,#3231,.F.);
#4347=ORIENTED_EDGE('',*,*,#3229,.F.);
#4348=ORIENTED_EDGE('',*,*,#3250,.F.);
#4349=ORIENTED_EDGE('',*,*,#3201,.T.);
#4350=ORIENTED_EDGE('',*,*,#3204,.T.);
#4351=ORIENTED_EDGE('',*,*,#3291,.F.);
#4352=ORIENTED_EDGE('',*,*,#3292,.F.);
#4353=ORIENTED_EDGE('',*,*,#3293,.F.);
#4354=ORIENTED_EDGE('',*,*,#3294,.F.);
#4355=ORIENTED_EDGE('',*,*,#3295,.F.);
#4356=ORIENTED_EDGE('',*,*,#3296,.F.);
#4357=ORIENTED_EDGE('',*,*,#3297,.F.);
#4358=ORIENTED_EDGE('',*,*,#3298,.F.);
#4359=ORIENTED_EDGE('',*,*,#3299,.F.);
#4360=ORIENTED_EDGE('',*,*,#3300,.F.);
#4361=ORIENTED_EDGE('',*,*,#3301,.F.);
#4362=ORIENTED_EDGE('',*,*,#3302,.F.);
#4363=ORIENTED_EDGE('',*,*,#3303,.F.);
#4364=ORIENTED_EDGE('',*,*,#3304,.T.);
#4365=ORIENTED_EDGE('',*,*,#3305,.F.);
#4366=ORIENTED_EDGE('',*,*,#3306,.T.);
#4367=ORIENTED_EDGE('',*,*,#3307,.T.);
#4368=ORIENTED_EDGE('',*,*,#3308,.T.);
#4369=ORIENTED_EDGE('',*,*,#3309,.T.);
#4370=ORIENTED_EDGE('',*,*,#3310,.T.);
#4371=ORIENTED_EDGE('',*,*,#3311,.T.);
#4372=ORIENTED_EDGE('',*,*,#3288,.T.);
#4373=ORIENTED_EDGE('',*,*,#3275,.F.);
#4374=ORIENTED_EDGE('',*,*,#3271,.F.);
#4375=ORIENTED_EDGE('',*,*,#3270,.F.);
#4376=ORIENTED_EDGE('',*,*,#3265,.F.);
#4377=ORIENTED_EDGE('',*,*,#3262,.F.);
#4378=ORIENTED_EDGE('',*,*,#3084,.T.);
#4379=ORIENTED_EDGE('',*,*,#3088,.T.);
#4380=ORIENTED_EDGE('',*,*,#3226,.F.);
#4381=ORIENTED_EDGE('',*,*,#3227,.F.);
#4382=ORIENTED_EDGE('',*,*,#3223,.F.);
#4383=ORIENTED_EDGE('',*,*,#3221,.F.);
#4384=ORIENTED_EDGE('',*,*,#3219,.F.);
#4385=ORIENTED_EDGE('',*,*,#3210,.F.);
#4386=ORIENTED_EDGE('',*,*,#3213,.F.);
#4387=ORIENTED_EDGE('',*,*,#3215,.F.);
#4388=ORIENTED_EDGE('',*,*,#3217,.F.);
#4389=ORIENTED_EDGE('',*,*,#3312,.F.);
#4390=ORIENTED_EDGE('',*,*,#3313,.F.);
#4391=ORIENTED_EDGE('',*,*,#3314,.F.);
#4392=ORIENTED_EDGE('',*,*,#3315,.F.);
#4393=ORIENTED_EDGE('',*,*,#3316,.F.);
#4394=ORIENTED_EDGE('',*,*,#3317,.F.);
#4395=ORIENTED_EDGE('',*,*,#3318,.F.);
#4396=ORIENTED_EDGE('',*,*,#3319,.F.);
#4397=ORIENTED_EDGE('',*,*,#3320,.F.);
#4398=ORIENTED_EDGE('',*,*,#3321,.F.);
#4399=ORIENTED_EDGE('',*,*,#3182,.F.);
#4400=ORIENTED_EDGE('',*,*,#3185,.T.);
#4401=ORIENTED_EDGE('',*,*,#3138,.T.);
#4402=ORIENTED_EDGE('',*,*,#3322,.T.);
#4403=ORIENTED_EDGE('',*,*,#3203,.T.);
#4404=ORIENTED_EDGE('',*,*,#3295,.T.);
#4405=ORIENTED_EDGE('',*,*,#3323,.T.);
#4406=ORIENTED_EDGE('',*,*,#3324,.T.);
#4407=ORIENTED_EDGE('',*,*,#3325,.T.);
#4408=ORIENTED_EDGE('',*,*,#3326,.T.);
#4409=ORIENTED_EDGE('',*,*,#3327,.T.);
#4410=ORIENTED_EDGE('',*,*,#3328,.T.);
#4411=ORIENTED_EDGE('',*,*,#3325,.F.);
#4412=ORIENTED_EDGE('',*,*,#3329,.T.);
#4413=ORIENTED_EDGE('',*,*,#3330,.T.);
#4414=ORIENTED_EDGE('',*,*,#3331,.T.);
#4415=ORIENTED_EDGE('',*,*,#3327,.F.);
#4416=ORIENTED_EDGE('',*,*,#3332,.T.);
#4417=ORIENTED_EDGE('',*,*,#3333,.T.);
#4418=ORIENTED_EDGE('',*,*,#3334,.T.);
#4419=ORIENTED_EDGE('',*,*,#3335,.T.);
#4420=ORIENTED_EDGE('',*,*,#3330,.F.);
#4421=ORIENTED_EDGE('',*,*,#3336,.T.);
#4422=ORIENTED_EDGE('',*,*,#3337,.T.);
#4423=ORIENTED_EDGE('',*,*,#3323,.F.);
#4424=ORIENTED_EDGE('',*,*,#3294,.T.);
#4425=ORIENTED_EDGE('',*,*,#3336,.F.);
#4426=ORIENTED_EDGE('',*,*,#3293,.T.);
#4427=ORIENTED_EDGE('',*,*,#3338,.T.);
#4428=ORIENTED_EDGE('',*,*,#3339,.T.);
#4429=ORIENTED_EDGE('',*,*,#3340,.T.);
#4430=ORIENTED_EDGE('',*,*,#3341,.T.);
#4431=ORIENTED_EDGE('',*,*,#3338,.F.);
#4432=ORIENTED_EDGE('',*,*,#3292,.T.);
#4433=ORIENTED_EDGE('',*,*,#3137,.T.);
#4434=ORIENTED_EDGE('',*,*,#3340,.F.);
#4435=ORIENTED_EDGE('',*,*,#3291,.T.);
#4436=ORIENTED_EDGE('',*,*,#3322,.F.);
#4437=ORIENTED_EDGE('',*,*,#3328,.F.);
#4438=ORIENTED_EDGE('',*,*,#3342,.F.);
#4439=ORIENTED_EDGE('',*,*,#3343,.F.);
#4440=ORIENTED_EDGE('',*,*,#3344,.F.);
#4441=ORIENTED_EDGE('',*,*,#3296,.T.);
#4442=ORIENTED_EDGE('',*,*,#3331,.F.);
#4443=ORIENTED_EDGE('',*,*,#3345,.F.);
#4444=ORIENTED_EDGE('',*,*,#3346,.F.);
#4445=ORIENTED_EDGE('',*,*,#3342,.T.);
#4446=ORIENTED_EDGE('',*,*,#3335,.F.);
#4447=ORIENTED_EDGE('',*,*,#3347,.T.);
#4448=ORIENTED_EDGE('',*,*,#3348,.F.);
#4449=ORIENTED_EDGE('',*,*,#3349,.F.);
#4450=ORIENTED_EDGE('',*,*,#3345,.T.);
#4451=ORIENTED_EDGE('',*,*,#3334,.F.);
#4452=ORIENTED_EDGE('',*,*,#3350,.F.);
#4453=ORIENTED_EDGE('',*,*,#3351,.F.);
#4454=ORIENTED_EDGE('',*,*,#3352,.F.);
#4455=ORIENTED_EDGE('',*,*,#3347,.F.);
#4456=ORIENTED_EDGE('',*,*,#3333,.F.);
#4457=ORIENTED_EDGE('',*,*,#3353,.F.);
#4458=ORIENTED_EDGE('',*,*,#3354,.F.);
#4459=ORIENTED_EDGE('',*,*,#3350,.T.);
#4460=ORIENTED_EDGE('',*,*,#3332,.F.);
#4461=ORIENTED_EDGE('',*,*,#3329,.F.);
#4462=ORIENTED_EDGE('',*,*,#3326,.F.);
#4463=ORIENTED_EDGE('',*,*,#3324,.F.);
#4464=ORIENTED_EDGE('',*,*,#3355,.F.);
#4465=ORIENTED_EDGE('',*,*,#3356,.T.);
#4466=ORIENTED_EDGE('',*,*,#3357,.T.);
#4467=ORIENTED_EDGE('',*,*,#3358,.T.);
#4468=ORIENTED_EDGE('',*,*,#3359,.F.);
#4469=ORIENTED_EDGE('',*,*,#3353,.T.);
#4470=ORIENTED_EDGE('',*,*,#3360,.T.);
#4471=ORIENTED_EDGE('',*,*,#3361,.T.);
#4472=ORIENTED_EDGE('',*,*,#3362,.T.);
#4473=ORIENTED_EDGE('',*,*,#3363,.T.);
#4474=ORIENTED_EDGE('',*,*,#3364,.T.);
#4475=ORIENTED_EDGE('',*,*,#3365,.T.);
#4476=ORIENTED_EDGE('',*,*,#3364,.F.);
#4477=ORIENTED_EDGE('',*,*,#3366,.F.);
#4478=ORIENTED_EDGE('',*,*,#3367,.F.);
#4479=ORIENTED_EDGE('',*,*,#3368,.F.);
#4480=ORIENTED_EDGE('',*,*,#3369,.F.);
#4481=ORIENTED_EDGE('',*,*,#3370,.F.);
#4482=ORIENTED_EDGE('',*,*,#3371,.F.);
#4483=ORIENTED_EDGE('',*,*,#3372,.F.);
#4484=ORIENTED_EDGE('',*,*,#3373,.F.);
#4485=ORIENTED_EDGE('',*,*,#3374,.F.);
#4486=ORIENTED_EDGE('',*,*,#3375,.F.);
#4487=ORIENTED_EDGE('',*,*,#3376,.F.);
#4488=ORIENTED_EDGE('',*,*,#3377,.F.);
#4489=ORIENTED_EDGE('',*,*,#3378,.F.);
#4490=ORIENTED_EDGE('',*,*,#3363,.F.);
#4491=ORIENTED_EDGE('',*,*,#3379,.F.);
#4492=ORIENTED_EDGE('',*,*,#3380,.F.);
#4493=ORIENTED_EDGE('',*,*,#3381,.F.);
#4494=ORIENTED_EDGE('',*,*,#3366,.T.);
#4495=ORIENTED_EDGE('',*,*,#3362,.F.);
#4496=ORIENTED_EDGE('',*,*,#3382,.T.);
#4497=ORIENTED_EDGE('',*,*,#3383,.T.);
#4498=ORIENTED_EDGE('',*,*,#3379,.T.);
#4499=ORIENTED_EDGE('',*,*,#3384,.F.);
#4500=ORIENTED_EDGE('',*,*,#3385,.F.);
#4501=ORIENTED_EDGE('',*,*,#3314,.T.);
#4502=ORIENTED_EDGE('',*,*,#3386,.F.);
#4503=ORIENTED_EDGE('',*,*,#3387,.F.);
#4504=ORIENTED_EDGE('',*,*,#3315,.T.);
#4505=ORIENTED_EDGE('',*,*,#3385,.T.);
#4506=ORIENTED_EDGE('',*,*,#3388,.T.);
#4507=ORIENTED_EDGE('',*,*,#3377,.T.);
#4508=ORIENTED_EDGE('',*,*,#3389,.T.);
#4509=ORIENTED_EDGE('',*,*,#3312,.T.);
#4510=ORIENTED_EDGE('',*,*,#3390,.F.);
#4511=ORIENTED_EDGE('',*,*,#3391,.F.);
#4512=ORIENTED_EDGE('',*,*,#3392,.F.);
#4513=ORIENTED_EDGE('',*,*,#3393,.F.);
#4514=ORIENTED_EDGE('',*,*,#3381,.T.);
#4515=ORIENTED_EDGE('',*,*,#3390,.T.);
#4516=ORIENTED_EDGE('',*,*,#3321,.T.);
#4517=ORIENTED_EDGE('',*,*,#3394,.T.);
#4518=ORIENTED_EDGE('',*,*,#3367,.T.);
#4519=ORIENTED_EDGE('',*,*,#3395,.F.);
#4520=ORIENTED_EDGE('',*,*,#3396,.F.);
#4521=ORIENTED_EDGE('',*,*,#3397,.F.);
#4522=ORIENTED_EDGE('',*,*,#3360,.F.);
#4523=ORIENTED_EDGE('',*,*,#3398,.T.);
#4524=ORIENTED_EDGE('',*,*,#3396,.T.);
#4525=ORIENTED_EDGE('',*,*,#3399,.T.);
#4526=ORIENTED_EDGE('',*,*,#3384,.T.);
#4527=ORIENTED_EDGE('',*,*,#3387,.T.);
#4528=ORIENTED_EDGE('',*,*,#3400,.T.);
#4529=ORIENTED_EDGE('',*,*,#3397,.T.);
#4530=ORIENTED_EDGE('',*,*,#3401,.T.);
#4531=ORIENTED_EDGE('',*,*,#3402,.F.);
#4532=ORIENTED_EDGE('',*,*,#3383,.F.);
#4533=ORIENTED_EDGE('',*,*,#3403,.F.);
#4534=ORIENTED_EDGE('',*,*,#3395,.T.);
#4535=ORIENTED_EDGE('',*,*,#3404,.T.);
#4536=ORIENTED_EDGE('',*,*,#3403,.T.);
#4537=ORIENTED_EDGE('',*,*,#3405,.T.);
#4538=ORIENTED_EDGE('',*,*,#3402,.T.);
#4539=ORIENTED_EDGE('',*,*,#3406,.T.);
#4540=ORIENTED_EDGE('',*,*,#3392,.T.);
#4541=ORIENTED_EDGE('',*,*,#3391,.T.);
#4542=ORIENTED_EDGE('',*,*,#3380,.T.);
#4543=ORIENTED_EDGE('',*,*,#3386,.T.);
#4544=ORIENTED_EDGE('',*,*,#3313,.T.);
#4545=ORIENTED_EDGE('',*,*,#3393,.T.);
#4546=ORIENTED_EDGE('',*,*,#3407,.T.);
#4547=ORIENTED_EDGE('',*,*,#3376,.T.);
#4548=ORIENTED_EDGE('',*,*,#3408,.T.);
#4549=ORIENTED_EDGE('',*,*,#3316,.T.);
#4550=ORIENTED_EDGE('',*,*,#3389,.F.);
#4551=ORIENTED_EDGE('',*,*,#3409,.T.);
#4552=ORIENTED_EDGE('',*,*,#3317,.T.);
#4553=ORIENTED_EDGE('',*,*,#3408,.F.);
#4554=ORIENTED_EDGE('',*,*,#3410,.T.);
#4555=ORIENTED_EDGE('',*,*,#3411,.T.);
#4556=ORIENTED_EDGE('',*,*,#3318,.T.);
#4557=ORIENTED_EDGE('',*,*,#3409,.F.);
#4558=ORIENTED_EDGE('',*,*,#3412,.T.);
#4559=ORIENTED_EDGE('',*,*,#3413,.T.);
#4560=ORIENTED_EDGE('',*,*,#3319,.T.);
#4561=ORIENTED_EDGE('',*,*,#3411,.F.);
#4562=ORIENTED_EDGE('',*,*,#3414,.T.);
#4563=ORIENTED_EDGE('',*,*,#3320,.T.);
#4564=ORIENTED_EDGE('',*,*,#3413,.F.);
#4565=ORIENTED_EDGE('',*,*,#3368,.T.);
#4566=ORIENTED_EDGE('',*,*,#3394,.F.);
#4567=ORIENTED_EDGE('',*,*,#3365,.F.);
#4568=ORIENTED_EDGE('',*,*,#3378,.T.);
#4569=ORIENTED_EDGE('',*,*,#3388,.F.);
#4570=ORIENTED_EDGE('',*,*,#3401,.F.);
#4571=ORIENTED_EDGE('',*,*,#3398,.F.);
#4572=ORIENTED_EDGE('',*,*,#3361,.F.);
#4573=ORIENTED_EDGE('',*,*,#3399,.F.);
#4574=ORIENTED_EDGE('',*,*,#3405,.F.);
#4575=ORIENTED_EDGE('',*,*,#3382,.F.);
#4576=ORIENTED_EDGE('',*,*,#3400,.F.);
#4577=ORIENTED_EDGE('',*,*,#3407,.F.);
#4578=ORIENTED_EDGE('',*,*,#3406,.F.);
#4579=ORIENTED_EDGE('',*,*,#3404,.F.);
#4580=ORIENTED_EDGE('',*,*,#3373,.T.);
#4581=ORIENTED_EDGE('',*,*,#3415,.F.);
#4582=ORIENTED_EDGE('',*,*,#3416,.F.);
#4583=ORIENTED_EDGE('',*,*,#3417,.F.);
#4584=ORIENTED_EDGE('',*,*,#3371,.T.);
#4585=ORIENTED_EDGE('',*,*,#3418,.F.);
#4586=ORIENTED_EDGE('',*,*,#3419,.F.);
#4587=ORIENTED_EDGE('',*,*,#3420,.F.);
#4588=ORIENTED_EDGE('',*,*,#3410,.F.);
#4589=ORIENTED_EDGE('',*,*,#3375,.T.);
#4590=ORIENTED_EDGE('',*,*,#3421,.F.);
#4591=ORIENTED_EDGE('',*,*,#3422,.F.);
#4592=ORIENTED_EDGE('',*,*,#3423,.F.);
#4593=ORIENTED_EDGE('',*,*,#3424,.F.);
#4594=ORIENTED_EDGE('',*,*,#3425,.F.);
#4595=ORIENTED_EDGE('',*,*,#3426,.F.);
#4596=ORIENTED_EDGE('',*,*,#3427,.T.);
#4597=ORIENTED_EDGE('',*,*,#3425,.T.);
#4598=ORIENTED_EDGE('',*,*,#3428,.T.);
#4599=ORIENTED_EDGE('',*,*,#3429,.F.);
#4600=ORIENTED_EDGE('',*,*,#3430,.T.);
#4601=ORIENTED_EDGE('',*,*,#3426,.T.);
#4602=ORIENTED_EDGE('',*,*,#3431,.T.);
#4603=ORIENTED_EDGE('',*,*,#3419,.T.);
#4604=ORIENTED_EDGE('',*,*,#3432,.T.);
#4605=ORIENTED_EDGE('',*,*,#3414,.F.);
#4606=ORIENTED_EDGE('',*,*,#3433,.F.);
#4607=ORIENTED_EDGE('',*,*,#3434,.F.);
#4608=ORIENTED_EDGE('',*,*,#3435,.F.);
#4609=ORIENTED_EDGE('',*,*,#3369,.T.);
#4610=ORIENTED_EDGE('',*,*,#3418,.T.);
#4611=ORIENTED_EDGE('',*,*,#3370,.T.);
#4612=ORIENTED_EDGE('',*,*,#3435,.T.);
#4613=ORIENTED_EDGE('',*,*,#3436,.T.);
#4614=ORIENTED_EDGE('',*,*,#3412,.F.);
#4615=ORIENTED_EDGE('',*,*,#3423,.T.);
#4616=ORIENTED_EDGE('',*,*,#3437,.T.);
#4617=ORIENTED_EDGE('',*,*,#3433,.T.);
#4618=ORIENTED_EDGE('',*,*,#3438,.F.);
#4619=ORIENTED_EDGE('',*,*,#3439,.F.);
#4620=ORIENTED_EDGE('',*,*,#3440,.F.);
#4621=ORIENTED_EDGE('',*,*,#3441,.T.);
#4622=ORIENTED_EDGE('',*,*,#3439,.T.);
#4623=ORIENTED_EDGE('',*,*,#3442,.T.);
#4624=ORIENTED_EDGE('',*,*,#3443,.T.);
#4625=ORIENTED_EDGE('',*,*,#3440,.T.);
#4626=ORIENTED_EDGE('',*,*,#3444,.T.);
#4627=ORIENTED_EDGE('',*,*,#3424,.T.);
#4628=ORIENTED_EDGE('',*,*,#3445,.T.);
#4629=ORIENTED_EDGE('',*,*,#3434,.T.);
#4630=ORIENTED_EDGE('',*,*,#3446,.T.);
#4631=ORIENTED_EDGE('',*,*,#3438,.T.);
#4632=ORIENTED_EDGE('',*,*,#3447,.T.);
#4633=ORIENTED_EDGE('',*,*,#3448,.T.);
#4634=ORIENTED_EDGE('',*,*,#3422,.T.);
#4635=ORIENTED_EDGE('',*,*,#3449,.T.);
#4636=ORIENTED_EDGE('',*,*,#3450,.F.);
#4637=ORIENTED_EDGE('',*,*,#3443,.F.);
#4638=ORIENTED_EDGE('',*,*,#3421,.T.);
#4639=ORIENTED_EDGE('',*,*,#3374,.T.);
#4640=ORIENTED_EDGE('',*,*,#3417,.T.);
#4641=ORIENTED_EDGE('',*,*,#3451,.T.);
#4642=ORIENTED_EDGE('',*,*,#3415,.T.);
#4643=ORIENTED_EDGE('',*,*,#3372,.T.);
#4644=ORIENTED_EDGE('',*,*,#3420,.T.);
#4645=ORIENTED_EDGE('',*,*,#3452,.T.);
#4646=ORIENTED_EDGE('',*,*,#3453,.T.);
#4647=ORIENTED_EDGE('',*,*,#3416,.T.);
#4648=ORIENTED_EDGE('',*,*,#3454,.T.);
#4649=ORIENTED_EDGE('',*,*,#3430,.F.);
#4650=ORIENTED_EDGE('',*,*,#3428,.F.);
#4651=ORIENTED_EDGE('',*,*,#3444,.F.);
#4652=ORIENTED_EDGE('',*,*,#3441,.F.);
#4653=ORIENTED_EDGE('',*,*,#3450,.T.);
#4654=ORIENTED_EDGE('',*,*,#3455,.T.);
#4655=ORIENTED_EDGE('',*,*,#3427,.F.);
#4656=ORIENTED_EDGE('',*,*,#3454,.F.);
#4657=ORIENTED_EDGE('',*,*,#3452,.F.);
#4658=ORIENTED_EDGE('',*,*,#3431,.F.);
#4659=ORIENTED_EDGE('',*,*,#3432,.F.);
#4660=ORIENTED_EDGE('',*,*,#3436,.F.);
#4661=ORIENTED_EDGE('',*,*,#3447,.F.);
#4662=ORIENTED_EDGE('',*,*,#3445,.F.);
#4663=ORIENTED_EDGE('',*,*,#3442,.F.);
#4664=ORIENTED_EDGE('',*,*,#3446,.F.);
#4665=ORIENTED_EDGE('',*,*,#3437,.F.);
#4666=ORIENTED_EDGE('',*,*,#3448,.F.);
#4667=ORIENTED_EDGE('',*,*,#3429,.T.);
#4668=ORIENTED_EDGE('',*,*,#3455,.F.);
#4669=ORIENTED_EDGE('',*,*,#3449,.F.);
#4670=ORIENTED_EDGE('',*,*,#3451,.F.);
#4671=ORIENTED_EDGE('',*,*,#3453,.F.);
#4672=ORIENTED_EDGE('',*,*,#3456,.T.);
#4673=ORIENTED_EDGE('',*,*,#3457,.F.);
#4674=ORIENTED_EDGE('',*,*,#3303,.T.);
#4675=ORIENTED_EDGE('',*,*,#3458,.F.);
#4676=ORIENTED_EDGE('',*,*,#3459,.T.);
#4677=ORIENTED_EDGE('',*,*,#3460,.F.);
#4678=ORIENTED_EDGE('',*,*,#3304,.F.);
#4679=ORIENTED_EDGE('',*,*,#3457,.T.);
#4680=ORIENTED_EDGE('',*,*,#3461,.T.);
#4681=ORIENTED_EDGE('',*,*,#3462,.T.);
#4682=ORIENTED_EDGE('',*,*,#3305,.T.);
#4683=ORIENTED_EDGE('',*,*,#3460,.T.);
#4684=ORIENTED_EDGE('',*,*,#3463,.F.);
#4685=ORIENTED_EDGE('',*,*,#3464,.F.);
#4686=ORIENTED_EDGE('',*,*,#3465,.F.);
#4687=ORIENTED_EDGE('',*,*,#3466,.F.);
#4688=ORIENTED_EDGE('',*,*,#3467,.F.);
#4689=ORIENTED_EDGE('',*,*,#3464,.T.);
#4690=ORIENTED_EDGE('',*,*,#3284,.F.);
#4691=ORIENTED_EDGE('',*,*,#3468,.F.);
#4692=ORIENTED_EDGE('',*,*,#3469,.F.);
#4693=ORIENTED_EDGE('',*,*,#3468,.T.);
#4694=ORIENTED_EDGE('',*,*,#3287,.F.);
#4695=ORIENTED_EDGE('',*,*,#3290,.F.);
#4696=ORIENTED_EDGE('',*,*,#3470,.F.);
#4697=ORIENTED_EDGE('',*,*,#3471,.F.);
#4698=ORIENTED_EDGE('',*,*,#3463,.T.);
#4699=ORIENTED_EDGE('',*,*,#3472,.T.);
#4700=ORIENTED_EDGE('',*,*,#3473,.T.);
#4701=ORIENTED_EDGE('',*,*,#3280,.F.);
#4702=ORIENTED_EDGE('',*,*,#3285,.F.);
#4703=ORIENTED_EDGE('',*,*,#3470,.T.);
#4704=ORIENTED_EDGE('',*,*,#3289,.F.);
#4705=ORIENTED_EDGE('',*,*,#3311,.F.);
#4706=ORIENTED_EDGE('',*,*,#3474,.F.);
#4707=ORIENTED_EDGE('',*,*,#3273,.F.);
#4708=ORIENTED_EDGE('',*,*,#3475,.F.);
#4709=ORIENTED_EDGE('',*,*,#3476,.F.);
#4710=ORIENTED_EDGE('',*,*,#3477,.F.);
#4711=ORIENTED_EDGE('',*,*,#3269,.F.);
#4712=ORIENTED_EDGE('',*,*,#3477,.T.);
#4713=ORIENTED_EDGE('',*,*,#3478,.F.);
#4714=ORIENTED_EDGE('',*,*,#3479,.T.);
#4715=ORIENTED_EDGE('',*,*,#3267,.F.);
#4716=ORIENTED_EDGE('',*,*,#3479,.F.);
#4717=ORIENTED_EDGE('',*,*,#3480,.F.);
#4718=ORIENTED_EDGE('',*,*,#3481,.F.);
#4719=ORIENTED_EDGE('',*,*,#3112,.F.);
#4720=ORIENTED_EDGE('',*,*,#3480,.T.);
#4721=ORIENTED_EDGE('',*,*,#3478,.T.);
#4722=ORIENTED_EDGE('',*,*,#3476,.T.);
#4723=ORIENTED_EDGE('',*,*,#3482,.T.);
#4724=ORIENTED_EDGE('',*,*,#3483,.F.);
#4725=ORIENTED_EDGE('',*,*,#3484,.F.);
#4726=ORIENTED_EDGE('',*,*,#3485,.T.);
#4727=ORIENTED_EDGE('',*,*,#3481,.T.);
#4728=ORIENTED_EDGE('',*,*,#3485,.F.);
#4729=ORIENTED_EDGE('',*,*,#3486,.T.);
#4730=ORIENTED_EDGE('',*,*,#3487,.F.);
#4731=ORIENTED_EDGE('',*,*,#3113,.T.);
#4732=ORIENTED_EDGE('',*,*,#3488,.F.);
#4733=ORIENTED_EDGE('',*,*,#3489,.F.);
#4734=ORIENTED_EDGE('',*,*,#3116,.F.);
#4735=ORIENTED_EDGE('',*,*,#3490,.F.);
#4736=ORIENTED_EDGE('',*,*,#3491,.F.);
#4737=ORIENTED_EDGE('',*,*,#3492,.F.);
#4738=ORIENTED_EDGE('',*,*,#3493,.T.);
#4739=ORIENTED_EDGE('',*,*,#3494,.T.);
#4740=ORIENTED_EDGE('',*,*,#3495,.F.);
#4741=ORIENTED_EDGE('',*,*,#3496,.T.);
#4742=ORIENTED_EDGE('',*,*,#3117,.F.);
#4743=ORIENTED_EDGE('',*,*,#3489,.T.);
#4744=ORIENTED_EDGE('',*,*,#3497,.T.);
#4745=ORIENTED_EDGE('',*,*,#3498,.F.);
#4746=ORIENTED_EDGE('',*,*,#3499,.T.);
#4747=ORIENTED_EDGE('',*,*,#3500,.F.);
#4748=ORIENTED_EDGE('',*,*,#3499,.F.);
#4749=ORIENTED_EDGE('',*,*,#3501,.T.);
#4750=ORIENTED_EDGE('',*,*,#3502,.T.);
#4751=ORIENTED_EDGE('',*,*,#3503,.F.);
#4752=ORIENTED_EDGE('',*,*,#3504,.T.);
#4753=ORIENTED_EDGE('',*,*,#3505,.F.);
#4754=ORIENTED_EDGE('',*,*,#3500,.T.);
#4755=ORIENTED_EDGE('',*,*,#3505,.T.);
#4756=ORIENTED_EDGE('',*,*,#3506,.T.);
#4757=ORIENTED_EDGE('',*,*,#3507,.T.);
#4758=ORIENTED_EDGE('',*,*,#3508,.T.);
#4759=ORIENTED_EDGE('',*,*,#3509,.T.);
#4760=ORIENTED_EDGE('',*,*,#3510,.T.);
#4761=ORIENTED_EDGE('',*,*,#3511,.T.);
#4762=ORIENTED_EDGE('',*,*,#3512,.F.);
#4763=ORIENTED_EDGE('',*,*,#3513,.T.);
#4764=ORIENTED_EDGE('',*,*,#3495,.T.);
#4765=ORIENTED_EDGE('',*,*,#3514,.F.);
#4766=ORIENTED_EDGE('',*,*,#3515,.T.);
#4767=ORIENTED_EDGE('',*,*,#3516,.T.);
#4768=ORIENTED_EDGE('',*,*,#3517,.T.);
#4769=ORIENTED_EDGE('',*,*,#3508,.F.);
#4770=ORIENTED_EDGE('',*,*,#3518,.T.);
#4771=ORIENTED_EDGE('',*,*,#3519,.F.);
#4772=ORIENTED_EDGE('',*,*,#3517,.F.);
#4773=ORIENTED_EDGE('',*,*,#3520,.T.);
#4774=ORIENTED_EDGE('',*,*,#3521,.T.);
#4775=ORIENTED_EDGE('',*,*,#3522,.F.);
#4776=ORIENTED_EDGE('',*,*,#3523,.T.);
#4777=ORIENTED_EDGE('',*,*,#3509,.F.);
#4778=ORIENTED_EDGE('',*,*,#3524,.T.);
#4779=ORIENTED_EDGE('',*,*,#3525,.F.);
#4780=ORIENTED_EDGE('',*,*,#3526,.F.);
#4781=ORIENTED_EDGE('',*,*,#3515,.F.);
#4782=ORIENTED_EDGE('',*,*,#3524,.F.);
#4783=ORIENTED_EDGE('',*,*,#3514,.T.);
#4784=ORIENTED_EDGE('',*,*,#3494,.F.);
#4785=ORIENTED_EDGE('',*,*,#3527,.T.);
#4786=ORIENTED_EDGE('',*,*,#3528,.T.);
#4787=ORIENTED_EDGE('',*,*,#3529,.T.);
#4788=ORIENTED_EDGE('',*,*,#3530,.F.);
#4789=ORIENTED_EDGE('',*,*,#3531,.F.);
#4790=ORIENTED_EDGE('',*,*,#3532,.T.);
#4791=ORIENTED_EDGE('',*,*,#3533,.F.);
#4792=ORIENTED_EDGE('',*,*,#3534,.F.);
#4793=ORIENTED_EDGE('',*,*,#3525,.T.);
#4794=ORIENTED_EDGE('',*,*,#3534,.T.);
#4795=ORIENTED_EDGE('',*,*,#3535,.T.);
#4796=ORIENTED_EDGE('',*,*,#3536,.T.);
#4797=ORIENTED_EDGE('',*,*,#3530,.T.);
#4798=ORIENTED_EDGE('',*,*,#3537,.T.);
#4799=ORIENTED_EDGE('',*,*,#3538,.T.);
#4800=ORIENTED_EDGE('',*,*,#3539,.T.);
#4801=ORIENTED_EDGE('',*,*,#3540,.T.);
#4802=ORIENTED_EDGE('',*,*,#3541,.T.);
#4803=ORIENTED_EDGE('',*,*,#3542,.T.);
#4804=ORIENTED_EDGE('',*,*,#3543,.F.);
#4805=ORIENTED_EDGE('',*,*,#3544,.T.);
#4806=ORIENTED_EDGE('',*,*,#3545,.T.);
#4807=ORIENTED_EDGE('',*,*,#3546,.T.);
#4808=ORIENTED_EDGE('',*,*,#3547,.T.);
#4809=ORIENTED_EDGE('',*,*,#3522,.T.);
#4810=ORIENTED_EDGE('',*,*,#3548,.T.);
#4811=ORIENTED_EDGE('',*,*,#3549,.T.);
#4812=ORIENTED_EDGE('',*,*,#3503,.T.);
#4813=ORIENTED_EDGE('',*,*,#3550,.T.);
#4814=ORIENTED_EDGE('',*,*,#3551,.T.);
#4815=ORIENTED_EDGE('',*,*,#3552,.T.);
#4816=ORIENTED_EDGE('',*,*,#3553,.T.);
#4817=ORIENTED_EDGE('',*,*,#3554,.T.);
#4818=ORIENTED_EDGE('',*,*,#3555,.T.);
#4819=ORIENTED_EDGE('',*,*,#3556,.T.);
#4820=ORIENTED_EDGE('',*,*,#3557,.F.);
#4821=ORIENTED_EDGE('',*,*,#3558,.T.);
#4822=ORIENTED_EDGE('',*,*,#3559,.T.);
#4823=ORIENTED_EDGE('',*,*,#3560,.T.);
#4824=ORIENTED_EDGE('',*,*,#3561,.F.);
#4825=ORIENTED_EDGE('',*,*,#3506,.F.);
#4826=ORIENTED_EDGE('',*,*,#3504,.F.);
#4827=ORIENTED_EDGE('',*,*,#3549,.F.);
#4828=ORIENTED_EDGE('',*,*,#3562,.T.);
#4829=ORIENTED_EDGE('',*,*,#3546,.F.);
#4830=ORIENTED_EDGE('',*,*,#3563,.F.);
#4831=ORIENTED_EDGE('',*,*,#3564,.F.);
#4832=ORIENTED_EDGE('',*,*,#3565,.F.);
#4833=ORIENTED_EDGE('',*,*,#3562,.F.);
#4834=ORIENTED_EDGE('',*,*,#3566,.F.);
#4835=ORIENTED_EDGE('',*,*,#3564,.T.);
#4836=ORIENTED_EDGE('',*,*,#3567,.F.);
#4837=ORIENTED_EDGE('',*,*,#3568,.T.);
#4838=ORIENTED_EDGE('',*,*,#3569,.F.);
#4839=ORIENTED_EDGE('',*,*,#3570,.F.);
#4840=ORIENTED_EDGE('',*,*,#3571,.F.);
#4841=ORIENTED_EDGE('',*,*,#3511,.F.);
#4842=ORIENTED_EDGE('',*,*,#3566,.T.);
#4843=ORIENTED_EDGE('',*,*,#3565,.T.);
#4844=ORIENTED_EDGE('',*,*,#3510,.F.);
#4845=ORIENTED_EDGE('',*,*,#3523,.F.);
#4846=ORIENTED_EDGE('',*,*,#3547,.F.);
#4847=ORIENTED_EDGE('',*,*,#3572,.F.);
#4848=ORIENTED_EDGE('',*,*,#3573,.F.);
#4849=ORIENTED_EDGE('',*,*,#3574,.F.);
#4850=ORIENTED_EDGE('',*,*,#3575,.F.);
#4851=ORIENTED_EDGE('',*,*,#3576,.F.);
#4852=ORIENTED_EDGE('',*,*,#3462,.F.);
#4853=ORIENTED_EDGE('',*,*,#3577,.F.);
#4854=ORIENTED_EDGE('',*,*,#3578,.T.);
#4855=ORIENTED_EDGE('',*,*,#3576,.T.);
#4856=ORIENTED_EDGE('',*,*,#3579,.F.);
#4857=ORIENTED_EDGE('',*,*,#3580,.F.);
#4858=ORIENTED_EDGE('',*,*,#3306,.F.);
#4859=ORIENTED_EDGE('',*,*,#3581,.F.);
#4860=ORIENTED_EDGE('',*,*,#3572,.T.);
#4861=ORIENTED_EDGE('',*,*,#3578,.F.);
#4862=ORIENTED_EDGE('',*,*,#3582,.F.);
#4863=ORIENTED_EDGE('',*,*,#3471,.T.);
#4864=ORIENTED_EDGE('',*,*,#3474,.T.);
#4865=ORIENTED_EDGE('',*,*,#3310,.F.);
#4866=ORIENTED_EDGE('',*,*,#3583,.T.);
#4867=ORIENTED_EDGE('',*,*,#3465,.T.);
#4868=ORIENTED_EDGE('',*,*,#3467,.T.);
#4869=ORIENTED_EDGE('',*,*,#3469,.T.);
#4870=ORIENTED_EDGE('',*,*,#3583,.F.);
#4871=ORIENTED_EDGE('',*,*,#3309,.F.);
#4872=ORIENTED_EDGE('',*,*,#3584,.T.);
#4873=ORIENTED_EDGE('',*,*,#3585,.T.);
#4874=ORIENTED_EDGE('',*,*,#3586,.T.);
#4875=ORIENTED_EDGE('',*,*,#3587,.T.);
#4876=ORIENTED_EDGE('',*,*,#3588,.F.);
#4877=ORIENTED_EDGE('',*,*,#3589,.F.);
#4878=ORIENTED_EDGE('',*,*,#3281,.F.);
#4879=ORIENTED_EDGE('',*,*,#3473,.F.);
#4880=ORIENTED_EDGE('',*,*,#3590,.F.);
#4881=ORIENTED_EDGE('',*,*,#3466,.T.);
#4882=ORIENTED_EDGE('',*,*,#3587,.F.);
#4883=ORIENTED_EDGE('',*,*,#3591,.F.);
#4884=ORIENTED_EDGE('',*,*,#3592,.F.);
#4885=ORIENTED_EDGE('',*,*,#3593,.T.);
#4886=ORIENTED_EDGE('',*,*,#3594,.T.);
#4887=ORIENTED_EDGE('',*,*,#3590,.T.);
#4888=ORIENTED_EDGE('',*,*,#3472,.F.);
#4889=ORIENTED_EDGE('',*,*,#3257,.F.);
#4890=ORIENTED_EDGE('',*,*,#3595,.F.);
#4891=ORIENTED_EDGE('',*,*,#3588,.T.);
#4892=ORIENTED_EDGE('',*,*,#3594,.F.);
#4893=ORIENTED_EDGE('',*,*,#3596,.F.);
#4894=ORIENTED_EDGE('',*,*,#3482,.F.);
#4895=ORIENTED_EDGE('',*,*,#3475,.T.);
#4896=ORIENTED_EDGE('',*,*,#3274,.F.);
#4897=ORIENTED_EDGE('',*,*,#3277,.F.);
#4898=ORIENTED_EDGE('',*,*,#3259,.F.);
#4899=ORIENTED_EDGE('',*,*,#3584,.F.);
#4900=ORIENTED_EDGE('',*,*,#3308,.F.);
#4901=ORIENTED_EDGE('',*,*,#3597,.F.);
#4902=ORIENTED_EDGE('',*,*,#3598,.F.);
#4903=ORIENTED_EDGE('',*,*,#3598,.T.);
#4904=ORIENTED_EDGE('',*,*,#3599,.F.);
#4905=ORIENTED_EDGE('',*,*,#3600,.F.);
#4906=ORIENTED_EDGE('',*,*,#3585,.F.);
#4907=ORIENTED_EDGE('',*,*,#3513,.F.);
#4908=ORIENTED_EDGE('',*,*,#3601,.F.);
#4909=ORIENTED_EDGE('',*,*,#3118,.F.);
#4910=ORIENTED_EDGE('',*,*,#3496,.F.);
#4911=ORIENTED_EDGE('',*,*,#3601,.T.);
#4912=ORIENTED_EDGE('',*,*,#3512,.T.);
#4913=ORIENTED_EDGE('',*,*,#3571,.T.);
#4914=ORIENTED_EDGE('',*,*,#3602,.T.);
#4915=ORIENTED_EDGE('',*,*,#3119,.T.);
#4916=ORIENTED_EDGE('',*,*,#3120,.F.);
#4917=ORIENTED_EDGE('',*,*,#3602,.F.);
#4918=ORIENTED_EDGE('',*,*,#3570,.T.);
#4919=ORIENTED_EDGE('',*,*,#3603,.F.);
#4920=ORIENTED_EDGE('',*,*,#3604,.T.);
#4921=ORIENTED_EDGE('',*,*,#3605,.F.);
#4922=ORIENTED_EDGE('',*,*,#3558,.F.);
#4923=ORIENTED_EDGE('',*,*,#3606,.F.);
#4924=ORIENTED_EDGE('',*,*,#3604,.F.);
#4925=ORIENTED_EDGE('',*,*,#3607,.T.);
#4926=ORIENTED_EDGE('',*,*,#3608,.F.);
#4927=ORIENTED_EDGE('',*,*,#3609,.F.);
#4928=ORIENTED_EDGE('',*,*,#3605,.T.);
#4929=ORIENTED_EDGE('',*,*,#3609,.T.);
#4930=ORIENTED_EDGE('',*,*,#3610,.T.);
#4931=ORIENTED_EDGE('',*,*,#3559,.F.);
#4932=ORIENTED_EDGE('',*,*,#3611,.F.);
#4933=ORIENTED_EDGE('',*,*,#3612,.F.);
#4934=ORIENTED_EDGE('',*,*,#3613,.F.);
#4935=ORIENTED_EDGE('',*,*,#3544,.F.);
#4936=ORIENTED_EDGE('',*,*,#3614,.F.);
#4937=ORIENTED_EDGE('',*,*,#3615,.F.);
#4938=ORIENTED_EDGE('',*,*,#3613,.T.);
#4939=ORIENTED_EDGE('',*,*,#3616,.F.);
#4940=ORIENTED_EDGE('',*,*,#3617,.F.);
#4941=ORIENTED_EDGE('',*,*,#3618,.F.);
#4942=ORIENTED_EDGE('',*,*,#3614,.T.);
#4943=ORIENTED_EDGE('',*,*,#3619,.F.);
#4944=ORIENTED_EDGE('',*,*,#3620,.F.);
#4945=ORIENTED_EDGE('',*,*,#3567,.T.);
#4946=ORIENTED_EDGE('',*,*,#3621,.F.);
#4947=ORIENTED_EDGE('',*,*,#3618,.T.);
#4948=ORIENTED_EDGE('',*,*,#3622,.T.);
#4949=ORIENTED_EDGE('',*,*,#3123,.F.);
#4950=ORIENTED_EDGE('',*,*,#3563,.T.);
#4951=ORIENTED_EDGE('',*,*,#3545,.F.);
#4952=ORIENTED_EDGE('',*,*,#3615,.T.);
#4953=ORIENTED_EDGE('',*,*,#3621,.T.);
#4954=ORIENTED_EDGE('',*,*,#3623,.T.);
#4955=ORIENTED_EDGE('',*,*,#3624,.F.);
#4956=ORIENTED_EDGE('',*,*,#3625,.T.);
#4957=ORIENTED_EDGE('',*,*,#3611,.T.);
#4958=ORIENTED_EDGE('',*,*,#3543,.T.);
#4959=ORIENTED_EDGE('',*,*,#3626,.F.);
#4960=ORIENTED_EDGE('',*,*,#3623,.F.);
#4961=ORIENTED_EDGE('',*,*,#3627,.F.);
#4962=ORIENTED_EDGE('',*,*,#3628,.F.);
#4963=ORIENTED_EDGE('',*,*,#3629,.F.);
#4964=ORIENTED_EDGE('',*,*,#3624,.T.);
#4965=ORIENTED_EDGE('',*,*,#3629,.T.);
#4966=ORIENTED_EDGE('',*,*,#3630,.T.);
#4967=ORIENTED_EDGE('',*,*,#3631,.T.);
#4968=ORIENTED_EDGE('',*,*,#3632,.T.);
#4969=ORIENTED_EDGE('',*,*,#3592,.T.);
#4970=ORIENTED_EDGE('',*,*,#3633,.F.);
#4971=ORIENTED_EDGE('',*,*,#3632,.F.);
#4972=ORIENTED_EDGE('',*,*,#3634,.T.);
#4973=ORIENTED_EDGE('',*,*,#3635,.F.);
#4974=ORIENTED_EDGE('',*,*,#3636,.T.);
#4975=ORIENTED_EDGE('',*,*,#3637,.T.);
#4976=ORIENTED_EDGE('',*,*,#3638,.T.);
#4977=ORIENTED_EDGE('',*,*,#3483,.T.);
#4978=ORIENTED_EDGE('',*,*,#3596,.T.);
#4979=ORIENTED_EDGE('',*,*,#3593,.F.);
#4980=ORIENTED_EDGE('',*,*,#3490,.T.);
#4981=ORIENTED_EDGE('',*,*,#3115,.F.);
#4982=ORIENTED_EDGE('',*,*,#3639,.F.);
#4983=ORIENTED_EDGE('',*,*,#3640,.F.);
#4984=ORIENTED_EDGE('',*,*,#3147,.F.);
#4985=ORIENTED_EDGE('',*,*,#3641,.T.);
#4986=ORIENTED_EDGE('',*,*,#3642,.F.);
#4987=ORIENTED_EDGE('',*,*,#3641,.F.);
#4988=ORIENTED_EDGE('',*,*,#3491,.T.);
#4989=ORIENTED_EDGE('',*,*,#3488,.T.);
#4990=ORIENTED_EDGE('',*,*,#3640,.T.);
#4991=ORIENTED_EDGE('',*,*,#3643,.F.);
#4992=ORIENTED_EDGE('',*,*,#3642,.T.);
#4993=ORIENTED_EDGE('',*,*,#3644,.T.);
#4994=ORIENTED_EDGE('',*,*,#3645,.T.);
#4995=ORIENTED_EDGE('',*,*,#3646,.T.);
#4996=ORIENTED_EDGE('',*,*,#3647,.T.);
#4997=ORIENTED_EDGE('',*,*,#3486,.F.);
#4998=ORIENTED_EDGE('',*,*,#3484,.T.);
#4999=ORIENTED_EDGE('',*,*,#3638,.F.);
#5000=ORIENTED_EDGE('',*,*,#3648,.T.);
#5001=ORIENTED_EDGE('',*,*,#3649,.T.);
#5002=ORIENTED_EDGE('',*,*,#3648,.F.);
#5003=ORIENTED_EDGE('',*,*,#3637,.F.);
#5004=ORIENTED_EDGE('',*,*,#3650,.F.);
#5005=ORIENTED_EDGE('',*,*,#3651,.F.);
#5006=ORIENTED_EDGE('',*,*,#3487,.T.);
#5007=ORIENTED_EDGE('',*,*,#3649,.F.);
#5008=ORIENTED_EDGE('',*,*,#3651,.T.);
#5009=ORIENTED_EDGE('',*,*,#3652,.F.);
#5010=ORIENTED_EDGE('',*,*,#3653,.F.);
#5011=ORIENTED_EDGE('',*,*,#3492,.T.);
#5012=ORIENTED_EDGE('',*,*,#3643,.T.);
#5013=ORIENTED_EDGE('',*,*,#3639,.T.);
#5014=ORIENTED_EDGE('',*,*,#3114,.F.);
#5015=ORIENTED_EDGE('',*,*,#3644,.F.);
#5016=ORIENTED_EDGE('',*,*,#3654,.T.);
#5017=ORIENTED_EDGE('',*,*,#3655,.T.);
#5018=ORIENTED_EDGE('',*,*,#3538,.F.);
#5019=ORIENTED_EDGE('',*,*,#3619,.T.);
#5020=ORIENTED_EDGE('',*,*,#3616,.T.);
#5021=ORIENTED_EDGE('',*,*,#3612,.T.);
#5022=ORIENTED_EDGE('',*,*,#3625,.F.);
#5023=ORIENTED_EDGE('',*,*,#3631,.F.);
#5024=ORIENTED_EDGE('',*,*,#3540,.F.);
#5025=ORIENTED_EDGE('',*,*,#3645,.F.);
#5026=ORIENTED_EDGE('',*,*,#3537,.F.);
#5027=ORIENTED_EDGE('',*,*,#3529,.F.);
#5028=ORIENTED_EDGE('',*,*,#3656,.F.);
#5029=ORIENTED_EDGE('',*,*,#3657,.F.);
#5030=ORIENTED_EDGE('',*,*,#3658,.F.);
#5031=ORIENTED_EDGE('',*,*,#3659,.F.);
#5032=ORIENTED_EDGE('',*,*,#3660,.F.);
#5033=ORIENTED_EDGE('',*,*,#3661,.F.);
#5034=ORIENTED_EDGE('',*,*,#3626,.T.);
#5035=ORIENTED_EDGE('',*,*,#3542,.F.);
#5036=ORIENTED_EDGE('',*,*,#3662,.F.);
#5037=ORIENTED_EDGE('',*,*,#3627,.T.);
#5038=ORIENTED_EDGE('',*,*,#3663,.F.);
#5039=ORIENTED_EDGE('',*,*,#3568,.F.);
#5040=ORIENTED_EDGE('',*,*,#3620,.T.);
#5041=ORIENTED_EDGE('',*,*,#3122,.F.);
#5042=ORIENTED_EDGE('',*,*,#3556,.F.);
#5043=ORIENTED_EDGE('',*,*,#3664,.F.);
#5044=ORIENTED_EDGE('',*,*,#3665,.T.);
#5045=ORIENTED_EDGE('',*,*,#3666,.T.);
#5046=ORIENTED_EDGE('',*,*,#3553,.F.);
#5047=ORIENTED_EDGE('',*,*,#3667,.F.);
#5048=ORIENTED_EDGE('',*,*,#3668,.T.);
#5049=ORIENTED_EDGE('',*,*,#3669,.T.);
#5050=ORIENTED_EDGE('',*,*,#3535,.F.);
#5051=ORIENTED_EDGE('',*,*,#3533,.T.);
#5052=ORIENTED_EDGE('',*,*,#3670,.T.);
#5053=ORIENTED_EDGE('',*,*,#3671,.T.);
#5054=ORIENTED_EDGE('',*,*,#3536,.F.);
#5055=ORIENTED_EDGE('',*,*,#3671,.F.);
#5056=ORIENTED_EDGE('',*,*,#3672,.T.);
#5057=ORIENTED_EDGE('',*,*,#3531,.T.);
#5058=ORIENTED_EDGE('',*,*,#3646,.F.);
#5059=ORIENTED_EDGE('',*,*,#3539,.F.);
#5060=ORIENTED_EDGE('',*,*,#3655,.F.);
#5061=ORIENTED_EDGE('',*,*,#3673,.T.);
#5062=ORIENTED_EDGE('',*,*,#3630,.F.);
#5063=ORIENTED_EDGE('',*,*,#3628,.T.);
#5064=ORIENTED_EDGE('',*,*,#3662,.T.);
#5065=ORIENTED_EDGE('',*,*,#3541,.F.);
#5066=ORIENTED_EDGE('',*,*,#3554,.F.);
#5067=ORIENTED_EDGE('',*,*,#3666,.F.);
#5068=ORIENTED_EDGE('',*,*,#3674,.T.);
#5069=ORIENTED_EDGE('',*,*,#3675,.T.);
#5070=ORIENTED_EDGE('',*,*,#3555,.F.);
#5071=ORIENTED_EDGE('',*,*,#3675,.F.);
#5072=ORIENTED_EDGE('',*,*,#3676,.T.);
#5073=ORIENTED_EDGE('',*,*,#3664,.T.);
#5074=ORIENTED_EDGE('',*,*,#3551,.F.);
#5075=ORIENTED_EDGE('',*,*,#3669,.F.);
#5076=ORIENTED_EDGE('',*,*,#3677,.T.);
#5077=ORIENTED_EDGE('',*,*,#3678,.T.);
#5078=ORIENTED_EDGE('',*,*,#3552,.F.);
#5079=ORIENTED_EDGE('',*,*,#3678,.F.);
#5080=ORIENTED_EDGE('',*,*,#3679,.T.);
#5081=ORIENTED_EDGE('',*,*,#3667,.T.);
#5082=ORIENTED_EDGE('',*,*,#3560,.F.);
#5083=ORIENTED_EDGE('',*,*,#3610,.F.);
#5084=ORIENTED_EDGE('',*,*,#3608,.T.);
#5085=ORIENTED_EDGE('',*,*,#3680,.T.);
#5086=ORIENTED_EDGE('',*,*,#3518,.F.);
#5087=ORIENTED_EDGE('',*,*,#3507,.F.);
#5088=ORIENTED_EDGE('',*,*,#3561,.T.);
#5089=ORIENTED_EDGE('',*,*,#3548,.F.);
#5090=ORIENTED_EDGE('',*,*,#3521,.F.);
#5091=ORIENTED_EDGE('',*,*,#3681,.T.);
#5092=ORIENTED_EDGE('',*,*,#3497,.F.);
#5093=ORIENTED_EDGE('',*,*,#3516,.F.);
#5094=ORIENTED_EDGE('',*,*,#3526,.T.);
#5095=ORIENTED_EDGE('',*,*,#3550,.F.);
#5096=ORIENTED_EDGE('',*,*,#3502,.F.);
#5097=ORIENTED_EDGE('',*,*,#3682,.T.);
#5098=ORIENTED_EDGE('',*,*,#3606,.T.);
#5099=ORIENTED_EDGE('',*,*,#3557,.T.);
#5100=ORIENTED_EDGE('',*,*,#3680,.F.);
#5101=ORIENTED_EDGE('',*,*,#3607,.F.);
#5102=ORIENTED_EDGE('',*,*,#3668,.F.);
#5103=ORIENTED_EDGE('',*,*,#3679,.F.);
#5104=ORIENTED_EDGE('',*,*,#3677,.F.);
#5105=ORIENTED_EDGE('',*,*,#3519,.T.);
#5106=ORIENTED_EDGE('',*,*,#3681,.F.);
#5107=ORIENTED_EDGE('',*,*,#3520,.F.);
#5108=ORIENTED_EDGE('',*,*,#3498,.T.);
#5109=ORIENTED_EDGE('',*,*,#3682,.F.);
#5110=ORIENTED_EDGE('',*,*,#3501,.F.);
#5111=ORIENTED_EDGE('',*,*,#3672,.F.);
#5112=ORIENTED_EDGE('',*,*,#3670,.F.);
#5113=ORIENTED_EDGE('',*,*,#3532,.F.);
#5114=ORIENTED_EDGE('',*,*,#3647,.F.);
#5115=ORIENTED_EDGE('',*,*,#3673,.F.);
#5116=ORIENTED_EDGE('',*,*,#3654,.F.);
#5117=ORIENTED_EDGE('',*,*,#3307,.F.);
#5118=ORIENTED_EDGE('',*,*,#3580,.T.);
#5119=ORIENTED_EDGE('',*,*,#3683,.T.);
#5120=ORIENTED_EDGE('',*,*,#3684,.T.);
#5121=ORIENTED_EDGE('',*,*,#3685,.T.);
#5122=ORIENTED_EDGE('',*,*,#3686,.T.);
#5123=ORIENTED_EDGE('',*,*,#3687,.F.);
#5124=ORIENTED_EDGE('',*,*,#3688,.T.);
#5125=ORIENTED_EDGE('',*,*,#3527,.F.);
#5126=ORIENTED_EDGE('',*,*,#3493,.F.);
#5127=ORIENTED_EDGE('',*,*,#3653,.T.);
#5128=ORIENTED_EDGE('',*,*,#3689,.T.);
#5129=ORIENTED_EDGE('',*,*,#3635,.T.);
#5130=ORIENTED_EDGE('',*,*,#3690,.T.);
#5131=ORIENTED_EDGE('',*,*,#3599,.T.);
#5132=ORIENTED_EDGE('',*,*,#3597,.T.);
#5133=ORIENTED_EDGE('',*,*,#3691,.T.);
#5134=ORIENTED_EDGE('',*,*,#3661,.T.);
#5135=ORIENTED_EDGE('',*,*,#3692,.T.);
#5136=ORIENTED_EDGE('',*,*,#3691,.F.);
#5137=ORIENTED_EDGE('',*,*,#3692,.F.);
#5138=ORIENTED_EDGE('',*,*,#3689,.F.);
#5139=ORIENTED_EDGE('',*,*,#3652,.T.);
#5140=ORIENTED_EDGE('',*,*,#3650,.T.);
#5141=ORIENTED_EDGE('',*,*,#3636,.F.);
#5142=ORIENTED_EDGE('',*,*,#3603,.T.);
#5143=ORIENTED_EDGE('',*,*,#3569,.T.);
#5144=ORIENTED_EDGE('',*,*,#3663,.T.);
#5145=ORIENTED_EDGE('',*,*,#3121,.F.);
#5146=ORIENTED_EDGE('',*,*,#3688,.F.);
#5147=ORIENTED_EDGE('',*,*,#3693,.T.);
#5148=ORIENTED_EDGE('',*,*,#3656,.T.);
#5149=ORIENTED_EDGE('',*,*,#3528,.F.);
#5150=ORIENTED_EDGE('',*,*,#3687,.T.);
#5151=ORIENTED_EDGE('',*,*,#3694,.T.);
#5152=ORIENTED_EDGE('',*,*,#3657,.T.);
#5153=ORIENTED_EDGE('',*,*,#3693,.F.);
#5154=ORIENTED_EDGE('',*,*,#3686,.F.);
#5155=ORIENTED_EDGE('',*,*,#3695,.T.);
#5156=ORIENTED_EDGE('',*,*,#3658,.T.);
#5157=ORIENTED_EDGE('',*,*,#3694,.F.);
#5158=ORIENTED_EDGE('',*,*,#3685,.F.);
#5159=ORIENTED_EDGE('',*,*,#3696,.T.);
#5160=ORIENTED_EDGE('',*,*,#3659,.T.);
#5161=ORIENTED_EDGE('',*,*,#3695,.F.);
#5162=ORIENTED_EDGE('',*,*,#3683,.F.);
#5163=ORIENTED_EDGE('',*,*,#3579,.T.);
#5164=ORIENTED_EDGE('',*,*,#3575,.T.);
#5165=ORIENTED_EDGE('',*,*,#3574,.T.);
#5166=ORIENTED_EDGE('',*,*,#3573,.T.);
#5167=ORIENTED_EDGE('',*,*,#3581,.T.);
#5168=ORIENTED_EDGE('',*,*,#3697,.F.);
#5169=ORIENTED_EDGE('',*,*,#3665,.F.);
#5170=ORIENTED_EDGE('',*,*,#3676,.F.);
#5171=ORIENTED_EDGE('',*,*,#3674,.F.);
#5172=ORIENTED_EDGE('',*,*,#3690,.F.);
#5173=ORIENTED_EDGE('',*,*,#3634,.F.);
#5174=ORIENTED_EDGE('',*,*,#3633,.T.);
#5175=ORIENTED_EDGE('',*,*,#3591,.T.);
#5176=ORIENTED_EDGE('',*,*,#3586,.F.);
#5177=ORIENTED_EDGE('',*,*,#3600,.T.);
#5178=ORIENTED_EDGE('',*,*,#3256,.F.);
#5179=ORIENTED_EDGE('',*,*,#3282,.F.);
#5180=ORIENTED_EDGE('',*,*,#3589,.T.);
#5181=ORIENTED_EDGE('',*,*,#3595,.T.);
#5182=ORIENTED_EDGE('',*,*,#3698,.T.);
#5183=ORIENTED_EDGE('',*,*,#3699,.T.);
#5184=ORIENTED_EDGE('',*,*,#3700,.T.);
#5185=ORIENTED_EDGE('',*,*,#3701,.T.);
#5186=ORIENTED_EDGE('',*,*,#3702,.T.);
#5187=ORIENTED_EDGE('',*,*,#3703,.T.);
#5188=ORIENTED_EDGE('',*,*,#3349,.T.);
#5189=ORIENTED_EDGE('',*,*,#3701,.F.);
#5190=ORIENTED_EDGE('',*,*,#3704,.T.);
#5191=ORIENTED_EDGE('',*,*,#3705,.T.);
#5192=ORIENTED_EDGE('',*,*,#3706,.T.);
#5193=ORIENTED_EDGE('',*,*,#3343,.T.);
#5194=ORIENTED_EDGE('',*,*,#3346,.T.);
#5195=ORIENTED_EDGE('',*,*,#3703,.F.);
#5196=ORIENTED_EDGE('',*,*,#3698,.F.);
#5197=ORIENTED_EDGE('',*,*,#3348,.T.);
#5198=ORIENTED_EDGE('',*,*,#3352,.T.);
#5199=ORIENTED_EDGE('',*,*,#3707,.F.);
#5200=ORIENTED_EDGE('',*,*,#3708,.F.);
#5201=ORIENTED_EDGE('',*,*,#3706,.F.);
#5202=ORIENTED_EDGE('',*,*,#3709,.T.);
#5203=ORIENTED_EDGE('',*,*,#3297,.T.);
#5204=ORIENTED_EDGE('',*,*,#3344,.T.);
#5205=ORIENTED_EDGE('',*,*,#3337,.F.);
#5206=ORIENTED_EDGE('',*,*,#3710,.T.);
#5207=ORIENTED_EDGE('',*,*,#3711,.T.);
#5208=ORIENTED_EDGE('',*,*,#3355,.T.);
#5209=ORIENTED_EDGE('',*,*,#3339,.F.);
#5210=ORIENTED_EDGE('',*,*,#3712,.F.);
#5211=ORIENTED_EDGE('',*,*,#3713,.T.);
#5212=ORIENTED_EDGE('',*,*,#3710,.F.);
#5213=ORIENTED_EDGE('',*,*,#3341,.F.);
#5214=ORIENTED_EDGE('',*,*,#3136,.T.);
#5215=ORIENTED_EDGE('',*,*,#3714,.T.);
#5216=ORIENTED_EDGE('',*,*,#3715,.T.);
#5217=ORIENTED_EDGE('',*,*,#3712,.T.);
#5218=ORIENTED_EDGE('',*,*,#3715,.F.);
#5219=ORIENTED_EDGE('',*,*,#3716,.F.);
#5220=ORIENTED_EDGE('',*,*,#3717,.T.);
#5221=ORIENTED_EDGE('',*,*,#3718,.T.);
#5222=ORIENTED_EDGE('',*,*,#3356,.F.);
#5223=ORIENTED_EDGE('',*,*,#3711,.F.);
#5224=ORIENTED_EDGE('',*,*,#3713,.F.);
#5225=ORIENTED_EDGE('',*,*,#3714,.F.);
#5226=ORIENTED_EDGE('',*,*,#3135,.F.);
#5227=ORIENTED_EDGE('',*,*,#3719,.T.);
#5228=ORIENTED_EDGE('',*,*,#3720,.F.);
#5229=ORIENTED_EDGE('',*,*,#3716,.T.);
#5230=ORIENTED_EDGE('',*,*,#3721,.T.);
#5231=ORIENTED_EDGE('',*,*,#3722,.T.);
#5232=ORIENTED_EDGE('',*,*,#3132,.T.);
#5233=ORIENTED_EDGE('',*,*,#3723,.T.);
#5234=ORIENTED_EDGE('',*,*,#3724,.T.);
#5235=ORIENTED_EDGE('',*,*,#3723,.F.);
#5236=ORIENTED_EDGE('',*,*,#3131,.T.);
#5237=ORIENTED_EDGE('',*,*,#3725,.F.);
#5238=ORIENTED_EDGE('',*,*,#3726,.T.);
#5239=ORIENTED_EDGE('',*,*,#3727,.F.);
#5240=ORIENTED_EDGE('',*,*,#3728,.F.);
#5241=ORIENTED_EDGE('',*,*,#3729,.T.);
#5242=ORIENTED_EDGE('',*,*,#3730,.F.);
#5243=ORIENTED_EDGE('',*,*,#3731,.T.);
#5244=ORIENTED_EDGE('',*,*,#3732,.F.);
#5245=ORIENTED_EDGE('',*,*,#3733,.T.);
#5246=ORIENTED_EDGE('',*,*,#3732,.T.);
#5247=ORIENTED_EDGE('',*,*,#3734,.T.);
#5248=ORIENTED_EDGE('',*,*,#3735,.F.);
#5249=ORIENTED_EDGE('',*,*,#3736,.T.);
#5250=ORIENTED_EDGE('',*,*,#3737,.F.);
#5251=ORIENTED_EDGE('',*,*,#3738,.F.);
#5252=ORIENTED_EDGE('',*,*,#3731,.F.);
#5253=ORIENTED_EDGE('',*,*,#3739,.F.);
#5254=ORIENTED_EDGE('',*,*,#3740,.F.);
#5255=ORIENTED_EDGE('',*,*,#3741,.T.);
#5256=ORIENTED_EDGE('',*,*,#3726,.F.);
#5257=ORIENTED_EDGE('',*,*,#3742,.F.);
#5258=ORIENTED_EDGE('',*,*,#3743,.T.);
#5259=ORIENTED_EDGE('',*,*,#3744,.F.);
#5260=ORIENTED_EDGE('',*,*,#3745,.F.);
#5261=ORIENTED_EDGE('',*,*,#3746,.F.);
#5262=ORIENTED_EDGE('',*,*,#3747,.F.);
#5263=ORIENTED_EDGE('',*,*,#3748,.F.);
#5264=ORIENTED_EDGE('',*,*,#3749,.F.);
#5265=ORIENTED_EDGE('',*,*,#3734,.F.);
#5266=ORIENTED_EDGE('',*,*,#3750,.F.);
#5267=ORIENTED_EDGE('',*,*,#3751,.T.);
#5268=ORIENTED_EDGE('',*,*,#3752,.F.);
#5269=ORIENTED_EDGE('',*,*,#3747,.T.);
#5270=ORIENTED_EDGE('',*,*,#3750,.T.);
#5271=ORIENTED_EDGE('',*,*,#3746,.T.);
#5272=ORIENTED_EDGE('',*,*,#3753,.F.);
#5273=ORIENTED_EDGE('',*,*,#3754,.T.);
#5274=ORIENTED_EDGE('',*,*,#3755,.F.);
#5275=ORIENTED_EDGE('',*,*,#3756,.F.);
#5276=ORIENTED_EDGE('',*,*,#3757,.F.);
#5277=ORIENTED_EDGE('',*,*,#3740,.T.);
#5278=ORIENTED_EDGE('',*,*,#3758,.T.);
#5279=ORIENTED_EDGE('',*,*,#3759,.T.);
#5280=ORIENTED_EDGE('',*,*,#3757,.T.);
#5281=ORIENTED_EDGE('',*,*,#3760,.T.);
#5282=ORIENTED_EDGE('',*,*,#3761,.T.);
#5283=ORIENTED_EDGE('',*,*,#3762,.F.);
#5284=ORIENTED_EDGE('',*,*,#3763,.T.);
#5285=ORIENTED_EDGE('',*,*,#3764,.T.);
#5286=ORIENTED_EDGE('',*,*,#3765,.F.);
#5287=ORIENTED_EDGE('',*,*,#3766,.F.);
#5288=ORIENTED_EDGE('',*,*,#3767,.F.);
#5289=ORIENTED_EDGE('',*,*,#3727,.T.);
#5290=ORIENTED_EDGE('',*,*,#3741,.F.);
#5291=ORIENTED_EDGE('',*,*,#3759,.F.);
#5292=ORIENTED_EDGE('',*,*,#3768,.F.);
#5293=ORIENTED_EDGE('',*,*,#3736,.F.);
#5294=ORIENTED_EDGE('',*,*,#3769,.F.);
#5295=ORIENTED_EDGE('',*,*,#3770,.F.);
#5296=ORIENTED_EDGE('',*,*,#3754,.F.);
#5297=ORIENTED_EDGE('',*,*,#3771,.F.);
#5298=ORIENTED_EDGE('',*,*,#3772,.F.);
#5299=ORIENTED_EDGE('',*,*,#3773,.F.);
#5300=ORIENTED_EDGE('',*,*,#3774,.F.);
#5301=ORIENTED_EDGE('',*,*,#3775,.T.);
#5302=ORIENTED_EDGE('',*,*,#3776,.F.);
#5303=ORIENTED_EDGE('',*,*,#3777,.F.);
#5304=ORIENTED_EDGE('',*,*,#3778,.F.);
#5305=ORIENTED_EDGE('',*,*,#3779,.F.);
#5306=ORIENTED_EDGE('',*,*,#3780,.F.);
#5307=ORIENTED_EDGE('',*,*,#3781,.F.);
#5308=ORIENTED_EDGE('',*,*,#3764,.F.);
#5309=ORIENTED_EDGE('',*,*,#3782,.F.);
#5310=ORIENTED_EDGE('',*,*,#3783,.F.);
#5311=ORIENTED_EDGE('',*,*,#3760,.F.);
#5312=ORIENTED_EDGE('',*,*,#3784,.F.);
#5313=ORIENTED_EDGE('',*,*,#3785,.F.);
#5314=ORIENTED_EDGE('',*,*,#3786,.F.);
#5315=ORIENTED_EDGE('',*,*,#3787,.F.);
#5316=ORIENTED_EDGE('',*,*,#3788,.F.);
#5317=ORIENTED_EDGE('',*,*,#3789,.F.);
#5318=ORIENTED_EDGE('',*,*,#3790,.T.);
#5319=ORIENTED_EDGE('',*,*,#3791,.F.);
#5320=ORIENTED_EDGE('',*,*,#3792,.F.);
#5321=ORIENTED_EDGE('',*,*,#3793,.F.);
#5322=ORIENTED_EDGE('',*,*,#3794,.T.);
#5323=ORIENTED_EDGE('',*,*,#3769,.T.);
#5324=ORIENTED_EDGE('',*,*,#3735,.T.);
#5325=ORIENTED_EDGE('',*,*,#3749,.T.);
#5326=ORIENTED_EDGE('',*,*,#3795,.F.);
#5327=ORIENTED_EDGE('',*,*,#3796,.T.);
#5328=ORIENTED_EDGE('',*,*,#3797,.T.);
#5329=ORIENTED_EDGE('',*,*,#3772,.T.);
#5330=ORIENTED_EDGE('',*,*,#3798,.T.);
#5331=ORIENTED_EDGE('',*,*,#3799,.T.);
#5332=ORIENTED_EDGE('',*,*,#3795,.T.);
#5333=ORIENTED_EDGE('',*,*,#3796,.F.);
#5334=ORIENTED_EDGE('',*,*,#3799,.F.);
#5335=ORIENTED_EDGE('',*,*,#3744,.T.);
#5336=ORIENTED_EDGE('',*,*,#3800,.T.);
#5337=ORIENTED_EDGE('',*,*,#3801,.T.);
#5338=ORIENTED_EDGE('',*,*,#3802,.T.);
#5339=ORIENTED_EDGE('',*,*,#3803,.F.);
#5340=ORIENTED_EDGE('',*,*,#3804,.T.);
#5341=ORIENTED_EDGE('',*,*,#3798,.F.);
#5342=ORIENTED_EDGE('',*,*,#3771,.T.);
#5343=ORIENTED_EDGE('',*,*,#3753,.T.);
#5344=ORIENTED_EDGE('',*,*,#3745,.T.);
#5345=ORIENTED_EDGE('',*,*,#3805,.T.);
#5346=ORIENTED_EDGE('',*,*,#3806,.T.);
#5347=ORIENTED_EDGE('',*,*,#3807,.T.);
#5348=ORIENTED_EDGE('',*,*,#3808,.T.);
#5349=ORIENTED_EDGE('',*,*,#3809,.T.);
#5350=ORIENTED_EDGE('',*,*,#3458,.T.);
#5351=ORIENTED_EDGE('',*,*,#3302,.T.);
#5352=ORIENTED_EDGE('',*,*,#3810,.T.);
#5353=ORIENTED_EDGE('',*,*,#3811,.T.);
#5354=ORIENTED_EDGE('',*,*,#3806,.F.);
#5355=ORIENTED_EDGE('',*,*,#3812,.F.);
#5356=ORIENTED_EDGE('',*,*,#3813,.T.);
#5357=ORIENTED_EDGE('',*,*,#3805,.F.);
#5358=ORIENTED_EDGE('',*,*,#3814,.T.);
#5359=ORIENTED_EDGE('',*,*,#3815,.T.);
#5360=ORIENTED_EDGE('',*,*,#3812,.T.);
#5361=ORIENTED_EDGE('',*,*,#3705,.F.);
#5362=ORIENTED_EDGE('',*,*,#3816,.F.);
#5363=ORIENTED_EDGE('',*,*,#3298,.T.);
#5364=ORIENTED_EDGE('',*,*,#3709,.F.);
#5365=ORIENTED_EDGE('',*,*,#3700,.F.);
#5366=ORIENTED_EDGE('',*,*,#3817,.F.);
#5367=ORIENTED_EDGE('',*,*,#3818,.F.);
#5368=ORIENTED_EDGE('',*,*,#3819,.F.);
#5369=ORIENTED_EDGE('',*,*,#3820,.F.);
#5370=ORIENTED_EDGE('',*,*,#3299,.T.);
#5371=ORIENTED_EDGE('',*,*,#3816,.T.);
#5372=ORIENTED_EDGE('',*,*,#3704,.F.);
#5373=ORIENTED_EDGE('',*,*,#3702,.F.);
#5374=ORIENTED_EDGE('',*,*,#3359,.T.);
#5375=ORIENTED_EDGE('',*,*,#3821,.T.);
#5376=ORIENTED_EDGE('',*,*,#3707,.T.);
#5377=ORIENTED_EDGE('',*,*,#3351,.T.);
#5378=ORIENTED_EDGE('',*,*,#3354,.T.);
#5379=ORIENTED_EDGE('',*,*,#3699,.F.);
#5380=ORIENTED_EDGE('',*,*,#3708,.T.);
#5381=ORIENTED_EDGE('',*,*,#3821,.F.);
#5382=ORIENTED_EDGE('',*,*,#3358,.F.);
#5383=ORIENTED_EDGE('',*,*,#3822,.F.);
#5384=ORIENTED_EDGE('',*,*,#3823,.T.);
#5385=ORIENTED_EDGE('',*,*,#3824,.T.);
#5386=ORIENTED_EDGE('',*,*,#3817,.T.);
#5387=ORIENTED_EDGE('',*,*,#3820,.T.);
#5388=ORIENTED_EDGE('',*,*,#3825,.T.);
#5389=ORIENTED_EDGE('',*,*,#3826,.T.);
#5390=ORIENTED_EDGE('',*,*,#3300,.T.);
#5391=ORIENTED_EDGE('',*,*,#3825,.F.);
#5392=ORIENTED_EDGE('',*,*,#3819,.T.);
#5393=ORIENTED_EDGE('',*,*,#3827,.T.);
#5394=ORIENTED_EDGE('',*,*,#3828,.T.);
#5395=ORIENTED_EDGE('',*,*,#3742,.T.);
#5396=ORIENTED_EDGE('',*,*,#3725,.T.);
#5397=ORIENTED_EDGE('',*,*,#3130,.T.);
#5398=ORIENTED_EDGE('',*,*,#3829,.T.);
#5399=ORIENTED_EDGE('',*,*,#3829,.F.);
#5400=ORIENTED_EDGE('',*,*,#3129,.F.);
#5401=ORIENTED_EDGE('',*,*,#3830,.F.);
#5402=ORIENTED_EDGE('',*,*,#3800,.F.);
#5403=ORIENTED_EDGE('',*,*,#3743,.F.);
#5404=ORIENTED_EDGE('',*,*,#3128,.T.);
#5405=ORIENTED_EDGE('',*,*,#3831,.T.);
#5406=ORIENTED_EDGE('',*,*,#3801,.F.);
#5407=ORIENTED_EDGE('',*,*,#3830,.T.);
#5408=ORIENTED_EDGE('',*,*,#3832,.F.);
#5409=ORIENTED_EDGE('',*,*,#3833,.T.);
#5410=ORIENTED_EDGE('',*,*,#3793,.T.);
#5411=ORIENTED_EDGE('',*,*,#3834,.T.);
#5412=ORIENTED_EDGE('',*,*,#3832,.T.);
#5413=ORIENTED_EDGE('',*,*,#3835,.T.);
#5414=ORIENTED_EDGE('',*,*,#3836,.T.);
#5415=ORIENTED_EDGE('',*,*,#3837,.F.);
#5416=ORIENTED_EDGE('',*,*,#3834,.F.);
#5417=ORIENTED_EDGE('',*,*,#3792,.T.);
#5418=ORIENTED_EDGE('',*,*,#3838,.F.);
#5419=ORIENTED_EDGE('',*,*,#3835,.F.);
#5420=ORIENTED_EDGE('',*,*,#3839,.T.);
#5421=ORIENTED_EDGE('',*,*,#3774,.T.);
#5422=ORIENTED_EDGE('',*,*,#3840,.T.);
#5423=ORIENTED_EDGE('',*,*,#3841,.T.);
#5424=ORIENTED_EDGE('',*,*,#3842,.T.);
#5425=ORIENTED_EDGE('',*,*,#3843,.T.);
#5426=ORIENTED_EDGE('',*,*,#3840,.F.);
#5427=ORIENTED_EDGE('',*,*,#3844,.T.);
#5428=ORIENTED_EDGE('',*,*,#3845,.T.);
#5429=ORIENTED_EDGE('',*,*,#3846,.T.);
#5430=ORIENTED_EDGE('',*,*,#3842,.F.);
#5431=ORIENTED_EDGE('',*,*,#3847,.T.);
#5432=ORIENTED_EDGE('',*,*,#3848,.T.);
#5433=ORIENTED_EDGE('',*,*,#3125,.T.);
#5434=ORIENTED_EDGE('',*,*,#3849,.F.);
#5435=ORIENTED_EDGE('',*,*,#3847,.F.);
#5436=ORIENTED_EDGE('',*,*,#3850,.T.);
#5437=ORIENTED_EDGE('',*,*,#3804,.F.);
#5438=ORIENTED_EDGE('',*,*,#3797,.F.);
#5439=ORIENTED_EDGE('',*,*,#3850,.F.);
#5440=ORIENTED_EDGE('',*,*,#3844,.F.);
#5441=ORIENTED_EDGE('',*,*,#3773,.T.);
#5442=ORIENTED_EDGE('',*,*,#3851,.F.);
#5443=ORIENTED_EDGE('',*,*,#3852,.T.);
#5444=ORIENTED_EDGE('',*,*,#3775,.F.);
#5445=ORIENTED_EDGE('',*,*,#3839,.F.);
#5446=ORIENTED_EDGE('',*,*,#3853,.F.);
#5447=ORIENTED_EDGE('',*,*,#3854,.T.);
#5448=ORIENTED_EDGE('',*,*,#3851,.T.);
#5449=ORIENTED_EDGE('',*,*,#3855,.T.);
#5450=ORIENTED_EDGE('',*,*,#3856,.T.);
#5451=ORIENTED_EDGE('',*,*,#3857,.T.);
#5452=ORIENTED_EDGE('',*,*,#3854,.F.);
#5453=ORIENTED_EDGE('',*,*,#3858,.F.);
#5454=ORIENTED_EDGE('',*,*,#3859,.F.);
#5455=ORIENTED_EDGE('',*,*,#3855,.F.);
#5456=ORIENTED_EDGE('',*,*,#3860,.F.);
#5457=ORIENTED_EDGE('',*,*,#3861,.T.);
#5458=ORIENTED_EDGE('',*,*,#3823,.F.);
#5459=ORIENTED_EDGE('',*,*,#3860,.T.);
#5460=ORIENTED_EDGE('',*,*,#3822,.T.);
#5461=ORIENTED_EDGE('',*,*,#3357,.F.);
#5462=ORIENTED_EDGE('',*,*,#3718,.F.);
#5463=ORIENTED_EDGE('',*,*,#3862,.F.);
#5464=ORIENTED_EDGE('',*,*,#3863,.F.);
#5465=ORIENTED_EDGE('',*,*,#3864,.F.);
#5466=ORIENTED_EDGE('',*,*,#3865,.T.);
#5467=ORIENTED_EDGE('',*,*,#3866,.F.);
#5468=ORIENTED_EDGE('',*,*,#3722,.F.);
#5469=ORIENTED_EDGE('',*,*,#3867,.T.);
#5470=ORIENTED_EDGE('',*,*,#3868,.T.);
#5471=ORIENTED_EDGE('',*,*,#3133,.T.);
#5472=ORIENTED_EDGE('',*,*,#3869,.T.);
#5473=ORIENTED_EDGE('',*,*,#3870,.T.);
#5474=ORIENTED_EDGE('',*,*,#3148,.T.);
#5475=ORIENTED_EDGE('',*,*,#3870,.F.);
#5476=ORIENTED_EDGE('',*,*,#3724,.F.);
#5477=ORIENTED_EDGE('',*,*,#3871,.T.);
#5478=ORIENTED_EDGE('',*,*,#3867,.F.);
#5479=ORIENTED_EDGE('',*,*,#3721,.F.);
#5480=ORIENTED_EDGE('',*,*,#3869,.F.);
#5481=ORIENTED_EDGE('',*,*,#3872,.F.);
#5482=ORIENTED_EDGE('',*,*,#3873,.F.);
#5483=ORIENTED_EDGE('',*,*,#3874,.F.);
#5484=ORIENTED_EDGE('',*,*,#3875,.F.);
#5485=ORIENTED_EDGE('',*,*,#3720,.T.);
#5486=ORIENTED_EDGE('',*,*,#3876,.F.);
#5487=ORIENTED_EDGE('',*,*,#3877,.F.);
#5488=ORIENTED_EDGE('',*,*,#3862,.T.);
#5489=ORIENTED_EDGE('',*,*,#3717,.F.);
#5490=ORIENTED_EDGE('',*,*,#3877,.T.);
#5491=ORIENTED_EDGE('',*,*,#3878,.T.);
#5492=ORIENTED_EDGE('',*,*,#3879,.T.);
#5493=ORIENTED_EDGE('',*,*,#3863,.T.);
#5494=ORIENTED_EDGE('',*,*,#3719,.F.);
#5495=ORIENTED_EDGE('',*,*,#3134,.T.);
#5496=ORIENTED_EDGE('',*,*,#3868,.F.);
#5497=ORIENTED_EDGE('',*,*,#3871,.F.);
#5498=ORIENTED_EDGE('',*,*,#3729,.F.);
#5499=ORIENTED_EDGE('',*,*,#3880,.T.);
#5500=ORIENTED_EDGE('',*,*,#3881,.T.);
#5501=ORIENTED_EDGE('',*,*,#3878,.F.);
#5502=ORIENTED_EDGE('',*,*,#3876,.T.);
#5503=ORIENTED_EDGE('',*,*,#3872,.T.);
#5504=ORIENTED_EDGE('',*,*,#3780,.T.);
#5505=ORIENTED_EDGE('',*,*,#3882,.F.);
#5506=ORIENTED_EDGE('',*,*,#3883,.F.);
#5507=ORIENTED_EDGE('',*,*,#3846,.F.);
#5508=ORIENTED_EDGE('',*,*,#3884,.T.);
#5509=ORIENTED_EDGE('',*,*,#3885,.T.);
#5510=ORIENTED_EDGE('',*,*,#3886,.T.);
#5511=ORIENTED_EDGE('',*,*,#3887,.T.);
#5512=ORIENTED_EDGE('',*,*,#3888,.T.);
#5513=ORIENTED_EDGE('',*,*,#3765,.T.);
#5514=ORIENTED_EDGE('',*,*,#3781,.T.);
#5515=ORIENTED_EDGE('',*,*,#3875,.T.);
#5516=ORIENTED_EDGE('',*,*,#3778,.T.);
#5517=ORIENTED_EDGE('',*,*,#3858,.T.);
#5518=ORIENTED_EDGE('',*,*,#3853,.T.);
#5519=ORIENTED_EDGE('',*,*,#3841,.F.);
#5520=ORIENTED_EDGE('',*,*,#3843,.F.);
#5521=ORIENTED_EDGE('',*,*,#3889,.T.);
#5522=ORIENTED_EDGE('',*,*,#3852,.F.);
#5523=ORIENTED_EDGE('',*,*,#3857,.F.);
#5524=ORIENTED_EDGE('',*,*,#3890,.T.);
#5525=ORIENTED_EDGE('',*,*,#3776,.T.);
#5526=ORIENTED_EDGE('',*,*,#3891,.T.);
#5527=ORIENTED_EDGE('',*,*,#3126,.T.);
#5528=ORIENTED_EDGE('',*,*,#3848,.F.);
#5529=ORIENTED_EDGE('',*,*,#3803,.T.);
#5530=ORIENTED_EDGE('',*,*,#3788,.T.);
#5531=ORIENTED_EDGE('',*,*,#3892,.F.);
#5532=ORIENTED_EDGE('',*,*,#3893,.F.);
#5533=ORIENTED_EDGE('',*,*,#3894,.T.);
#5534=ORIENTED_EDGE('',*,*,#3785,.T.);
#5535=ORIENTED_EDGE('',*,*,#3895,.F.);
#5536=ORIENTED_EDGE('',*,*,#3896,.F.);
#5537=ORIENTED_EDGE('',*,*,#3897,.T.);
#5538=ORIENTED_EDGE('',*,*,#3783,.T.);
#5539=ORIENTED_EDGE('',*,*,#3898,.F.);
#5540=ORIENTED_EDGE('',*,*,#3899,.F.);
#5541=ORIENTED_EDGE('',*,*,#3761,.F.);
#5542=ORIENTED_EDGE('',*,*,#3782,.T.);
#5543=ORIENTED_EDGE('',*,*,#3763,.F.);
#5544=ORIENTED_EDGE('',*,*,#3900,.F.);
#5545=ORIENTED_EDGE('',*,*,#3898,.T.);
#5546=ORIENTED_EDGE('',*,*,#3874,.T.);
#5547=ORIENTED_EDGE('',*,*,#3901,.F.);
#5548=ORIENTED_EDGE('',*,*,#3882,.T.);
#5549=ORIENTED_EDGE('',*,*,#3779,.T.);
#5550=ORIENTED_EDGE('',*,*,#3859,.T.);
#5551=ORIENTED_EDGE('',*,*,#3777,.T.);
#5552=ORIENTED_EDGE('',*,*,#3890,.F.);
#5553=ORIENTED_EDGE('',*,*,#3856,.F.);
#5554=ORIENTED_EDGE('',*,*,#3787,.T.);
#5555=ORIENTED_EDGE('',*,*,#3902,.F.);
#5556=ORIENTED_EDGE('',*,*,#3903,.F.);
#5557=ORIENTED_EDGE('',*,*,#3892,.T.);
#5558=ORIENTED_EDGE('',*,*,#3789,.T.);
#5559=ORIENTED_EDGE('',*,*,#3894,.F.);
#5560=ORIENTED_EDGE('',*,*,#3904,.F.);
#5561=ORIENTED_EDGE('',*,*,#3902,.T.);
#5562=ORIENTED_EDGE('',*,*,#3784,.T.);
#5563=ORIENTED_EDGE('',*,*,#3905,.F.);
#5564=ORIENTED_EDGE('',*,*,#3906,.F.);
#5565=ORIENTED_EDGE('',*,*,#3895,.T.);
#5566=ORIENTED_EDGE('',*,*,#3786,.T.);
#5567=ORIENTED_EDGE('',*,*,#3897,.F.);
#5568=ORIENTED_EDGE('',*,*,#3907,.F.);
#5569=ORIENTED_EDGE('',*,*,#3905,.T.);
#5570=ORIENTED_EDGE('',*,*,#3791,.T.);
#5571=ORIENTED_EDGE('',*,*,#3908,.F.);
#5572=ORIENTED_EDGE('',*,*,#3836,.F.);
#5573=ORIENTED_EDGE('',*,*,#3838,.T.);
#5574=ORIENTED_EDGE('',*,*,#3752,.T.);
#5575=ORIENTED_EDGE('',*,*,#3909,.F.);
#5576=ORIENTED_EDGE('',*,*,#3755,.T.);
#5577=ORIENTED_EDGE('',*,*,#3770,.T.);
#5578=ORIENTED_EDGE('',*,*,#3794,.F.);
#5579=ORIENTED_EDGE('',*,*,#3748,.T.);
#5580=ORIENTED_EDGE('',*,*,#3730,.T.);
#5581=ORIENTED_EDGE('',*,*,#3910,.F.);
#5582=ORIENTED_EDGE('',*,*,#3737,.T.);
#5583=ORIENTED_EDGE('',*,*,#3768,.T.);
#5584=ORIENTED_EDGE('',*,*,#3758,.F.);
#5585=ORIENTED_EDGE('',*,*,#3739,.T.);
#5586=ORIENTED_EDGE('',*,*,#3833,.F.);
#5587=ORIENTED_EDGE('',*,*,#3837,.T.);
#5588=ORIENTED_EDGE('',*,*,#3908,.T.);
#5589=ORIENTED_EDGE('',*,*,#3790,.F.);
#5590=ORIENTED_EDGE('',*,*,#3896,.T.);
#5591=ORIENTED_EDGE('',*,*,#3906,.T.);
#5592=ORIENTED_EDGE('',*,*,#3907,.T.);
#5593=ORIENTED_EDGE('',*,*,#3751,.F.);
#5594=ORIENTED_EDGE('',*,*,#3756,.T.);
#5595=ORIENTED_EDGE('',*,*,#3909,.T.);
#5596=ORIENTED_EDGE('',*,*,#3733,.F.);
#5597=ORIENTED_EDGE('',*,*,#3738,.T.);
#5598=ORIENTED_EDGE('',*,*,#3910,.T.);
#5599=ORIENTED_EDGE('',*,*,#3900,.T.);
#5600=ORIENTED_EDGE('',*,*,#3762,.T.);
#5601=ORIENTED_EDGE('',*,*,#3899,.T.);
#5602=ORIENTED_EDGE('',*,*,#3873,.T.);
#5603=ORIENTED_EDGE('',*,*,#3883,.T.);
#5604=ORIENTED_EDGE('',*,*,#3901,.T.);
#5605=ORIENTED_EDGE('',*,*,#3301,.T.);
#5606=ORIENTED_EDGE('',*,*,#3826,.F.);
#5607=ORIENTED_EDGE('',*,*,#3828,.F.);
#5608=ORIENTED_EDGE('',*,*,#3911,.F.);
#5609=ORIENTED_EDGE('',*,*,#3865,.F.);
#5610=ORIENTED_EDGE('',*,*,#3912,.F.);
#5611=ORIENTED_EDGE('',*,*,#3880,.F.);
#5612=ORIENTED_EDGE('',*,*,#3728,.T.);
#5613=ORIENTED_EDGE('',*,*,#3767,.T.);
#5614=ORIENTED_EDGE('',*,*,#3913,.F.);
#5615=ORIENTED_EDGE('',*,*,#3914,.T.);
#5616=ORIENTED_EDGE('',*,*,#3915,.F.);
#5617=ORIENTED_EDGE('',*,*,#3916,.F.);
#5618=ORIENTED_EDGE('',*,*,#3917,.F.);
#5619=ORIENTED_EDGE('',*,*,#3918,.F.);
#5620=ORIENTED_EDGE('',*,*,#3810,.F.);
#5621=ORIENTED_EDGE('',*,*,#3919,.F.);
#5622=ORIENTED_EDGE('',*,*,#3919,.T.);
#5623=ORIENTED_EDGE('',*,*,#3920,.T.);
#5624=ORIENTED_EDGE('',*,*,#3889,.F.);
#5625=ORIENTED_EDGE('',*,*,#3920,.F.);
#5626=ORIENTED_EDGE('',*,*,#3912,.T.);
#5627=ORIENTED_EDGE('',*,*,#3864,.T.);
#5628=ORIENTED_EDGE('',*,*,#3879,.F.);
#5629=ORIENTED_EDGE('',*,*,#3881,.F.);
#5630=ORIENTED_EDGE('',*,*,#3831,.F.);
#5631=ORIENTED_EDGE('',*,*,#3127,.T.);
#5632=ORIENTED_EDGE('',*,*,#3891,.F.);
#5633=ORIENTED_EDGE('',*,*,#3802,.F.);
#5634=ORIENTED_EDGE('',*,*,#3913,.T.);
#5635=ORIENTED_EDGE('',*,*,#3766,.T.);
#5636=ORIENTED_EDGE('',*,*,#3888,.F.);
#5637=ORIENTED_EDGE('',*,*,#3921,.F.);
#5638=ORIENTED_EDGE('',*,*,#3914,.F.);
#5639=ORIENTED_EDGE('',*,*,#3921,.T.);
#5640=ORIENTED_EDGE('',*,*,#3887,.F.);
#5641=ORIENTED_EDGE('',*,*,#3922,.F.);
#5642=ORIENTED_EDGE('',*,*,#3915,.T.);
#5643=ORIENTED_EDGE('',*,*,#3922,.T.);
#5644=ORIENTED_EDGE('',*,*,#3886,.F.);
#5645=ORIENTED_EDGE('',*,*,#3923,.F.);
#5646=ORIENTED_EDGE('',*,*,#3916,.T.);
#5647=ORIENTED_EDGE('',*,*,#3923,.T.);
#5648=ORIENTED_EDGE('',*,*,#3885,.F.);
#5649=ORIENTED_EDGE('',*,*,#3924,.F.);
#5650=ORIENTED_EDGE('',*,*,#3925,.F.);
#5651=ORIENTED_EDGE('',*,*,#3917,.T.);
#5652=ORIENTED_EDGE('',*,*,#3924,.T.);
#5653=ORIENTED_EDGE('',*,*,#3884,.F.);
#5654=ORIENTED_EDGE('',*,*,#3845,.F.);
#5655=ORIENTED_EDGE('',*,*,#3849,.T.);
#5656=ORIENTED_EDGE('',*,*,#3124,.T.);
#5657=ORIENTED_EDGE('',*,*,#3622,.F.);
#5658=ORIENTED_EDGE('',*,*,#3617,.T.);
#5659=ORIENTED_EDGE('',*,*,#3660,.T.);
#5660=ORIENTED_EDGE('',*,*,#3696,.F.);
#5661=ORIENTED_EDGE('',*,*,#3684,.F.);
#5662=ORIENTED_EDGE('',*,*,#3697,.T.);
#5663=ORIENTED_EDGE('',*,*,#3582,.T.);
#5664=ORIENTED_EDGE('',*,*,#3577,.T.);
#5665=ORIENTED_EDGE('',*,*,#3461,.F.);
#5666=ORIENTED_EDGE('',*,*,#3459,.F.);
#5667=ORIENTED_EDGE('',*,*,#3456,.F.);
#5668=ORIENTED_EDGE('',*,*,#3813,.F.);
#5669=ORIENTED_EDGE('',*,*,#3815,.F.);
#5670=ORIENTED_EDGE('',*,*,#3918,.T.);
#5671=ORIENTED_EDGE('',*,*,#3925,.T.);
#5672=ORIENTED_EDGE('',*,*,#3814,.F.);
#5673=ORIENTED_EDGE('',*,*,#3809,.F.);
#5674=ORIENTED_EDGE('',*,*,#3808,.F.);
#5675=ORIENTED_EDGE('',*,*,#3807,.F.);
#5676=ORIENTED_EDGE('',*,*,#3811,.F.);
#5677=ORIENTED_EDGE('',*,*,#3893,.T.);
#5678=ORIENTED_EDGE('',*,*,#3903,.T.);
#5679=ORIENTED_EDGE('',*,*,#3904,.T.);
#5680=ORIENTED_EDGE('',*,*,#3911,.T.);
#5681=ORIENTED_EDGE('',*,*,#3827,.F.);
#5682=ORIENTED_EDGE('',*,*,#3818,.T.);
#5683=ORIENTED_EDGE('',*,*,#3824,.F.);
#5684=ORIENTED_EDGE('',*,*,#3861,.F.);
#5685=ORIENTED_EDGE('',*,*,#3866,.T.);
#5686=TOROIDAL_SURFACE('',#6055,3.50000000000004,1.);
#5687=TOROIDAL_SURFACE('',#6061,6.50000000000006,1.);
#5688=TOROIDAL_SURFACE('',#6075,3.50000000000006,1.);
#5689=TOROIDAL_SURFACE('',#6081,6.50000000000005,1.);
#5690=TOROIDAL_SURFACE('',#6130,6.50000000000004,1.);
#5691=TOROIDAL_SURFACE('',#6136,3.50000000000006,1.);
#5692=TOROIDAL_SURFACE('',#6147,6.50000000000006,1.);
#5693=TOROIDAL_SURFACE('',#6153,3.50000000000004,1.);
#5694=TOROIDAL_SURFACE('',#6177,1.50000000000006,1.);
#5695=TOROIDAL_SURFACE('',#6182,8.50000000000005,1.);
#5696=TOROIDAL_SURFACE('',#6192,8.50000000000006,1.);
#5697=TOROIDAL_SURFACE('',#6207,8.50000000000004,1.);
#5698=TOROIDAL_SURFACE('',#6213,1.50000000000006,1.);
#5699=TOROIDAL_SURFACE('',#6218,8.50000000000006,1.);
#5700=TOROIDAL_SURFACE('',#6419,17.3,0.5);
#5701=TOROIDAL_SURFACE('',#6435,3.50000000000555,0.5);
#5702=TOROIDAL_SURFACE('',#6559,17.3,0.5);
#5703=TOROIDAL_SURFACE('',#6574,3.50000000000555,0.5);
#5704=ADVANCED_FACE('',(#1570),#5686,.T.);
#5705=ADVANCED_FACE('',(#1571),#1442,.T.);
#5706=ADVANCED_FACE('',(#1572),#5687,.T.);
#5707=ADVANCED_FACE('',(#1573),#1443,.T.);
#5708=ADVANCED_FACE('',(#1574),#1444,.T.);
#5709=ADVANCED_FACE('',(#1575),#1445,.T.);
#5710=ADVANCED_FACE('',(#1576),#1446,.T.);
#5711=ADVANCED_FACE('',(#1577),#1447,.T.);
#5712=ADVANCED_FACE('',(#1578),#5688,.T.);
#5713=ADVANCED_FACE('',(#1579),#1448,.T.);
#5714=ADVANCED_FACE('',(#1580),#5689,.T.);
#5715=ADVANCED_FACE('',(#1581),#1449,.T.);
#5716=ADVANCED_FACE('',(#1582),#1450,.F.);
#5717=ADVANCED_FACE('',(#1583),#56,.F.);
#5718=ADVANCED_FACE('',(#1584),#1451,.T.);
#5719=ADVANCED_FACE('',(#1585),#57,.F.);
#5720=ADVANCED_FACE('',(#1586),#58,.T.);
#5721=ADVANCED_FACE('',(#1587),#59,.F.);
#5722=ADVANCED_FACE('',(#1588),#60,.T.);
#5723=ADVANCED_FACE('',(#1589),#61,.F.);
#5724=ADVANCED_FACE('',(#1590),#1452,.F.);
#5725=ADVANCED_FACE('',(#1591),#62,.F.);
#5726=ADVANCED_FACE('',(#1592),#1453,.T.);
#5727=ADVANCED_FACE('',(#1593),#63,.F.);
#5728=ADVANCED_FACE('',(#1594,#39,#40,#41,#42),#64,.T.);
#5729=ADVANCED_FACE('',(#1595),#1454,.T.);
#5730=ADVANCED_FACE('',(#1596),#1455,.T.);
#5731=ADVANCED_FACE('',(#1597),#5690,.T.);
#5732=ADVANCED_FACE('',(#1598),#1456,.T.);
#5733=ADVANCED_FACE('',(#1599),#5691,.T.);
#5734=ADVANCED_FACE('',(#1600),#1457,.T.);
#5735=ADVANCED_FACE('',(#1601),#1458,.T.);
#5736=ADVANCED_FACE('',(#1602),#1459,.T.);
#5737=ADVANCED_FACE('',(#1603),#1460,.T.);
#5738=ADVANCED_FACE('',(#1604),#5692,.T.);
#5739=ADVANCED_FACE('',(#1605),#1461,.T.);
#5740=ADVANCED_FACE('',(#1606),#5693,.T.);
#5741=ADVANCED_FACE('',(#1607),#65,.F.);
#5742=ADVANCED_FACE('',(#1608),#66,.T.);
#5743=ADVANCED_FACE('',(#1609),#67,.F.);
#5744=ADVANCED_FACE('',(#1610),#68,.T.);
#5745=ADVANCED_FACE('',(#1611),#69,.T.);
#5746=ADVANCED_FACE('',(#1612),#70,.T.);
#5747=ADVANCED_FACE('',(#1613),#71,.T.);
#5748=ADVANCED_FACE('',(#1614),#1462,.T.);
#5749=ADVANCED_FACE('',(#1615),#72,.T.);
#5750=ADVANCED_FACE('',(#1616),#1463,.F.);
#5751=ADVANCED_FACE('',(#1617),#1464,.F.);
#5752=ADVANCED_FACE('',(#1618),#73,.T.);
#5753=ADVANCED_FACE('',(#1619),#1465,.F.);
#5754=ADVANCED_FACE('',(#1620),#74,.T.);
#5755=ADVANCED_FACE('',(#1621),#1466,.F.);
#5756=ADVANCED_FACE('',(#1622),#5694,.F.);
#5757=ADVANCED_FACE('',(#1623),#1467,.F.);
#5758=ADVANCED_FACE('',(#1624),#5695,.F.);
#5759=ADVANCED_FACE('',(#1625),#1468,.F.);
#5760=ADVANCED_FACE('',(#1626),#1469,.F.);
#5761=ADVANCED_FACE('',(#1627),#1470,.F.);
#5762=ADVANCED_FACE('',(#1628),#1471,.F.);
#5763=ADVANCED_FACE('',(#1629),#5696,.F.);
#5764=ADVANCED_FACE('',(#1630),#1472,.F.);
#5765=ADVANCED_FACE('',(#1631),#1473,.F.);
#5766=ADVANCED_FACE('',(#1632),#1474,.F.);
#5767=ADVANCED_FACE('',(#1633),#1475,.F.);
#5768=ADVANCED_FACE('',(#1634),#1476,.F.);
#5769=ADVANCED_FACE('',(#1635),#1477,.F.);
#5770=ADVANCED_FACE('',(#1636),#5697,.F.);
#5771=ADVANCED_FACE('',(#1637),#1478,.F.);
#5772=ADVANCED_FACE('',(#1638),#5698,.F.);
#5773=ADVANCED_FACE('',(#1639),#1479,.F.);
#5774=ADVANCED_FACE('',(#1640),#5699,.F.);
#5775=ADVANCED_FACE('',(#1641),#75,.T.);
#5776=ADVANCED_FACE('',(#1642),#1480,.F.);
#5777=ADVANCED_FACE('',(#1643),#76,.T.);
#5778=ADVANCED_FACE('',(#1644),#1481,.T.);
#5779=ADVANCED_FACE('',(#1645),#77,.T.);
#5780=ADVANCED_FACE('',(#1646),#78,.T.);
#5781=ADVANCED_FACE('',(#1647),#79,.T.);
#5782=ADVANCED_FACE('',(#1648),#80,.T.);
#5783=ADVANCED_FACE('',(#1649),#35,.T.);
#5784=ADVANCED_FACE('',(#1650),#81,.T.);
#5785=ADVANCED_FACE('',(#1651),#36,.F.);
#5786=ADVANCED_FACE('',(#1652),#82,.T.);
#5787=ADVANCED_FACE('',(#1653),#83,.T.);
#5788=ADVANCED_FACE('',(#1654),#1482,.F.);
#5789=ADVANCED_FACE('',(#1655),#84,.F.);
#5790=ADVANCED_FACE('',(#1656),#85,.F.);
#5791=ADVANCED_FACE('',(#1657),#86,.F.);
#5792=ADVANCED_FACE('',(#1658,#43),#87,.T.);
#5793=ADVANCED_FACE('',(#1659),#88,.T.);
#5794=ADVANCED_FACE('',(#1660),#89,.T.);
#5795=ADVANCED_FACE('',(#1661),#90,.T.);
#5796=ADVANCED_FACE('',(#1662),#91,.T.);
#5797=ADVANCED_FACE('',(#1663),#92,.T.);
#5798=ADVANCED_FACE('',(#1664),#37,.F.);
#5799=ADVANCED_FACE('',(#1665),#93,.T.);
#5800=ADVANCED_FACE('',(#1666),#38,.T.);
#5801=ADVANCED_FACE('',(#1667),#94,.T.);
#5802=ADVANCED_FACE('',(#1668),#95,.T.);
#5803=ADVANCED_FACE('',(#1669),#96,.T.);
#5804=ADVANCED_FACE('',(#1670),#97,.T.);
#5805=ADVANCED_FACE('',(#1671),#1483,.F.);
#5806=ADVANCED_FACE('',(#1672),#98,.T.);
#5807=ADVANCED_FACE('',(#1673),#99,.F.);
#5808=ADVANCED_FACE('',(#1674),#100,.T.);
#5809=ADVANCED_FACE('',(#1675),#101,.T.);
#5810=ADVANCED_FACE('',(#1676),#102,.T.);
#5811=ADVANCED_FACE('',(#1677),#1484,.T.);
#5812=ADVANCED_FACE('',(#1678),#19,.T.);
#5813=ADVANCED_FACE('',(#1679),#1485,.F.);
#5814=ADVANCED_FACE('',(#1680),#20,.T.);
#5815=ADVANCED_FACE('',(#1681),#1486,.F.);
#5816=ADVANCED_FACE('',(#1682),#15,.T.);
#5817=ADVANCED_FACE('',(#1683),#1487,.T.);
#5818=ADVANCED_FACE('',(#1684),#1488,.T.);
#5819=ADVANCED_FACE('',(#1685),#16,.T.);
#5820=ADVANCED_FACE('',(#1686),#1489,.T.);
#5821=ADVANCED_FACE('',(#1687),#1490,.T.);
#5822=ADVANCED_FACE('',(#1688),#1491,.F.);
#5823=ADVANCED_FACE('',(#1689),#1492,.F.);
#5824=ADVANCED_FACE('',(#1690),#21,.T.);
#5825=ADVANCED_FACE('',(#1691),#1493,.F.);
#5826=ADVANCED_FACE('',(#1692),#22,.T.);
#5827=ADVANCED_FACE('',(#1693),#1494,.F.);
#5828=ADVANCED_FACE('',(#1694),#103,.T.);
#5829=ADVANCED_FACE('',(#1695),#104,.T.);
#5830=ADVANCED_FACE('',(#1696),#105,.T.);
#5831=ADVANCED_FACE('',(#1697),#23,.F.);
#5832=ADVANCED_FACE('',(#1698),#24,.F.);
#5833=ADVANCED_FACE('',(#1699),#25,.F.);
#5834=ADVANCED_FACE('',(#1700),#17,.F.);
#5835=ADVANCED_FACE('',(#1701),#1495,.F.);
#5836=ADVANCED_FACE('',(#1702),#1496,.F.);
#5837=ADVANCED_FACE('',(#1703),#26,.F.);
#5838=ADVANCED_FACE('',(#1704),#1497,.T.);
#5839=ADVANCED_FACE('',(#1705),#1498,.T.);
#5840=ADVANCED_FACE('',(#1706),#18,.F.);
#5841=ADVANCED_FACE('',(#1707),#1499,.F.);
#5842=ADVANCED_FACE('',(#1708),#1500,.F.);
#5843=ADVANCED_FACE('',(#1709),#1501,.F.);
#5844=ADVANCED_FACE('',(#1710),#1502,.F.);
#5845=ADVANCED_FACE('',(#1711),#1503,.T.);
#5846=ADVANCED_FACE('',(#1712),#1504,.T.);
#5847=ADVANCED_FACE('',(#1713),#1505,.F.);
#5848=ADVANCED_FACE('',(#1714),#106,.F.);
#5849=ADVANCED_FACE('',(#1715),#107,.F.);
#5850=ADVANCED_FACE('',(#1716),#108,.F.);
#5851=ADVANCED_FACE('',(#1717),#109,.F.);
#5852=ADVANCED_FACE('',(#1718),#110,.F.);
#5853=ADVANCED_FACE('',(#1719),#1506,.F.);
#5854=ADVANCED_FACE('',(#1720),#111,.T.);
#5855=ADVANCED_FACE('',(#1721),#1507,.F.);
#5856=ADVANCED_FACE('',(#1722),#1508,.T.);
#5857=ADVANCED_FACE('',(#1723),#1509,.T.);
#5858=ADVANCED_FACE('',(#1724),#1510,.T.);
#5859=ADVANCED_FACE('',(#1725),#112,.F.);
#5860=ADVANCED_FACE('',(#1726),#27,.T.);
#5861=ADVANCED_FACE('',(#1727),#1511,.F.);
#5862=ADVANCED_FACE('',(#1728),#113,.F.);
#5863=ADVANCED_FACE('',(#1729),#1512,.T.);
#5864=ADVANCED_FACE('',(#1730),#114,.F.);
#5865=ADVANCED_FACE('',(#1731),#1513,.F.);
#5866=ADVANCED_FACE('',(#1732),#1514,.F.);
#5867=ADVANCED_FACE('',(#1733),#115,.F.);
#5868=ADVANCED_FACE('',(#1734),#1515,.F.);
#5869=ADVANCED_FACE('',(#1735),#116,.F.);
#5870=ADVANCED_FACE('',(#1736),#117,.F.);
#5871=ADVANCED_FACE('',(#1737),#1516,.F.);
#5872=ADVANCED_FACE('',(#1738),#118,.F.);
#5873=ADVANCED_FACE('',(#1739),#1517,.F.);
#5874=ADVANCED_FACE('',(#1740),#119,.F.);
#5875=ADVANCED_FACE('',(#1741,#44,#45,#46),#120,.F.);
#5876=ADVANCED_FACE('',(#1742),#1518,.F.);
#5877=ADVANCED_FACE('',(#1743),#28,.F.);
#5878=ADVANCED_FACE('',(#1744),#29,.F.);
#5879=ADVANCED_FACE('',(#1745),#1519,.F.);
#5880=ADVANCED_FACE('',(#1746),#1520,.F.);
#5881=ADVANCED_FACE('',(#1747),#30,.T.);
#5882=ADVANCED_FACE('',(#1748),#121,.F.);
#5883=ADVANCED_FACE('',(#1749),#1521,.T.);
#5884=ADVANCED_FACE('',(#1750),#1522,.F.);
#5885=ADVANCED_FACE('',(#1751),#122,.F.);
#5886=ADVANCED_FACE('',(#1752),#5700,.T.);
#5887=ADVANCED_FACE('',(#1753),#123,.F.);
#5888=ADVANCED_FACE('',(#1754),#124,.T.);
#5889=ADVANCED_FACE('',(#1755),#1523,.T.);
#5890=ADVANCED_FACE('',(#1756),#125,.F.);
#5891=ADVANCED_FACE('',(#1757),#1524,.T.);
#5892=ADVANCED_FACE('',(#1758),#1525,.F.);
#5893=ADVANCED_FACE('',(#1759),#1526,.T.);
#5894=ADVANCED_FACE('',(#1760),#1527,.F.);
#5895=ADVANCED_FACE('',(#1761),#126,.F.);
#5896=ADVANCED_FACE('',(#1762),#127,.F.);
#5897=ADVANCED_FACE('',(#1763),#1528,.F.);
#5898=ADVANCED_FACE('',(#1764),#5701,.F.);
#5899=ADVANCED_FACE('',(#1765),#1529,.F.);
#5900=ADVANCED_FACE('',(#1766),#128,.F.);
#5901=ADVANCED_FACE('',(#1767),#1530,.F.);
#5902=ADVANCED_FACE('',(#1768),#1531,.F.);
#5903=ADVANCED_FACE('',(#1769),#129,.F.);
#5904=ADVANCED_FACE('',(#1770),#130,.F.);
#5905=ADVANCED_FACE('',(#1771),#131,.F.);
#5906=ADVANCED_FACE('',(#1772),#132,.F.);
#5907=ADVANCED_FACE('',(#1773),#1532,.T.);
#5908=ADVANCED_FACE('',(#1774),#1533,.F.);
#5909=ADVANCED_FACE('',(#1775,#47),#133,.T.);
#5910=ADVANCED_FACE('',(#1776),#134,.F.);
#5911=ADVANCED_FACE('',(#1777),#135,.F.);
#5912=ADVANCED_FACE('',(#1778),#136,.F.);
#5913=ADVANCED_FACE('',(#1779),#137,.F.);
#5914=ADVANCED_FACE('',(#1780),#138,.F.);
#5915=ADVANCED_FACE('',(#1781,#48),#139,.F.);
#5916=ADVANCED_FACE('',(#1782),#140,.F.);
#5917=ADVANCED_FACE('',(#1783),#1534,.F.);
#5918=ADVANCED_FACE('',(#1784),#141,.F.);
#5919=ADVANCED_FACE('',(#1785),#142,.F.);
#5920=ADVANCED_FACE('',(#1786),#143,.F.);
#5921=ADVANCED_FACE('',(#1787),#144,.F.);
#5922=ADVANCED_FACE('',(#1788),#145,.F.);
#5923=ADVANCED_FACE('',(#1789),#146,.F.);
#5924=ADVANCED_FACE('',(#1790),#147,.F.);
#5925=ADVANCED_FACE('',(#1791),#148,.F.);
#5926=ADVANCED_FACE('',(#1792),#149,.F.);
#5927=ADVANCED_FACE('',(#1793),#150,.F.);
#5928=ADVANCED_FACE('',(#1794),#151,.F.);
#5929=ADVANCED_FACE('',(#1795),#152,.F.);
#5930=ADVANCED_FACE('',(#1796),#153,.F.);
#5931=ADVANCED_FACE('',(#1797),#154,.F.);
#5932=ADVANCED_FACE('',(#1798),#155,.F.);
#5933=ADVANCED_FACE('',(#1799),#156,.F.);
#5934=ADVANCED_FACE('',(#1800),#157,.F.);
#5935=ADVANCED_FACE('',(#1801),#158,.F.);
#5936=ADVANCED_FACE('',(#1802),#159,.F.);
#5937=ADVANCED_FACE('',(#1803,#49),#160,.T.);
#5938=ADVANCED_FACE('',(#1804),#1535,.F.);
#5939=ADVANCED_FACE('',(#1805),#161,.F.);
#5940=ADVANCED_FACE('',(#1806),#162,.F.);
#5941=ADVANCED_FACE('',(#1807),#163,.F.);
#5942=ADVANCED_FACE('',(#1808),#1536,.F.);
#5943=ADVANCED_FACE('',(#1809),#164,.F.);
#5944=ADVANCED_FACE('',(#1810),#1537,.T.);
#5945=ADVANCED_FACE('',(#1811),#1538,.T.);
#5946=ADVANCED_FACE('',(#1812),#165,.F.);
#5947=ADVANCED_FACE('',(#1813),#166,.F.);
#5948=ADVANCED_FACE('',(#1814),#167,.F.);
#5949=ADVANCED_FACE('',(#1815),#1539,.T.);
#5950=ADVANCED_FACE('',(#1816),#1540,.T.);
#5951=ADVANCED_FACE('',(#1817),#1541,.T.);
#5952=ADVANCED_FACE('',(#1818),#168,.T.);
#5953=ADVANCED_FACE('',(#1819),#31,.F.);
#5954=ADVANCED_FACE('',(#1820),#1542,.F.);
#5955=ADVANCED_FACE('',(#1821),#169,.T.);
#5956=ADVANCED_FACE('',(#1822),#1543,.T.);
#5957=ADVANCED_FACE('',(#1823),#170,.T.);
#5958=ADVANCED_FACE('',(#1824),#1544,.F.);
#5959=ADVANCED_FACE('',(#1825),#1545,.F.);
#5960=ADVANCED_FACE('',(#1826),#171,.T.);
#5961=ADVANCED_FACE('',(#1827),#1546,.F.);
#5962=ADVANCED_FACE('',(#1828),#172,.T.);
#5963=ADVANCED_FACE('',(#1829),#173,.T.);
#5964=ADVANCED_FACE('',(#1830),#1547,.F.);
#5965=ADVANCED_FACE('',(#1831),#174,.T.);
#5966=ADVANCED_FACE('',(#1832),#1548,.F.);
#5967=ADVANCED_FACE('',(#1833),#175,.T.);
#5968=ADVANCED_FACE('',(#1834,#50,#51,#52),#176,.T.);
#5969=ADVANCED_FACE('',(#1835),#1549,.F.);
#5970=ADVANCED_FACE('',(#1836),#32,.T.);
#5971=ADVANCED_FACE('',(#1837),#33,.T.);
#5972=ADVANCED_FACE('',(#1838),#1550,.F.);
#5973=ADVANCED_FACE('',(#1839),#1551,.F.);
#5974=ADVANCED_FACE('',(#1840),#34,.F.);
#5975=ADVANCED_FACE('',(#1841),#177,.T.);
#5976=ADVANCED_FACE('',(#1842),#1552,.T.);
#5977=ADVANCED_FACE('',(#1843),#1553,.F.);
#5978=ADVANCED_FACE('',(#1844),#178,.T.);
#5979=ADVANCED_FACE('',(#1845),#5702,.T.);
#5980=ADVANCED_FACE('',(#1846),#179,.T.);
#5981=ADVANCED_FACE('',(#1847),#1554,.T.);
#5982=ADVANCED_FACE('',(#1848),#180,.T.);
#5983=ADVANCED_FACE('',(#1849),#1555,.T.);
#5984=ADVANCED_FACE('',(#1850),#1556,.F.);
#5985=ADVANCED_FACE('',(#1851),#1557,.T.);
#5986=ADVANCED_FACE('',(#1852),#1558,.F.);
#5987=ADVANCED_FACE('',(#1853),#181,.T.);
#5988=ADVANCED_FACE('',(#1854),#182,.T.);
#5989=ADVANCED_FACE('',(#1855),#1559,.F.);
#5990=ADVANCED_FACE('',(#1856),#5703,.F.);
#5991=ADVANCED_FACE('',(#1857),#1560,.F.);
#5992=ADVANCED_FACE('',(#1858),#183,.T.);
#5993=ADVANCED_FACE('',(#1859),#1561,.F.);
#5994=ADVANCED_FACE('',(#1860),#1562,.F.);
#5995=ADVANCED_FACE('',(#1861),#184,.T.);
#5996=ADVANCED_FACE('',(#1862),#185,.T.);
#5997=ADVANCED_FACE('',(#1863),#186,.T.);
#5998=ADVANCED_FACE('',(#1864),#187,.T.);
#5999=ADVANCED_FACE('',(#1865),#1563,.T.);
#6000=ADVANCED_FACE('',(#1866),#1564,.F.);
#6001=ADVANCED_FACE('',(#1867,#53),#188,.F.);
#6002=ADVANCED_FACE('',(#1868),#189,.T.);
#6003=ADVANCED_FACE('',(#1869),#190,.T.);
#6004=ADVANCED_FACE('',(#1870),#191,.T.);
#6005=ADVANCED_FACE('',(#1871),#192,.T.);
#6006=ADVANCED_FACE('',(#1872),#193,.T.);
#6007=ADVANCED_FACE('',(#1873,#54),#194,.T.);
#6008=ADVANCED_FACE('',(#1874),#195,.T.);
#6009=ADVANCED_FACE('',(#1875),#1565,.F.);
#6010=ADVANCED_FACE('',(#1876),#196,.T.);
#6011=ADVANCED_FACE('',(#1877),#197,.T.);
#6012=ADVANCED_FACE('',(#1878),#198,.T.);
#6013=ADVANCED_FACE('',(#1879),#199,.T.);
#6014=ADVANCED_FACE('',(#1880),#200,.T.);
#6015=ADVANCED_FACE('',(#1881),#201,.T.);
#6016=ADVANCED_FACE('',(#1882),#202,.T.);
#6017=ADVANCED_FACE('',(#1883),#203,.T.);
#6018=ADVANCED_FACE('',(#1884),#204,.T.);
#6019=ADVANCED_FACE('',(#1885),#205,.T.);
#6020=ADVANCED_FACE('',(#1886),#206,.T.);
#6021=ADVANCED_FACE('',(#1887),#207,.T.);
#6022=ADVANCED_FACE('',(#1888),#208,.T.);
#6023=ADVANCED_FACE('',(#1889),#209,.T.);
#6024=ADVANCED_FACE('',(#1890),#210,.T.);
#6025=ADVANCED_FACE('',(#1891),#211,.T.);
#6026=ADVANCED_FACE('',(#1892),#212,.T.);
#6027=ADVANCED_FACE('',(#1893),#213,.T.);
#6028=ADVANCED_FACE('',(#1894),#214,.T.);
#6029=ADVANCED_FACE('',(#1895,#55),#215,.F.);
#6030=ADVANCED_FACE('',(#1896),#1566,.F.);
#6031=ADVANCED_FACE('',(#1897),#216,.T.);
#6032=ADVANCED_FACE('',(#1898),#217,.T.);
#6033=ADVANCED_FACE('',(#1899),#218,.T.);
#6034=ADVANCED_FACE('',(#1900),#1567,.F.);
#6035=ADVANCED_FACE('',(#1901),#219,.T.);
#6036=ADVANCED_FACE('',(#1902),#1568,.T.);
#6037=ADVANCED_FACE('',(#1903),#220,.T.);
#6038=ADVANCED_FACE('',(#1904),#1569,.T.);
#6039=ADVANCED_FACE('',(#1905),#221,.T.);
#6040=ADVANCED_FACE('',(#1906),#222,.T.);
#6041=CLOSED_SHELL('',(#5704,#5705,#5706,#5707,#5708,#5709,#5710,#5711,
#5712,#5713,#5714,#5715,#5716,#5717,#5718,#5719,#5720,#5721,#5722,#5723,
#5724,#5725,#5726,#5727,#5728,#5729,#5730,#5731,#5732,#5733,#5734,#5735,
#5736,#5737,#5738,#5739,#5740,#5741,#5742,#5743,#5744,#5745,#5746,#5747,
#5748,#5749,#5750,#5751,#5752,#5753,#5754,#5755,#5756,#5757,#5758,#5759,
#5760,#5761,#5762,#5763,#5764,#5765,#5766,#5767,#5768,#5769,#5770,#5771,
#5772,#5773,#5774,#5775,#5776,#5777,#5778,#5779,#5780,#5781,#5782,#5783,
#5784,#5785,#5786,#5787,#5788,#5789,#5790,#5791,#5792,#5793,#5794,#5795,
#5796,#5797,#5798,#5799,#5800,#5801,#5802,#5803,#5804,#5805,#5806,#5807,
#5808,#5809,#5810,#5811,#5812,#5813,#5814,#5815,#5816,#5817,#5818,#5819,
#5820,#5821,#5822,#5823,#5824,#5825,#5826,#5827,#5828,#5829,#5830,#5831,
#5832,#5833,#5834,#5835,#5836,#5837,#5838,#5839,#5840,#5841,#5842,#5843,
#5844,#5845,#5846,#5847,#5848,#5849,#5850,#5851,#5852,#5853,#5854,#5855,
#5856,#5857,#5858,#5859,#5860,#5861,#5862,#5863,#5864,#5865,#5866,#5867,
#5868,#5869,#5870,#5871,#5872,#5873,#5874,#5875,#5876,#5877,#5878,#5879,
#5880,#5881,#5882,#5883,#5884,#5885,#5886,#5887,#5888,#5889,#5890,#5891,
#5892,#5893,#5894,#5895,#5896,#5897,#5898,#5899,#5900,#5901,#5902,#5903,
#5904,#5905,#5906,#5907,#5908,#5909,#5910,#5911,#5912,#5913,#5914,#5915,
#5916,#5917,#5918,#5919,#5920,#5921,#5922,#5923,#5924,#5925,#5926,#5927,
#5928,#5929,#5930,#5931,#5932,#5933,#5934,#5935,#5936,#5937,#5938,#5939,
#5940,#5941,#5942,#5943,#5944,#5945,#5946,#5947,#5948,#5949,#5950,#5951,
#5952,#5953,#5954,#5955,#5956,#5957,#5958,#5959,#5960,#5961,#5962,#5963,
#5964,#5965,#5966,#5967,#5968,#5969,#5970,#5971,#5972,#5973,#5974,#5975,
#5976,#5977,#5978,#5979,#5980,#5981,#5982,#5983,#5984,#5985,#5986,#5987,
#5988,#5989,#5990,#5991,#5992,#5993,#5994,#5995,#5996,#5997,#5998,#5999,
#6000,#6001,#6002,#6003,#6004,#6005,#6006,#6007,#6008,#6009,#6010,#6011,
#6012,#6013,#6014,#6015,#6016,#6017,#6018,#6019,#6020,#6021,#6022,#6023,
#6024,#6025,#6026,#6027,#6028,#6029,#6030,#6031,#6032,#6033,#6034,#6035,
#6036,#6037,#6038,#6039,#6040));
#6042=DERIVED_UNIT_ELEMENT(#6044,1.);
#6043=DERIVED_UNIT_ELEMENT(#11445,-3.);
#6044=(
MASS_UNIT()
NAMED_UNIT(*)
SI_UNIT(.KILO.,.GRAM.)
);
#6045=DERIVED_UNIT((#6042,#6043));
#6046=MEASURE_REPRESENTATION_ITEM('density measure',
POSITIVE_RATIO_MEASURE(7850.),#6045);
#6047=PROPERTY_DEFINITION_REPRESENTATION(#6052,#6049);
#6048=PROPERTY_DEFINITION_REPRESENTATION(#6053,#6050);
#6049=REPRESENTATION('material name',(#6051),#11442);
#6050=REPRESENTATION('density',(#6046),#11442);
#6051=DESCRIPTIVE_REPRESENTATION_ITEM('Stahl','Stahl');
#6052=PROPERTY_DEFINITION('material property','material name',#11452);
#6053=PROPERTY_DEFINITION('material property','density of part',#11452);
#6054=AXIS2_PLACEMENT_3D('',#8382,#6640,#6641);
#6055=AXIS2_PLACEMENT_3D('',#8383,#6642,#6643);
#6056=AXIS2_PLACEMENT_3D('',#8397,#6644,#6645);
#6057=AXIS2_PLACEMENT_3D('',#8399,#6646,#6647);
#6058=AXIS2_PLACEMENT_3D('',#8400,#6648,#6649);
#6059=AXIS2_PLACEMENT_3D('',#8401,#6650,#6651);
#6060=AXIS2_PLACEMENT_3D('',#8404,#6652,#6653);
#6061=AXIS2_PLACEMENT_3D('',#8407,#6656,#6657);
#6062=AXIS2_PLACEMENT_3D('',#8410,#6658,#6659);
#6063=AXIS2_PLACEMENT_3D('',#8411,#6660,#6661);
#6064=AXIS2_PLACEMENT_3D('',#8412,#6662,#6663);
#6065=AXIS2_PLACEMENT_3D('',#8413,#6664,#6665);
#6066=AXIS2_PLACEMENT_3D('',#8418,#6668,#6669);
#6067=AXIS2_PLACEMENT_3D('',#8419,#6670,#6671);
#6068=AXIS2_PLACEMENT_3D('',#8423,#6673,#6674);
#6069=AXIS2_PLACEMENT_3D('',#8425,#6676,#6677);
#6070=AXIS2_PLACEMENT_3D('',#8429,#6679,#6680);
#6071=AXIS2_PLACEMENT_3D('',#8431,#6682,#6683);
#6072=AXIS2_PLACEMENT_3D('',#8435,#6685,#6686);
#6073=AXIS2_PLACEMENT_3D('',#8437,#6688,#6689);
#6074=AXIS2_PLACEMENT_3D('',#8441,#6691,#6692);
#6075=AXIS2_PLACEMENT_3D('',#8443,#6694,#6695);
#6076=AXIS2_PLACEMENT_3D('',#8446,#6696,#6697);
#6077=AXIS2_PLACEMENT_3D('',#8447,#6698,#6699);
#6078=AXIS2_PLACEMENT_3D('',#8448,#6700,#6701);
#6079=AXIS2_PLACEMENT_3D('',#8449,#6702,#6703);
#6080=AXIS2_PLACEMENT_3D('',#8452,#6704,#6705);
#6081=AXIS2_PLACEMENT_3D('',#8455,#6708,#6709);
#6082=AXIS2_PLACEMENT_3D('',#8458,#6710,#6711);
#6083=AXIS2_PLACEMENT_3D('',#8459,#6712,#6713);
#6084=AXIS2_PLACEMENT_3D('',#8460,#6714,#6715);
#6085=AXIS2_PLACEMENT_3D('',#8461,#6716,#6717);
#6086=AXIS2_PLACEMENT_3D('',#8464,#6718,#6719);
#6087=AXIS2_PLACEMENT_3D('',#8467,#6722,#6723);
#6088=AXIS2_PLACEMENT_3D('',#8471,#6725,#6726);
#6089=AXIS2_PLACEMENT_3D('',#8473,#6728,#6729);
#6090=AXIS2_PLACEMENT_3D('',#8482,#6732,#6733);
#6091=AXIS2_PLACEMENT_3D('',#8485,#6735,#6736);
#6092=AXIS2_PLACEMENT_3D('',#8486,#6737,#6738);
#6093=AXIS2_PLACEMENT_3D('',#8490,#6741,#6742);
#6094=AXIS2_PLACEMENT_3D('',#8494,#6745,#6746);
#6095=AXIS2_PLACEMENT_3D('',#8498,#6749,#6750);
#6096=AXIS2_PLACEMENT_3D('',#8502,#6753,#6754);
#6097=AXIS2_PLACEMENT_3D('',#8506,#6757,#6758);
#6098=AXIS2_PLACEMENT_3D('',#8509,#6760,#6761);
#6099=AXIS2_PLACEMENT_3D('',#8510,#6762,#6763);
#6100=AXIS2_PLACEMENT_3D('',#8514,#6766,#6767);
#6101=AXIS2_PLACEMENT_3D('',#8517,#6769,#6770);
#6102=AXIS2_PLACEMENT_3D('',#8518,#6771,#6772);
#6103=AXIS2_PLACEMENT_3D('',#8522,#6775,#6776);
#6104=AXIS2_PLACEMENT_3D('',#8532,#6781,#6782);
#6105=AXIS2_PLACEMENT_3D('',#8536,#6784,#6785);
#6106=AXIS2_PLACEMENT_3D('',#8538,#6786,#6787);
#6107=AXIS2_PLACEMENT_3D('',#8542,#6789,#6790);
#6108=AXIS2_PLACEMENT_3D('',#8544,#6791,#6792);
#6109=AXIS2_PLACEMENT_3D('',#8546,#6793,#6794);
#6110=AXIS2_PLACEMENT_3D('',#8550,#6796,#6797);
#6111=AXIS2_PLACEMENT_3D('',#8558,#6801,#6802);
#6112=AXIS2_PLACEMENT_3D('',#8562,#6804,#6805);
#6113=AXIS2_PLACEMENT_3D('',#8564,#6806,#6807);
#6114=AXIS2_PLACEMENT_3D('',#8566,#6808,#6809);
#6115=AXIS2_PLACEMENT_3D('',#8570,#6811,#6812);
#6116=AXIS2_PLACEMENT_3D('',#8572,#6813,#6814);
#6117=AXIS2_PLACEMENT_3D('',#8576,#6816,#6817);
#6118=AXIS2_PLACEMENT_3D('',#8586,#6822,#6823);
#6119=AXIS2_PLACEMENT_3D('',#8590,#6825,#6826);
#6120=AXIS2_PLACEMENT_3D('',#8593,#6828,#6829);
#6121=AXIS2_PLACEMENT_3D('',#8595,#6830,#6831);
#6122=AXIS2_PLACEMENT_3D('',#8597,#6832,#6833);
#6123=AXIS2_PLACEMENT_3D('',#8599,#6834,#6835);
#6124=AXIS2_PLACEMENT_3D('',#8601,#6836,#6837);
#6125=AXIS2_PLACEMENT_3D('',#8602,#6838,#6839);
#6126=AXIS2_PLACEMENT_3D('',#8607,#6841,#6842);
#6127=AXIS2_PLACEMENT_3D('',#8610,#6844,#6845);
#6128=AXIS2_PLACEMENT_3D('',#8611,#6846,#6847);
#6129=AXIS2_PLACEMENT_3D('',#8615,#6849,#6850);
#6130=AXIS2_PLACEMENT_3D('',#8617,#6852,#6853);
#6131=AXIS2_PLACEMENT_3D('',#8620,#6854,#6855);
#6132=AXIS2_PLACEMENT_3D('',#8621,#6856,#6857);
#6133=AXIS2_PLACEMENT_3D('',#8622,#6858,#6859);
#6134=AXIS2_PLACEMENT_3D('',#8623,#6860,#6861);
#6135=AXIS2_PLACEMENT_3D('',#8626,#6862,#6863);
#6136=AXIS2_PLACEMENT_3D('',#8629,#6866,#6867);
#6137=AXIS2_PLACEMENT_3D('',#8632,#6868,#6869);
#6138=AXIS2_PLACEMENT_3D('',#8633,#6870,#6871);
#6139=AXIS2_PLACEMENT_3D('',#8634,#6872,#6873);
#6140=AXIS2_PLACEMENT_3D('',#8635,#6874,#6875);
#6141=AXIS2_PLACEMENT_3D('',#8640,#6878,#6879);
#6142=AXIS2_PLACEMENT_3D('',#8641,#6880,#6881);
#6143=AXIS2_PLACEMENT_3D('',#8646,#6884,#6885);
#6144=AXIS2_PLACEMENT_3D('',#8647,#6886,#6887);
#6145=AXIS2_PLACEMENT_3D('',#8650,#6890,#6891);
#6146=AXIS2_PLACEMENT_3D('',#8654,#6893,#6894);
#6147=AXIS2_PLACEMENT_3D('',#8656,#6896,#6897);
#6148=AXIS2_PLACEMENT_3D('',#8659,#6898,#6899);
#6149=AXIS2_PLACEMENT_3D('',#8660,#6900,#6901);
#6150=AXIS2_PLACEMENT_3D('',#8661,#6902,#6903);
#6151=AXIS2_PLACEMENT_3D('',#8662,#6904,#6905);
#6152=AXIS2_PLACEMENT_3D('',#8665,#6906,#6907);
#6153=AXIS2_PLACEMENT_3D('',#8668,#6910,#6911);
#6154=AXIS2_PLACEMENT_3D('',#8681,#6912,#6913);
#6155=AXIS2_PLACEMENT_3D('',#8682,#6914,#6915);
#6156=AXIS2_PLACEMENT_3D('',#8683,#6916,#6917);
#6157=AXIS2_PLACEMENT_3D('',#8685,#6919,#6920);
#6158=AXIS2_PLACEMENT_3D('',#8689,#6923,#6924);
#6159=AXIS2_PLACEMENT_3D('',#8691,#6926,#6927);
#6160=AXIS2_PLACEMENT_3D('',#8697,#6931,#6932);
#6161=AXIS2_PLACEMENT_3D('',#8701,#6935,#6936);
#6162=AXIS2_PLACEMENT_3D('',#8705,#6939,#6940);
#6163=AXIS2_PLACEMENT_3D('',#8709,#6943,#6944);
#6164=AXIS2_PLACEMENT_3D('',#8712,#6946,#6947);
#6165=AXIS2_PLACEMENT_3D('',#8713,#6948,#6949);
#6166=AXIS2_PLACEMENT_3D('',#8722,#6952,#6953);
#6167=AXIS2_PLACEMENT_3D('',#8725,#6955,#6956);
#6168=AXIS2_PLACEMENT_3D('',#8726,#6957,#6958);
#6169=AXIS2_PLACEMENT_3D('',#8729,#6960,#6961);
#6170=AXIS2_PLACEMENT_3D('',#8730,#6962,#6963);
#6171=AXIS2_PLACEMENT_3D('',#8731,#6964,#6965);
#6172=AXIS2_PLACEMENT_3D('',#8734,#6967,#6968);
#6173=AXIS2_PLACEMENT_3D('',#8735,#6969,#6970);
#6174=AXIS2_PLACEMENT_3D('',#8736,#6971,#6972);
#6175=AXIS2_PLACEMENT_3D('',#8738,#6973,#6974);
#6176=AXIS2_PLACEMENT_3D('',#8741,#6976,#6977);
#6177=AXIS2_PLACEMENT_3D('',#8742,#6978,#6979);
#6178=AXIS2_PLACEMENT_3D('',#8744,#6980,#6981);
#6179=AXIS2_PLACEMENT_3D('',#8745,#6982,#6983);
#6180=AXIS2_PLACEMENT_3D('',#8746,#6984,#6985);
#6181=AXIS2_PLACEMENT_3D('',#8748,#6986,#6987);
#6182=AXIS2_PLACEMENT_3D('',#8750,#6989,#6990);
#6183=AXIS2_PLACEMENT_3D('',#8752,#6991,#6992);
#6184=AXIS2_PLACEMENT_3D('',#8753,#6993,#6994);
#6185=AXIS2_PLACEMENT_3D('',#8754,#6995,#6996);
#6186=AXIS2_PLACEMENT_3D('',#8756,#6998,#6999);
#6187=AXIS2_PLACEMENT_3D('',#8759,#7001,#7002);
#6188=AXIS2_PLACEMENT_3D('',#8760,#7003,#7004);
#6189=AXIS2_PLACEMENT_3D('',#8763,#7006,#7007);
#6190=AXIS2_PLACEMENT_3D('',#8764,#7008,#7009);
#6191=AXIS2_PLACEMENT_3D('',#8767,#7011,#7012);
#6192=AXIS2_PLACEMENT_3D('',#8768,#7013,#7014);
#6193=AXIS2_PLACEMENT_3D('',#8770,#7015,#7016);
#6194=AXIS2_PLACEMENT_3D('',#8771,#7017,#7018);
#6195=AXIS2_PLACEMENT_3D('',#8772,#7019,#7020);
#6196=AXIS2_PLACEMENT_3D('',#8774,#7022,#7023);
#6197=AXIS2_PLACEMENT_3D('',#8776,#7024,#7025);
#6198=AXIS2_PLACEMENT_3D('',#8779,#7027,#7028);
#6199=AXIS2_PLACEMENT_3D('',#8780,#7029,#7030);
#6200=AXIS2_PLACEMENT_3D('',#8783,#7032,#7033);
#6201=AXIS2_PLACEMENT_3D('',#8784,#7034,#7035);
#6202=AXIS2_PLACEMENT_3D('',#8787,#7037,#7038);
#6203=AXIS2_PLACEMENT_3D('',#8788,#7039,#7040);
#6204=AXIS2_PLACEMENT_3D('',#8791,#7042,#7043);
#6205=AXIS2_PLACEMENT_3D('',#8792,#7044,#7045);
#6206=AXIS2_PLACEMENT_3D('',#8794,#7046,#7047);
#6207=AXIS2_PLACEMENT_3D('',#8796,#7049,#7050);
#6208=AXIS2_PLACEMENT_3D('',#8799,#7051,#7052);
#6209=AXIS2_PLACEMENT_3D('',#8800,#7053,#7054);
#6210=AXIS2_PLACEMENT_3D('',#8801,#7055,#7056);
#6211=AXIS2_PLACEMENT_3D('',#8802,#7057,#7058);
#6212=AXIS2_PLACEMENT_3D('',#8805,#7059,#7060);
#6213=AXIS2_PLACEMENT_3D('',#8808,#7063,#7064);
#6214=AXIS2_PLACEMENT_3D('',#8811,#7065,#7066);
#6215=AXIS2_PLACEMENT_3D('',#8812,#7067,#7068);
#6216=AXIS2_PLACEMENT_3D('',#8813,#7069,#7070);
#6217=AXIS2_PLACEMENT_3D('',#8814,#7071,#7072);
#6218=AXIS2_PLACEMENT_3D('',#8817,#7075,#7076);
#6219=AXIS2_PLACEMENT_3D('',#8818,#7077,#7078);
#6220=AXIS2_PLACEMENT_3D('',#8819,#7079,#7080);
#6221=AXIS2_PLACEMENT_3D('',#8821,#7082,#7083);
#6222=AXIS2_PLACEMENT_3D('',#8823,#7085,#7086);
#6223=AXIS2_PLACEMENT_3D('',#8825,#7088,#7089);
#6224=AXIS2_PLACEMENT_3D('',#8826,#7090,#7091);
#6225=AXIS2_PLACEMENT_3D('',#8831,#7093,#7094);
#6226=AXIS2_PLACEMENT_3D('',#8837,#7098,#7099);
#6227=AXIS2_PLACEMENT_3D('',#8843,#7103,#7104);
#6228=AXIS2_PLACEMENT_3D('',#8848,#7108,#7109);
#6229=AXIS2_PLACEMENT_3D('',#8849,#7110,#7111);
#6230=AXIS2_PLACEMENT_3D('',#8851,#7112,#7113);
#6231=AXIS2_PLACEMENT_3D('',#8854,#7115,#7116);
#6232=AXIS2_PLACEMENT_3D('',#8855,#7117,#7118);
#6233=AXIS2_PLACEMENT_3D('',#8861,#7122,#7123);
#6234=AXIS2_PLACEMENT_3D('',#8863,#7124,#7125);
#6235=AXIS2_PLACEMENT_3D('',#8866,#7127,#7128);
#6236=AXIS2_PLACEMENT_3D('',#8867,#7129,#7130);
#6237=AXIS2_PLACEMENT_3D('',#8873,#7134,#7135);
#6238=AXIS2_PLACEMENT_3D('',#8876,#7138,#7139);
#6239=AXIS2_PLACEMENT_3D('',#8878,#7140,#7141);
#6240=AXIS2_PLACEMENT_3D('',#8882,#7143,#7144);
#6241=AXIS2_PLACEMENT_3D('',#8884,#7146,#7147);
#6242=AXIS2_PLACEMENT_3D('',#8890,#7151,#7152);
#6243=AXIS2_PLACEMENT_3D('',#8894,#7155,#7156);
#6244=AXIS2_PLACEMENT_3D('',#8898,#7158,#7159);
#6245=AXIS2_PLACEMENT_3D('',#8899,#7160,#7161);
#6246=AXIS2_PLACEMENT_3D('',#8900,#7162,#7163);
#6247=AXIS2_PLACEMENT_3D('',#8904,#7165,#7166);
#6248=AXIS2_PLACEMENT_3D('',#8908,#7168,#7169);
#6249=AXIS2_PLACEMENT_3D('',#8927,#7172,#7173);
#6250=AXIS2_PLACEMENT_3D('',#8937,#7178,#7179);
#6251=AXIS2_PLACEMENT_3D('',#8941,#7181,#7182);
#6252=AXIS2_PLACEMENT_3D('',#8951,#7187,#7188);
#6253=AXIS2_PLACEMENT_3D('',#9323,#7195,#7196);
#6254=AXIS2_PLACEMENT_3D('',#9325,#7198,#7199);
#6255=AXIS2_PLACEMENT_3D('',#9331,#7203,#7204);
#6256=AXIS2_PLACEMENT_3D('',#9337,#7208,#7209);
#6257=AXIS2_PLACEMENT_3D('',#9343,#7213,#7214);
#6258=AXIS2_PLACEMENT_3D('',#9349,#7217,#7218);
#6259=AXIS2_PLACEMENT_3D('',#9351,#7220,#7221);
#6260=AXIS2_PLACEMENT_3D('',#9354,#7223,#7224);
#6261=AXIS2_PLACEMENT_3D('',#9355,#7225,#7226);
#6262=AXIS2_PLACEMENT_3D('',#9359,#7229,#7230);
#6263=AXIS2_PLACEMENT_3D('',#9361,#7232,#7233);
#6264=AXIS2_PLACEMENT_3D('',#9362,#7234,#7235);
#6265=AXIS2_PLACEMENT_3D('',#9363,#7236,#7237);
#6266=AXIS2_PLACEMENT_3D('',#9367,#7239,#7240);
#6267=AXIS2_PLACEMENT_3D('',#9368,#7241,#7242);
#6268=AXIS2_PLACEMENT_3D('',#9369,#7243,#7244);
#6269=AXIS2_PLACEMENT_3D('',#9373,#7247,#7248);
#6270=AXIS2_PLACEMENT_3D('',#9375,#7249,#7250);
#6271=AXIS2_PLACEMENT_3D('',#9379,#7253,#7254);
#6272=AXIS2_PLACEMENT_3D('',#9383,#7256,#7257);
#6273=AXIS2_PLACEMENT_3D('',#9385,#7259,#7260);
#6274=AXIS2_PLACEMENT_3D('',#9398,#7262,#7263);
#6275=AXIS2_PLACEMENT_3D('',#9411,#7268,#7269);
#6276=AXIS2_PLACEMENT_3D('',#9414,#7270,#7271);
#6277=AXIS2_PLACEMENT_3D('',#9418,#7273,#7274);
#6278=AXIS2_PLACEMENT_3D('',#9424,#7278,#7279);
#6279=AXIS2_PLACEMENT_3D('',#9428,#7281,#7282);
#6280=AXIS2_PLACEMENT_3D('',#9432,#7284,#7285);
#6281=AXIS2_PLACEMENT_3D('',#9436,#7287,#7288);
#6282=AXIS2_PLACEMENT_3D('',#9440,#7290,#7291);
#6283=AXIS2_PLACEMENT_3D('',#9444,#7293,#7294);
#6284=AXIS2_PLACEMENT_3D('',#9448,#7296,#7297);
#6285=AXIS2_PLACEMENT_3D('',#9450,#7299,#7300);
#6286=AXIS2_PLACEMENT_3D('',#9456,#7304,#7305);
#6287=AXIS2_PLACEMENT_3D('',#9459,#7307,#7308);
#6288=AXIS2_PLACEMENT_3D('',#9586,#7309,#7310);
#6289=AXIS2_PLACEMENT_3D('',#9588,#7311,#7312);
#6290=AXIS2_PLACEMENT_3D('',#9593,#7313,#7314);
#6291=AXIS2_PLACEMENT_3D('',#9701,#7316,#7317);
#6292=AXIS2_PLACEMENT_3D('',#9734,#7318,#7319);
#6293=AXIS2_PLACEMENT_3D('',#9735,#7320,#7321);
#6294=AXIS2_PLACEMENT_3D('',#9744,#7322,#7323);
#6295=AXIS2_PLACEMENT_3D('',#9747,#7324,#7325);
#6296=AXIS2_PLACEMENT_3D('',#9749,#7326,#7327);
#6297=AXIS2_PLACEMENT_3D('',#9750,#7328,#7329);
#6298=AXIS2_PLACEMENT_3D('',#9751,#7330,#7331);
#6299=AXIS2_PLACEMENT_3D('',#9754,#7334,#7335);
#6300=AXIS2_PLACEMENT_3D('',#9757,#7338,#7339);
#6301=AXIS2_PLACEMENT_3D('',#9759,#7340,#7341);
#6302=AXIS2_PLACEMENT_3D('',#9760,#7342,#7343);
#6303=AXIS2_PLACEMENT_3D('',#9761,#7344,#7345);
#6304=AXIS2_PLACEMENT_3D('',#9764,#7348,#7349);
#6305=AXIS2_PLACEMENT_3D('',#9766,#7351,#7352);
#6306=AXIS2_PLACEMENT_3D('',#9768,#7354,#7355);
#6307=AXIS2_PLACEMENT_3D('',#9769,#7356,#7357);
#6308=AXIS2_PLACEMENT_3D('',#9821,#7358,#7359);
#6309=AXIS2_PLACEMENT_3D('',#9832,#7360,#7361);
#6310=AXIS2_PLACEMENT_3D('',#9834,#7362,#7363);
#6311=AXIS2_PLACEMENT_3D('',#9886,#7365,#7366);
#6312=AXIS2_PLACEMENT_3D('',#9897,#7367,#7368);
#6313=AXIS2_PLACEMENT_3D('',#9898,#7369,#7370);
#6314=AXIS2_PLACEMENT_3D('',#9899,#7371,#7372);
#6315=AXIS2_PLACEMENT_3D('',#9900,#7373,#7374);
#6316=AXIS2_PLACEMENT_3D('',#9927,#7375,#7376);
#6317=AXIS2_PLACEMENT_3D('',#9929,#7377,#7378);
#6318=AXIS2_PLACEMENT_3D('',#9930,#7379,#7380);
#6319=AXIS2_PLACEMENT_3D('',#9957,#7381,#7382);
#6320=AXIS2_PLACEMENT_3D('',#9959,#7383,#7384);
#6321=AXIS2_PLACEMENT_3D('',#9960,#7385,#7386);
#6322=AXIS2_PLACEMENT_3D('',#9987,#7387,#7388);
#6323=AXIS2_PLACEMENT_3D('',#9989,#7389,#7390);
#6324=AXIS2_PLACEMENT_3D('',#9990,#7391,#7392);
#6325=AXIS2_PLACEMENT_3D('',#9991,#7393,#7394);
#6326=AXIS2_PLACEMENT_3D('',#9994,#7395,#7396);
#6327=AXIS2_PLACEMENT_3D('',#9996,#7397,#7398);
#6328=AXIS2_PLACEMENT_3D('',#9997,#7399,#7400);
#6329=AXIS2_PLACEMENT_3D('',#9998,#7401,#7402);
#6330=AXIS2_PLACEMENT_3D('',#10004,#7405,#7406);
#6331=AXIS2_PLACEMENT_3D('',#10005,#7407,#7408);
#6332=AXIS2_PLACEMENT_3D('',#10006,#7409,#7410);
#6333=AXIS2_PLACEMENT_3D('',#10035,#7413,#7414);
#6334=AXIS2_PLACEMENT_3D('',#10037,#7415,#7416);
#6335=AXIS2_PLACEMENT_3D('',#10038,#7417,#7418);
#6336=AXIS2_PLACEMENT_3D('',#10039,#7419,#7420);
#6337=AXIS2_PLACEMENT_3D('',#10041,#7422,#7423);
#6338=AXIS2_PLACEMENT_3D('',#10043,#7425,#7426);
#6339=AXIS2_PLACEMENT_3D('',#10046,#7427,#7428);
#6340=AXIS2_PLACEMENT_3D('',#10048,#7429,#7430);
#6341=AXIS2_PLACEMENT_3D('',#10049,#7431,#7432);
#6342=AXIS2_PLACEMENT_3D('',#10050,#7433,#7434);
#6343=AXIS2_PLACEMENT_3D('',#10055,#7437,#7438);
#6344=AXIS2_PLACEMENT_3D('',#10056,#7439,#7440);
#6345=AXIS2_PLACEMENT_3D('',#10059,#7443,#7444);
#6346=AXIS2_PLACEMENT_3D('',#10062,#7447,#7448);
#6347=AXIS2_PLACEMENT_3D('',#10066,#7451,#7452);
#6348=AXIS2_PLACEMENT_3D('',#10067,#7453,#7454);
#6349=AXIS2_PLACEMENT_3D('',#10069,#7456,#7457);
#6350=AXIS2_PLACEMENT_3D('',#10071,#7459,#7460);
#6351=AXIS2_PLACEMENT_3D('',#10074,#7463,#7464);
#6352=AXIS2_PLACEMENT_3D('',#10076,#7466,#7467);
#6353=AXIS2_PLACEMENT_3D('',#10077,#7468,#7469);
#6354=AXIS2_PLACEMENT_3D('',#10078,#7470,#7471);
#6355=AXIS2_PLACEMENT_3D('',#10079,#7472,#7473);
#6356=AXIS2_PLACEMENT_3D('',#10080,#7474,#7475);
#6357=AXIS2_PLACEMENT_3D('',#10083,#7476,#7477);
#6358=AXIS2_PLACEMENT_3D('',#10086,#7480,#7481);
#6359=AXIS2_PLACEMENT_3D('',#10090,#7484,#7485);
#6360=AXIS2_PLACEMENT_3D('',#10092,#7486,#7487);
#6361=AXIS2_PLACEMENT_3D('',#10094,#7489,#7490);
#6362=AXIS2_PLACEMENT_3D('',#10098,#7492,#7493);
#6363=AXIS2_PLACEMENT_3D('',#10101,#7495,#7496);
#6364=AXIS2_PLACEMENT_3D('',#10102,#7497,#7498);
#6365=AXIS2_PLACEMENT_3D('',#10105,#7500,#7501);
#6366=AXIS2_PLACEMENT_3D('',#10106,#7502,#7503);
#6367=AXIS2_PLACEMENT_3D('',#10124,#7505,#7506);
#6368=AXIS2_PLACEMENT_3D('',#10157,#7508,#7509);
#6369=AXIS2_PLACEMENT_3D('',#10158,#7510,#7511);
#6370=AXIS2_PLACEMENT_3D('',#10162,#7513,#7514);
#6371=AXIS2_PLACEMENT_3D('',#10164,#7516,#7517);
#6372=AXIS2_PLACEMENT_3D('',#10168,#7520,#7521);
#6373=AXIS2_PLACEMENT_3D('',#10170,#7522,#7523);
#6374=AXIS2_PLACEMENT_3D('',#10179,#7524,#7525);
#6375=AXIS2_PLACEMENT_3D('',#10187,#7530,#7531);
#6376=AXIS2_PLACEMENT_3D('',#10189,#7532,#7533);
#6377=AXIS2_PLACEMENT_3D('',#10191,#7535,#7536);
#6378=AXIS2_PLACEMENT_3D('',#10194,#7537,#7538);
#6379=AXIS2_PLACEMENT_3D('',#10197,#7541,#7542);
#6380=AXIS2_PLACEMENT_3D('',#10209,#7549,#7550);
#6381=AXIS2_PLACEMENT_3D('',#10212,#7551,#7552);
#6382=AXIS2_PLACEMENT_3D('',#10216,#7554,#7555);
#6383=AXIS2_PLACEMENT_3D('',#10218,#7557,#7558);
#6384=AXIS2_PLACEMENT_3D('',#10226,#7562,#7563);
#6385=AXIS2_PLACEMENT_3D('',#10228,#7565,#7566);
#6386=AXIS2_PLACEMENT_3D('',#10242,#7573,#7574);
#6387=AXIS2_PLACEMENT_3D('',#10243,#7575,#7576);
#6388=AXIS2_PLACEMENT_3D('',#10249,#7580,#7581);
#6389=AXIS2_PLACEMENT_3D('',#10251,#7582,#7583);
#6390=AXIS2_PLACEMENT_3D('',#10253,#7584,#7585);
#6391=AXIS2_PLACEMENT_3D('',#10255,#7587,#7588);
#6392=AXIS2_PLACEMENT_3D('',#10262,#7592,#7593);
#6393=AXIS2_PLACEMENT_3D('',#10263,#7594,#7595);
#6394=AXIS2_PLACEMENT_3D('',#10265,#7596,#7597);
#6395=AXIS2_PLACEMENT_3D('',#10268,#7599,#7600);
#6396=AXIS2_PLACEMENT_3D('',#10269,#7601,#7602);
#6397=AXIS2_PLACEMENT_3D('',#10285,#7611,#7612);
#6398=AXIS2_PLACEMENT_3D('',#10302,#7621,#7622);
#6399=AXIS2_PLACEMENT_3D('',#10308,#7625,#7626);
#6400=AXIS2_PLACEMENT_3D('',#10330,#7638,#7639);
#6401=AXIS2_PLACEMENT_3D('',#10334,#7642,#7643);
#6402=AXIS2_PLACEMENT_3D('',#10335,#7644,#7645);
#6403=AXIS2_PLACEMENT_3D('',#10357,#7646,#7647);
#6404=AXIS2_PLACEMENT_3D('',#10359,#7648,#7649);
#6405=AXIS2_PLACEMENT_3D('',#10360,#7650,#7651);
#6406=AXIS2_PLACEMENT_3D('',#10381,#7652,#7653);
#6407=AXIS2_PLACEMENT_3D('',#10382,#7654,#7655);
#6408=AXIS2_PLACEMENT_3D('',#10383,#7656,#7657);
#6409=AXIS2_PLACEMENT_3D('',#10394,#7659,#7660);
#6410=AXIS2_PLACEMENT_3D('',#10426,#7661,#7662);
#6411=AXIS2_PLACEMENT_3D('',#10485,#7663,#7664);
#6412=AXIS2_PLACEMENT_3D('',#10487,#7665,#7666);
#6413=AXIS2_PLACEMENT_3D('',#10496,#7667,#7668);
#6414=AXIS2_PLACEMENT_3D('',#10499,#7670,#7671);
#6415=AXIS2_PLACEMENT_3D('',#10503,#7674,#7675);
#6416=AXIS2_PLACEMENT_3D('',#10516,#7677,#7678);
#6417=AXIS2_PLACEMENT_3D('',#10518,#7680,#7681);
#6418=AXIS2_PLACEMENT_3D('',#10520,#7682,#7683);
#6419=AXIS2_PLACEMENT_3D('',#10526,#7687,#7688);
#6420=AXIS2_PLACEMENT_3D('',#10543,#7689,#7690);
#6421=AXIS2_PLACEMENT_3D('',#10544,#7691,#7692);
#6422=AXIS2_PLACEMENT_3D('',#10552,#7697,#7698);
#6423=AXIS2_PLACEMENT_3D('',#10555,#7701,#7702);
#6424=AXIS2_PLACEMENT_3D('',#10557,#7703,#7704);
#6425=AXIS2_PLACEMENT_3D('',#10559,#7706,#7707);
#6426=AXIS2_PLACEMENT_3D('',#10563,#7710,#7711);
#6427=AXIS2_PLACEMENT_3D('',#10565,#7713,#7714);
#6428=AXIS2_PLACEMENT_3D('',#10567,#7716,#7717);
#6429=AXIS2_PLACEMENT_3D('',#10569,#7719,#7720);
#6430=AXIS2_PLACEMENT_3D('',#10572,#7721,#7722);
#6431=AXIS2_PLACEMENT_3D('',#10575,#7725,#7726);
#6432=AXIS2_PLACEMENT_3D('',#10581,#7730,#7731);
#6433=AXIS2_PLACEMENT_3D('',#10583,#7733,#7734);
#6434=AXIS2_PLACEMENT_3D('',#10604,#7736,#7737);
#6435=AXIS2_PLACEMENT_3D('',#10605,#7738,#7739);
#6436=AXIS2_PLACEMENT_3D('',#10608,#7740,#7741);
#6437=AXIS2_PLACEMENT_3D('',#10609,#7742,#7743);
#6438=AXIS2_PLACEMENT_3D('',#10610,#7744,#7745);
#6439=AXIS2_PLACEMENT_3D('',#10611,#7746,#7747);
#6440=AXIS2_PLACEMENT_3D('',#10614,#7748,#7749);
#6441=AXIS2_PLACEMENT_3D('',#10617,#7752,#7753);
#6442=AXIS2_PLACEMENT_3D('',#10621,#7757,#7758);
#6443=AXIS2_PLACEMENT_3D('',#10622,#7759,#7760);
#6444=AXIS2_PLACEMENT_3D('',#10625,#7761,#7762);
#6445=AXIS2_PLACEMENT_3D('',#10628,#7764,#7765);
#6446=AXIS2_PLACEMENT_3D('',#10630,#7767,#7768);
#6447=AXIS2_PLACEMENT_3D('',#10636,#7772,#7773);
#6448=AXIS2_PLACEMENT_3D('',#10639,#7776,#7777);
#6449=AXIS2_PLACEMENT_3D('',#10643,#7780,#7781);
#6450=AXIS2_PLACEMENT_3D('',#10653,#7787,#7788);
#6451=AXIS2_PLACEMENT_3D('',#10656,#7790,#7791);
#6452=AXIS2_PLACEMENT_3D('',#10657,#7792,#7793);
#6453=AXIS2_PLACEMENT_3D('',#10660,#7795,#7796);
#6454=AXIS2_PLACEMENT_3D('',#10661,#7797,#7798);
#6455=AXIS2_PLACEMENT_3D('',#10663,#7800,#7801);
#6456=AXIS2_PLACEMENT_3D('',#10670,#7806,#7807);
#6457=AXIS2_PLACEMENT_3D('',#10674,#7810,#7811);
#6458=AXIS2_PLACEMENT_3D('',#10678,#7814,#7815);
#6459=AXIS2_PLACEMENT_3D('',#10682,#7818,#7819);
#6460=AXIS2_PLACEMENT_3D('',#10686,#7822,#7823);
#6461=AXIS2_PLACEMENT_3D('',#10690,#7825,#7826);
#6462=AXIS2_PLACEMENT_3D('',#10694,#7828,#7829);
#6463=AXIS2_PLACEMENT_3D('',#10697,#7831,#7832);
#6464=AXIS2_PLACEMENT_3D('',#10698,#7833,#7834);
#6465=AXIS2_PLACEMENT_3D('',#10700,#7836,#7837);
#6466=AXIS2_PLACEMENT_3D('',#10702,#7839,#7840);
#6467=AXIS2_PLACEMENT_3D('',#10708,#7844,#7845);
#6468=AXIS2_PLACEMENT_3D('',#10714,#7849,#7850);
#6469=AXIS2_PLACEMENT_3D('',#10718,#7853,#7854);
#6470=AXIS2_PLACEMENT_3D('',#10720,#7856,#7857);
#6471=AXIS2_PLACEMENT_3D('',#10722,#7859,#7860);
#6472=AXIS2_PLACEMENT_3D('',#10723,#7861,#7862);
#6473=AXIS2_PLACEMENT_3D('',#10727,#7865,#7866);
#6474=AXIS2_PLACEMENT_3D('',#10729,#7868,#7869);
#6475=AXIS2_PLACEMENT_3D('',#10733,#7872,#7873);
#6476=AXIS2_PLACEMENT_3D('',#10735,#7875,#7876);
#6477=AXIS2_PLACEMENT_3D('',#10737,#7878,#7879);
#6478=AXIS2_PLACEMENT_3D('',#10739,#7881,#7882);
#6479=AXIS2_PLACEMENT_3D('',#10741,#7884,#7885);
#6480=AXIS2_PLACEMENT_3D('',#10742,#7886,#7887);
#6481=AXIS2_PLACEMENT_3D('',#10743,#7888,#7889);
#6482=AXIS2_PLACEMENT_3D('',#10744,#7890,#7891);
#6483=AXIS2_PLACEMENT_3D('',#10745,#7892,#7893);
#6484=AXIS2_PLACEMENT_3D('',#10746,#7894,#7895);
#6485=AXIS2_PLACEMENT_3D('',#10747,#7896,#7897);
#6486=AXIS2_PLACEMENT_3D('',#10749,#7898,#7899);
#6487=AXIS2_PLACEMENT_3D('',#10753,#7901,#7902);
#6488=AXIS2_PLACEMENT_3D('',#10757,#7904,#7905);
#6489=AXIS2_PLACEMENT_3D('',#10762,#7909,#7910);
#6490=AXIS2_PLACEMENT_3D('',#10763,#7911,#7912);
#6491=AXIS2_PLACEMENT_3D('',#10765,#7914,#7915);
#6492=AXIS2_PLACEMENT_3D('',#10766,#7916,#7917);
#6493=AXIS2_PLACEMENT_3D('',#10767,#7918,#7919);
#6494=AXIS2_PLACEMENT_3D('',#10769,#7921,#7922);
#6495=AXIS2_PLACEMENT_3D('',#10771,#7924,#7925);
#6496=AXIS2_PLACEMENT_3D('',#10773,#7927,#7928);
#6497=AXIS2_PLACEMENT_3D('',#10775,#7930,#7931);
#6498=AXIS2_PLACEMENT_3D('',#10777,#7933,#7934);
#6499=AXIS2_PLACEMENT_3D('',#10778,#7935,#7936);
#6500=AXIS2_PLACEMENT_3D('',#10779,#7937,#7938);
#6501=AXIS2_PLACEMENT_3D('',#10780,#7939,#7940);
#6502=AXIS2_PLACEMENT_3D('',#10784,#7942,#7943);
#6503=AXIS2_PLACEMENT_3D('',#10787,#7945,#7946);
#6504=AXIS2_PLACEMENT_3D('',#10788,#7947,#7948);
#6505=AXIS2_PLACEMENT_3D('',#10791,#7950,#7951);
#6506=AXIS2_PLACEMENT_3D('',#10792,#7952,#7953);
#6507=AXIS2_PLACEMENT_3D('',#10810,#7955,#7956);
#6508=AXIS2_PLACEMENT_3D('',#10843,#7958,#7959);
#6509=AXIS2_PLACEMENT_3D('',#10844,#7960,#7961);
#6510=AXIS2_PLACEMENT_3D('',#10847,#7963,#7964);
#6511=AXIS2_PLACEMENT_3D('',#10848,#7965,#7966);
#6512=AXIS2_PLACEMENT_3D('',#10852,#7969,#7970);
#6513=AXIS2_PLACEMENT_3D('',#10862,#7971,#7972);
#6514=AXIS2_PLACEMENT_3D('',#10863,#7973,#7974);
#6515=AXIS2_PLACEMENT_3D('',#10869,#7978,#7979);
#6516=AXIS2_PLACEMENT_3D('',#10872,#7981,#7982);
#6517=AXIS2_PLACEMENT_3D('',#10873,#7983,#7984);
#6518=AXIS2_PLACEMENT_3D('',#10876,#7985,#7986);
#6519=AXIS2_PLACEMENT_3D('',#10879,#7989,#7990);
#6520=AXIS2_PLACEMENT_3D('',#10891,#7997,#7998);
#6521=AXIS2_PLACEMENT_3D('',#10894,#7999,#8000);
#6522=AXIS2_PLACEMENT_3D('',#10898,#8002,#8003);
#6523=AXIS2_PLACEMENT_3D('',#10900,#8005,#8006);
#6524=AXIS2_PLACEMENT_3D('',#10904,#8008,#8009);
#6525=AXIS2_PLACEMENT_3D('',#10910,#8013,#8014);
#6526=AXIS2_PLACEMENT_3D('',#10917,#8018,#8019);
#6527=AXIS2_PLACEMENT_3D('',#10919,#8020,#8021);
#6528=AXIS2_PLACEMENT_3D('',#10931,#8028,#8029);
#6529=AXIS2_PLACEMENT_3D('',#10933,#8030,#8031);
#6530=AXIS2_PLACEMENT_3D('',#10936,#8033,#8034);
#6531=AXIS2_PLACEMENT_3D('',#10937,#8035,#8036);
#6532=AXIS2_PLACEMENT_3D('',#10939,#8037,#8038);
#6533=AXIS2_PLACEMENT_3D('',#10945,#8042,#8043);
#6534=AXIS2_PLACEMENT_3D('',#10947,#8044,#8045);
#6535=AXIS2_PLACEMENT_3D('',#10949,#8046,#8047);
#6536=AXIS2_PLACEMENT_3D('',#10951,#8049,#8050);
#6537=AXIS2_PLACEMENT_3D('',#10967,#8059,#8060);
#6538=AXIS2_PLACEMENT_3D('',#10975,#8065,#8066);
#6539=AXIS2_PLACEMENT_3D('',#10981,#8069,#8070);
#6540=AXIS2_PLACEMENT_3D('',#11015,#8088,#8089);
#6541=AXIS2_PLACEMENT_3D('',#11016,#8090,#8091);
#6542=AXIS2_PLACEMENT_3D('',#11017,#8092,#8093);
#6543=AXIS2_PLACEMENT_3D('',#11039,#8094,#8095);
#6544=AXIS2_PLACEMENT_3D('',#11041,#8096,#8097);
#6545=AXIS2_PLACEMENT_3D('',#11042,#8098,#8099);
#6546=AXIS2_PLACEMENT_3D('',#11063,#8100,#8101);
#6547=AXIS2_PLACEMENT_3D('',#11064,#8102,#8103);
#6548=AXIS2_PLACEMENT_3D('',#11065,#8104,#8105);
#6549=AXIS2_PLACEMENT_3D('',#11099,#8106,#8107);
#6550=AXIS2_PLACEMENT_3D('',#11108,#8109,#8110);
#6551=AXIS2_PLACEMENT_3D('',#11171,#8111,#8112);
#6552=AXIS2_PLACEMENT_3D('',#11173,#8113,#8114);
#6553=AXIS2_PLACEMENT_3D('',#11178,#8115,#8116);
#6554=AXIS2_PLACEMENT_3D('',#11183,#8119,#8120);
#6555=AXIS2_PLACEMENT_3D('',#11185,#8122,#8123);
#6556=AXIS2_PLACEMENT_3D('',#11198,#8125,#8126);
#6557=AXIS2_PLACEMENT_3D('',#11200,#8128,#8129);
#6558=AXIS2_PLACEMENT_3D('',#11207,#8133,#8134);
#6559=AXIS2_PLACEMENT_3D('',#11208,#8135,#8136);
#6560=AXIS2_PLACEMENT_3D('',#11209,#8137,#8138);
#6561=AXIS2_PLACEMENT_3D('',#11210,#8139,#8140);
#6562=AXIS2_PLACEMENT_3D('',#11216,#8144,#8145);
#6563=AXIS2_PLACEMENT_3D('',#11219,#8147,#8148);
#6564=AXIS2_PLACEMENT_3D('',#11220,#8149,#8150);
#6565=AXIS2_PLACEMENT_3D('',#11224,#8153,#8154);
#6566=AXIS2_PLACEMENT_3D('',#11226,#8156,#8157);
#6567=AXIS2_PLACEMENT_3D('',#11228,#8159,#8160);
#6568=AXIS2_PLACEMENT_3D('',#11230,#8162,#8163);
#6569=AXIS2_PLACEMENT_3D('',#11233,#8164,#8165);
#6570=AXIS2_PLACEMENT_3D('',#11236,#8168,#8169);
#6571=AXIS2_PLACEMENT_3D('',#11242,#8173,#8174);
#6572=AXIS2_PLACEMENT_3D('',#11244,#8176,#8177);
#6573=AXIS2_PLACEMENT_3D('',#11263,#8178,#8179);
#6574=AXIS2_PLACEMENT_3D('',#11265,#8181,#8182);
#6575=AXIS2_PLACEMENT_3D('',#11268,#8183,#8184);
#6576=AXIS2_PLACEMENT_3D('',#11269,#8185,#8186);
#6577=AXIS2_PLACEMENT_3D('',#11270,#8187,#8188);
#6578=AXIS2_PLACEMENT_3D('',#11271,#8189,#8190);
#6579=AXIS2_PLACEMENT_3D('',#11274,#8191,#8192);
#6580=AXIS2_PLACEMENT_3D('',#11277,#8195,#8196);
#6581=AXIS2_PLACEMENT_3D('',#11281,#8200,#8201);
#6582=AXIS2_PLACEMENT_3D('',#11282,#8202,#8203);
#6583=AXIS2_PLACEMENT_3D('',#11285,#8204,#8205);
#6584=AXIS2_PLACEMENT_3D('',#11288,#8207,#8208);
#6585=AXIS2_PLACEMENT_3D('',#11290,#8210,#8211);
#6586=AXIS2_PLACEMENT_3D('',#11296,#8215,#8216);
#6587=AXIS2_PLACEMENT_3D('',#11299,#8219,#8220);
#6588=AXIS2_PLACEMENT_3D('',#11303,#8223,#8224);
#6589=AXIS2_PLACEMENT_3D('',#11313,#8230,#8231);
#6590=AXIS2_PLACEMENT_3D('',#11315,#8232,#8233);
#6591=AXIS2_PLACEMENT_3D('',#11317,#8235,#8236);
#6592=AXIS2_PLACEMENT_3D('',#11319,#8237,#8238);
#6593=AXIS2_PLACEMENT_3D('',#11321,#8240,#8241);
#6594=AXIS2_PLACEMENT_3D('',#11323,#8243,#8244);
#6595=AXIS2_PLACEMENT_3D('',#11330,#8249,#8250);
#6596=AXIS2_PLACEMENT_3D('',#11334,#8253,#8254);
#6597=AXIS2_PLACEMENT_3D('',#11338,#8257,#8258);
#6598=AXIS2_PLACEMENT_3D('',#11342,#8261,#8262);
#6599=AXIS2_PLACEMENT_3D('',#11346,#8265,#8266);
#6600=AXIS2_PLACEMENT_3D('',#11350,#8268,#8269);
#6601=AXIS2_PLACEMENT_3D('',#11354,#8271,#8272);
#6602=AXIS2_PLACEMENT_3D('',#11357,#8274,#8275);
#6603=AXIS2_PLACEMENT_3D('',#11358,#8276,#8277);
#6604=AXIS2_PLACEMENT_3D('',#11360,#8279,#8280);
#6605=AXIS2_PLACEMENT_3D('',#11362,#8282,#8283);
#6606=AXIS2_PLACEMENT_3D('',#11368,#8287,#8288);
#6607=AXIS2_PLACEMENT_3D('',#11374,#8292,#8293);
#6608=AXIS2_PLACEMENT_3D('',#11378,#8296,#8297);
#6609=AXIS2_PLACEMENT_3D('',#11380,#8299,#8300);
#6610=AXIS2_PLACEMENT_3D('',#11382,#8302,#8303);
#6611=AXIS2_PLACEMENT_3D('',#11383,#8304,#8305);
#6612=AXIS2_PLACEMENT_3D('',#11387,#8308,#8309);
#6613=AXIS2_PLACEMENT_3D('',#11389,#8311,#8312);
#6614=AXIS2_PLACEMENT_3D('',#11393,#8315,#8316);
#6615=AXIS2_PLACEMENT_3D('',#11395,#8318,#8319);
#6616=AXIS2_PLACEMENT_3D('',#11397,#8321,#8322);
#6617=AXIS2_PLACEMENT_3D('',#11399,#8324,#8325);
#6618=AXIS2_PLACEMENT_3D('',#11401,#8327,#8328);
#6619=AXIS2_PLACEMENT_3D('',#11402,#8329,#8330);
#6620=AXIS2_PLACEMENT_3D('',#11403,#8331,#8332);
#6621=AXIS2_PLACEMENT_3D('',#11404,#8333,#8334);
#6622=AXIS2_PLACEMENT_3D('',#11405,#8335,#8336);
#6623=AXIS2_PLACEMENT_3D('',#11406,#8337,#8338);
#6624=AXIS2_PLACEMENT_3D('',#11407,#8339,#8340);
#6625=AXIS2_PLACEMENT_3D('',#11413,#8344,#8345);
#6626=AXIS2_PLACEMENT_3D('',#11417,#8347,#8348);
#6627=AXIS2_PLACEMENT_3D('',#11420,#8350,#8351);
#6628=AXIS2_PLACEMENT_3D('',#11422,#8352,#8353);
#6629=AXIS2_PLACEMENT_3D('',#11423,#8354,#8355);
#6630=AXIS2_PLACEMENT_3D('',#11425,#8357,#8358);
#6631=AXIS2_PLACEMENT_3D('',#11426,#8359,#8360);
#6632=AXIS2_PLACEMENT_3D('',#11427,#8361,#8362);
#6633=AXIS2_PLACEMENT_3D('',#11429,#8364,#8365);
#6634=AXIS2_PLACEMENT_3D('',#11431,#8367,#8368);
#6635=AXIS2_PLACEMENT_3D('',#11433,#8370,#8371);
#6636=AXIS2_PLACEMENT_3D('',#11435,#8373,#8374);
#6637=AXIS2_PLACEMENT_3D('',#11437,#8376,#8377);
#6638=AXIS2_PLACEMENT_3D('',#11438,#8378,#8379);
#6639=AXIS2_PLACEMENT_3D('',#11439,#8380,#8381);
#6640=DIRECTION('axis',(0.,0.,1.));
#6641=DIRECTION('refdir',(1.,0.,0.));
#6642=DIRECTION('center_axis',(0.,-1.,0.));
#6643=DIRECTION('ref_axis',(0.,0.,-1.));
#6644=DIRECTION('center_axis',(0.,-1.,0.));
#6645=DIRECTION('ref_axis',(-0.923879532511287,0.,-0.382683432365089));
#6646=DIRECTION('center_axis',(-0.707106781186542,0.,0.707106781186553));
#6647=DIRECTION('ref_axis',(0.,-1.,0.));
#6648=DIRECTION('center_axis',(0.,1.,0.));
#6649=DIRECTION('ref_axis',(-0.923879532511287,0.,-0.382683432365089));
#6650=DIRECTION('center_axis',(0.707106781186548,0.,-0.707106781186547));
#6651=DIRECTION('ref_axis',(0.500000000000005,-0.707106781186541,0.500000000000005));
#6652=DIRECTION('center_axis',(-0.707106781186554,0.,0.707106781186541));
#6653=DIRECTION('ref_axis',(0.,-1.,0.));
#6654=DIRECTION('',(-0.707106781186548,0.,0.707106781186547));
#6655=DIRECTION('',(0.707106781186548,0.,-0.707106781186547));
#6656=DIRECTION('center_axis',(0.,1.,0.));
#6657=DIRECTION('ref_axis',(0.,0.,1.));
#6658=DIRECTION('center_axis',(-1.11022302462516E-14,0.,1.));
#6659=DIRECTION('ref_axis',(0.,-1.,0.));
#6660=DIRECTION('center_axis',(0.,-1.,0.));
#6661=DIRECTION('ref_axis',(0.923879532511285,0.,0.382683432365094));
#6662=DIRECTION('center_axis',(0.,1.,0.));
#6663=DIRECTION('ref_axis',(0.923879532511285,0.,0.382683432365094));
#6664=DIRECTION('center_axis',(1.0705640598076E-14,0.,-1.));
#6665=DIRECTION('ref_axis',(0.707106781186554,-0.707106781186541,7.57003106384562E-15));
#6666=DIRECTION('',(-1.0705640598076E-14,0.,1.));
#6667=DIRECTION('',(1.0705640598076E-14,0.,-1.));
#6668=DIRECTION('center_axis',(0.38268343236509,2.05142465794792E-15,0.923879532511287));
#6669=DIRECTION('ref_axis',(-0.923879532511287,-4.95257723140431E-15,0.38268343236509));
#6670=DIRECTION('center_axis',(-0.707106781186544,0.,-0.707106781186551));
#6671=DIRECTION('ref_axis',(0.500000000000011,-0.707106781186536,-0.500000000000006));
#6672=DIRECTION('',(-0.707106781186544,0.,-0.707106781186551));
#6673=DIRECTION('center_axis',(0.923879532511287,0.,0.38268343236509));
#6674=DIRECTION('ref_axis',(-0.38268343236509,0.,0.923879532511287));
#6675=DIRECTION('',(0.707106781186544,0.,0.707106781186551));
#6676=DIRECTION('center_axis',(-1.,0.,0.));
#6677=DIRECTION('ref_axis',(0.,-0.70710678118654,-0.707106781186555));
#6678=DIRECTION('',(-1.,0.,0.));
#6679=DIRECTION('center_axis',(0.923879532511293,9.9051544628089E-15,-0.382683432365076));
#6680=DIRECTION('ref_axis',(0.382683432365076,-2.39131582415146E-14,0.923879532511292));
#6681=DIRECTION('',(1.,0.,0.));
#6682=DIRECTION('center_axis',(-0.707106781186551,0.,0.707106781186544));
#6683=DIRECTION('ref_axis',(-0.499999999999999,-0.707106781186545,-0.500000000000004));
#6684=DIRECTION('',(-0.707106781186551,0.,0.707106781186544));
#6685=DIRECTION('center_axis',(0.382683432365083,1.34748700408648E-15,-0.92387953251129));
#6686=DIRECTION('ref_axis',(0.92387953251129,-3.25312140038695E-15,0.382683432365083));
#6687=DIRECTION('',(0.707106781186551,0.,-0.707106781186544));
#6688=DIRECTION('center_axis',(-1.0705640598076E-14,0.,1.));
#6689=DIRECTION('ref_axis',(-0.707106781186554,-0.707106781186541,-7.57003106384562E-15));
#6690=DIRECTION('',(-1.0705640598076E-14,0.,1.));
#6691=DIRECTION('center_axis',(1.11022302462515E-14,0.,-1.));
#6692=DIRECTION('ref_axis',(0.,-1.,0.));
#6693=DIRECTION('',(1.0705640598076E-14,0.,-1.));
#6694=DIRECTION('center_axis',(0.,-1.,0.));
#6695=DIRECTION('ref_axis',(0.,0.,-1.));
#6696=DIRECTION('center_axis',(0.707106781186549,0.,-0.707106781186546));
#6697=DIRECTION('ref_axis',(0.,-1.,0.));
#6698=DIRECTION('center_axis',(0.,1.,0.));
#6699=DIRECTION('ref_axis',(0.923879532511285,0.,0.382683432365093));
#6700=DIRECTION('center_axis',(0.,-1.,0.));
#6701=DIRECTION('ref_axis',(0.923879532511285,0.,0.382683432365093));
#6702=DIRECTION('center_axis',(-0.707106781186548,0.,0.707106781186547));
#6703=DIRECTION('ref_axis',(-0.500000000000005,-0.707106781186541,-0.500000000000005));
#6704=DIRECTION('center_axis',(0.707106781186545,0.,-0.70710678118655));
#6705=DIRECTION('ref_axis',(0.,-1.,0.));
#6706=DIRECTION('',(0.707106781186548,0.,-0.707106781186547));
#6707=DIRECTION('',(-0.707106781186548,0.,0.707106781186547));
#6708=DIRECTION('center_axis',(0.,1.,0.));
#6709=DIRECTION('ref_axis',(0.,0.,1.));
#6710=DIRECTION('center_axis',(0.,0.,-1.));
#6711=DIRECTION('ref_axis',(0.,-1.,0.));
#6712=DIRECTION('center_axis',(0.,-1.,0.));
#6713=DIRECTION('ref_axis',(-0.923879532511285,0.,-0.382683432365094));
#6714=DIRECTION('center_axis',(0.,1.,0.));
#6715=DIRECTION('ref_axis',(-0.923879532511285,0.,-0.382683432365094));
#6716=DIRECTION('center_axis',(0.,0.,1.));
#6717=DIRECTION('ref_axis',(-0.707106781186554,-0.707106781186541,0.));
#6718=DIRECTION('center_axis',(0.,0.,-1.));
#6719=DIRECTION('ref_axis',(-0.707106781186554,-0.707106781186541,0.));
#6720=DIRECTION('',(0.,0.,-1.));
#6721=DIRECTION('',(0.,0.,1.));
#6722=DIRECTION('center_axis',(-1.24344978758018E-14,1.,0.));
#6723=DIRECTION('ref_axis',(-0.707106781186551,-8.79251776862922E-15,-0.707106781186543));
#6724=DIRECTION('',(1.24344978758018E-14,-1.,0.));
#6725=DIRECTION('center_axis',(0.,-1.,0.));
#6726=DIRECTION('ref_axis',(-0.707106781186551,0.,-0.707106781186543));
#6727=DIRECTION('',(1.24344978758018E-14,-1.,0.));
#6728=DIRECTION('center_axis',(-0.707106781186547,-8.79251776862914E-15,
-0.707106781186548));
#6729=DIRECTION('ref_axis',(0.707106781186548,8.79251776862914E-15,-0.707106781186547));
#6730=DIRECTION('',(1.24344978758018E-14,-1.,0.));
#6731=DIRECTION('',(0.707106781186548,0.,-0.707106781186547));
#6732=DIRECTION('center_axis',(-1.24344978758018E-14,1.,0.));
#6733=DIRECTION('ref_axis',(0.707106781186548,8.79251776862918E-15,0.707106781186547));
#6734=DIRECTION('',(1.24344978758018E-14,-1.,0.));
#6735=DIRECTION('center_axis',(0.,1.,0.));
#6736=DIRECTION('ref_axis',(0.923879532511285,0.,0.382683432365095));
#6737=DIRECTION('center_axis',(-1.,-1.24344978758018E-14,-1.0705640598076E-14));
#6738=DIRECTION('ref_axis',(1.0705640598076E-14,1.33119265275873E-28,-1.));
#6739=DIRECTION('',(1.24344978758018E-14,-1.,0.));
#6740=DIRECTION('',(1.0705640598076E-14,0.,-1.));
#6741=DIRECTION('center_axis',(0.707106781186551,8.79251776862918E-15,-0.707106781186544));
#6742=DIRECTION('ref_axis',(-0.707106781186544,0.,-0.707106781186551));
#6743=DIRECTION('',(-1.24344978758018E-14,1.,0.));
#6744=DIRECTION('',(-0.707106781186544,0.,-0.707106781186551));
#6745=DIRECTION('center_axis',(0.,0.,1.));
#6746=DIRECTION('ref_axis',(-1.,-1.24344978758018E-14,0.));
#6747=DIRECTION('',(1.24344978758018E-14,-1.,0.));
#6748=DIRECTION('',(-1.,0.,0.));
#6749=DIRECTION('center_axis',(-0.707106781186544,-8.7925177686291E-15,
-0.707106781186551));
#6750=DIRECTION('ref_axis',(-0.707106781186551,0.,0.707106781186544));
#6751=DIRECTION('',(-1.24344978758018E-14,1.,0.));
#6752=DIRECTION('',(-0.707106781186551,0.,0.707106781186544));
#6753=DIRECTION('center_axis',(1.,1.24344978758018E-14,1.0705640598076E-14));
#6754=DIRECTION('ref_axis',(-1.0705640598076E-14,-1.33119265275873E-28,
1.));
#6755=DIRECTION('',(1.24344978758018E-14,-1.,0.));
#6756=DIRECTION('',(-1.0705640598076E-14,0.,1.));
#6757=DIRECTION('center_axis',(-1.24344978758018E-14,1.,0.));
#6758=DIRECTION('ref_axis',(0.707106781186548,8.79251776862917E-15,0.707106781186548));
#6759=DIRECTION('',(1.24344978758018E-14,-1.,0.));
#6760=DIRECTION('center_axis',(0.,-1.,0.));
#6761=DIRECTION('ref_axis',(0.923879532511285,0.,0.382683432365095));
#6762=DIRECTION('center_axis',(0.707106781186547,8.79251776862913E-15,0.707106781186548));
#6763=DIRECTION('ref_axis',(-0.707106781186548,-8.79251776862915E-15,0.707106781186547));
#6764=DIRECTION('',(1.24344978758018E-14,-1.,0.));
#6765=DIRECTION('',(-0.707106781186548,0.,0.707106781186547));
#6766=DIRECTION('center_axis',(-1.24344978758018E-14,1.,0.));
#6767=DIRECTION('ref_axis',(-0.707106781186541,-8.79251776862909E-15,-0.707106781186554));
#6768=DIRECTION('',(1.24344978758018E-14,-1.,0.));
#6769=DIRECTION('center_axis',(0.,1.,0.));
#6770=DIRECTION('ref_axis',(-0.923879532511285,0.,-0.382683432365094));
#6771=DIRECTION('center_axis',(1.,1.24344978758018E-14,0.));
#6772=DIRECTION('ref_axis',(0.,0.,1.));
#6773=DIRECTION('',(1.24344978758018E-14,-1.,0.));
#6774=DIRECTION('',(0.,0.,1.));
#6775=DIRECTION('center_axis',(0.,0.,1.));
#6776=DIRECTION('ref_axis',(1.,0.,0.));
#6777=DIRECTION('',(1.,0.,0.));
#6778=DIRECTION('',(1.24344978758018E-14,-1.,0.));
#6779=DIRECTION('',(-1.,0.,0.));
#6780=DIRECTION('',(-1.18423789293236E-14,1.,0.));
#6781=DIRECTION('center_axis',(0.,0.,-1.));
#6782=DIRECTION('ref_axis',(-0.707106781186539,-0.707106781186556,0.));
#6783=DIRECTION('',(-6.76707367389855E-15,1.,0.));
#6784=DIRECTION('center_axis',(0.,0.,1.));
#6785=DIRECTION('ref_axis',(1.,1.18423789293236E-14,0.));
#6786=DIRECTION('center_axis',(0.,0.,-1.));
#6787=DIRECTION('ref_axis',(2.36847578587839E-15,1.,0.));
#6788=DIRECTION('',(-1.,-1.18423789293236E-14,0.));
#6789=DIRECTION('center_axis',(0.,0.,1.));
#6790=DIRECTION('ref_axis',(-0.596284794000066,0.802772971919396,0.));
#6791=DIRECTION('center_axis',(0.,0.,1.));
#6792=DIRECTION('ref_axis',(1.,1.18423789293236E-14,0.));
#6793=DIRECTION('center_axis',(0.,0.,1.));
#6794=DIRECTION('ref_axis',(0.596284794000097,0.802772971919373,0.));
#6795=DIRECTION('',(-1.,-1.18423789293236E-14,0.));
#6796=DIRECTION('center_axis',(0.,0.,-1.));
#6797=DIRECTION('ref_axis',(-0.707106781186514,-0.707106781186581,0.));
#6798=DIRECTION('',(-1.18423789293236E-14,1.,0.));
#6799=DIRECTION('',(1.,0.,0.));
#6800=DIRECTION('',(4.30495302474955E-43,1.,0.));
#6801=DIRECTION('center_axis',(0.,0.,1.));
#6802=DIRECTION('ref_axis',(0.707106781186523,-0.707106781186573,0.));
#6803=DIRECTION('',(1.,0.,0.));
#6804=DIRECTION('center_axis',(0.,0.,-1.));
#6805=DIRECTION('ref_axis',(-0.596284794000106,0.802772971919366,0.));
#6806=DIRECTION('center_axis',(0.,0.,-1.));
#6807=DIRECTION('ref_axis',(-1.,0.,0.));
#6808=DIRECTION('center_axis',(0.,0.,-1.));
#6809=DIRECTION('ref_axis',(0.596284794000057,0.802772971919403,0.));
#6810=DIRECTION('',(1.,0.,0.));
#6811=DIRECTION('center_axis',(0.,0.,1.));
#6812=DIRECTION('ref_axis',(-1.4210854715202E-14,1.,0.));
#6813=DIRECTION('center_axis',(0.,0.,-1.));
#6814=DIRECTION('ref_axis',(-1.,0.,0.));
#6815=DIRECTION('',(-5.07530525542507E-15,1.,0.));
#6816=DIRECTION('center_axis',(0.,0.,1.));
#6817=DIRECTION('ref_axis',(0.707106781186547,-0.707106781186547,0.));
#6818=DIRECTION('',(0.,1.,0.));
#6819=DIRECTION('',(-1.,0.,0.));
#6820=DIRECTION('',(0.,1.,0.));
#6821=DIRECTION('',(1.,0.,0.));
#6822=DIRECTION('center_axis',(0.,0.,-1.));
#6823=DIRECTION('ref_axis',(0.707106781186554,-0.707106781186541,0.));
#6824=DIRECTION('',(0.,-1.,0.));
#6825=DIRECTION('center_axis',(0.,0.,1.));
#6826=DIRECTION('ref_axis',(-0.707106781186541,0.707106781186554,0.));
#6827=DIRECTION('',(1.,0.,0.));
#6828=DIRECTION('center_axis',(0.,0.,1.));
#6829=DIRECTION('ref_axis',(0.707106781186541,0.707106781186554,0.));
#6830=DIRECTION('center_axis',(0.,0.,-1.));
#6831=DIRECTION('ref_axis',(-1.,0.,0.));
#6832=DIRECTION('center_axis',(0.,0.,-1.));
#6833=DIRECTION('ref_axis',(-1.,0.,0.));
#6834=DIRECTION('center_axis',(0.,0.,-1.));
#6835=DIRECTION('ref_axis',(1.,1.18423789293236E-14,0.));
#6836=DIRECTION('center_axis',(0.,0.,1.));
#6837=DIRECTION('ref_axis',(-1.,0.,0.));
#6838=DIRECTION('center_axis',(-0.707106781186544,0.,0.707106781186551));
#6839=DIRECTION('ref_axis',(-0.500000000000008,-0.70710678118654,-0.500000000000003));
#6840=DIRECTION('',(0.707106781186544,0.,-0.707106781186551));
#6841=DIRECTION('center_axis',(-0.923879532511284,0.,0.382683432365097));
#6842=DIRECTION('ref_axis',(-0.382683432365097,0.,-0.923879532511284));
#6843=DIRECTION('',(-0.707106781186544,0.,0.707106781186551));
#6844=DIRECTION('center_axis',(0.382683432365102,-5.45033631998248E-15,
-0.923879532511282));
#6845=DIRECTION('ref_axis',(0.923879532511282,1.31582758631971E-14,0.382683432365102));
#6846=DIRECTION('center_axis',(0.,0.,-1.));
#6847=DIRECTION('ref_axis',(0.707106781186554,-0.707106781186541,0.));
#6848=DIRECTION('',(0.,0.,-1.));
#6849=DIRECTION('center_axis',(0.,0.,1.));
#6850=DIRECTION('ref_axis',(0.,-1.,0.));
#6851=DIRECTION('',(0.,0.,1.));
#6852=DIRECTION('center_axis',(0.,1.,0.));
#6853=DIRECTION('ref_axis',(0.,0.,1.));
#6854=DIRECTION('center_axis',(0.707106781186553,0.,0.707106781186542));
#6855=DIRECTION('ref_axis',(0.,-1.,0.));
#6856=DIRECTION('center_axis',(0.,-1.,0.));
#6857=DIRECTION('ref_axis',(0.923879532511285,0.,-0.382683432365094));
#6858=DIRECTION('center_axis',(0.,1.,0.));
#6859=DIRECTION('ref_axis',(0.923879532511285,0.,-0.382683432365094));
#6860=DIRECTION('center_axis',(-0.707106781186548,0.,-0.707106781186547));
#6861=DIRECTION('ref_axis',(0.500000000000005,-0.707106781186541,-0.500000000000005));
#6862=DIRECTION('center_axis',(0.707106781186547,0.,0.707106781186548));
#6863=DIRECTION('ref_axis',(0.,-1.,0.));
#6864=DIRECTION('',(0.707106781186548,0.,0.707106781186547));
#6865=DIRECTION('',(-0.707106781186548,0.,-0.707106781186547));
#6866=DIRECTION('center_axis',(0.,-1.,0.));
#6867=DIRECTION('ref_axis',(0.,0.,-1.));
#6868=DIRECTION('center_axis',(1.11022302462515E-14,0.,1.));
#6869=DIRECTION('ref_axis',(0.,-1.,0.));
#6870=DIRECTION('center_axis',(0.,1.,0.));
#6871=DIRECTION('ref_axis',(-0.923879532511285,0.,0.382683432365094));
#6872=DIRECTION('center_axis',(0.,-1.,0.));
#6873=DIRECTION('ref_axis',(-0.923879532511285,0.,0.382683432365094));
#6874=DIRECTION('center_axis',(-1.0705640598076E-14,0.,-1.));
#6875=DIRECTION('ref_axis',(0.707106781186554,-0.707106781186541,-7.57003106384562E-15));
#6876=DIRECTION('',(1.0705640598076E-14,0.,1.));
#6877=DIRECTION('',(-1.0705640598076E-14,0.,-1.));
#6878=DIRECTION('center_axis',(0.382683432365107,-2.0514246579479E-15,0.92387953251128));
#6879=DIRECTION('ref_axis',(-0.92387953251128,4.9525772314043E-15,0.382683432365107));
#6880=DIRECTION('center_axis',(-0.707106781186553,0.,-0.707106781186542));
#6881=DIRECTION('ref_axis',(0.500000000000004,-0.707106781186537,-0.500000000000011));
#6882=DIRECTION('',(0.707106781186553,0.,0.707106781186542));
#6883=DIRECTION('',(-0.707106781186553,0.,-0.707106781186542));
#6884=DIRECTION('center_axis',(0.923879532511287,0.,0.38268343236509));
#6885=DIRECTION('ref_axis',(-0.38268343236509,0.,0.923879532511287));
#6886=DIRECTION('center_axis',(-1.,0.,0.));
#6887=DIRECTION('ref_axis',(0.,-0.70710678118654,-0.707106781186555));
#6888=DIRECTION('',(1.,0.,0.));
#6889=DIRECTION('',(-1.,0.,0.));
#6890=DIRECTION('center_axis',(1.0705640598076E-14,0.,1.));
#6891=DIRECTION('ref_axis',(-0.707106781186548,-0.707106781186548,7.57003106384554E-15));
#6892=DIRECTION('',(1.0705640598076E-14,0.,1.));
#6893=DIRECTION('center_axis',(-1.11022302462517E-14,0.,-1.));
#6894=DIRECTION('ref_axis',(0.,-1.,0.));
#6895=DIRECTION('',(-1.0705640598076E-14,0.,-1.));
#6896=DIRECTION('center_axis',(0.,1.,0.));
#6897=DIRECTION('ref_axis',(0.,0.,1.));
#6898=DIRECTION('center_axis',(-0.707106781186548,0.,-0.707106781186547));
#6899=DIRECTION('ref_axis',(0.,-1.,0.));
#6900=DIRECTION('center_axis',(0.,-1.,0.));
#6901=DIRECTION('ref_axis',(-0.923879532511285,0.,0.382683432365095));
#6902=DIRECTION('center_axis',(0.,1.,0.));
#6903=DIRECTION('ref_axis',(-0.923879532511285,0.,0.382683432365095));
#6904=DIRECTION('center_axis',(0.707106781186548,0.,0.707106781186547));
#6905=DIRECTION('ref_axis',(-0.500000000000005,-0.707106781186541,0.500000000000005));
#6906=DIRECTION('center_axis',(-0.707106781186548,0.,-0.707106781186548));
#6907=DIRECTION('ref_axis',(0.,-1.,0.));
#6908=DIRECTION('',(-0.707106781186548,0.,-0.707106781186547));
#6909=DIRECTION('',(0.707106781186548,0.,0.707106781186547));
#6910=DIRECTION('center_axis',(0.,-1.,0.));
#6911=DIRECTION('ref_axis',(0.,0.,-1.));
#6912=DIRECTION('center_axis',(0.,1.,0.));
#6913=DIRECTION('ref_axis',(0.923879532511288,0.,-0.382683432365087));
#6914=DIRECTION('center_axis',(0.,-1.,0.));
#6915=DIRECTION('ref_axis',(0.923879532511288,0.,-0.382683432365087));
#6916=DIRECTION('center_axis',(0.,1.,0.));
#6917=DIRECTION('ref_axis',(1.,0.,0.));
#6918=DIRECTION('',(0.707106781186547,0.,0.707106781186547));
#6919=DIRECTION('center_axis',(1.,0.,0.));
#6920=DIRECTION('ref_axis',(0.,0.,1.));
#6921=DIRECTION('',(0.,-1.,0.));
#6922=DIRECTION('',(0.,0.,-1.));
#6923=DIRECTION('center_axis',(0.,1.,0.));
#6924=DIRECTION('ref_axis',(1.,0.,0.));
#6925=DIRECTION('',(0.707106781186547,0.,-0.707106781186547));
#6926=DIRECTION('center_axis',(0.707106781186542,0.,-0.707106781186553));
#6927=DIRECTION('ref_axis',(-0.707106781186553,0.,-0.707106781186542));
#6928=DIRECTION('',(0.,1.,0.));
#6929=DIRECTION('',(-0.707106781186553,0.,-0.707106781186542));
#6930=DIRECTION('',(0.,-1.,0.));
#6931=DIRECTION('center_axis',(0.,0.,-1.));
#6932=DIRECTION('ref_axis',(1.,0.,0.));
#6933=DIRECTION('',(0.,-1.,0.));
#6934=DIRECTION('',(-1.,0.,0.));
#6935=DIRECTION('center_axis',(-0.707106781186551,0.,-0.707106781186544));
#6936=DIRECTION('ref_axis',(-0.707106781186544,0.,0.707106781186551));
#6937=DIRECTION('',(0.,1.,0.));
#6938=DIRECTION('',(-0.707106781186544,0.,0.707106781186551));
#6939=DIRECTION('center_axis',(-1.,0.,1.0705640598076E-14));
#6940=DIRECTION('ref_axis',(-1.0705640598076E-14,0.,-1.));
#6941=DIRECTION('',(0.,-1.,0.));
#6942=DIRECTION('',(1.0705640598076E-14,0.,1.));
#6943=DIRECTION('center_axis',(0.,-1.,0.));
#6944=DIRECTION('ref_axis',(-0.707106781186548,0.,0.707106781186547));
#6945=DIRECTION('',(0.,-1.,0.));
#6946=DIRECTION('center_axis',(0.,1.,0.));
#6947=DIRECTION('ref_axis',(-0.923879532511285,0.,0.382683432365095));
#6948=DIRECTION('center_axis',(-0.707106781186547,0.,0.707106781186548));
#6949=DIRECTION('ref_axis',(-0.707106781186548,0.,-0.707106781186547));
#6950=DIRECTION('',(0.,-1.,0.));
#6951=DIRECTION('',(0.707106781186548,0.,0.707106781186547));
#6952=DIRECTION('center_axis',(0.,-1.,0.));
#6953=DIRECTION('ref_axis',(0.707106781186551,0.,-0.707106781186543));
#6954=DIRECTION('',(0.,-1.,0.));
#6955=DIRECTION('center_axis',(0.,-1.,0.));
#6956=DIRECTION('ref_axis',(0.707106781186551,0.,-0.707106781186543));
#6957=DIRECTION('center_axis',(0.,0.,-1.));
#6958=DIRECTION('ref_axis',(-1.,0.,0.));
#6959=DIRECTION('',(0.,0.,-1.));
#6960=DIRECTION('center_axis',(0.,0.,-1.));
#6961=DIRECTION('ref_axis',(-1.,0.,0.));
#6962=DIRECTION('center_axis',(0.,0.,1.));
#6963=DIRECTION('ref_axis',(-1.,0.,0.));
#6964=DIRECTION('center_axis',(0.,0.,-1.));
#6965=DIRECTION('ref_axis',(-1.,0.,0.));
#6966=DIRECTION('',(0.,0.,-1.));
#6967=DIRECTION('center_axis',(0.,0.,-1.));
#6968=DIRECTION('ref_axis',(-1.,0.,0.));
#6969=DIRECTION('center_axis',(0.,0.,1.));
#6970=DIRECTION('ref_axis',(-1.,0.,0.));
#6971=DIRECTION('center_axis',(-1.0705640598076E-14,0.,1.));
#6972=DIRECTION('ref_axis',(0.707106781186541,0.707106781186554,7.57003106384548E-15));
#6973=DIRECTION('center_axis',(-1.22124532708769E-14,0.,1.));
#6974=DIRECTION('ref_axis',(1.,1.77635683940027E-14,1.22124532708769E-14));
#6975=DIRECTION('',(1.0705640598076E-14,0.,-1.));
#6976=DIRECTION('center_axis',(0.382683432365111,0.,-0.923879532511278));
#6977=DIRECTION('ref_axis',(-0.923879532511278,0.,-0.382683432365111));
#6978=DIRECTION('center_axis',(0.,-1.,0.));
#6979=DIRECTION('ref_axis',(0.,0.,-1.));
#6980=DIRECTION('center_axis',(-0.707106781186544,0.,0.707106781186551));
#6981=DIRECTION('ref_axis',(0.707106781186551,0.,0.707106781186544));
#6982=DIRECTION('center_axis',(0.,1.,0.));
#6983=DIRECTION('ref_axis',(0.923879532511284,0.,0.382683432365096));
#6984=DIRECTION('center_axis',(-0.707106781186548,0.,0.707106781186547));
#6985=DIRECTION('ref_axis',(0.500000000000006,0.707106781186539,0.500000000000007));
#6986=DIRECTION('center_axis',(-0.707106781186549,0.,0.707106781186546));
#6987=DIRECTION('ref_axis',(0.707106781186546,0.,0.707106781186549));
#6988=DIRECTION('',(0.707106781186548,0.,-0.707106781186547));
#6989=DIRECTION('center_axis',(0.,1.,0.));
#6990=DIRECTION('ref_axis',(0.,0.,1.));
#6991=DIRECTION('center_axis',(0.,0.,1.));
#6992=DIRECTION('ref_axis',(1.,0.,0.));
#6993=DIRECTION('center_axis',(0.,-1.,0.));
#6994=DIRECTION('ref_axis',(-0.923879532511285,0.,-0.382683432365094));
#6995=DIRECTION('center_axis',(0.,0.,1.));
#6996=DIRECTION('ref_axis',(0.707106781186541,0.707106781186554,0.));
#6997=DIRECTION('',(0.,0.,-1.));
#6998=DIRECTION('center_axis',(0.707106781186551,0.,-0.707106781186544));
#6999=DIRECTION('ref_axis',(0.500000000000001,0.707106781186543,0.500000000000006));
#7000=DIRECTION('',(0.707106781186551,0.,-0.707106781186544));
#7001=DIRECTION('center_axis',(0.923879532511289,-1.69945583101721E-15,
-0.382683432365085));
#7002=DIRECTION('ref_axis',(0.382683432365085,-4.10284931589577E-15,0.923879532511289));
#7003=DIRECTION('center_axis',(-1.,0.,0.));
#7004=DIRECTION('ref_axis',(0.,0.70710678118654,0.707106781186555));
#7005=DIRECTION('',(1.,0.,0.));
#7006=DIRECTION('center_axis',(0.923879532511281,-1.69945583101733E-15,
0.382683432365104));
#7007=DIRECTION('ref_axis',(0.382683432365104,4.10284931589589E-15,-0.923879532511281));
#7008=DIRECTION('center_axis',(0.707106781186544,0.,0.707106781186551));
#7009=DIRECTION('ref_axis',(-0.500000000000009,0.707106781186539,0.500000000000004));
#7010=DIRECTION('',(0.707106781186544,0.,0.707106781186551));
#7011=DIRECTION('center_axis',(0.382683432365092,0.,0.923879532511286));
#7012=DIRECTION('ref_axis',(-0.923879532511286,0.,0.382683432365092));
#7013=DIRECTION('center_axis',(0.,1.,0.));
#7014=DIRECTION('ref_axis',(0.,0.,1.));
#7015=DIRECTION('center_axis',(1.05471187339389E-14,0.,-1.));
#7016=DIRECTION('ref_axis',(-1.,0.,-1.05471187339389E-14));
#7017=DIRECTION('center_axis',(0.,-1.,0.));
#7018=DIRECTION('ref_axis',(0.923879532511285,0.,0.382683432365095));
#7019=DIRECTION('center_axis',(1.0705640598076E-14,0.,-1.));
#7020=DIRECTION('ref_axis',(-0.707106781186548,0.707106781186548,-7.57003106384554E-15));
#7021=DIRECTION('',(-1.0705640598076E-14,0.,1.));
#7022=DIRECTION('center_axis',(1.0705640598076E-14,0.,1.));
#7023=DIRECTION('ref_axis',(0.707106781186541,0.707106781186554,-7.57003106384548E-15));
#7024=DIRECTION('center_axis',(1.0547118733939E-14,0.,1.));
#7025=DIRECTION('ref_axis',(1.,0.,-1.0547118733939E-14));
#7026=DIRECTION('',(-1.0705640598076E-14,0.,-1.));
#7027=DIRECTION('center_axis',(0.382683432365096,4.10284931589576E-15,-0.923879532511284));
#7028=DIRECTION('ref_axis',(-0.923879532511284,-9.90515446280823E-15,-0.382683432365096));
#7029=DIRECTION('center_axis',(0.707106781186544,0.,-0.707106781186551));
#7030=DIRECTION('ref_axis',(0.500000000000007,0.707106781186541,0.500000000000002));
#7031=DIRECTION('',(0.707106781186544,0.,-0.707106781186551));
#7032=DIRECTION('center_axis',(0.923879532511284,0.,-0.382683432365097));
#7033=DIRECTION('ref_axis',(0.382683432365097,0.,0.923879532511284));
#7034=DIRECTION('center_axis',(-1.,0.,0.));
#7035=DIRECTION('ref_axis',(0.,0.707106781186552,0.707106781186543));
#7036=DIRECTION('',(1.,0.,0.));
#7037=DIRECTION('center_axis',(0.923879532511287,0.,0.38268343236509));
#7038=DIRECTION('ref_axis',(0.38268343236509,0.,-0.923879532511287));
#7039=DIRECTION('center_axis',(0.707106781186553,0.,0.707106781186542));
#7040=DIRECTION('ref_axis',(-0.500000000000003,0.707106781186538,0.500000000000011));
#7041=DIRECTION('',(0.707106781186553,0.,0.707106781186542));
#7042=DIRECTION('center_axis',(0.382683432365104,3.39891166203459E-15,0.923879532511281));
#7043=DIRECTION('ref_axis',(-0.923879532511281,8.20569863179216E-15,0.382683432365104));
#7044=DIRECTION('center_axis',(0.,0.,-1.));
#7045=DIRECTION('ref_axis',(-0.707106781186541,0.707106781186554,0.));
#7046=DIRECTION('center_axis',(0.,0.,-1.));
#7047=DIRECTION('ref_axis',(-1.,0.,0.));
#7048=DIRECTION('',(0.,0.,1.));
#7049=DIRECTION('center_axis',(0.,1.,0.));
#7050=DIRECTION('ref_axis',(0.,0.,1.));
#7051=DIRECTION('center_axis',(-0.707106781186555,0.,-0.70710678118654));
#7052=DIRECTION('ref_axis',(-0.70710678118654,0.,0.707106781186555));
#7053=DIRECTION('center_axis',(0.,-1.,0.));
#7054=DIRECTION('ref_axis',(0.923879532511285,0.,-0.382683432365094));
#7055=DIRECTION('center_axis',(0.,1.,0.));
#7056=DIRECTION('ref_axis',(0.923879532511285,0.,-0.382683432365094));
#7057=DIRECTION('center_axis',(-0.707106781186548,0.,-0.707106781186547));
#7058=DIRECTION('ref_axis',(-0.499999999999996,0.707106781186553,0.499999999999997));
#7059=DIRECTION('center_axis',(-0.707106781186548,0.,-0.707106781186548));
#7060=DIRECTION('ref_axis',(-0.707106781186548,0.,0.707106781186548));
#7061=DIRECTION('',(0.707106781186548,0.,0.707106781186547));
#7062=DIRECTION('',(-0.707106781186548,0.,-0.707106781186547));
#7063=DIRECTION('center_axis',(0.,-1.,0.));
#7064=DIRECTION('ref_axis',(0.,0.,-1.));
#7065=DIRECTION('center_axis',(-1.11022302462517E-14,0.,-1.));
#7066=DIRECTION('ref_axis',(-1.,0.,1.11022302462517E-14));
#7067=DIRECTION('center_axis',(0.,1.,0.));
#7068=DIRECTION('ref_axis',(-0.923879532511285,0.,0.382683432365094));
#7069=DIRECTION('center_axis',(0.,-1.,0.));
#7070=DIRECTION('ref_axis',(-0.923879532511285,0.,0.382683432365094));
#7071=DIRECTION('center_axis',(-1.0705640598076E-14,0.,-1.));
#7072=DIRECTION('ref_axis',(-0.707106781186541,0.707106781186554,7.57003106384548E-15));
#7073=DIRECTION('',(1.0705640598076E-14,0.,1.));
#7074=DIRECTION('',(-1.0705640598076E-14,0.,-1.));
#7075=DIRECTION('center_axis',(0.,1.,0.));
#7076=DIRECTION('ref_axis',(0.,0.,1.));
#7077=DIRECTION('center_axis',(0.,-1.,0.));
#7078=DIRECTION('ref_axis',(-0.923879532511285,0.,0.382683432365095));
#7079=DIRECTION('center_axis',(1.,0.,-1.0705640598076E-14));
#7080=DIRECTION('ref_axis',(1.0705640598076E-14,0.,1.));
#7081=DIRECTION('',(0.,-1.,0.));
#7082=DIRECTION('center_axis',(0.,-1.,0.));
#7083=DIRECTION('ref_axis',(-0.707106781186548,0.,0.707106781186548));
#7084=DIRECTION('',(0.,-1.,0.));
#7085=DIRECTION('center_axis',(0.707106781186547,0.,-0.707106781186548));
#7086=DIRECTION('ref_axis',(0.707106781186548,0.,0.707106781186547));
#7087=DIRECTION('',(0.,-1.,0.));
#7088=DIRECTION('center_axis',(0.,-1.,0.));
#7089=DIRECTION('ref_axis',(0.707106781186541,0.,-0.707106781186554));
#7090=DIRECTION('center_axis',(0.499999999999999,-0.500000000000002,0.707106781186547));
#7091=DIRECTION('ref_axis',(0.816496580927726,0.,-0.577350269189625));
#7092=DIRECTION('',(0.707106781186549,0.707106781186546,0.));
#7093=DIRECTION('center_axis',(-0.499999999999999,0.500000000000002,-0.707106781186547));
#7094=DIRECTION('ref_axis',(0.499999999999998,-0.500000000000001,-0.707106781186548));
#7095=DIRECTION('',(-0.500000000000629,0.49999999999937,0.707106781186548));
#7096=DIRECTION('',(-0.707106781186549,-0.707106781186546,0.));
#7097=DIRECTION('',(0.281084637714834,-0.678598344545837,-0.678598344545852));
#7098=DIRECTION('center_axis',(2.35359804780419E-14,-0.707106781186549,
0.707106781186546));
#7099=DIRECTION('ref_axis',(1.,1.26217744835362E-29,-3.32849027957953E-14));
#7100=DIRECTION('',(-1.,-3.32849027957952E-14,0.));
#7101=DIRECTION('',(-0.281084637714808,-0.678598344545854,-0.678598344545845));
#7102=DIRECTION('',(1.,3.32849027957952E-14,0.));
#7103=DIRECTION('center_axis',(0.,-0.707106781186549,0.707106781186546));
#7104=DIRECTION('ref_axis',(1.,0.,0.));
#7105=DIRECTION('',(1.,0.,0.));
#7106=DIRECTION('',(0.,0.707106781186546,0.707106781186549));
#7107=DIRECTION('',(0.577350269189695,-0.577350269189495,-0.577350269189687));
#7108=DIRECTION('center_axis',(0.707106781186548,8.79251776862913E-15,0.707106781186548));
#7109=DIRECTION('ref_axis',(0.707106781186548,0.,-0.707106781186548));
#7110=DIRECTION('center_axis',(0.,1.,0.));
#7111=DIRECTION('ref_axis',(0.190808995376535,0.,0.981627183447666));
#7112=DIRECTION('center_axis',(0.,1.,0.));
#7113=DIRECTION('ref_axis',(0.190808995376535,0.,0.981627183447666));
#7114=DIRECTION('',(0.264886862481383,0.707106781187053,0.655617990970392));
#7115=DIRECTION('center_axis',(0.,-1.,0.));
#7116=DIRECTION('ref_axis',(0.190808995376535,0.,0.981627183447666));
#7117=DIRECTION('center_axis',(0.264886862481656,-0.707106781186327,0.655617990971065));
#7118=DIRECTION('ref_axis',(0.927183854566793,-3.60822483003176E-16,-0.374606593415899));
#7119=DIRECTION('',(0.264886862481491,0.707106781186768,0.655617990970657));
#7120=DIRECTION('',(-0.927183854566793,0.,0.374606593415899));
#7121=DIRECTION('',(0.927183854566793,0.,-0.374606593415899));
#7122=DIRECTION('center_axis',(0.,-1.,0.));
#7123=DIRECTION('ref_axis',(-0.190808995376541,0.,-0.981627183447665));
#7124=DIRECTION('center_axis',(0.,-1.,0.));
#7125=DIRECTION('ref_axis',(-0.190808995376541,0.,-0.981627183447665));
#7126=DIRECTION('',(0.,0.707106781187127,0.707106781185968));
#7127=DIRECTION('center_axis',(0.,1.,0.));
#7128=DIRECTION('ref_axis',(-0.190808995376541,0.,-0.981627183447665));
#7129=DIRECTION('center_axis',(0.,-0.707106781186304,0.707106781186791));
#7130=DIRECTION('ref_axis',(1.,0.,0.));
#7131=DIRECTION('',(-1.,0.,0.));
#7132=DIRECTION('',(1.,0.,0.));
#7133=DIRECTION('',(0.281084637714828,0.678598344545841,0.67859834454585));
#7134=DIRECTION('center_axis',(-0.499999999999991,-0.500000000000007,0.707106781186548));
#7135=DIRECTION('ref_axis',(0.816496580927731,1.38777878078145E-16,0.577350269189619));
#7136=DIRECTION('',(-0.707106781186559,0.707106781186536,0.));
#7137=DIRECTION('',(0.707106781186559,-0.707106781186536,0.));
#7138=DIRECTION('center_axis',(0.707106781186545,-0.70710678118655,0.));
#7139=DIRECTION('ref_axis',(-0.70710678118655,-0.707106781186545,0.));
#7140=DIRECTION('center_axis',(0.707106781186546,-0.707106781186549,0.));
#7141=DIRECTION('ref_axis',(-0.707106781186549,-0.707106781186546,0.));
#7142=DIRECTION('',(-0.707106781186545,0.70710678118655,0.));
#7143=DIRECTION('center_axis',(-0.707106781186557,0.707106781186538,0.));
#7144=DIRECTION('ref_axis',(-0.707106781186538,-0.707106781186557,-1.37667655053519E-14));
#7145=DIRECTION('',(0.707106781186545,-0.70710678118655,0.));
#7146=DIRECTION('center_axis',(-0.707106781186546,0.707106781186549,0.));
#7147=DIRECTION('ref_axis',(0.707106781186549,0.707106781186546,0.));
#7148=DIRECTION('',(0.,0.,1.));
#7149=DIRECTION('',(0.707106781186549,0.707106781186546,0.));
#7150=DIRECTION('',(0.,0.,1.));
#7151=DIRECTION('center_axis',(-3.32849027957952E-14,1.,0.));
#7152=DIRECTION('ref_axis',(1.,3.32849027957952E-14,0.));
#7153=DIRECTION('',(0.,0.,1.));
#7154=DIRECTION('',(1.,3.32849027957952E-14,0.));
#7155=DIRECTION('center_axis',(0.707106781186536,0.707106781186559,0.));
#7156=DIRECTION('ref_axis',(0.707106781186559,-0.707106781186536,0.));
#7157=DIRECTION('',(0.,0.,1.));
#7158=DIRECTION('center_axis',(0.707106781186536,0.707106781186559,0.));
#7159=DIRECTION('ref_axis',(0.707106781186559,-0.707106781186536,0.));
#7160=DIRECTION('center_axis',(-0.707106781186536,-0.707106781186559,0.));
#7161=DIRECTION('ref_axis',(0.707106781186559,-0.707106781186536,-1.96261557335475E-16));
#7162=DIRECTION('center_axis',(0.,-1.,0.));
#7163=DIRECTION('ref_axis',(-1.,0.,0.));
#7164=DIRECTION('',(1.,0.,0.));
#7165=DIRECTION('center_axis',(0.,1.,0.));
#7166=DIRECTION('ref_axis',(-0.190808995376535,0.,0.981627183447666));
#7167=DIRECTION('',(0.927183854566793,0.,0.374606593415899));
#7168=DIRECTION('center_axis',(0.,-1.,0.));
#7169=DIRECTION('ref_axis',(0.190808995376541,0.,-0.981627183447665));
#7170=DIRECTION('',(1.,0.,0.));
#7171=DIRECTION('',(0.,0.,1.));
#7172=DIRECTION('center_axis',(0.,1.,0.));
#7173=DIRECTION('ref_axis',(1.,0.,0.));
#7174=DIRECTION('',(-1.,0.,0.));
#7175=DIRECTION('',(0.,0.,-1.));
#7176=DIRECTION('',(-1.,0.,-6.10715222395468E-28));
#7177=DIRECTION('',(0.,0.,-1.));
#7178=DIRECTION('center_axis',(0.,-1.,0.));
#7179=DIRECTION('ref_axis',(0.,0.,1.));
#7180=DIRECTION('',(1.,0.,0.));
#7181=DIRECTION('center_axis',(0.,-1.,0.));
#7182=DIRECTION('ref_axis',(1.,0.,0.));
#7183=DIRECTION('',(0.,0.,-1.));
#7184=DIRECTION('',(1.,1.18423789293236E-14,-6.10715222395468E-28));
#7185=DIRECTION('',(0.,0.,-1.));
#7186=DIRECTION('',(1.,1.18423789293236E-14,0.));
#7187=DIRECTION('center_axis',(1.18423789293236E-14,-1.,0.));
#7188=DIRECTION('ref_axis',(-1.,-1.18423789293236E-14,0.));
#7189=DIRECTION('',(1.,0.,0.));
#7190=DIRECTION('',(0.,0.,-1.));
#7191=DIRECTION('',(-1.,0.,0.));
#7192=DIRECTION('',(-1.,0.,0.));
#7193=DIRECTION('',(-1.,0.,0.));
#7194=DIRECTION('',(0.,0.,1.));
#7195=DIRECTION('center_axis',(-0.707106781186548,0.,0.707106781186548));
#7196=DIRECTION('ref_axis',(0.707106781186548,0.,0.707106781186548));
#7197=DIRECTION('',(-0.577350269189627,-0.577350269189624,-0.577350269189627));
#7198=DIRECTION('center_axis',(0.,-0.707106781186549,0.707106781186546));
#7199=DIRECTION('ref_axis',(1.,0.,0.));
#7200=DIRECTION('',(0.,0.707106781186546,0.707106781186549));
#7201=DIRECTION('',(-1.,0.,0.));
#7202=DIRECTION('',(0.28108463771481,-0.678598344545848,-0.678598344545851));
#7203=DIRECTION('center_axis',(0.5,-0.500000000000004,0.707106781186545));
#7204=DIRECTION('ref_axis',(0.816496580927725,5.55111512312578E-17,-0.577350269189627));
#7205=DIRECTION('',(-0.70710678118655,-0.707106781186545,0.));
#7206=DIRECTION('',(0.28108463771481,-0.678598344545848,-0.678598344545851));
#7207=DIRECTION('',(0.70710678118655,0.707106781186545,0.));
#7208=DIRECTION('center_axis',(-1.51621540317365E-14,-0.707106781186552,
0.707106781186543));
#7209=DIRECTION('ref_axis',(1.,-1.57772181044202E-30,2.14425238664718E-14));
#7210=DIRECTION('',(-1.,2.14425238664716E-14,0.));
#7211=DIRECTION('',(-0.281084637714834,-0.678598344545837,-0.678598344545852));
#7212=DIRECTION('',(1.,-2.14425238664716E-14,0.));
#7213=DIRECTION('center_axis',(-0.499999999999992,-0.500000000000006,0.707106781186549));
#7214=DIRECTION('ref_axis',(0.816496580927731,2.77555756156289E-17,0.577350269189619));
#7215=DIRECTION('',(-0.707106781186558,0.707106781186537,0.));
#7216=DIRECTION('',(-0.500000000000625,-0.499999999999377,-0.707106781186546));
#7217=DIRECTION('center_axis',(0.499999999999992,0.500000000000006,-0.707106781186549));
#7218=DIRECTION('ref_axis',(-0.499999999999994,-0.500000000000008,-0.707106781186546));
#7219=DIRECTION('',(0.707106781186558,-0.707106781186537,0.));
#7220=DIRECTION('center_axis',(0.,-1.,0.));
#7221=DIRECTION('ref_axis',(0.190808995376541,0.,-0.981627183447665));
#7222=DIRECTION('',(-0.264886862481572,0.707106781186546,0.655617990970863));
#7223=DIRECTION('center_axis',(0.,1.,0.));
#7224=DIRECTION('ref_axis',(0.190808995376541,0.,-0.981627183447665));
#7225=DIRECTION('center_axis',(-0.264886862481574,-0.707106781186548,0.655617990970861));
#7226=DIRECTION('ref_axis',(0.927183854566793,5.55111512312578E-17,0.374606593415899));
#7227=DIRECTION('',(-0.264886862481573,0.707106781186547,0.655617990970862));
#7228=DIRECTION('',(-0.927183854566793,0.,-0.374606593415899));
#7229=DIRECTION('center_axis',(0.,1.,0.));
#7230=DIRECTION('ref_axis',(-0.190808995376535,0.,0.981627183447666));
#7231=DIRECTION('',(0.,0.707106781186546,0.707106781186549));
#7232=DIRECTION('center_axis',(0.,-1.,0.));
#7233=DIRECTION('ref_axis',(-0.190808995376535,0.,0.981627183447666));
#7234=DIRECTION('center_axis',(0.,-0.707106781186549,0.707106781186546));
#7235=DIRECTION('ref_axis',(1.,0.,0.));
#7236=DIRECTION('center_axis',(0.707106781186545,-0.707106781186551,0.));
#7237=DIRECTION('ref_axis',(-0.707106781186551,-0.707106781186545,0.));
#7238=DIRECTION('',(0.,0.,1.));
#7239=DIRECTION('center_axis',(-0.707106781186545,0.707106781186551,0.));
#7240=DIRECTION('ref_axis',(-0.707106781186551,-0.707106781186545,-1.96261557335475E-16));
#7241=DIRECTION('center_axis',(0.707106781186545,-0.707106781186551,0.));
#7242=DIRECTION('ref_axis',(-0.707106781186551,-0.707106781186544,0.));
#7243=DIRECTION('center_axis',(-2.14425238664716E-14,-1.,0.));
#7244=DIRECTION('ref_axis',(-1.,2.14425238664716E-14,0.));
#7245=DIRECTION('',(0.,0.,1.));
#7246=DIRECTION('',(-1.,2.14425238664716E-14,0.));
#7247=DIRECTION('center_axis',(-0.707106781186537,-0.707106781186558,0.));
#7248=DIRECTION('ref_axis',(-0.707106781186558,0.707106781186537,0.));
#7249=DIRECTION('center_axis',(0.707106781186537,0.707106781186558,0.));
#7250=DIRECTION('ref_axis',(0.707106781186558,-0.707106781186537,0.));
#7251=DIRECTION('',(0.,0.,1.));
#7252=DIRECTION('',(-0.707106781186558,0.707106781186537,0.));
#7253=DIRECTION('center_axis',(0.707106781186537,0.707106781186558,0.));
#7254=DIRECTION('ref_axis',(0.707106781186558,-0.707106781186537,0.));
#7255=DIRECTION('',(-0.707106781186537,-0.707106781186558,0.));
#7256=DIRECTION('center_axis',(-0.707106781186548,-0.707106781186547,0.));
#7257=DIRECTION('ref_axis',(0.707106781186547,-0.707106781186548,-1.37667655053519E-14));
#7258=DIRECTION('',(0.707106781186537,0.707106781186558,0.));
#7259=DIRECTION('center_axis',(-0.707106781185665,0.70710678118743,0.));
#7260=DIRECTION('ref_axis',(0.70710678118743,0.707106781185665,0.));
#7261=DIRECTION('',(0.70710678118743,0.707106781185665,0.));
#7262=DIRECTION('center_axis',(0.,0.,-1.));
#7263=DIRECTION('ref_axis',(-1.,0.,0.));
#7264=DIRECTION('',(0.,-1.,0.));
#7265=DIRECTION('',(1.,-1.54984648481503E-15,0.));
#7266=DIRECTION('',(0.707106781186545,0.70710678118655,0.));
#7267=DIRECTION('',(0.707106781186547,-0.707106781186548,0.));
#7268=DIRECTION('center_axis',(3.02605647739545E-15,-0.529998940003178,
0.847998304005089));
#7269=DIRECTION('ref_axis',(1.,-3.94430452610506E-31,-3.56846996403579E-15));
#7270=DIRECTION('center_axis',(3.02605647739545E-15,-0.529998940003178,
0.847998304005089));
#7271=DIRECTION('ref_axis',(4.76617791236951E-15,-0.847998304005089,-0.529998940003178));
#7272=DIRECTION('',(1.,5.70955194245729E-15,0.));
#7273=DIRECTION('center_axis',(3.02605647739545E-15,-0.529998940003178,
0.847998304005089));
#7274=DIRECTION('ref_axis',(4.8838613176132E-15,-0.847998304005089,-0.529998940003178));
#7275=DIRECTION('',(0.439346824040902,0.761771734110104,0.476107333818811));
#7276=DIRECTION('',(-1.,-5.70955194245729E-15,0.));
#7277=DIRECTION('',(0.439346824040911,-0.761771734110099,-0.476107333818811));
#7278=DIRECTION('center_axis',(0.,0.,1.));
#7279=DIRECTION('ref_axis',(1.,0.,0.));
#7280=DIRECTION('',(-0.499605674999675,-0.866252947763019,0.));
#7281=DIRECTION('center_axis',(0.,0.,1.));
#7282=DIRECTION('ref_axis',(-0.500197123642431,0.865911564479791,0.));
#7283=DIRECTION('',(1.,0.,0.));
#7284=DIRECTION('center_axis',(0.,0.,1.));
#7285=DIRECTION('ref_axis',(-6.54032452167347E-15,1.,0.));
#7286=DIRECTION('',(-5.9211894646675E-15,1.,0.));
#7287=DIRECTION('center_axis',(0.,0.,1.));
#7288=DIRECTION('ref_axis',(-1.69413912787773E-13,-1.,0.));
#7289=DIRECTION('',(1.,5.9211894646675E-15,0.));
#7290=DIRECTION('center_axis',(0.,0.,1.));
#7291=DIRECTION('ref_axis',(-3.93889080898303E-14,-1.,0.));
#7292=DIRECTION('',(5.9211894646675E-15,-1.,0.));
#7293=DIRECTION('center_axis',(0.,0.,1.));
#7294=DIRECTION('ref_axis',(-5.72278395646432E-15,1.,0.));
#7295=DIRECTION('',(1.,0.,0.));
#7296=DIRECTION('center_axis',(0.,0.,1.));
#7297=DIRECTION('ref_axis',(0.500197123642425,0.865911564479794,0.));
#7298=DIRECTION('',(-0.499605674999686,0.866252947763012,0.));
#7299=DIRECTION('center_axis',(0.866252947763019,-0.499605674999675,0.));
#7300=DIRECTION('ref_axis',(-0.499605674999675,-0.866252947763019,0.));
#7301=DIRECTION('',(0.,0.,1.));
#7302=DIRECTION('',(-0.499605674999675,-0.866252947763019,0.));
#7303=DIRECTION('',(0.,0.,-1.));
#7304=DIRECTION('center_axis',(0.,0.,-1.));
#7305=DIRECTION('ref_axis',(0.500197123642423,-0.865911564479795,0.));
#7306=DIRECTION('',(0.,0.,-1.));
#7307=DIRECTION('center_axis',(0.,0.,-1.));
#7308=DIRECTION('ref_axis',(6.66133814775084E-15,-1.,0.));
#7309=DIRECTION('center_axis',(0.,0.,-1.));
#7310=DIRECTION('ref_axis',(0.,1.,0.));
#7311=DIRECTION('center_axis',(-1.,0.,0.));
#7312=DIRECTION('ref_axis',(0.,0.,1.));
#7313=DIRECTION('center_axis',(0.,0.,1.));
#7314=DIRECTION('ref_axis',(0.500197123642425,0.865911564479794,0.));
#7315=DIRECTION('',(0.,0.,1.));
#7316=DIRECTION('center_axis',(0.,0.,-1.));
#7317=DIRECTION('ref_axis',(-0.866252947763019,0.499605674999675,0.));
#7318=DIRECTION('center_axis',(1.,0.,0.));
#7319=DIRECTION('ref_axis',(0.,1.,0.));
#7320=DIRECTION('center_axis',(0.,0.,-1.));
#7321=DIRECTION('ref_axis',(-0.500197123642431,0.865911564479791,0.));
#7322=DIRECTION('center_axis',(-0.901312633291786,0.360389381140833,0.240322764276616));
#7323=DIRECTION('ref_axis',(-0.433169178345626,-0.74987676493285,-0.500049297914934));
#7324=DIRECTION('center_axis',(-1.,-6.66133814775084E-15,-8.88178419700124E-15));
#7325=DIRECTION('ref_axis',(6.66133814775084E-15,-1.,0.));
#7326=DIRECTION('center_axis',(0.,0.,-1.));
#7327=DIRECTION('ref_axis',(-0.86625294776301,-0.49960567499969,0.));
#7328=DIRECTION('center_axis',(0.499605674999688,-0.866252947763011,0.));
#7329=DIRECTION('ref_axis',(0.,0.,-1.));
#7330=DIRECTION('center_axis',(0.,0.,-1.));
#7331=DIRECTION('ref_axis',(-0.500197123642411,-0.865911564479802,0.));
#7332=DIRECTION('',(0.,0.,-1.));
#7333=DIRECTION('',(0.,0.,1.));
#7334=DIRECTION('center_axis',(-0.499605674999686,0.866252947763013,0.));
#7335=DIRECTION('ref_axis',(-0.61253333358606,-0.353274560711559,-0.70710678118655));
#7336=DIRECTION('',(0.499605674999686,-0.866252947763012,0.));
#7337=DIRECTION('',(-0.499605674999686,0.866252947763012,0.));
#7338=DIRECTION('center_axis',(-0.901312633291789,-0.36038938114083,-0.24032276427661));
#7339=DIRECTION('ref_axis',(0.43316917834562,-0.749876764932868,-0.500049297914913));
#7340=DIRECTION('center_axis',(-0.499605674999662,-0.866252947763026,0.));
#7341=DIRECTION('ref_axis',(0.866252947763026,-0.499605674999662,0.));
#7342=DIRECTION('center_axis',(1.,6.66133814775084E-15,0.));
#7343=DIRECTION('ref_axis',(0.,0.,-1.));
#7344=DIRECTION('center_axis',(-1.,-5.70955194245729E-15,0.));
#7345=DIRECTION('ref_axis',(4.0372628960484E-15,-0.707106781186552,-0.707106781186543));
#7346=DIRECTION('',(1.,5.70955194245729E-15,0.));
#7347=DIRECTION('',(-1.,-5.70955194245729E-15,0.));
#7348=DIRECTION('center_axis',(-0.499605674999675,-0.866252947763019,0.));
#7349=DIRECTION('ref_axis',(0.612533333586061,-0.353274560711549,-0.707106781186554));
#7350=DIRECTION('',(0.499605674999675,0.866252947763019,0.));
#7351=DIRECTION('center_axis',(-1.,0.,0.));
#7352=DIRECTION('ref_axis',(0.,0.70710678118654,0.707106781186555));
#7353=DIRECTION('',(-1.,0.,0.));
#7354=DIRECTION('center_axis',(1.,0.,0.));
#7355=DIRECTION('ref_axis',(0.,0.707106781186548,-0.707106781186548));
#7356=DIRECTION('center_axis',(1.,0.,0.));
#7357=DIRECTION('ref_axis',(0.,0.,-1.));
#7358=DIRECTION('center_axis',(1.,1.77635683940025E-15,2.70667945936216E-14));
#7359=DIRECTION('ref_axis',(2.30926389122033E-14,0.467734426361389,-0.883869055005538));
#7360=DIRECTION('center_axis',(1.,5.9211894646675E-15,0.));
#7361=DIRECTION('ref_axis',(-5.0724491305779E-15,0.856660500537241,-0.515880593567235));
#7362=DIRECTION('center_axis',(1.,0.,-2.0097511382941E-15));
#7363=DIRECTION('ref_axis',(-1.77635683940026E-15,0.467734426361435,-0.883869055005513));
#7364=DIRECTION('',(1.,5.9211894646675E-15,0.));
#7365=DIRECTION('center_axis',(1.,0.,0.));
#7366=DIRECTION('ref_axis',(0.,0.,-1.));
#7367=DIRECTION('center_axis',(1.,0.,0.));
#7368=DIRECTION('ref_axis',(0.,0.707106781186548,-0.707106781186548));
#7369=DIRECTION('center_axis',(-0.866252947763012,-0.499605674999686,0.));
#7370=DIRECTION('ref_axis',(-0.499605674999686,0.866252947763013,0.));
#7371=DIRECTION('center_axis',(5.70955194245729E-15,-1.,0.));
#7372=DIRECTION('ref_axis',(-1.,-5.70955194245729E-15,0.));
#7373=DIRECTION('center_axis',(0.,0.,-1.));
#7374=DIRECTION('ref_axis',(-1.,0.,0.));
#7375=DIRECTION('center_axis',(1.,4.443599018961E-15,0.));
#7376=DIRECTION('ref_axis',(-4.44089209850068E-15,0.999390827019096,-0.0348994967024967));
#7377=DIRECTION('center_axis',(-3.20133371812337E-15,0.0348146897424087,
-0.999393784940721));
#7378=DIRECTION('ref_axis',(-3.98709052213866E-14,-0.999393784940721,-0.0348146897424087));
#7379=DIRECTION('center_axis',(0.,1.,0.));
#7380=DIRECTION('ref_axis',(0.,0.,1.));
#7381=DIRECTION('center_axis',(0.,1.,0.));
#7382=DIRECTION('ref_axis',(-1.,0.,0.));
#7383=DIRECTION('center_axis',(-2.69206870211443E-15,0.0348146897424131,
-0.999393784940721));
#7384=DIRECTION('ref_axis',(-1.68343822045854E-13,-0.999393784940721,-0.0348146897424131));
#7385=DIRECTION('center_axis',(-1.,-4.443599018961E-15,0.));
#7386=DIRECTION('ref_axis',(0.,0.,1.));
#7387=DIRECTION('center_axis',(0.,-1.,0.));
#7388=DIRECTION('ref_axis',(1.,0.,0.));
#7389=DIRECTION('center_axis',(4.22346579516509E-15,0.309067978413769,-0.951039949065877));
#7390=DIRECTION('ref_axis',(-6.4954010154884E-15,0.951039949065877,0.309067978413769));
#7391=DIRECTION('center_axis',(1.,4.89998228198054E-15,0.));
#7392=DIRECTION('ref_axis',(0.,0.,1.));
#7393=DIRECTION('center_axis',(-0.398787115263284,0.398544184927522,-0.825912446546512));
#7394=DIRECTION('ref_axis',(0.584186199737178,-0.583830329288459,-0.563798395385765));
#7395=DIRECTION('center_axis',(7.105427357601E-14,1.,3.5527136788005E-14));
#7396=DIRECTION('ref_axis',(0.,3.5527136788005E-14,-1.));
#7397=DIRECTION('center_axis',(-1.,-4.59867838827047E-15,-4.44089209850079E-15));
#7398=DIRECTION('ref_axis',(4.44089209850068E-15,-0.999390827019096,0.0348994967025011));
#7399=DIRECTION('center_axis',(0.,0.0348994967025023,0.999390827019096));
#7400=DIRECTION('ref_axis',(1.,0.,0.));
#7401=DIRECTION('center_axis',(1.,5.9211894646675E-15,2.24344418850351E-44));
#7402=DIRECTION('ref_axis',(4.25934724728106E-15,-0.719339800338621,-0.694658370459029));
#7403=DIRECTION('',(1.,5.9211894646675E-15,2.24071172985947E-44));
#7404=DIRECTION('',(-1.,-5.9211894646675E-15,0.));
#7405=DIRECTION('center_axis',(1.,5.9211894646675E-15,0.));
#7406=DIRECTION('ref_axis',(4.25934724728106E-15,-0.719339800338621,-0.694658370459029));
#7407=DIRECTION('center_axis',(-0.707106781186547,0.0246776707783321,0.706676030840835));
#7408=DIRECTION('ref_axis',(-0.707106781186548,-0.0246776707783404,-0.706676030840834));
#7409=DIRECTION('center_axis',(2.06646532197032E-16,-0.0348994967024985,
-0.999390827019096));
#7410=DIRECTION('ref_axis',(0.707106781186579,-0.706676030840803,0.0246776707783333));
#7411=DIRECTION('',(-2.06646532197032E-16,0.0348994967024985,0.999390827019096));
#7412=DIRECTION('',(2.06646532197032E-16,-0.0348994967024985,-0.999390827019096));
#7413=DIRECTION('center_axis',(-1.,-4.89998228198054E-15,0.));
#7414=DIRECTION('ref_axis',(4.44089209850056E-15,-0.906307787036647,0.422618261740706));
#7415=DIRECTION('center_axis',(0.,0.309067978413778,-0.951039949065874));
#7416=DIRECTION('ref_axis',(-3.24770050774419E-15,0.951039949065874,0.309067978413778));
#7417=DIRECTION('center_axis',(0.,-1.,0.));
#7418=DIRECTION('ref_axis',(0.,0.,1.));
#7419=DIRECTION('center_axis',(5.9211894646675E-15,-1.,0.));
#7420=DIRECTION('ref_axis',(-0.707106781186548,-4.18691322315673E-15,0.707106781186548));
#7421=DIRECTION('',(5.9211894646675E-15,-1.,0.));
#7422=DIRECTION('center_axis',(1.,5.9211894646675E-15,0.));
#7423=DIRECTION('ref_axis',(3.18145278031329E-15,-0.53729960834684,0.843391445812875));
#7424=DIRECTION('',(1.,5.9211894646675E-15,0.));
#7425=DIRECTION('center_axis',(0.265787518878978,-0.886784451334101,-0.378114178099996));
#7426=DIRECTION('ref_axis',(0.509962769039109,0.462183228678946,-0.72548234804292));
#7427=DIRECTION('center_axis',(0.,0.422618261740707,0.906307787036646));
#7428=DIRECTION('ref_axis',(-4.44089209850039E-15,0.906307787036646,-0.422618261740707));
#7429=DIRECTION('center_axis',(-1.,-4.89998228198062E-15,-1.74082340790726E-28));
#7430=DIRECTION('ref_axis',(6.05360936588321E-43,3.55271367880048E-14,-1.));
#7431=DIRECTION('center_axis',(0.,-1.,-7.105427357601E-14));
#7432=DIRECTION('ref_axis',(1.,0.,0.));
#7433=DIRECTION('center_axis',(-1.,-5.9211894646675E-15,0.));
#7434=DIRECTION('ref_axis',(-3.18145278031324E-15,0.537299608346833,-0.84339144581288));
#7435=DIRECTION('',(1.,5.9211894646675E-15,0.));
#7436=DIRECTION('',(-1.,-5.9211894646675E-15,0.));
#7437=DIRECTION('center_axis',(-0.707106781186541,0.298836238730138,0.640856382055787));
#7438=DIRECTION('ref_axis',(0.707106781186554,0.298836238730139,0.640856382055773));
#7439=DIRECTION('center_axis',(-5.9211894646675E-15,1.,3.36019497993494E-14));
#7440=DIRECTION('ref_axis',(0.707106781186548,2.79470797873666E-14,-0.707106781186548));
#7441=DIRECTION('',(5.9211894646675E-15,-1.,-3.36019497993494E-14));
#7442=DIRECTION('',(-5.9211894646675E-15,1.,3.36019497993494E-14));
#7443=DIRECTION('center_axis',(-2.50240279899519E-15,0.422618261740711,
0.906307787036645));
#7444=DIRECTION('ref_axis',(0.707106781186527,0.640856382055804,-0.298836238730135));
#7445=DIRECTION('',(2.50240279899519E-15,-0.422618261740711,-0.906307787036645));
#7446=DIRECTION('',(-2.50240279899519E-15,0.422618261740711,0.906307787036645));
#7447=DIRECTION('center_axis',(2.50240279899519E-15,-0.422618261740711,
-0.906307787036645));
#7448=DIRECTION('ref_axis',(-0.707106781186556,0.640856382055776,-0.298836238730126));
#7449=DIRECTION('',(-2.50240279899519E-15,0.422618261740711,0.906307787036645));
#7450=DIRECTION('',(2.50240279899519E-15,-0.422618261740711,-0.906307787036645));
#7451=DIRECTION('center_axis',(1.98963511144194E-28,-3.36019497993494E-14,
1.));
#7452=DIRECTION('ref_axis',(-5.65989622067891E-15,1.,3.36019497993494E-14));
#7453=DIRECTION('center_axis',(-5.9211894646675E-15,1.,0.));
#7454=DIRECTION('ref_axis',(0.707106781186548,4.18691322315673E-15,0.707106781186548));
#7455=DIRECTION('',(-5.9211894646675E-15,1.,0.));
#7456=DIRECTION('center_axis',(-1.,-5.9211894646675E-15,0.));
#7457=DIRECTION('ref_axis',(-4.25934724728121E-15,0.719339800338645,0.694658370459004));
#7458=DIRECTION('',(-1.,-5.9211894646675E-15,0.));
#7459=DIRECTION('center_axis',(-2.06646532197032E-16,0.0348994967024985,
0.999390827019096));
#7460=DIRECTION('ref_axis',(-0.707106781186525,-0.706676030840857,0.0246776707783349));
#7461=DIRECTION('',(-2.06646532197032E-16,0.0348994967024985,0.999390827019096));
#7462=DIRECTION('',(2.06646532197032E-16,-0.0348994967024985,-0.999390827019096));
#7463=DIRECTION('center_axis',(-1.98963511144194E-28,3.36019497993494E-14,
-1.));
#7464=DIRECTION('ref_axis',(6.22370191126179E-15,-1.,-3.36019497993494E-14));
#7465=DIRECTION('',(6.22370191126179E-15,-1.,-3.36019497993494E-14));
#7466=DIRECTION('center_axis',(5.91758243603081E-15,-0.999390827019096,
0.0348994967024985));
#7467=DIRECTION('ref_axis',(-2.16978858806884E-16,0.0348994967024985,0.999390827019096));
#7468=DIRECTION('center_axis',(1.,5.9211894646675E-15,0.));
#7469=DIRECTION('ref_axis',(0.,0.,-1.));
#7470=DIRECTION('center_axis',(-5.3664201203475E-15,0.906307787036645,-0.422618261740711));
#7471=DIRECTION('ref_axis',(2.6963159958671E-15,-0.422618261740711,-0.906307787036645));
#7472=DIRECTION('center_axis',(-1.,-5.9211894646675E-15,0.));
#7473=DIRECTION('ref_axis',(0.,0.,1.));
#7474=DIRECTION('center_axis',(0.,1.,0.));
#7475=DIRECTION('ref_axis',(0.,0.,1.));
#7476=DIRECTION('center_axis',(0.,1.,0.));
#7477=DIRECTION('ref_axis',(0.,0.,1.));
#7478=DIRECTION('',(0.,1.,0.));
#7479=DIRECTION('',(0.,-1.,0.));
#7480=DIRECTION('center_axis',(0.,0.,-1.));
#7481=DIRECTION('ref_axis',(-1.,0.,0.));
#7482=DIRECTION('',(1.,0.,0.));
#7483=DIRECTION('',(0.,1.,0.));
#7484=DIRECTION('center_axis',(0.,1.,0.));
#7485=DIRECTION('ref_axis',(1.,0.,0.));
#7486=DIRECTION('center_axis',(0.,1.,0.));
#7487=DIRECTION('ref_axis',(1.,0.,0.));
#7488=DIRECTION('',(0.,-1.,0.));
#7489=DIRECTION('center_axis',(-0.707106781187438,0.707106781185657,0.));
#7490=DIRECTION('ref_axis',(0.499999999999368,0.500000000000628,-0.70710678118655));
#7491=DIRECTION('',(-0.707106781187438,0.707106781185657,0.));
#7492=DIRECTION('center_axis',(6.3987936240244E-13,-1.,0.));
#7493=DIRECTION('ref_axis',(-1.,-6.3987936240244E-13,0.));
#7494=DIRECTION('',(0.707106781187438,-0.707106781185657,0.));
#7495=DIRECTION('center_axis',(-0.707106781186557,0.707106781186538,0.));
#7496=DIRECTION('ref_axis',(0.499999999999992,0.500000000000005,-0.70710678118655));
#7497=DIRECTION('center_axis',(0.707106781186549,0.707106781186546,0.));
#7498=DIRECTION('ref_axis',(0.500000000000004,-0.500000000000006,-0.707106781186541));
#7499=DIRECTION('',(-0.707106781186549,-0.707106781186546,0.));
#7500=DIRECTION('center_axis',(-0.923879532511282,-0.382683432365102,-1.64113972635833E-14));
#7501=DIRECTION('ref_axis',(-0.382683432365102,0.923879532511282,-3.96206178512372E-14));
#7502=DIRECTION('center_axis',(1.,3.32849027957952E-14,0.));
#7503=DIRECTION('ref_axis',(2.35359804780415E-14,-0.707106781186538,-0.707106781186557));
#7504=DIRECTION('',(-1.,-3.32849027957952E-14,0.));
#7505=DIRECTION('center_axis',(-0.707106781185657,-0.707106781187438,0.));
#7506=DIRECTION('ref_axis',(-0.707106781187438,0.707106781185657,0.));
#7507=DIRECTION('',(0.,0.,1.));
#7508=DIRECTION('center_axis',(-0.731721570919942,-0.681603655103501,0.));
#7509=DIRECTION('ref_axis',(0.681603655103501,-0.731721570919942,0.));
#7510=DIRECTION('center_axis',(1.18423789293236E-14,-1.,0.));
#7511=DIRECTION('ref_axis',(-0.190808995376541,-2.25963242637255E-15,-0.981627183447665));
#7512=DIRECTION('',(1.18423789293236E-14,-1.,0.));
#7513=DIRECTION('center_axis',(1.33922254141386E-14,-1.,0.));
#7514=DIRECTION('ref_axis',(-0.190808995376541,-2.55535707712797E-15,-0.981627183447665));
#7515=DIRECTION('',(-1.18423789293236E-14,1.,0.));
#7516=DIRECTION('center_axis',(-0.374606593415899,-4.43623322865414E-15,
-0.927183854566793));
#7517=DIRECTION('ref_axis',(-0.927183854566793,-1.09800625429308E-14,0.374606593415899));
#7518=DIRECTION('',(0.927183854566793,1.24170551807084E-14,-0.374606593415899));
#7519=DIRECTION('',(1.18423789293236E-14,-1.,0.));
#7520=DIRECTION('center_axis',(1.18423789293236E-14,-1.,0.));
#7521=DIRECTION('ref_axis',(0.190808995376535,2.25963242637248E-15,0.981627183447666));
#7522=DIRECTION('center_axis',(-1.33922254141386E-14,1.,0.));
#7523=DIRECTION('ref_axis',(0.190808995376535,2.55535707712789E-15,0.981627183447666));
#7524=DIRECTION('center_axis',(1.33922254141386E-14,-1.,0.));
#7525=DIRECTION('ref_axis',(-1.,-1.33922254141386E-14,0.));
#7526=DIRECTION('',(-1.,-1.33922254141386E-14,0.));
#7527=DIRECTION('',(0.,0.,1.));
#7528=DIRECTION('',(1.,1.33922254141386E-14,-1.54984648481504E-15));
#7529=DIRECTION('',(0.,0.,1.));
#7530=DIRECTION('center_axis',(0.,0.,1.));
#7531=DIRECTION('ref_axis',(-0.707106781186539,-0.707106781186556,0.));
#7532=DIRECTION('center_axis',(8.37382644630544E-15,-0.707106781186549,
-0.707106781186546));
#7533=DIRECTION('ref_axis',(8.37382644630539E-15,-0.707106781186546,0.707106781186549));
#7534=DIRECTION('',(0.,0.,-1.));
#7535=DIRECTION('center_axis',(0.,0.,1.));
#7536=DIRECTION('ref_axis',(2.36847578587839E-15,1.,0.));
#7537=DIRECTION('center_axis',(0.,0.,1.));
#7538=DIRECTION('ref_axis',(2.36847578587839E-15,1.,0.));
#7539=DIRECTION('',(0.,0.,-1.));
#7540=DIRECTION('',(0.,0.,1.));
#7541=DIRECTION('center_axis',(-1.48029736617825E-15,-1.,0.));
#7542=DIRECTION('ref_axis',(1.,-1.48029736617825E-15,0.));
#7543=DIRECTION('',(-1.,1.48029736617825E-15,0.));
#7544=DIRECTION('',(0.,0.,1.));
#7545=DIRECTION('',(-1.,1.48029736617825E-15,0.));
#7546=DIRECTION('',(0.,0.,1.));
#7547=DIRECTION('',(1.,1.18423789293236E-14,0.));
#7548=DIRECTION('',(0.,0.,1.));
#7549=DIRECTION('center_axis',(1.,1.33922254141386E-14,1.54984648481522E-15));
#7550=DIRECTION('ref_axis',(1.17797023824523E-14,-0.923879532511298,0.382683432365062));
#7551=DIRECTION('center_axis',(0.740874673161714,8.7737186187198E-15,-0.671643297195412));
#7552=DIRECTION('ref_axis',(0.671643297195412,1.01335751500687E-14,0.740874673161714));
#7553=DIRECTION('',(1.,1.33922254141386E-14,1.54984648481522E-15));
#7554=DIRECTION('center_axis',(-0.740874673161712,-8.77371861871978E-15,
-0.671643297195413));
#7555=DIRECTION('ref_axis',(-0.671643297195413,-1.02569555681446E-14,0.740874673161712));
#7556=DIRECTION('',(-1.,-1.33922254141386E-14,-1.54984648481522E-15));
#7557=DIRECTION('center_axis',(-0.740874673161712,-8.77371861871978E-15,
-0.671643297195413));
#7558=DIRECTION('ref_axis',(-0.671643297195413,-7.9538544307284E-15,0.740874673161712));
#7559=DIRECTION('',(0.671643297195413,8.99479843393629E-15,-0.740874673161712));
#7560=DIRECTION('',(-1.18423789293236E-14,1.,0.));
#7561=DIRECTION('',(0.671643297195413,7.37447613761406E-15,-0.740874673161712));
#7562=DIRECTION('center_axis',(-0.740874673161712,-8.77371861871978E-15,
-0.671643297195413));
#7563=DIRECTION('ref_axis',(-0.671643297195413,-8.07723484880428E-15,0.740874673161712));
#7564=DIRECTION('',(-0.539669229705612,0.595297036154582,0.59529703615466));
#7565=DIRECTION('center_axis',(8.37382644630592E-15,-0.70710678118659,0.707106781186505));
#7566=DIRECTION('ref_axis',(8.37382644630491E-15,-0.707106781186505,-0.70710678118659));
#7567=DIRECTION('',(-1.,-1.18423789293236E-14,-4.775910905693E-43));
#7568=DIRECTION('',(-0.539669229705598,-0.595297036154595,-0.595297036154659));
#7569=DIRECTION('',(-1.,-1.33922254141386E-14,-1.54984648481522E-15));
#7570=DIRECTION('',(-0.53966922970561,0.595297036154583,0.595297036154661));
#7571=DIRECTION('',(-1.,-1.18423789293236E-14,-4.775910905693E-43));
#7572=DIRECTION('',(-8.37382644630491E-15,0.707106781186505,0.70710678118659));
#7573=DIRECTION('center_axis',(-8.37382644630592E-15,0.70710678118659,-0.707106781186505));
#7574=DIRECTION('ref_axis',(-8.37382644630491E-15,0.707106781186505,0.70710678118659));
#7575=DIRECTION('center_axis',(-8.37382644630592E-15,0.70710678118659,-0.707106781186505));
#7576=DIRECTION('ref_axis',(-8.42289183563878E-15,0.707106781186505,0.70710678118659));
#7577=DIRECTION('',(-8.37382644630491E-15,0.707106781186505,0.70710678118659));
#7578=DIRECTION('',(-1.,-1.18423789293236E-14,-4.775910905693E-43));
#7579=DIRECTION('',(-0.539669229705596,-0.595297036154596,-0.595297036154661));
#7580=DIRECTION('center_axis',(1.,1.33922254141386E-14,1.54984648481522E-15));
#7581=DIRECTION('ref_axis',(1.17797023824523E-14,-0.923879532511298,0.382683432365062));
#7582=DIRECTION('center_axis',(-0.740874673161714,-8.7737186187198E-15,
-0.671643297195412));
#7583=DIRECTION('ref_axis',(-0.671643297195412,-1.02569555681445E-14,0.740874673161714));
#7584=DIRECTION('center_axis',(0.740874673161712,8.77371861871978E-15,-0.671643297195413));
#7585=DIRECTION('ref_axis',(0.671643297195413,1.03392091801951E-14,0.740874673161712));
#7586=DIRECTION('',(1.,1.33922254141386E-14,1.54984648481522E-15));
#7587=DIRECTION('center_axis',(-0.740874673161714,-8.7737186187198E-15,
-0.671643297195412));
#7588=DIRECTION('ref_axis',(-0.671643297195412,-7.95385443072839E-15,0.740874673161714));
#7589=DIRECTION('',(0.671643297195411,8.99479843393626E-15,-0.740874673161714));
#7590=DIRECTION('',(-1.18423789293236E-14,1.,0.));
#7591=DIRECTION('',(0.671643297195411,7.37447613761403E-15,-0.740874673161714));
#7592=DIRECTION('center_axis',(-0.740874673161714,-8.7737186187198E-15,
-0.671643297195412));
#7593=DIRECTION('ref_axis',(-0.671643297195412,-7.87160081867781E-15,0.740874673161714));
#7594=DIRECTION('center_axis',(-1.,-1.18423789293236E-14,-4.775910905693E-43));
#7595=DIRECTION('ref_axis',(1.09409315090451E-14,-0.923879532511298,0.382683432365062));
#7596=DIRECTION('center_axis',(1.,1.18423789293236E-14,0.));
#7597=DIRECTION('ref_axis',(1.09409315090451E-14,-0.923879532511298,0.382683432365062));
#7598=DIRECTION('',(1.,1.18423789293236E-14,4.775910905693E-43));
#7599=DIRECTION('center_axis',(0.740874673161714,8.7737186187198E-15,-0.671643297195412));
#7600=DIRECTION('ref_axis',(0.671643297195412,8.03610804277897E-15,0.740874673161714));
#7601=DIRECTION('center_axis',(1.,1.18423789293236E-14,0.));
#7602=DIRECTION('ref_axis',(-1.18423789293236E-14,1.,0.));
#7603=DIRECTION('',(1.18423789293236E-14,-1.,0.));
#7604=DIRECTION('',(0.,0.,1.));
#7605=DIRECTION('',(1.18423789293236E-14,-1.,7.04903507704264E-16));
#7606=DIRECTION('',(9.2609688777783E-30,-7.8201929975798E-16,-1.));
#7607=DIRECTION('',(-1.18423789293236E-14,1.,0.));
#7608=DIRECTION('',(3.36655634990564E-58,4.50856815073361E-72,1.));
#7609=DIRECTION('',(1.18423789293236E-14,-1.,0.));
#7610=DIRECTION('',(9.2609688777783E-30,-7.8201929975798E-16,-1.));
#7611=DIRECTION('center_axis',(1.18423789293236E-14,-1.,7.8201929975798E-16));
#7612=DIRECTION('ref_axis',(1.,1.18423789293236E-14,-6.10715222395468E-28));
#7613=DIRECTION('',(-0.671643297195414,-8.53323272384275E-15,-0.740874673161712));
#7614=DIRECTION('',(0.671643297195413,7.37447613761406E-15,-0.740874673161712));
#7615=DIRECTION('',(-1.,-1.18423789293236E-14,6.10715222395468E-28));
#7616=DIRECTION('',(-0.671643297195413,-7.37447613761406E-15,0.740874673161712));
#7617=DIRECTION('',(-0.671643297195414,-8.53323272384275E-15,-0.740874673161712));
#7618=DIRECTION('',(-1.,-1.18423789293236E-14,6.10715222395468E-28));
#7619=DIRECTION('',(-0.671643297195414,-7.37447613761406E-15,0.740874673161712));
#7620=DIRECTION('',(-0.671643297195413,-8.53323272384274E-15,-0.740874673161712));
#7621=DIRECTION('center_axis',(1.18423789293236E-14,-1.,7.8201929975798E-16));
#7622=DIRECTION('ref_axis',(-0.671643297195413,-8.53323272384273E-15,-0.740874673161712));
#7623=DIRECTION('',(-1.,-1.18423789293236E-14,6.10715222395468E-28));
#7624=DIRECTION('',(-9.2609688777783E-30,7.8201929975798E-16,1.));
#7625=DIRECTION('center_axis',(-1.18423789293236E-14,1.,-7.8201929975798E-16));
#7626=DIRECTION('ref_axis',(-4.90653893341468E-17,7.82019299757979E-16,
1.));
#7627=DIRECTION('',(1.,1.18423789293236E-14,4.775910905693E-43));
#7628=DIRECTION('',(0.671643297195413,8.53323272384275E-15,0.740874673161712));
#7629=DIRECTION('',(1.,1.18423789293236E-14,4.775910905693E-43));
#7630=DIRECTION('',(0.671643297195411,8.53323272384272E-15,0.740874673161714));
#7631=DIRECTION('',(0.671643297195411,7.37447613761403E-15,-0.740874673161714));
#7632=DIRECTION('',(-9.2609688777783E-30,7.8201929975798E-16,1.));
#7633=DIRECTION('',(-0.671643297195413,-8.53323272384274E-15,-0.740874673161712));
#7634=DIRECTION('',(4.30110614866898E-16,-7.82019299757974E-16,-1.));
#7635=DIRECTION('',(0.671643297195411,8.53323272384272E-15,0.740874673161714));
#7636=DIRECTION('',(-0.671643297195413,-7.37447613761406E-15,0.740874673161712));
#7637=DIRECTION('',(-9.2609688777783E-30,7.8201929975798E-16,1.));
#7638=DIRECTION('center_axis',(1.18423789293236E-14,-1.,7.8201929975798E-16));
#7639=DIRECTION('ref_axis',(-0.359948139902318,-4.99224462243214E-15,-0.932972312869391));
#7640=DIRECTION('',(0.671643297195413,8.53323272384275E-15,0.740874673161712));
#7641=DIRECTION('',(-0.671643297195414,-7.37447613761406E-15,0.740874673161712));
#7642=DIRECTION('center_axis',(-1.,-1.18423789293236E-14,-4.775910905693E-43));
#7643=DIRECTION('ref_axis',(1.09409315090451E-14,-0.923879532511298,0.382683432365062));
#7644=DIRECTION('center_axis',(0.740874673161712,8.77371861871978E-15,-0.671643297195413));
#7645=DIRECTION('ref_axis',(0.671643297195413,7.83047401265254E-15,0.740874673161712));
#7646=DIRECTION('center_axis',(0.577350269189619,-5.38978506833625E-14,
0.816496580927731));
#7647=DIRECTION('ref_axis',(-0.707106781186554,-0.500000000000028,0.499999999999963));
#7648=DIRECTION('center_axis',(-1.1504221534444E-29,5.55111512311809E-16,
1.));
#7649=DIRECTION('ref_axis',(-1.,-2.07241631263125E-14,-3.92363570010949E-44));
#7650=DIRECTION('center_axis',(1.20704822204014E-14,-0.832050294337232,
-0.554700196226146));
#7651=DIRECTION('ref_axis',(6.56896991588019E-15,-0.554700196226146,0.832050294337232));
#7652=DIRECTION('center_axis',(-0.980580675691131,0.138675049055548,0.138675049055574));
#7653=DIRECTION('ref_axis',(-0.196116135137129,-0.693375245281646,-0.693375245281725));
#7654=DIRECTION('center_axis',(0.196116135137147,-0.693375245281641,-0.693375245281725));
#7655=DIRECTION('ref_axis',(-0.980580675691128,-0.138675049055571,-0.138675049055577));
#7656=DIRECTION('center_axis',(-8.37382644630491E-15,0.707106781186505,
0.70710678118659));
#7657=DIRECTION('ref_axis',(-0.707106781186542,-0.500000000000038,0.49999999999997));
#7658=DIRECTION('',(8.37382644630491E-15,-0.707106781186505,-0.70710678118659));
#7659=DIRECTION('center_axis',(-1.48029736617825E-15,-1.,0.));
#7660=DIRECTION('ref_axis',(-1.35420474561467E-14,2.00462571819948E-29,
1.));
#7661=DIRECTION('center_axis',(-1.,-1.18423789293236E-14,-4.775910905693E-43));
#7662=DIRECTION('ref_axis',(1.09409315090451E-14,-0.923879532511298,0.382683432365062));
#7663=DIRECTION('center_axis',(0.,0.,-1.));
#7664=DIRECTION('ref_axis',(-1.,-8.28966525053377E-14,0.));
#7665=DIRECTION('center_axis',(0.,0.,-1.));
#7666=DIRECTION('ref_axis',(-1.,-8.28966525053377E-14,0.));
#7667=DIRECTION('center_axis',(1.,1.18423789293236E-14,0.));
#7668=DIRECTION('ref_axis',(-1.18423789293236E-14,1.,0.));
#7669=DIRECTION('',(-9.2609688777783E-30,7.8201929975798E-16,1.));
#7670=DIRECTION('center_axis',(-1.,-1.18423789293236E-14,0.));
#7671=DIRECTION('ref_axis',(-8.37382644630546E-15,0.707106781186552,-0.707106781186543));
#7672=DIRECTION('',(0.,0.,1.));
#7673=DIRECTION('',(-1.18423789293236E-14,1.,0.));
#7674=DIRECTION('center_axis',(-1.,-1.18423789293236E-14,6.10715222395468E-28));
#7675=DIRECTION('ref_axis',(-8.37382644630589E-15,0.707106781186552,-0.707106781186543));
#7676=DIRECTION('',(-1.,-1.18423789293236E-14,6.10715222395468E-28));
#7677=DIRECTION('center_axis',(1.18423789293236E-14,-1.,0.));
#7678=DIRECTION('ref_axis',(-1.,-1.18423789293236E-14,0.));
#7679=DIRECTION('',(1.18423789293236E-14,-1.,0.));
#7680=DIRECTION('center_axis',(0.,0.,1.));
#7681=DIRECTION('ref_axis',(1.,1.18423789293236E-14,0.));
#7682=DIRECTION('center_axis',(0.,0.,-1.));
#7683=DIRECTION('ref_axis',(-0.923879532511304,-0.382683432365049,0.));
#7684=DIRECTION('',(-0.707106781186655,-0.70710678118644,0.));
#7685=DIRECTION('',(-1.,-1.33922254141386E-14,0.));
#7686=DIRECTION('',(-0.707106781186538,-0.707106781186557,0.));
#7687=DIRECTION('center_axis',(0.707106781186557,-0.707106781186538,0.));
#7688=DIRECTION('ref_axis',(0.,0.,1.));
#7689=DIRECTION('center_axis',(0.707106781186557,-0.707106781186538,0.));
#7690=DIRECTION('ref_axis',(-0.707106781186538,-0.707106781186557,-1.37667655053519E-14));
#7691=DIRECTION('center_axis',(0.707106781186557,-0.707106781186538,0.));
#7692=DIRECTION('ref_axis',(-0.707106781186538,-0.707106781186557,0.));
#7693=DIRECTION('',(0.,0.,-1.));
#7694=DIRECTION('',(0.577350269189617,0.577350269189632,-0.577350269189629));
#7695=DIRECTION('',(0.,0.,1.));
#7696=DIRECTION('',(-0.707106781186538,-0.707106781186557,0.));
#7697=DIRECTION('center_axis',(0.,0.,1.));
#7698=DIRECTION('ref_axis',(1.,1.18423789293236E-14,0.));
#7699=DIRECTION('',(-0.707106781187438,0.707106781185657,0.));
#7700=DIRECTION('',(-0.707106781186553,0.707106781186542,0.));
#7701=DIRECTION('center_axis',(0.,0.,1.));
#7702=DIRECTION('ref_axis',(-0.923879532511304,-0.382683432365049,0.));
#7703=DIRECTION('center_axis',(-6.02367487948624E-28,-7.04903507704264E-16,
-1.));
#7704=DIRECTION('ref_axis',(-0.923879532511304,-0.382683432365049,2.69754893814987E-16));
#7705=DIRECTION('',(0.,0.,1.));
#7706=DIRECTION('center_axis',(0.70710678118644,-0.707106781186655,0.));
#7707=DIRECTION('ref_axis',(-0.707106781186655,-0.70710678118644,0.));
#7708=DIRECTION('',(-0.707106781186655,-0.70710678118644,4.98442050380219E-16));
#7709=DIRECTION('',(0.,0.,1.));
#7710=DIRECTION('center_axis',(0.,0.,1.));
#7711=DIRECTION('ref_axis',(-0.596284794000066,0.802772971919396,0.));
#7712=DIRECTION('',(0.,0.,-1.));
#7713=DIRECTION('center_axis',(0.,0.,1.));
#7714=DIRECTION('ref_axis',(1.,1.18423789293236E-14,0.));
#7715=DIRECTION('',(0.,0.,1.));
#7716=DIRECTION('center_axis',(0.,0.,-1.));
#7717=DIRECTION('ref_axis',(0.596284794000097,0.802772971919373,0.));
#7718=DIRECTION('',(0.,0.,1.));
#7719=DIRECTION('center_axis',(-1.18423789293236E-14,1.,-4.74869723036912E-43));
#7720=DIRECTION('ref_axis',(-0.359948139902318,-4.26264226762843E-15,-0.932972312869391));
#7721=DIRECTION('center_axis',(1.33922254141386E-14,-1.,0.));
#7722=DIRECTION('ref_axis',(-0.359948139902318,-4.82050662697174E-15,-0.932972312869391));
#7723=DIRECTION('',(1.18423789293236E-14,-1.,4.74869723036912E-43));
#7724=DIRECTION('',(-1.18423789293236E-14,1.,-4.74869723036912E-43));
#7725=DIRECTION('center_axis',(1.33922254141386E-14,-1.,0.));
#7726=DIRECTION('ref_axis',(-1.,-1.33922254141386E-14,0.));
#7727=DIRECTION('',(-9.2609688777783E-30,7.8201929975798E-16,1.));
#7728=DIRECTION('',(-0.671643297195414,-8.99479843393629E-15,0.740874673161712));
#7729=DIRECTION('',(0.671643297195413,8.99479843393629E-15,0.740874673161712));
#7730=DIRECTION('center_axis',(0.740874673161712,8.77371861871978E-15,-0.671643297195413));
#7731=DIRECTION('ref_axis',(-0.671643297195413,-7.9538544307284E-15,-0.740874673161712));
#7732=DIRECTION('',(-1.18423789293236E-14,1.,0.));
#7733=DIRECTION('center_axis',(1.,1.18423789293236E-14,-6.10715222395468E-28));
#7734=DIRECTION('ref_axis',(8.37382644630502E-15,-0.707106781186552,-0.707106781186543));
#7735=DIRECTION('',(1.,1.18423789293236E-14,-6.10715222395468E-28));
#7736=DIRECTION('center_axis',(1.,1.18423789293236E-14,0.));
#7737=DIRECTION('ref_axis',(1.18423789293236E-14,-1.,0.));
#7738=DIRECTION('center_axis',(6.02367487948624E-28,7.04903507704264E-16,
1.));
#7739=DIRECTION('ref_axis',(-1.,-7.10542735759114E-15,0.));
#7740=DIRECTION('center_axis',(1.18423789293236E-14,-1.,0.));
#7741=DIRECTION('ref_axis',(-1.,-1.18423789293236E-14,0.));
#7742=DIRECTION('center_axis',(-6.02367487948624E-28,-7.04903507704264E-16,
-1.));
#7743=DIRECTION('ref_axis',(-0.70710678118654,-0.707106781186555,4.984420503803E-16));
#7744=DIRECTION('center_axis',(6.02367487948624E-28,7.04903507704264E-16,
1.));
#7745=DIRECTION('ref_axis',(-0.70710678118654,-0.707106781186555,4.984420503803E-16));
#7746=DIRECTION('center_axis',(1.18423789293236E-14,-1.,7.04903507704264E-16));
#7747=DIRECTION('ref_axis',(-0.707106781186552,-8.87226849668532E-15,-0.707106781186543));
#7748=DIRECTION('center_axis',(1.18423789293236E-14,-1.,0.));
#7749=DIRECTION('ref_axis',(-0.707106781186552,-8.37382644630546E-15,-0.707106781186543));
#7750=DIRECTION('',(-1.18423789293236E-14,1.,-7.04903507704264E-16));
#7751=DIRECTION('',(1.18423789293236E-14,-1.,7.04903507704264E-16));
#7752=DIRECTION('center_axis',(-1.,-1.18423789293236E-14,3.36655634990564E-58));
#7753=DIRECTION('ref_axis',(1.18423789293236E-14,-1.,7.04903507704264E-16));
#7754=DIRECTION('',(3.36655634990564E-58,3.98680359825031E-72,1.));
#7755=DIRECTION('',(-9.2609688777783E-30,7.8201929975798E-16,1.));
#7756=DIRECTION('',(-9.2609688777783E-30,7.8201929975798E-16,1.));
#7757=DIRECTION('center_axis',(9.2609688777783E-30,-7.8201929975798E-16,
-1.));
#7758=DIRECTION('ref_axis',(1.,1.18423789293236E-14,1.40129846432482E-45));
#7759=DIRECTION('center_axis',(-0.53966922970559,0.595297036154626,-0.595297036154636));
#7760=DIRECTION('ref_axis',(-0.722966996837755,-0.690015308333364,-0.0346062963781095));
#7761=DIRECTION('center_axis',(1.33922254141386E-14,-1.,0.));
#7762=DIRECTION('ref_axis',(-0.671643297195412,-8.99479843393624E-15,-0.740874673161713));
#7763=DIRECTION('',(0.53966922970559,-0.595297036154626,0.595297036154636));
#7764=DIRECTION('center_axis',(-6.02367487948624E-28,-7.04903507704264E-16,
-1.));
#7765=DIRECTION('ref_axis',(0.671643297195424,-0.740874673161703,5.2224515588053E-16));
#7766=DIRECTION('',(-0.53966922970559,0.595297036154626,-0.595297036154636));
#7767=DIRECTION('center_axis',(1.33922254141386E-14,-1.,0.));
#7768=DIRECTION('ref_axis',(-1.,-1.33922254141386E-14,0.));
#7769=DIRECTION('',(-0.671643297195413,-8.99479843393629E-15,-0.740874673161712));
#7770=DIRECTION('',(-0.671643297195414,-8.99479843393629E-15,0.740874673161712));
#7771=DIRECTION('',(1.,1.33922254141386E-14,-1.54984648481504E-15));
#7772=DIRECTION('center_axis',(8.37382644630544E-15,-0.707106781186549,
-0.707106781186546));
#7773=DIRECTION('ref_axis',(-8.37382644630539E-15,0.707106781186546,-0.707106781186549));
#7774=DIRECTION('',(0.539669229705576,0.595297036154639,-0.595297036154635));
#7775=DIRECTION('',(-1.,-1.18423789293242E-14,6.10715222395468E-28));
#7776=DIRECTION('center_axis',(1.05157722050296E-14,-0.707106781186551,
-0.707106781186544));
#7777=DIRECTION('ref_axis',(-1.1217939421624E-14,0.707106781186544,-0.707106781186551));
#7778=DIRECTION('',(0.577350269189627,-0.577350269189618,0.577350269189632));
#7779=DIRECTION('',(1.,1.38534705006321E-14,0.));
#7780=DIRECTION('center_axis',(-0.707106781186542,-0.707106781186553,0.));
#7781=DIRECTION('ref_axis',(-0.707106781186553,0.707106781186542,0.));
#7782=DIRECTION('',(0.,0.,1.));
#7783=DIRECTION('',(0.707106781186559,-0.707106781186536,0.));
#7784=DIRECTION('',(0.,0.,1.));
#7785=DIRECTION('',(0.707106781186559,-0.707106781186536,0.));
#7786=DIRECTION('',(0.577350269189629,-0.57735026918962,0.577350269189629));
#7787=DIRECTION('center_axis',(0.,0.,-1.));
#7788=DIRECTION('ref_axis',(1.,1.18423789293236E-14,0.));
#7789=DIRECTION('',(0.,0.,1.));
#7790=DIRECTION('center_axis',(0.,0.,-1.));
#7791=DIRECTION('ref_axis',(1.,1.18423789293236E-14,0.));
#7792=DIRECTION('center_axis',(0.,0.,-1.));
#7793=DIRECTION('ref_axis',(1.,1.18423789293236E-14,0.));
#7794=DIRECTION('',(0.,0.,-1.));
#7795=DIRECTION('center_axis',(0.,0.,1.));
#7796=DIRECTION('ref_axis',(1.,1.18423789293236E-14,0.));
#7797=DIRECTION('center_axis',(0.,0.,-1.));
#7798=DIRECTION('ref_axis',(1.,1.18423789293236E-14,0.));
#7799=DIRECTION('',(-7.56200100305787E-15,1.,0.));
#7800=DIRECTION('center_axis',(8.37382644630544E-15,-0.707106781186549,
-0.707106781186546));
#7801=DIRECTION('ref_axis',(-8.37382644630539E-15,0.707106781186546,-0.707106781186549));
#7802=DIRECTION('',(0.539669229705576,0.595297036154639,-0.595297036154635));
#7803=DIRECTION('',(-1.,-1.18423789293242E-14,6.10715222395468E-28));
#7804=DIRECTION('',(0.53966922970559,-0.595297036154626,0.595297036154635));
#7805=DIRECTION('',(1.,1.33922254141386E-14,-1.54984648481504E-15));
#7806=DIRECTION('center_axis',(8.37382644630544E-15,-0.707106781186549,
-0.707106781186546));
#7807=DIRECTION('ref_axis',(-8.37382644630539E-15,0.707106781186546,-0.707106781186549));
#7808=DIRECTION('',(-1.,-1.18423789293242E-14,6.10715222395468E-28));
#7809=DIRECTION('',(4.78504368360261E-15,-0.707106781186546,0.707106781186549));
#7810=DIRECTION('center_axis',(-6.02367487948624E-28,-7.04903507704264E-16,
-1.));
#7811=DIRECTION('ref_axis',(1.,1.18423789293236E-14,-6.10715222395467E-28));
#7812=DIRECTION('',(1.,2.46931292683862E-13,0.));
#7813=DIRECTION('',(-5.60954791389044E-15,1.,-7.04903507704264E-16));
#7814=DIRECTION('center_axis',(-1.,-6.76707367389855E-15,0.));
#7815=DIRECTION('ref_axis',(6.76707367389855E-15,-1.,0.));
#7816=DIRECTION('',(0.,0.,1.));
#7817=DIRECTION('',(6.76707367389855E-15,-1.,0.));
#7818=DIRECTION('center_axis',(0.740874673161712,8.77371861871978E-15,0.671643297195413));
#7819=DIRECTION('ref_axis',(0.671643297195413,7.9538544307284E-15,-0.740874673161712));
#7820=DIRECTION('',(-0.671643297195413,-8.99479843393629E-15,0.740874673161712));
#7821=DIRECTION('',(-1.18423789293236E-14,1.,0.));
#7822=DIRECTION('center_axis',(-6.02367487948624E-28,-7.04903507704264E-16,
-1.));
#7823=DIRECTION('ref_axis',(1.,1.18423789293236E-14,-6.10715222395467E-28));
#7824=DIRECTION('',(1.,2.95500486257469E-13,0.));
#7825=DIRECTION('center_axis',(0.,0.,1.));
#7826=DIRECTION('ref_axis',(-3.38988096852227E-13,-1.,0.));
#7827=DIRECTION('',(2.07241631263187E-14,-1.,0.));
#7828=DIRECTION('center_axis',(0.,0.,-1.));
#7829=DIRECTION('ref_axis',(0.22220486043881,0.974999999998651,0.));
#7830=DIRECTION('',(1.,1.18423789293236E-14,0.));
#7831=DIRECTION('center_axis',(0.,0.,1.));
#7832=DIRECTION('ref_axis',(1.,1.18423789293236E-14,0.));
#7833=DIRECTION('center_axis',(-0.740874673161712,-8.77371861871978E-15,
0.671643297195413));
#7834=DIRECTION('ref_axis',(0.671643297195413,7.9538544307284E-15,0.740874673161712));
#7835=DIRECTION('',(-1.18423789293236E-14,1.,0.));
#7836=DIRECTION('center_axis',(3.36655634990564E-58,3.98680359825031E-72,
1.));
#7837=DIRECTION('ref_axis',(-0.707106781186514,-0.707106781186581,2.38051482426483E-58));
#7838=DIRECTION('',(3.36655634990564E-58,3.98680359825031E-72,1.));
#7839=DIRECTION('center_axis',(0.740874673161712,8.77371861871978E-15,0.671643297195413));
#7840=DIRECTION('ref_axis',(0.671643297195413,7.9538544307284E-15,-0.740874673161712));
#7841=DIRECTION('',(-1.18423789293236E-14,1.,0.));
#7842=DIRECTION('',(-0.671643297195413,-8.99479843393629E-15,0.740874673161712));
#7843=DIRECTION('',(-1.18423789293236E-14,1.,0.));
#7844=DIRECTION('center_axis',(-0.740874673161712,-8.77371861871978E-15,
0.671643297195413));
#7845=DIRECTION('ref_axis',(0.671643297195413,7.9538544307284E-15,0.740874673161712));
#7846=DIRECTION('',(-1.18423789293236E-14,1.,0.));
#7847=DIRECTION('',(-0.671643297195413,-8.99479843393629E-15,-0.740874673161712));
#7848=DIRECTION('',(-1.18423789293236E-14,1.,0.));
#7849=DIRECTION('center_axis',(-0.740874673161712,-8.77371861871977E-15,
0.671643297195414));
#7850=DIRECTION('ref_axis',(0.671643297195414,7.95385443072841E-15,0.740874673161712));
#7851=DIRECTION('',(-0.671643297195414,-8.9947984339363E-15,-0.740874673161712));
#7852=DIRECTION('',(-1.18423789293236E-14,1.,0.));
#7853=DIRECTION('center_axis',(-0.740874673161712,-8.77371861871978E-15,
-0.671643297195413));
#7854=DIRECTION('ref_axis',(-0.671643297195413,-7.9538544307284E-15,0.740874673161712));
#7855=DIRECTION('',(0.671643297195413,8.99479843393629E-15,-0.740874673161712));
#7856=DIRECTION('center_axis',(-0.740874673161712,-8.77371861871977E-15,
0.671643297195414));
#7857=DIRECTION('ref_axis',(0.671643297195414,7.95385443072841E-15,0.740874673161712));
#7858=DIRECTION('',(-0.671643297195414,-8.9947984339363E-15,-0.740874673161712));
#7859=DIRECTION('center_axis',(0.740874673161712,8.77371861871978E-15,0.671643297195414));
#7860=DIRECTION('ref_axis',(0.671643297195414,7.95385443072841E-15,-0.740874673161712));
#7861=DIRECTION('center_axis',(-1.,-1.18423789293236E-14,-4.30110614866889E-16));
#7862=DIRECTION('ref_axis',(-4.30110614866889E-16,-5.09353288277807E-30,
1.));
#7863=DIRECTION('',(4.30110614866889E-16,5.76013830731115E-30,-1.));
#7864=DIRECTION('',(-1.18423789293236E-14,1.,0.));
#7865=DIRECTION('center_axis',(0.740874673161714,8.7737186187198E-15,-0.671643297195412));
#7866=DIRECTION('ref_axis',(-0.671643297195412,-7.95385443072839E-15,-0.740874673161714));
#7867=DIRECTION('',(0.671643297195411,8.99479843393626E-15,0.740874673161714));
#7868=DIRECTION('center_axis',(-0.740874673161714,-8.7737186187198E-15,
-0.671643297195412));
#7869=DIRECTION('ref_axis',(-0.671643297195412,-7.95385443072839E-15,0.740874673161714));
#7870=DIRECTION('',(0.671643297195411,8.99479843393626E-15,-0.740874673161714));
#7871=DIRECTION('',(-1.18423789293236E-14,1.,0.));
#7872=DIRECTION('center_axis',(1.,1.18423789293236E-14,0.));
#7873=DIRECTION('ref_axis',(0.,0.,-1.));
#7874=DIRECTION('',(0.,0.,1.));
#7875=DIRECTION('center_axis',(0.740874673161712,8.77371861871978E-15,0.671643297195414));
#7876=DIRECTION('ref_axis',(0.671643297195414,7.95385443072841E-15,-0.740874673161712));
#7877=DIRECTION('',(-1.18423789293236E-14,1.,4.74869723036912E-43));
#7878=DIRECTION('center_axis',(0.740874673161712,8.77371861871978E-15,-0.671643297195413));
#7879=DIRECTION('ref_axis',(-0.671643297195413,-7.9538544307284E-15,-0.740874673161712));
#7880=DIRECTION('',(0.671643297195413,8.99479843393629E-15,0.740874673161712));
#7881=DIRECTION('center_axis',(0.740874673161714,8.7737186187198E-15,-0.671643297195412));
#7882=DIRECTION('ref_axis',(-0.671643297195412,-7.95385443072839E-15,-0.740874673161714));
#7883=DIRECTION('',(0.671643297195411,8.99479843393626E-15,0.740874673161714));
#7884=DIRECTION('center_axis',(-1.,-1.18423789293236E-14,3.36655634990564E-58));
#7885=DIRECTION('ref_axis',(1.18423789293236E-14,-1.,7.04903507704264E-16));
#7886=DIRECTION('center_axis',(1.33922254141386E-14,-1.,0.));
#7887=DIRECTION('ref_axis',(-1.,-1.33922254141386E-14,0.));
#7888=DIRECTION('center_axis',(1.33922254141386E-14,-1.,0.));
#7889=DIRECTION('ref_axis',(-1.,-1.33922254141386E-14,0.));
#7890=DIRECTION('center_axis',(1.33922254141386E-14,-1.,0.));
#7891=DIRECTION('ref_axis',(-1.,-1.33922254141386E-14,0.));
#7892=DIRECTION('center_axis',(1.33922254141386E-14,-1.,0.));
#7893=DIRECTION('ref_axis',(-1.,-1.33922254141386E-14,0.));
#7894=DIRECTION('center_axis',(1.33922254141386E-14,-1.,0.));
#7895=DIRECTION('ref_axis',(-1.,-1.33922254141386E-14,0.));
#7896=DIRECTION('center_axis',(-6.02367487948624E-28,-7.04903507704264E-16,
-1.));
#7897=DIRECTION('ref_axis',(1.,1.18423789293236E-14,-6.10715222395467E-28));
#7898=DIRECTION('center_axis',(0.,0.,-1.));
#7899=DIRECTION('ref_axis',(-1.,-8.28966525053377E-14,0.));
#7900=DIRECTION('',(1.,1.18423789293236E-14,0.));
#7901=DIRECTION('center_axis',(0.,0.,-1.));
#7902=DIRECTION('ref_axis',(0.22220486043881,0.974999999998651,0.));
#7903=DIRECTION('',(2.07241631263187E-14,-1.,0.));
#7904=DIRECTION('center_axis',(0.,0.,-1.));
#7905=DIRECTION('ref_axis',(-3.38988096852227E-13,-1.,0.));
#7906=DIRECTION('',(1.,2.95500486257469E-13,0.));
#7907=DIRECTION('',(1.,2.46931292683862E-13,0.));
#7908=DIRECTION('',(-1.,-1.33922254141386E-14,6.11807714619017E-28));
#7909=DIRECTION('center_axis',(0.,0.,1.));
#7910=DIRECTION('ref_axis',(1.,1.18423789293236E-14,0.));
#7911=DIRECTION('center_axis',(0.,0.,-1.));
#7912=DIRECTION('ref_axis',(1.,1.18423789293236E-14,0.));
#7913=DIRECTION('',(0.,0.,-1.));
#7914=DIRECTION('center_axis',(2.46931292683862E-13,-1.,0.));
#7915=DIRECTION('ref_axis',(1.,2.46931292683862E-13,0.));
#7916=DIRECTION('center_axis',(-1.48029736617825E-15,-1.,0.));
#7917=DIRECTION('ref_axis',(1.,-1.48029736617825E-15,0.));
#7918=DIRECTION('center_axis',(2.95500486257469E-13,-1.,0.));
#7919=DIRECTION('ref_axis',(1.,2.95500486257469E-13,0.));
#7920=DIRECTION('',(0.,0.,1.));
#7921=DIRECTION('center_axis',(0.,0.,-1.));
#7922=DIRECTION('ref_axis',(-3.38988096852227E-13,-1.,0.));
#7923=DIRECTION('',(0.,0.,1.));
#7924=DIRECTION('center_axis',(-1.,-2.07241631263187E-14,0.));
#7925=DIRECTION('ref_axis',(2.07241631263187E-14,-1.,0.));
#7926=DIRECTION('',(0.,0.,1.));
#7927=DIRECTION('center_axis',(0.,0.,-1.));
#7928=DIRECTION('ref_axis',(0.22220486043881,0.974999999998651,0.));
#7929=DIRECTION('',(0.,0.,1.));
#7930=DIRECTION('center_axis',(0.,0.,-1.));
#7931=DIRECTION('ref_axis',(-1.,-8.28966525053377E-14,0.));
#7932=DIRECTION('',(0.,0.,1.));
#7933=DIRECTION('center_axis',(1.33922254141386E-14,-1.,0.));
#7934=DIRECTION('ref_axis',(-1.,-1.33922254141386E-14,0.));
#7935=DIRECTION('center_axis',(1.33922254141386E-14,-1.,0.));
#7936=DIRECTION('ref_axis',(-1.,-1.33922254141386E-14,0.));
#7937=DIRECTION('center_axis',(-0.707106781185657,-0.707106781187438,0.));
#7938=DIRECTION('ref_axis',(-0.707106781187438,0.707106781185657,0.));
#7939=DIRECTION('center_axis',(-0.70710678118743,-0.707106781185665,0.));
#7940=DIRECTION('ref_axis',(-0.499999999999374,0.500000000000622,-0.70710678118655));
#7941=DIRECTION('',(0.70710678118743,0.707106781185665,0.));
#7942=DIRECTION('center_axis',(-0.707106781186548,-0.707106781186547,0.));
#7943=DIRECTION('ref_axis',(-0.499999999999998,0.499999999999999,-0.70710678118655));
#7944=DIRECTION('',(-0.70710678118743,-0.707106781185665,0.));
#7945=DIRECTION('center_axis',(6.28036983473117E-13,1.,0.));
#7946=DIRECTION('ref_axis',(1.,-6.28036983473117E-13,0.));
#7947=DIRECTION('center_axis',(0.707106781186558,-0.707106781186537,0.));
#7948=DIRECTION('ref_axis',(-0.499999999999997,-0.500000000000012,-0.707106781186541));
#7949=DIRECTION('',(0.707106781186558,-0.707106781186537,0.));
#7950=DIRECTION('center_axis',(-0.923879532511286,0.382683432365092,1.64113972635833E-14));
#7951=DIRECTION('ref_axis',(0.382683432365092,0.923879532511286,-3.96206178512372E-14));
#7952=DIRECTION('center_axis',(1.,-2.14425238664716E-14,0.));
#7953=DIRECTION('ref_axis',(-1.51621540317363E-14,-0.707106781186538,-0.707106781186557));
#7954=DIRECTION('',(1.,-2.14425238664716E-14,0.));
#7955=DIRECTION('center_axis',(-0.707106781185665,0.70710678118743,0.));
#7956=DIRECTION('ref_axis',(0.70710678118743,0.707106781185665,0.));
#7957=DIRECTION('',(0.,0.,1.));
#7958=DIRECTION('center_axis',(-0.73172157091995,0.681603655103493,0.));
#7959=DIRECTION('ref_axis',(-0.681603655103493,-0.73172157091995,0.));
#7960=DIRECTION('center_axis',(0.,1.,0.));
#7961=DIRECTION('ref_axis',(0.190808995376541,0.,-0.981627183447665));
#7962=DIRECTION('',(0.,1.,0.));
#7963=DIRECTION('center_axis',(1.54984648481503E-15,1.,0.));
#7964=DIRECTION('ref_axis',(0.190808995376541,-2.95724650755419E-16,-0.981627183447665));
#7965=DIRECTION('center_axis',(-0.374606593415899,0.,0.927183854566793));
#7966=DIRECTION('ref_axis',(0.927183854566793,0.,0.374606593415899));
#7967=DIRECTION('',(0.,-1.,0.));
#7968=DIRECTION('',(-0.927183854566793,1.43699263777759E-15,-0.374606593415899));
#7969=DIRECTION('center_axis',(0.,1.,0.));
#7970=DIRECTION('ref_axis',(-0.190808995376535,0.,0.981627183447666));
#7971=DIRECTION('center_axis',(-1.54984648481503E-15,-1.,0.));
#7972=DIRECTION('ref_axis',(-0.190808995376535,2.9572465075541E-16,0.981627183447666));
#7973=DIRECTION('center_axis',(1.54984648481503E-15,1.,0.));
#7974=DIRECTION('ref_axis',(1.,-1.54984648481503E-15,0.));
#7975=DIRECTION('',(0.,0.,1.));
#7976=DIRECTION('',(-1.,1.54984648481503E-15,-1.54984648481504E-15));
#7977=DIRECTION('',(0.,0.,1.));
#7978=DIRECTION('center_axis',(0.,0.,-1.));
#7979=DIRECTION('ref_axis',(0.707106781186547,-0.707106781186547,0.));
#7980=DIRECTION('',(0.,0.,-1.));
#7981=DIRECTION('center_axis',(0.,0.707106781186549,0.707106781186546));
#7982=DIRECTION('ref_axis',(0.,-0.707106781186546,0.707106781186549));
#7983=DIRECTION('center_axis',(0.,0.,-1.));
#7984=DIRECTION('ref_axis',(-1.4210854715202E-14,1.,0.));
#7985=DIRECTION('center_axis',(0.,0.,-1.));
#7986=DIRECTION('ref_axis',(-1.4210854715202E-14,1.,0.));
#7987=DIRECTION('',(0.,0.,1.));
#7988=DIRECTION('',(0.,0.,-1.));
#7989=DIRECTION('center_axis',(-1.33226762955019E-14,1.,0.));
#7990=DIRECTION('ref_axis',(-1.,-1.33226762955019E-14,0.));
#7991=DIRECTION('',(1.,1.33226762955019E-14,0.));
#7992=DIRECTION('',(0.,0.,1.));
#7993=DIRECTION('',(-1.,0.,0.));
#7994=DIRECTION('',(0.,0.,1.));
#7995=DIRECTION('',(1.,1.33226762955019E-14,0.));
#7996=DIRECTION('',(0.,0.,1.));
#7997=DIRECTION('center_axis',(1.,-1.54984648481503E-15,-1.54984648481522E-15));
#7998=DIRECTION('ref_axis',(-8.38770873407174E-16,-0.923879532511298,0.382683432365062));
#7999=DIRECTION('center_axis',(0.740874673161714,0.,0.671643297195412));
#8000=DIRECTION('ref_axis',(-0.671643297195412,2.17972071934029E-15,0.740874673161714));
#8001=DIRECTION('',(1.,-1.54984648481503E-15,-1.54984648481522E-15));
#8002=DIRECTION('center_axis',(-0.740874673161712,0.,0.671643297195413));
#8003=DIRECTION('ref_axis',(0.671643297195413,-2.30310113741616E-15,0.740874673161712));
#8004=DIRECTION('',(-1.,1.54984648481503E-15,1.54984648481522E-15));
#8005=DIRECTION('center_axis',(-0.740874673161712,0.,0.671643297195413));
#8006=DIRECTION('ref_axis',(0.671643297195413,0.,0.740874673161712));
#8007=DIRECTION('',(0.539669229705605,0.595297036154588,0.59529703615466));
#8008=DIRECTION('center_axis',(-0.740874673161712,0.,0.671643297195413));
#8009=DIRECTION('ref_axis',(0.671643297195413,-1.23380418075866E-16,0.740874673161712));
#8010=DIRECTION('',(-0.671643297195413,-5.79378293114344E-16,-0.740874673161712));
#8011=DIRECTION('',(0.,1.,0.));
#8012=DIRECTION('',(-0.671643297195413,1.04094400320789E-15,-0.740874673161712));
#8013=DIRECTION('center_axis',(0.,0.70710678118659,-0.707106781186505));
#8014=DIRECTION('ref_axis',(0.,-0.707106781186505,-0.70710678118659));
#8015=DIRECTION('',(0.539669229705603,-0.595297036154589,-0.595297036154661));
#8016=DIRECTION('',(1.,-4.77591090569243E-43,-4.775910905693E-43));
#8017=DIRECTION('',(3.04406147648976E-43,0.707106781186505,0.70710678118659));
#8018=DIRECTION('center_axis',(0.,-0.70710678118659,0.707106781186505));
#8019=DIRECTION('ref_axis',(4.9065389333865E-17,0.707106781186505,0.70710678118659));
#8020=DIRECTION('center_axis',(0.,-0.70710678118659,0.707106781186505));
#8021=DIRECTION('ref_axis',(0.,0.707106781186505,0.70710678118659));
#8022=DIRECTION('',(3.04406147648976E-43,0.707106781186505,0.70710678118659));
#8023=DIRECTION('',(1.,-4.77591090569243E-43,-4.775910905693E-43));
#8024=DIRECTION('',(0.539669229705603,0.595297036154589,0.595297036154661));
#8025=DIRECTION('',(1.,-1.54984648481503E-15,-1.54984648481522E-15));
#8026=DIRECTION('',(0.539669229705605,-0.595297036154588,-0.59529703615466));
#8027=DIRECTION('',(1.,-4.77591090569243E-43,-4.775910905693E-43));
#8028=DIRECTION('center_axis',(1.,-1.54984648481503E-15,-1.54984648481522E-15));
#8029=DIRECTION('ref_axis',(-8.38770873407174E-16,-0.923879532511298,0.382683432365062));
#8030=DIRECTION('center_axis',(-0.740874673161714,0.,0.671643297195412));
#8031=DIRECTION('ref_axis',(0.671643297195412,-2.30310113741617E-15,0.740874673161714));
#8032=DIRECTION('',(-1.,1.54984648481503E-15,1.54984648481522E-15));
#8033=DIRECTION('center_axis',(0.740874673161712,0.,0.671643297195413));
#8034=DIRECTION('ref_axis',(-0.671643297195413,2.38535474946673E-15,0.740874673161712));
#8035=DIRECTION('center_axis',(-0.740874673161714,0.,0.671643297195412));
#8036=DIRECTION('ref_axis',(0.671643297195412,0.,0.740874673161714));
#8037=DIRECTION('center_axis',(-0.740874673161714,0.,0.671643297195412));
#8038=DIRECTION('ref_axis',(0.671643297195412,8.22536120505772E-17,0.740874673161714));
#8039=DIRECTION('',(-0.671643297195411,-5.79378293114345E-16,-0.740874673161714));
#8040=DIRECTION('',(0.,1.,0.));
#8041=DIRECTION('',(-0.671643297195411,1.04094400320788E-15,-0.740874673161714));
#8042=DIRECTION('center_axis',(-1.,4.77591090569243E-43,4.775910905693E-43));
#8043=DIRECTION('ref_axis',(-2.5847043568064E-43,-0.923879532511298,0.382683432365062));
#8044=DIRECTION('center_axis',(1.,0.,0.));
#8045=DIRECTION('ref_axis',(0.,-0.923879532511298,0.382683432365062));
#8046=DIRECTION('center_axis',(0.740874673161714,0.,0.671643297195412));
#8047=DIRECTION('ref_axis',(-0.671643297195412,8.22536120505772E-17,0.740874673161714));
#8048=DIRECTION('',(-1.,4.77591090569243E-43,4.775910905693E-43));
#8049=DIRECTION('center_axis',(1.,0.,0.));
#8050=DIRECTION('ref_axis',(0.,1.,0.));
#8051=DIRECTION('',(0.,-7.8201929975798E-16,-1.));
#8052=DIRECTION('',(0.,-1.,0.));
#8053=DIRECTION('',(-3.36655634990564E-58,5.21764552483297E-73,1.));
#8054=DIRECTION('',(0.,1.,0.));
#8055=DIRECTION('',(0.,-7.8201929975798E-16,-1.));
#8056=DIRECTION('',(-4.30495302474955E-43,-1.,7.04903507704264E-16));
#8057=DIRECTION('',(0.,0.,1.));
#8058=DIRECTION('',(0.,-1.,0.));
#8059=DIRECTION('center_axis',(4.77591090569242E-43,1.,-7.8201929975798E-16));
#8060=DIRECTION('ref_axis',(-1.,-8.76200551122849E-58,-6.10715222395468E-28));
#8061=DIRECTION('',(-0.671643297195411,5.79378293114345E-16,0.740874673161714));
#8062=DIRECTION('',(-1.,4.77591090569243E-43,4.775910905693E-43));
#8063=DIRECTION('',(-0.671643297195413,5.79378293114344E-16,0.740874673161712));
#8064=DIRECTION('',(-1.,4.77591090569243E-43,4.775910905693E-43));
#8065=DIRECTION('center_axis',(-4.77591090569242E-43,-1.,7.8201929975798E-16));
#8066=DIRECTION('ref_axis',(4.90653893341375E-17,7.8201929975798E-16,1.));
#8067=DIRECTION('',(0.,7.8201929975798E-16,1.));
#8068=DIRECTION('',(1.,0.,6.10715222395468E-28));
#8069=DIRECTION('center_axis',(4.77591090569242E-43,1.,-7.8201929975798E-16));
#8070=DIRECTION('ref_axis',(0.671643297195413,-5.79378293114344E-16,-0.740874673161712));
#8071=DIRECTION('',(0.671643297195413,-5.79378293114344E-16,-0.740874673161712));
#8072=DIRECTION('',(0.671643297195414,5.79378293114344E-16,0.740874673161712));
#8073=DIRECTION('',(1.,0.,6.10715222395468E-28));
#8074=DIRECTION('',(0.671643297195414,-5.79378293114344E-16,-0.740874673161712));
#8075=DIRECTION('',(0.671643297195413,5.79378293114344E-16,0.740874673161712));
#8076=DIRECTION('',(1.,0.,6.10715222395468E-28));
#8077=DIRECTION('',(-0.671643297195413,-5.79378293114344E-16,-0.740874673161712));
#8078=DIRECTION('',(0.671643297195414,-5.79378293114344E-16,-0.740874673161712));
#8079=DIRECTION('',(-0.671643297195411,-5.79378293114345E-16,-0.740874673161714));
#8080=DIRECTION('',(0.671643297195413,-5.79378293114344E-16,-0.740874673161712));
#8081=DIRECTION('',(0.,7.8201929975798E-16,1.));
#8082=DIRECTION('',(-4.30110614866889E-16,-7.8201929975798E-16,-1.));
#8083=DIRECTION('',(0.671643297195413,5.79378293114344E-16,0.740874673161712));
#8084=DIRECTION('',(-0.671643297195411,5.79378293114345E-16,0.740874673161714));
#8085=DIRECTION('',(0.,7.8201929975798E-16,1.));
#8086=DIRECTION('',(0.671643297195414,5.79378293114344E-16,0.740874673161712));
#8087=DIRECTION('',(-0.671643297195413,5.79378293114344E-16,0.740874673161712));
#8088=DIRECTION('center_axis',(4.77591090569242E-43,1.,-7.8201929975798E-16));
#8089=DIRECTION('ref_axis',(0.359948139902318,-7.29602354803704E-16,-0.932972312869391));
#8090=DIRECTION('center_axis',(-1.,4.77591090569243E-43,4.775910905693E-43));
#8091=DIRECTION('ref_axis',(-2.5847043568064E-43,-0.923879532511298,0.382683432365062));
#8092=DIRECTION('center_axis',(0.740874673161712,0.,0.671643297195413));
#8093=DIRECTION('ref_axis',(-0.671643297195413,-1.23380418075866E-16,0.740874673161712));
#8094=DIRECTION('center_axis',(0.577350269189619,6.07350513460529E-14,-0.816496580927731));
#8095=DIRECTION('ref_axis',(0.70710678118656,-0.50000000000002,0.499999999999963));
#8096=DIRECTION('center_axis',(2.21702734660464E-15,0.832050294337232,0.554700196226146));
#8097=DIRECTION('ref_axis',(-1.97215226305253E-31,-0.554700196226146,0.832050294337232));
#8098=DIRECTION('center_axis',(-4.93038065761764E-30,-5.55111512311809E-16,
-1.));
#8099=DIRECTION('ref_axis',(1.,-8.88178419698892E-15,5.60519385729927E-45));
#8100=DIRECTION('center_axis',(-0.98058067569113,-0.138675049055559,-0.138675049055574));
#8101=DIRECTION('ref_axis',(0.196116135137136,-0.693375245281644,-0.693375245281725));
#8102=DIRECTION('center_axis',(0.196116135137139,0.693375245281644,0.693375245281725));
#8103=DIRECTION('ref_axis',(0.980580675691129,-0.13867504905556,-0.138675049055576));
#8104=DIRECTION('center_axis',(-3.04406147648976E-43,-0.707106781186505,
-0.70710678118659));
#8105=DIRECTION('ref_axis',(0.707106781186548,-0.50000000000003,0.49999999999997));
#8106=DIRECTION('center_axis',(-1.33226762955019E-14,1.,0.));
#8107=DIRECTION('ref_axis',(1.35420474561467E-14,1.80416314636567E-28,1.));
#8108=DIRECTION('',(-3.04406147648976E-43,-0.707106781186505,-0.70710678118659));
#8109=DIRECTION('center_axis',(-1.,4.77591090569243E-43,4.775910905693E-43));
#8110=DIRECTION('ref_axis',(-2.5847043568064E-43,-0.923879532511298,0.382683432365062));
#8111=DIRECTION('center_axis',(0.,0.,1.));
#8112=DIRECTION('ref_axis',(1.,-7.10542735760141E-14,0.));
#8113=DIRECTION('center_axis',(0.,0.,1.));
#8114=DIRECTION('ref_axis',(1.,-7.10542735760141E-14,0.));
#8115=DIRECTION('center_axis',(1.,0.,0.));
#8116=DIRECTION('ref_axis',(0.,1.,0.));
#8117=DIRECTION('',(0.,1.,0.));
#8118=DIRECTION('',(0.,0.,1.));
#8119=DIRECTION('center_axis',(-1.,0.,0.));
#8120=DIRECTION('ref_axis',(0.,0.707106781186552,-0.707106781186543));
#8121=DIRECTION('',(0.,7.8201929975798E-16,1.));
#8122=DIRECTION('center_axis',(-1.,0.,-6.10715222395468E-28));
#8123=DIRECTION('ref_axis',(4.31840875129683E-28,0.707106781186552,-0.707106781186543));
#8124=DIRECTION('',(1.,0.,6.10715222395468E-28));
#8125=DIRECTION('center_axis',(0.,1.,0.));
#8126=DIRECTION('ref_axis',(1.,0.,0.));
#8127=DIRECTION('',(0.,-1.,0.));
#8128=DIRECTION('center_axis',(0.,0.,-1.));
#8129=DIRECTION('ref_axis',(-1.,0.,0.));
#8130=DIRECTION('',(0.707106781186547,-0.707106781186548,0.));
#8131=DIRECTION('',(1.,-1.54984648481503E-15,0.));
#8132=DIRECTION('',(0.707106781186663,-0.707106781186432,0.));
#8133=DIRECTION('center_axis',(0.,0.,1.));
#8134=DIRECTION('ref_axis',(0.923879532511308,-0.382683432365038,0.));
#8135=DIRECTION('center_axis',(-0.707106781186548,-0.707106781186547,0.));
#8136=DIRECTION('ref_axis',(0.,0.,1.));
#8137=DIRECTION('center_axis',(0.707106781186548,0.707106781186547,0.));
#8138=DIRECTION('ref_axis',(0.707106781186547,-0.707106781186548,-1.37667655053519E-14));
#8139=DIRECTION('center_axis',(0.707106781186548,0.707106781186547,0.));
#8140=DIRECTION('ref_axis',(0.707106781186547,-0.707106781186548,0.));
#8141=DIRECTION('',(0.,0.,1.));
#8142=DIRECTION('',(-0.577350269189624,0.577350269189625,-0.577350269189628));
#8143=DIRECTION('',(0.,0.,-1.));
#8144=DIRECTION('center_axis',(0.,0.,-1.));
#8145=DIRECTION('ref_axis',(0.923879532511308,-0.382683432365038,0.));
#8146=DIRECTION('',(0.,0.,1.));
#8147=DIRECTION('center_axis',(-6.10715222395468E-28,7.04903507704264E-16,
1.));
#8148=DIRECTION('ref_axis',(0.923879532511308,-0.382683432365038,2.69754893814987E-16));
#8149=DIRECTION('center_axis',(0.707106781186432,0.707106781186663,0.));
#8150=DIRECTION('ref_axis',(0.707106781186663,-0.707106781186432,0.));
#8151=DIRECTION('',(0.,0.,1.));
#8152=DIRECTION('',(0.707106781186663,-0.707106781186432,4.98442050380219E-16));
#8153=DIRECTION('center_axis',(0.,0.,-1.));
#8154=DIRECTION('ref_axis',(0.596284794000057,0.802772971919403,0.));
#8155=DIRECTION('',(0.,0.,-1.));
#8156=DIRECTION('center_axis',(0.,0.,-1.));
#8157=DIRECTION('ref_axis',(-1.,0.,0.));
#8158=DIRECTION('',(0.,0.,1.));
#8159=DIRECTION('center_axis',(0.,0.,1.));
#8160=DIRECTION('ref_axis',(-0.596284794000106,0.802772971919366,0.));
#8161=DIRECTION('',(0.,0.,1.));
#8162=DIRECTION('center_axis',(-4.30495302474955E-43,-1.,4.74869723036912E-43));
#8163=DIRECTION('ref_axis',(0.359948139902318,-5.97996287175941E-43,-0.932972312869391));
#8164=DIRECTION('center_axis',(1.54984648481503E-15,1.,0.));
#8165=DIRECTION('ref_axis',(0.359948139902318,-5.57864359343316E-16,-0.932972312869391));
#8166=DIRECTION('',(4.30495302474955E-43,1.,-4.74869723036912E-43));
#8167=DIRECTION('',(-4.30495302474955E-43,-1.,4.74869723036912E-43));
#8168=DIRECTION('center_axis',(1.54984648481503E-15,1.,0.));
#8169=DIRECTION('ref_axis',(1.,-1.54984648481503E-15,0.));
#8170=DIRECTION('',(-0.671643297195413,1.04094400320789E-15,0.740874673161712));
#8171=DIRECTION('',(0.671643297195414,-1.04094400320789E-15,0.740874673161712));
#8172=DIRECTION('',(0.,7.8201929975798E-16,1.));
#8173=DIRECTION('center_axis',(0.740874673161712,0.,0.671643297195413));
#8174=DIRECTION('ref_axis',(0.671643297195413,0.,-0.740874673161712));
#8175=DIRECTION('',(0.,1.,0.));
#8176=DIRECTION('center_axis',(1.,0.,6.10715222395468E-28));
#8177=DIRECTION('ref_axis',(4.31840875129683E-28,-0.707106781186552,-0.707106781186543));
#8178=DIRECTION('center_axis',(1.,0.,0.));
#8179=DIRECTION('ref_axis',(0.,-1.,0.));
#8180=DIRECTION('',(-1.,0.,-6.10715222395468E-28));
#8181=DIRECTION('center_axis',(-6.10715222395468E-28,7.04903507704264E-16,
1.));
#8182=DIRECTION('ref_axis',(1.,0.,0.));
#8183=DIRECTION('center_axis',(0.,1.,0.));
#8184=DIRECTION('ref_axis',(1.,0.,0.));
#8185=DIRECTION('center_axis',(6.10715222395468E-28,-7.04903507704264E-16,
-1.));
#8186=DIRECTION('ref_axis',(0.707106781186549,-0.707106781186546,4.984420503803E-16));
#8187=DIRECTION('center_axis',(-6.10715222395468E-28,7.04903507704264E-16,
1.));
#8188=DIRECTION('ref_axis',(0.707106781186549,-0.707106781186546,4.984420503803E-16));
#8189=DIRECTION('center_axis',(4.30495302474955E-43,1.,-7.04903507704264E-16));
#8190=DIRECTION('ref_axis',(0.707106781186552,-4.98442050379866E-16,-0.707106781186543));
#8191=DIRECTION('center_axis',(0.,1.,0.));
#8192=DIRECTION('ref_axis',(0.707106781186552,0.,-0.707106781186543));
#8193=DIRECTION('',(-4.30495302474955E-43,-1.,7.04903507704264E-16));
#8194=DIRECTION('',(4.30495302474955E-43,1.,-7.04903507704264E-16));
#8195=DIRECTION('center_axis',(-1.,4.30495302474955E-43,-3.36655634990564E-58));
#8196=DIRECTION('ref_axis',(-4.30495302474955E-43,-1.,7.04903507704264E-16));
#8197=DIRECTION('',(-3.36655634990564E-58,0.,1.));
#8198=DIRECTION('',(0.,7.8201929975798E-16,1.));
#8199=DIRECTION('',(0.,7.8201929975798E-16,1.));
#8200=DIRECTION('center_axis',(0.,7.8201929975798E-16,1.));
#8201=DIRECTION('ref_axis',(-1.,4.77591090569242E-43,-3.73485450217609E-58));
#8202=DIRECTION('center_axis',(-0.539669229705583,-0.595297036154632,0.595297036154636));
#8203=DIRECTION('ref_axis',(0.722966996837763,-0.690015308333356,-0.0346062963781092));
#8204=DIRECTION('center_axis',(1.54984648481503E-15,1.,0.));
#8205=DIRECTION('ref_axis',(0.671643297195412,-1.04094400320789E-15,-0.740874673161713));
#8206=DIRECTION('',(0.539669229705583,0.595297036154632,-0.595297036154636));
#8207=DIRECTION('center_axis',(-6.10715222395468E-28,7.04903507704264E-16,
1.));
#8208=DIRECTION('ref_axis',(-0.671643297195415,-0.740874673161711,5.2224515588053E-16));
#8209=DIRECTION('',(-0.539669229705583,-0.595297036154632,0.595297036154636));
#8210=DIRECTION('center_axis',(1.54984648481503E-15,1.,0.));
#8211=DIRECTION('ref_axis',(1.,-1.54984648481503E-15,0.));
#8212=DIRECTION('',(-1.,1.54984648481503E-15,-1.54984648481504E-15));
#8213=DIRECTION('',(0.671643297195414,-1.04094400320789E-15,0.740874673161712));
#8214=DIRECTION('',(0.671643297195413,-1.04094400320789E-15,-0.740874673161712));
#8215=DIRECTION('center_axis',(0.,0.707106781186549,0.707106781186546));
#8216=DIRECTION('ref_axis',(3.04406147648994E-43,0.707106781186546,-0.707106781186549));
#8217=DIRECTION('',(1.,-6.10715222395465E-28,6.10715222395468E-28));
#8218=DIRECTION('',(-0.539669229705583,0.595297036154632,-0.595297036154635));
#8219=DIRECTION('center_axis',(2.14194575872411E-15,0.707106781186551,0.707106781186544));
#8220=DIRECTION('ref_axis',(2.8441129753186E-15,0.707106781186544,-0.707106781186551));
#8221=DIRECTION('',(-0.57735026918962,-0.577350269189625,0.577350269189632));
#8222=DIRECTION('',(-1.,2.01109157130844E-15,0.));
#8223=DIRECTION('center_axis',(-0.70710678118655,0.707106781186545,0.));
#8224=DIRECTION('ref_axis',(0.707106781186545,0.70710678118655,0.));
#8225=DIRECTION('',(-0.577350269189622,-0.577350269189626,0.577350269189629));
#8226=DIRECTION('',(-0.707106781186551,-0.707106781186544,0.));
#8227=DIRECTION('',(0.,0.,1.));
#8228=DIRECTION('',(-0.707106781186551,-0.707106781186544,0.));
#8229=DIRECTION('',(0.,0.,1.));
#8230=DIRECTION('center_axis',(0.,0.,1.));
#8231=DIRECTION('ref_axis',(-1.,0.,0.));
#8232=DIRECTION('center_axis',(0.,0.,1.));
#8233=DIRECTION('ref_axis',(-1.,0.,0.));
#8234=DIRECTION('',(0.,0.,1.));
#8235=DIRECTION('center_axis',(0.,0.,1.));
#8236=DIRECTION('ref_axis',(-1.,0.,0.));
#8237=DIRECTION('center_axis',(0.,0.,-1.));
#8238=DIRECTION('ref_axis',(-1.,0.,0.));
#8239=DIRECTION('',(0.,0.,1.));
#8240=DIRECTION('center_axis',(0.,0.,1.));
#8241=DIRECTION('ref_axis',(-1.,0.,0.));
#8242=DIRECTION('',(-4.28037792626575E-15,1.,0.));
#8243=DIRECTION('center_axis',(0.,0.707106781186549,0.707106781186546));
#8244=DIRECTION('ref_axis',(3.04406147648994E-43,0.707106781186546,-0.707106781186549));
#8245=DIRECTION('',(-0.539669229705583,0.595297036154632,-0.595297036154635));
#8246=DIRECTION('',(-1.,1.54984648481503E-15,-1.54984648481504E-15));
#8247=DIRECTION('',(-0.539669229705583,-0.595297036154632,0.595297036154635));
#8248=DIRECTION('',(1.,-6.10715222395465E-28,6.10715222395468E-28));
#8249=DIRECTION('center_axis',(0.,0.707106781186549,0.707106781186546));
#8250=DIRECTION('ref_axis',(3.04406147648994E-43,0.707106781186546,-0.707106781186549));
#8251=DIRECTION('',(3.58878276270278E-15,-0.707106781186546,0.707106781186549));
#8252=DIRECTION('',(1.,-6.10715222395465E-28,6.10715222395468E-28));
#8253=DIRECTION('center_axis',(-6.10715222395468E-28,7.04903507704264E-16,
1.));
#8254=DIRECTION('ref_axis',(-1.,0.,-6.10715222395468E-28));
#8255=DIRECTION('',(-6.23283101543318E-15,1.,-7.04903507704264E-16));
#8256=DIRECTION('',(-1.,2.35088913754538E-13,0.));
#8257=DIRECTION('center_axis',(-1.,-5.07530525542507E-15,0.));
#8258=DIRECTION('ref_axis',(5.07530525542507E-15,-1.,0.));
#8259=DIRECTION('',(5.07530525542507E-15,-1.,0.));
#8260=DIRECTION('',(0.,0.,1.));
#8261=DIRECTION('center_axis',(0.740874673161712,0.,-0.671643297195413));
#8262=DIRECTION('ref_axis',(-0.671643297195413,0.,-0.740874673161712));
#8263=DIRECTION('',(0.,1.,0.));
#8264=DIRECTION('',(0.671643297195413,-1.04094400320789E-15,0.740874673161712));
#8265=DIRECTION('center_axis',(-6.10715222395468E-28,7.04903507704264E-16,
1.));
#8266=DIRECTION('ref_axis',(-1.,0.,-6.10715222395468E-28));
#8267=DIRECTION('',(-1.,0.,0.));
#8268=DIRECTION('center_axis',(0.,0.,1.));
#8269=DIRECTION('ref_axis',(-0.222204860438822,0.974999999998648,0.));
#8270=DIRECTION('',(-8.88178419699513E-15,-1.,0.));
#8271=DIRECTION('center_axis',(0.,0.,-1.));
#8272=DIRECTION('ref_axis',(3.50830475781551E-13,-1.,0.));
#8273=DIRECTION('',(-1.,2.83658107328146E-13,0.));
#8274=DIRECTION('center_axis',(0.,0.,-1.));
#8275=DIRECTION('ref_axis',(-1.,0.,0.));
#8276=DIRECTION('center_axis',(-0.740874673161712,0.,-0.671643297195413));
#8277=DIRECTION('ref_axis',(-0.671643297195413,0.,0.740874673161712));
#8278=DIRECTION('',(0.,1.,0.));
#8279=DIRECTION('center_axis',(3.36655634990564E-58,0.,-1.));
#8280=DIRECTION('ref_axis',(0.707106781186523,-0.707106781186573,2.38051482426483E-58));
#8281=DIRECTION('',(-3.36655634990564E-58,0.,1.));
#8282=DIRECTION('center_axis',(0.740874673161712,0.,-0.671643297195413));
#8283=DIRECTION('ref_axis',(-0.671643297195413,0.,-0.740874673161712));
#8284=DIRECTION('',(0.,1.,0.));
#8285=DIRECTION('',(0.671643297195413,-1.04094400320789E-15,0.740874673161712));
#8286=DIRECTION('',(0.,1.,0.));
#8287=DIRECTION('center_axis',(-0.740874673161712,0.,-0.671643297195413));
#8288=DIRECTION('ref_axis',(-0.671643297195413,0.,0.740874673161712));
#8289=DIRECTION('',(0.,1.,0.));
#8290=DIRECTION('',(0.671643297195413,-1.04094400320789E-15,-0.740874673161712));
#8291=DIRECTION('',(0.,1.,0.));
#8292=DIRECTION('center_axis',(-0.740874673161712,0.,-0.671643297195414));
#8293=DIRECTION('ref_axis',(-0.671643297195414,0.,0.740874673161712));
#8294=DIRECTION('',(0.,1.,0.));
#8295=DIRECTION('',(0.671643297195414,-1.04094400320789E-15,-0.740874673161712));
#8296=DIRECTION('center_axis',(-0.740874673161712,0.,0.671643297195413));
#8297=DIRECTION('ref_axis',(0.671643297195413,0.,0.740874673161712));
#8298=DIRECTION('',(-0.671643297195413,1.04094400320789E-15,-0.740874673161712));
#8299=DIRECTION('center_axis',(-0.740874673161712,0.,-0.671643297195414));
#8300=DIRECTION('ref_axis',(-0.671643297195414,0.,0.740874673161712));
#8301=DIRECTION('',(0.671643297195414,-1.04094400320789E-15,-0.740874673161712));
#8302=DIRECTION('center_axis',(0.740874673161712,0.,-0.671643297195414));
#8303=DIRECTION('ref_axis',(-0.671643297195414,0.,-0.740874673161712));
#8304=DIRECTION('center_axis',(-1.,0.,4.30110614866889E-16));
#8305=DIRECTION('ref_axis',(4.30110614866889E-16,0.,1.));
#8306=DIRECTION('',(0.,1.,0.));
#8307=DIRECTION('',(-4.30110614866889E-16,6.66605424533079E-31,-1.));
#8308=DIRECTION('center_axis',(0.740874673161714,0.,0.671643297195412));
#8309=DIRECTION('ref_axis',(0.671643297195412,0.,-0.740874673161714));
#8310=DIRECTION('',(-0.671643297195411,1.04094400320788E-15,0.740874673161714));
#8311=DIRECTION('center_axis',(-0.740874673161714,0.,0.671643297195412));
#8312=DIRECTION('ref_axis',(0.671643297195412,0.,0.740874673161714));
#8313=DIRECTION('',(0.,1.,0.));
#8314=DIRECTION('',(-0.671643297195411,1.04094400320788E-15,-0.740874673161714));
#8315=DIRECTION('center_axis',(1.,0.,0.));
#8316=DIRECTION('ref_axis',(0.,0.,-1.));
#8317=DIRECTION('',(0.,0.,1.));
#8318=DIRECTION('center_axis',(0.740874673161712,0.,-0.671643297195414));
#8319=DIRECTION('ref_axis',(-0.671643297195414,0.,-0.740874673161712));
#8320=DIRECTION('',(4.30495302474955E-43,1.,4.74869723036912E-43));
#8321=DIRECTION('center_axis',(0.740874673161712,0.,0.671643297195413));
#8322=DIRECTION('ref_axis',(0.671643297195413,0.,-0.740874673161712));
#8323=DIRECTION('',(-0.671643297195413,1.04094400320789E-15,0.740874673161712));
#8324=DIRECTION('center_axis',(0.740874673161714,0.,0.671643297195412));
#8325=DIRECTION('ref_axis',(0.671643297195412,0.,-0.740874673161714));
#8326=DIRECTION('',(-0.671643297195411,1.04094400320788E-15,0.740874673161714));
#8327=DIRECTION('center_axis',(-1.,4.30495302474955E-43,-3.36655634990564E-58));
#8328=DIRECTION('ref_axis',(-4.30495302474955E-43,-1.,7.04903507704264E-16));
#8329=DIRECTION('center_axis',(1.54984648481503E-15,1.,0.));
#8330=DIRECTION('ref_axis',(1.,-1.54984648481503E-15,0.));
#8331=DIRECTION('center_axis',(1.54984648481503E-15,1.,0.));
#8332=DIRECTION('ref_axis',(1.,-1.54984648481503E-15,0.));
#8333=DIRECTION('center_axis',(1.54984648481503E-15,1.,0.));
#8334=DIRECTION('ref_axis',(1.,-1.54984648481503E-15,0.));
#8335=DIRECTION('center_axis',(1.54984648481503E-15,1.,0.));
#8336=DIRECTION('ref_axis',(1.,-1.54984648481503E-15,0.));
#8337=DIRECTION('center_axis',(1.54984648481503E-15,1.,0.));
#8338=DIRECTION('ref_axis',(1.,-1.54984648481503E-15,0.));
#8339=DIRECTION('center_axis',(-6.10715222395468E-28,7.04903507704264E-16,
1.));
#8340=DIRECTION('ref_axis',(-1.,0.,-6.10715222395468E-28));
#8341=DIRECTION('',(1.,-1.54984648481503E-15,6.11807714619017E-28));
#8342=DIRECTION('',(-1.,2.35088913754538E-13,0.));
#8343=DIRECTION('',(-1.,2.83658107328146E-13,0.));
#8344=DIRECTION('center_axis',(0.,0.,1.));
#8345=DIRECTION('ref_axis',(3.50830475781551E-13,-1.,0.));
#8346=DIRECTION('',(-8.88178419699513E-15,-1.,0.));
#8347=DIRECTION('center_axis',(0.,0.,1.));
#8348=DIRECTION('ref_axis',(-0.222204860438822,0.974999999998648,0.));
#8349=DIRECTION('',(-1.,0.,0.));
#8350=DIRECTION('center_axis',(0.,0.,1.));
#8351=DIRECTION('ref_axis',(1.,-7.10542735760141E-14,0.));
#8352=DIRECTION('center_axis',(0.,0.,-1.));
#8353=DIRECTION('ref_axis',(-1.,0.,0.));
#8354=DIRECTION('center_axis',(0.,0.,1.));
#8355=DIRECTION('ref_axis',(-1.,0.,0.));
#8356=DIRECTION('',(0.,0.,1.));
#8357=DIRECTION('center_axis',(2.35088913754538E-13,1.,0.));
#8358=DIRECTION('ref_axis',(-1.,2.35088913754538E-13,0.));
#8359=DIRECTION('center_axis',(-1.33226762955019E-14,1.,0.));
#8360=DIRECTION('ref_axis',(-1.,-1.33226762955019E-14,0.));
#8361=DIRECTION('center_axis',(2.83658107328146E-13,1.,0.));
#8362=DIRECTION('ref_axis',(-1.,2.83658107328146E-13,0.));
#8363=DIRECTION('',(0.,0.,1.));
#8364=DIRECTION('center_axis',(0.,0.,1.));
#8365=DIRECTION('ref_axis',(3.50830475781551E-13,-1.,0.));
#8366=DIRECTION('',(0.,0.,1.));
#8367=DIRECTION('center_axis',(-1.,8.88178419699513E-15,0.));
#8368=DIRECTION('ref_axis',(-8.88178419699513E-15,-1.,0.));
#8369=DIRECTION('',(0.,0.,1.));
#8370=DIRECTION('center_axis',(0.,0.,1.));
#8371=DIRECTION('ref_axis',(-0.222204860438822,0.974999999998648,0.));
#8372=DIRECTION('',(0.,0.,1.));
#8373=DIRECTION('center_axis',(0.,1.,0.));
#8374=DIRECTION('ref_axis',(-1.,0.,0.));
#8375=DIRECTION('',(0.,0.,1.));
#8376=DIRECTION('center_axis',(0.,0.,1.));
#8377=DIRECTION('ref_axis',(1.,-7.10542735760141E-14,0.));
#8378=DIRECTION('center_axis',(1.54984648481503E-15,1.,0.));
#8379=DIRECTION('ref_axis',(1.,-1.54984648481503E-15,0.));
#8380=DIRECTION('center_axis',(1.54984648481503E-15,1.,0.));
#8381=DIRECTION('ref_axis',(1.,-1.54984648481503E-15,0.));
#8382=CARTESIAN_POINT('',(0.,0.,0.));
#8383=CARTESIAN_POINT('Origin',(55.6779596811253,-159.860033607444,20.));
#8384=CARTESIAN_POINT('',(53.1779596811253,-159.860033607444,20.));
#8385=CARTESIAN_POINT('',(52.2919587447959,-160.860033607445,20.8860009363294));
#8386=CARTESIAN_POINT('Ctrl Pts',(53.1779596811253,-159.860033607444,20.));
#8387=CARTESIAN_POINT('Ctrl Pts',(53.1779596811253,-159.972889385,20.));
#8388=CARTESIAN_POINT('Ctrl Pts',(53.1535623918754,-160.103847388783,20.0243972892498));
#8389=CARTESIAN_POINT('Ctrl Pts',(53.0742867399606,-160.324943681074,20.1036729411647));
#8390=CARTESIAN_POINT('Ctrl Pts',(53.0001143449598,-160.448462373997,20.1778453361655));
#8391=CARTESIAN_POINT('Ctrl Pts',(52.844521968336,-160.633158756252,20.3334377127893));
#8392=CARTESIAN_POINT('Ctrl Pts',(52.7319824396711,-160.722851965146,20.4459772414541));
#8393=CARTESIAN_POINT('Ctrl Pts',(52.5287158859279,-160.82710290669,20.6492437951973));
#8394=CARTESIAN_POINT('Ctrl Pts',(52.4005291630704,-160.860033607444,20.7774305180548));
#8395=CARTESIAN_POINT('Ctrl Pts',(52.2919587447959,-160.860033607444,20.8860009363294));
#8396=CARTESIAN_POINT('',(53.2030859469723,-160.860033607445,17.5251262658471));
#8397=CARTESIAN_POINT('Origin',(55.6779596811253,-160.860033607445,20.));
#8398=CARTESIAN_POINT('',(53.9101927281589,-159.860033607444,18.2322330470336));
#8399=CARTESIAN_POINT('Origin',(53.2030859469723,-159.860033607444,17.5251262658471));
#8400=CARTESIAN_POINT('Origin',(55.6779596811253,-159.860033607444,20.));
#8401=CARTESIAN_POINT('Origin',(46.0335961347244,-159.860033607445,24.694616078095));
#8402=CARTESIAN_POINT('',(62.2461424186617,-160.860033607445,8.48206979415769));
#8403=CARTESIAN_POINT('',(62.9532491998483,-159.860033607445,9.18917657534425));
#8404=CARTESIAN_POINT('Origin',(62.2461424186617,-159.860033607445,8.48206979415769));
#8405=CARTESIAN_POINT('',(46.740702915911,-159.860033607445,25.4017228592815));
#8406=CARTESIAN_POINT('',(46.0335961347244,-160.860033607445,24.694616078095));
#8407=CARTESIAN_POINT('Origin',(57.6499483409491,-159.860033607444,3.8858757164451));
#8408=CARTESIAN_POINT('',(64.1499483409492,-160.860033607445,3.88587571644518));
#8409=CARTESIAN_POINT('',(65.1499483409492,-159.860033607444,3.88587571644519));
#8410=CARTESIAN_POINT('Origin',(64.1499483409492,-159.860033607444,3.88587571644518));
#8411=CARTESIAN_POINT('Origin',(57.6499483409491,-159.860033607444,3.8858757164451));
#8412=CARTESIAN_POINT('Origin',(57.6499483409491,-160.860033607445,3.8858757164451));
#8413=CARTESIAN_POINT('Origin',(64.1499483409491,-159.860033607445,12.9429378582228));
#8414=CARTESIAN_POINT('',(65.1499483409494,-159.860033607445,-16.1846587141179));
#8415=CARTESIAN_POINT('',(65.1499483409491,-159.860033607445,12.9429378582228));
#8416=CARTESIAN_POINT('',(64.1499483409494,-160.860033607445,-15.7704451517448));
#8417=CARTESIAN_POINT('',(64.1499483409491,-160.860033607445,12.9429378582228));
#8418=CARTESIAN_POINT('Origin',(64.1499483409494,-159.860033607445,-15.7704451517448));
#8419=CARTESIAN_POINT('Origin',(64.5765192610885,-159.860033607445,-15.3438742316058));
#8420=CARTESIAN_POINT('',(63.2357347785763,-160.860033607445,-16.6846587141179));
#8421=CARTESIAN_POINT('',(64.5765192610885,-160.860033607445,-15.3438742316058));
#8422=CARTESIAN_POINT('',(63.6499483409494,-159.860033607445,-17.6846587141179));
#8423=CARTESIAN_POINT('Origin',(63.2357347785763,-159.860033607445,-16.6846587141179));
#8424=CARTESIAN_POINT('',(65.283626042275,-159.860033607445,-16.0509810127923));
#8425=CARTESIAN_POINT('Origin',(47.0749743865415,-159.860033607445,-16.6846587141179));
#8426=CARTESIAN_POINT('',(62.0641619033225,-160.860033607445,-16.6846587141179));
#8427=CARTESIAN_POINT('',(47.0749743865415,-160.860033607445,-16.6846587141179));
#8428=CARTESIAN_POINT('',(61.6499483409494,-159.860033607445,-17.6846587141179));
#8429=CARTESIAN_POINT('Origin',(62.0641619033225,-159.860033607445,-16.6846587141179));
#8430=CARTESIAN_POINT('',(47.0749743865415,-159.860033607445,-17.6846587141179));
#8431=CARTESIAN_POINT('Origin',(43.8984034664024,-159.860033607445,1.48109972280196));
#8432=CARTESIAN_POINT('',(61.1499483409494,-160.860033607445,-15.7704451517449));
#8433=CARTESIAN_POINT('',(43.8984034664024,-160.860033607445,1.48109972280196));
#8434=CARTESIAN_POINT('',(60.1499483409494,-159.860033607445,-16.1846587141179));
#8435=CARTESIAN_POINT('Origin',(61.1499483409494,-159.860033607445,-15.7704451517449));
#8436=CARTESIAN_POINT('',(43.1912966852159,-159.860033607445,0.773992941615413));
#8437=CARTESIAN_POINT('Origin',(61.1499483409492,-159.860033607445,2.15767064294121));
#8438=CARTESIAN_POINT('',(61.1499483409492,-160.860033607445,3.88587571644514));
#8439=CARTESIAN_POINT('',(61.1499483409492,-160.860033607445,2.15767064294121));
#8440=CARTESIAN_POINT('',(60.1499483409492,-159.860033607445,3.88587571644513));
#8441=CARTESIAN_POINT('Origin',(61.1499483409492,-159.860033607445,3.88587571644514));
#8442=CARTESIAN_POINT('',(60.1499483409492,-159.860033607445,2.1576706429412));
#8443=CARTESIAN_POINT('Origin',(57.6499483409491,-159.860033607444,3.8858757164451));
#8444=CARTESIAN_POINT('',(60.1248220751021,-160.860033607445,6.36074945059806));
#8445=CARTESIAN_POINT('',(59.4177152939155,-159.860033607444,5.65364266941151));
#8446=CARTESIAN_POINT('Origin',(60.1248220751021,-159.860033607444,6.36074945059806));
#8447=CARTESIAN_POINT('Origin',(57.6499483409491,-159.860033607444,3.8858757164451));
#8448=CARTESIAN_POINT('Origin',(57.6499483409491,-160.860033607445,3.8858757164451));
#8449=CARTESIAN_POINT('Origin',(48.4338040270095,-159.860033607445,18.0517674986907));
#8450=CARTESIAN_POINT('',(51.0817656034128,-160.860033607445,15.4038059222874));
#8451=CARTESIAN_POINT('',(50.3746588222262,-159.860033607445,14.6966991411008));
#8452=CARTESIAN_POINT('Origin',(51.0817656034128,-159.860033607445,15.4038059222874));
#8453=CARTESIAN_POINT('',(47.7266972458229,-159.860033607445,17.3446607175041));
#8454=CARTESIAN_POINT('',(48.4338040270095,-160.860033607445,18.0517674986907));
#8455=CARTESIAN_POINT('Origin',(55.6779596811253,-159.860033607444,20.));
#8456=CARTESIAN_POINT('',(49.1779596811253,-160.860033607445,20.));
#8457=CARTESIAN_POINT('',(48.1779596811253,-159.860033607444,20.));
#8458=CARTESIAN_POINT('Origin',(49.1779596811253,-159.860033607444,20.));
#8459=CARTESIAN_POINT('Origin',(55.6779596811253,-159.860033607444,20.));
#8460=CARTESIAN_POINT('Origin',(55.6779596811253,-160.860033607445,20.));
#8461=CARTESIAN_POINT('Origin',(49.1779596811253,-159.860033607445,21.));
#8462=CARTESIAN_POINT('',(49.1779596811253,-160.860033607445,22.));
#8463=CARTESIAN_POINT('',(48.1779596811253,-159.860033607445,22.));
#8464=CARTESIAN_POINT('Origin',(49.1779596811253,-159.860033607445,22.));
#8465=CARTESIAN_POINT('',(48.1779596811253,-159.860033607445,21.));
#8466=CARTESIAN_POINT('',(49.1779596811253,-160.860033607445,21.));
#8467=CARTESIAN_POINT('Origin',(55.6779596811252,-153.360033607445,20.));
#8468=CARTESIAN_POINT('',(53.9101927281588,-153.360033607445,18.2322330470336));
#8469=CARTESIAN_POINT('',(53.9101927281588,-153.360033607445,18.2322330470336));
#8470=CARTESIAN_POINT('',(53.1779596811252,-153.360033607445,20.));
#8471=CARTESIAN_POINT('Origin',(55.6779596811252,-153.360033607445,20.));
#8472=CARTESIAN_POINT('',(53.1779596811252,-153.360033607445,20.));
#8473=CARTESIAN_POINT('Origin',(53.9101927281588,-153.360033607445,18.2322330470336));
#8474=CARTESIAN_POINT('',(62.9532491998482,-154.360033607445,9.18917657534425));
#8475=CARTESIAN_POINT('',(62.9532491998482,-153.360033607445,9.18917657534425));
#8476=CARTESIAN_POINT('',(60.124822075102,-153.360033607446,12.0176037000905));
#8477=CARTESIAN_POINT('Ctrl Pts',(62.9532491998482,-154.360033607445,9.18917657534423));
#8478=CARTESIAN_POINT('Ctrl Pts',(62.0856953304334,-153.912030715688,10.056730444759));
#8479=CARTESIAN_POINT('Ctrl Pts',(61.0484036967511,-153.360033607445,11.0940220784413));
#8480=CARTESIAN_POINT('Ctrl Pts',(60.1248220751019,-153.360033607445,12.0176037000905));
#8481=CARTESIAN_POINT('',(35.0375978535405,-153.360033607446,37.1048279216519));
#8482=CARTESIAN_POINT('Origin',(57.649948340949,-153.360033607445,3.8858757164451));
#8483=CARTESIAN_POINT('',(65.1499483409491,-154.360033607445,3.88587571644519));
#8484=CARTESIAN_POINT('',(65.1499483409491,-153.360033607445,3.88587571644519));
#8485=CARTESIAN_POINT('Origin',(57.6499483409491,-154.360033607445,3.8858757164451));
#8486=CARTESIAN_POINT('Origin',(65.1499483409491,-153.360033607445,3.88587571644519));
#8487=CARTESIAN_POINT('',(65.1499483409493,-154.360033607446,-16.1846587141179));
#8488=CARTESIAN_POINT('',(65.1499483409493,-153.360033607445,-16.1846587141179));
#8489=CARTESIAN_POINT('',(65.1499483409492,-154.360033607446,-2.88206214177679));
#8490=CARTESIAN_POINT('Origin',(64.3999483409493,-153.360033607445,-16.9346587141179));
#8491=CARTESIAN_POINT('',(63.6499483409493,-154.360033607446,-17.6846587141179));
#8492=CARTESIAN_POINT('',(63.6499483409493,-153.360033607445,-17.6846587141179));
#8493=CARTESIAN_POINT('',(37.7555209799047,-154.360033607446,-43.5790860751628));
#8494=CARTESIAN_POINT('Origin',(65.1499483409493,-153.360033607445,-17.6846587141179));
#8495=CARTESIAN_POINT('',(61.6499483409493,-154.360033607446,-17.6846587141179));
#8496=CARTESIAN_POINT('',(61.6499483409493,-153.360033607445,-17.6846587141179));
#8497=CARTESIAN_POINT('',(7.84376426180069,-154.360033607446,-17.6846587141179));
#8498=CARTESIAN_POINT('Origin',(60.8999483409493,-153.360033607445,-16.9346587141179));
#8499=CARTESIAN_POINT('',(60.1499483409493,-154.360033607446,-16.1846587141179));
#8500=CARTESIAN_POINT('',(60.1499483409493,-153.360033607445,-16.1846587141179));
#8501=CARTESIAN_POINT('',(31.4881916228453,-154.360033607446,12.4770980039858));
#8502=CARTESIAN_POINT('Origin',(60.1499483409493,-153.360033607445,-17.6846587141179));
#8503=CARTESIAN_POINT('',(60.1499483409491,-154.360033607446,3.88587571644513));
#8504=CARTESIAN_POINT('',(60.1499483409491,-153.360033607445,3.88587571644513));
#8505=CARTESIAN_POINT('',(60.1499483409493,-154.360033607446,-13.6673293570584));
#8506=CARTESIAN_POINT('Origin',(57.649948340949,-153.360033607445,3.8858757164451));
#8507=CARTESIAN_POINT('',(59.4177152939155,-154.360033607445,5.65364266941151));
#8508=CARTESIAN_POINT('',(59.4177152939154,-153.360033607445,5.65364266941151));
#8509=CARTESIAN_POINT('Origin',(57.6499483409491,-154.360033607445,3.8858757164451));
#8510=CARTESIAN_POINT('Origin',(59.4177152939154,-153.360033607445,5.65364266941152));
#8511=CARTESIAN_POINT('',(50.3746588222262,-154.360033607446,14.6966991411008));
#8512=CARTESIAN_POINT('',(50.3746588222261,-153.360033607445,14.6966991411008));
#8513=CARTESIAN_POINT('',(36.0235921834525,-154.360033607446,29.0477657798745));
#8514=CARTESIAN_POINT('Origin',(55.6779596811252,-153.360033607445,20.));
#8515=CARTESIAN_POINT('',(48.1779596811252,-154.360033607445,20.));
#8516=CARTESIAN_POINT('',(48.1779596811252,-153.360033607445,20.));
#8517=CARTESIAN_POINT('Origin',(55.6779596811252,-154.360033607445,20.));
#8518=CARTESIAN_POINT('Origin',(48.1779596811252,-153.360033607445,20.));
#8519=CARTESIAN_POINT('',(48.1779596811252,-154.360033607446,22.));
#8520=CARTESIAN_POINT('',(48.1779596811252,-153.360033607445,22.));
#8521=CARTESIAN_POINT('',(48.1779596811252,-154.360033607446,5.175));
#8522=CARTESIAN_POINT('Origin',(-68.5250783928355,-146.730016450563,22.));
#8523=CARTESIAN_POINT('',(51.1779596811253,-160.860033607445,22.));
#8524=CARTESIAN_POINT('',(-19.7625389803509,-160.860033607445,22.));
#8525=CARTESIAN_POINT('',(51.1779596811252,-151.360033607446,22.));
#8526=CARTESIAN_POINT('',(51.1779596811251,-150.045025029003,22.));
#8527=CARTESIAN_POINT('',(95.416859072587,-151.360033607446,22.));
#8528=CARTESIAN_POINT('',(-58.9937491050917,-151.360033607446,22.));
#8529=CARTESIAN_POINT('',(95.4168590725869,-149.687692503279,22.));
#8530=CARTESIAN_POINT('',(95.4168590725869,-150.045025029003,22.));
#8531=CARTESIAN_POINT('',(95.0000000000001,-148.649999999999,22.));
#8532=CARTESIAN_POINT('Origin',(96.5000000000001,-148.649999999999,22.));
#8533=CARTESIAN_POINT('',(95.,-139.999999999999,22.));
#8534=CARTESIAN_POINT('',(95.0000000000001,-145.44000822528,22.));
#8535=CARTESIAN_POINT('',(87.017879465584,-139.622222222221,22.));
#8536=CARTESIAN_POINT('Origin',(91.,-139.999999999999,22.));
#8537=CARTESIAN_POINT('',(82.040228797564,-144.149999999999,22.));
#8538=CARTESIAN_POINT('Origin',(82.0402287975641,-139.149999999999,22.));
#8539=CARTESIAN_POINT('',(50.7645313144606,-144.149999999999,22.));
#8540=CARTESIAN_POINT('',(56.8178434993424,-144.149999999999,22.));
#8541=CARTESIAN_POINT('',(50.2858499982709,-144.505555555555,22.));
#8542=CARTESIAN_POINT('Origin',(50.7645313144606,-144.649999999999,22.));
#8543=CARTESIAN_POINT('',(46.9350807849424,-144.505555555555,22.));
#8544=CARTESIAN_POINT('Origin',(48.6104653916066,-144.,22.));
#8545=CARTESIAN_POINT('',(46.4563994687526,-144.149999999999,22.));
#8546=CARTESIAN_POINT('Origin',(46.4563994687526,-144.649999999999,22.));
#8547=CARTESIAN_POINT('',(45.1104653916011,-144.149999999999,22.));
#8548=CARTESIAN_POINT('',(56.8178434993424,-144.149999999999,22.));
#8549=CARTESIAN_POINT('',(44.6104653916011,-143.649999999999,22.));
#8550=CARTESIAN_POINT('Origin',(45.1104653916011,-143.649999999999,22.));
#8551=CARTESIAN_POINT('',(44.610465391601,-140.1,22.));
#8552=CARTESIAN_POINT('',(44.6104653916011,-143.415008225281,22.));
#8553=CARTESIAN_POINT('',(-44.6103221773527,-140.1,22.));
#8554=CARTESIAN_POINT('',(-55.2876891963773,-140.1,22.));
#8555=CARTESIAN_POINT('',(-44.6103221773527,-143.65,22.));
#8556=CARTESIAN_POINT('',(-44.6103221773527,-143.415008225282,22.));
#8557=CARTESIAN_POINT('',(-45.1103221773527,-144.15,22.));
#8558=CARTESIAN_POINT('Origin',(-45.1103221773527,-143.65,22.));
#8559=CARTESIAN_POINT('',(-46.4562562545043,-144.15,22.));
#8560=CARTESIAN_POINT('',(-56.8177002850941,-144.15,22.));
#8561=CARTESIAN_POINT('',(-46.934937570694,-144.505555555555,22.));
#8562=CARTESIAN_POINT('Origin',(-46.4562562545042,-144.649999999999,22.));
#8563=CARTESIAN_POINT('',(-50.2857067840225,-144.505555555555,22.));
#8564=CARTESIAN_POINT('Origin',(-48.6103221773583,-144.,22.));
#8565=CARTESIAN_POINT('',(-50.7643881002123,-144.15,22.));
#8566=CARTESIAN_POINT('Origin',(-50.7643881002123,-144.649999999999,22.));
#8567=CARTESIAN_POINT('',(-82.0400855833157,-144.15,22.));
#8568=CARTESIAN_POINT('',(-56.8177002850941,-144.15,22.));
#8569=CARTESIAN_POINT('',(-87.0177362513357,-139.622222222222,22.));
#8570=CARTESIAN_POINT('Origin',(-82.0400855833157,-139.15,22.));
#8571=CARTESIAN_POINT('',(-94.9998567857517,-140.,22.));
#8572=CARTESIAN_POINT('Origin',(-90.9998567857517,-140.,22.));
#8573=CARTESIAN_POINT('',(-94.9998567857517,-148.65,22.));
#8574=CARTESIAN_POINT('',(-94.9998567857517,-145.440008225282,22.));
#8575=CARTESIAN_POINT('',(-95.4167158583385,-149.68769250328,22.));
#8576=CARTESIAN_POINT('Origin',(-96.4998567857517,-148.65,22.));
#8577=CARTESIAN_POINT('',(-95.4167158583385,-151.360033607446,22.));
#8578=CARTESIAN_POINT('',(-95.4167158583385,-150.045025029005,22.));
#8579=CARTESIAN_POINT('',(-51.1778164668768,-151.360033607446,22.));
#8580=CARTESIAN_POINT('',(-58.9937491050917,-151.360033607446,22.));
#8581=CARTESIAN_POINT('',(-51.1778164668768,-160.860033607445,22.));
#8582=CARTESIAN_POINT('',(-51.1778164668768,-150.045025029005,22.));
#8583=CARTESIAN_POINT('',(-49.1778164668768,-160.860033607445,22.));
#8584=CARTESIAN_POINT('',(-72.471983749266,-160.860033607445,22.));
#8585=CARTESIAN_POINT('',(-48.1778164668768,-159.860033607445,22.));
#8586=CARTESIAN_POINT('Origin',(-49.1778164668768,-159.860033607445,22.));
#8587=CARTESIAN_POINT('',(-48.1778164668768,-154.360033607446,22.));
#8588=CARTESIAN_POINT('',(-48.1778164668768,-153.360033607446,22.));
#8589=CARTESIAN_POINT('',(-47.1778164668768,-153.360033607446,22.));
#8590=CARTESIAN_POINT('Origin',(-47.1778164668768,-154.360033607446,22.));
#8591=CARTESIAN_POINT('',(47.1779596811252,-153.360033607446,22.));
#8592=CARTESIAN_POINT('',(-42.0502999999189,-153.360033607446,22.));
#8593=CARTESIAN_POINT('Origin',(47.1779596811252,-154.360033607446,22.));
#8594=CARTESIAN_POINT('',(36.6103221773526,-145.15,22.));
#8595=CARTESIAN_POINT('Origin',(34.6103221773526,-145.15,22.));
#8596=CARTESIAN_POINT('',(-32.6103221773527,-145.15,22.));
#8597=CARTESIAN_POINT('Origin',(-34.6103221773527,-145.15,22.));
#8598=CARTESIAN_POINT('',(89.,-139.999999999999,22.));
#8599=CARTESIAN_POINT('Origin',(91.,-139.999999999999,22.));
#8600=CARTESIAN_POINT('',(-88.9998567857517,-140.,22.));
#8601=CARTESIAN_POINT('Origin',(-90.9998567857517,-140.,22.));
#8602=CARTESIAN_POINT('Origin',(-76.4311340187927,-159.860033607445,-3.48911625965291));
#8603=CARTESIAN_POINT('',(-65.1498051267009,-159.860033607445,-16.1846587141179));
#8604=CARTESIAN_POINT('',(-63.6498051267009,-159.860033607445,-17.6846587141179));
#8605=CARTESIAN_POINT('',(-77.1382407999793,-159.860033607445,-4.19622304083946));
#8606=CARTESIAN_POINT('',(-63.2355915643278,-160.860033607445,-16.6846587141179));
#8607=CARTESIAN_POINT('Origin',(-63.2355915643278,-159.860033607445,-16.6846587141179));
#8608=CARTESIAN_POINT('',(-64.1498051267009,-160.860033607445,-15.7704451517448));
#8609=CARTESIAN_POINT('',(-76.4311340187927,-160.860033607445,-3.48911625965291));
#8610=CARTESIAN_POINT('Origin',(-64.1498051267009,-159.860033607445,-15.7704451517448));
#8611=CARTESIAN_POINT('Origin',(-49.1778164668768,-159.860033607445,21.));
#8612=CARTESIAN_POINT('',(-49.1778164668768,-160.860033607445,20.));
#8613=CARTESIAN_POINT('',(-49.1778164668768,-160.860033607445,21.));
#8614=CARTESIAN_POINT('',(-48.1778164668768,-159.860033607445,20.));
#8615=CARTESIAN_POINT('Origin',(-49.1778164668768,-159.860033607445,20.));
#8616=CARTESIAN_POINT('',(-48.1778164668768,-159.860033607445,21.));
#8617=CARTESIAN_POINT('Origin',(-55.6778164668768,-159.860033607445,20.));
#8618=CARTESIAN_POINT('',(-51.0816223891643,-160.860033607445,15.4038059222874));
#8619=CARTESIAN_POINT('',(-50.3745156079777,-159.860033607445,14.6966991411008));
#8620=CARTESIAN_POINT('Origin',(-51.0816223891643,-159.860033607445,15.4038059222874));
#8621=CARTESIAN_POINT('Origin',(-55.6778164668768,-159.860033607445,20.));
#8622=CARTESIAN_POINT('Origin',(-55.6778164668768,-160.860033607445,20.));
#8623=CARTESIAN_POINT('Origin',(-60.2884187847138,-159.860033607445,6.19700952673781));
#8624=CARTESIAN_POINT('',(-60.1246788608536,-160.860033607445,6.36074945059806));
#8625=CARTESIAN_POINT('',(-59.4175720796671,-159.860033607445,5.65364266941151));
#8626=CARTESIAN_POINT('Origin',(-60.1246788608536,-159.860033607445,6.36074945059806));
#8627=CARTESIAN_POINT('',(-59.5813120035273,-159.860033607445,5.48990274555127));
#8628=CARTESIAN_POINT('',(-60.2884187847138,-160.860033607445,6.19700952673781));
#8629=CARTESIAN_POINT('Origin',(-57.6498051267006,-159.860033607445,3.8858757164451));
#8630=CARTESIAN_POINT('',(-61.1498051267007,-160.860033607445,3.88587571644514));
#8631=CARTESIAN_POINT('',(-60.1498051267007,-159.860033607445,3.88587571644513));
#8632=CARTESIAN_POINT('Origin',(-61.1498051267007,-159.860033607445,3.88587571644514));
#8633=CARTESIAN_POINT('Origin',(-57.6498051267006,-159.860033607445,3.8858757164451));
#8634=CARTESIAN_POINT('Origin',(-57.6498051267006,-160.860033607445,3.8858757164451));
#8635=CARTESIAN_POINT('Origin',(-61.1498051267007,-159.860033607445,2.15767064294096));
#8636=CARTESIAN_POINT('',(-60.1498051267009,-159.860033607445,-16.1846587141179));
#8637=CARTESIAN_POINT('',(-60.1498051267007,-159.860033607445,2.15767064294094));
#8638=CARTESIAN_POINT('',(-61.1498051267009,-160.860033607445,-15.7704451517448));
#8639=CARTESIAN_POINT('',(-61.1498051267007,-160.860033607445,2.15767064294096));
#8640=CARTESIAN_POINT('Origin',(-61.1498051267009,-159.860033607445,-15.7704451517448));
#8641=CARTESIAN_POINT('Origin',(-55.7530182241069,-159.860033607445,-10.3736582491509));
#8642=CARTESIAN_POINT('',(-61.6498051267009,-159.860033607445,-17.6846587141179));
#8643=CARTESIAN_POINT('',(-55.0459114429204,-159.860033607445,-11.0807650303375));
#8644=CARTESIAN_POINT('',(-62.064018689074,-160.860033607445,-16.6846587141179));
#8645=CARTESIAN_POINT('',(-55.7530182241069,-160.860033607445,-10.3736582491509));
#8646=CARTESIAN_POINT('Origin',(-62.064018689074,-159.860033607445,-16.6846587141179));
#8647=CARTESIAN_POINT('Origin',(-70.7843471161987,-159.860033607445,-16.6846587141179));
#8648=CARTESIAN_POINT('',(-70.7843471161987,-159.860033607445,-17.6846587141179));
#8649=CARTESIAN_POINT('',(-70.7843471161987,-160.860033607445,-16.6846587141179));
#8650=CARTESIAN_POINT('Origin',(-64.1498051267006,-159.860033607445,12.9429378582225));
#8651=CARTESIAN_POINT('',(-64.1498051267007,-160.860033607445,3.88587571644518));
#8652=CARTESIAN_POINT('',(-64.1498051267006,-160.860033607445,12.9429378582225));
#8653=CARTESIAN_POINT('',(-65.1498051267007,-159.860033607445,3.88587571644519));
#8654=CARTESIAN_POINT('Origin',(-64.1498051267007,-159.860033607445,3.88587571644518));
#8655=CARTESIAN_POINT('',(-65.1498051267006,-159.860033607445,12.9429378582225));
#8656=CARTESIAN_POINT('Origin',(-57.6498051267006,-159.860033607445,3.8858757164451));
#8657=CARTESIAN_POINT('',(-62.2459992044132,-160.860033607445,8.4820697941577));
#8658=CARTESIAN_POINT('',(-62.9531059855998,-159.860033607445,9.18917657534425));
#8659=CARTESIAN_POINT('Origin',(-62.2459992044132,-159.860033607445,8.4820697941577));
#8660=CARTESIAN_POINT('Origin',(-57.6498051267006,-159.860033607445,3.8858757164451));
#8661=CARTESIAN_POINT('Origin',(-57.6498051267006,-160.860033607445,3.8858757164451));
#8662=CARTESIAN_POINT('Origin',(-57.8882108924288,-159.860033607445,12.8398581061421));
#8663=CARTESIAN_POINT('',(-53.2029427327239,-160.860033607445,17.5251262658471));
#8664=CARTESIAN_POINT('',(-53.9100495139104,-159.860033607445,18.2322330470336));
#8665=CARTESIAN_POINT('Origin',(-53.2029427327239,-159.860033607445,17.5251262658471));
#8666=CARTESIAN_POINT('',(-58.5953176736153,-159.860033607445,13.5469648873287));
#8667=CARTESIAN_POINT('',(-57.8882108924288,-160.860033607445,12.8398581061421));
#8668=CARTESIAN_POINT('Origin',(-55.6778164668768,-159.860033607445,20.));
#8669=CARTESIAN_POINT('',(-52.2918155305474,-160.860033607445,20.8860009363294));
#8670=CARTESIAN_POINT('',(-53.1778164668768,-159.860033607445,20.));
#8671=CARTESIAN_POINT('Ctrl Pts',(-52.2918155305474,-160.860033607445,20.8860009363294));
#8672=CARTESIAN_POINT('Ctrl Pts',(-52.4003859488219,-160.860033607445,20.7774305180549));
#8673=CARTESIAN_POINT('Ctrl Pts',(-52.5285726716794,-160.827102906691,20.6492437951974));
#8674=CARTESIAN_POINT('Ctrl Pts',(-52.7318392254227,-160.722851965147,20.4459772414542));
#8675=CARTESIAN_POINT('Ctrl Pts',(-52.8443787540875,-160.633158756253,20.3334377127893));
#8676=CARTESIAN_POINT('Ctrl Pts',(-52.9999711307113,-160.448462373998,20.1778453361655));
#8677=CARTESIAN_POINT('Ctrl Pts',(-53.0741435257121,-160.324943681075,20.1036729411647));
#8678=CARTESIAN_POINT('Ctrl Pts',(-53.1534191776269,-160.103847388784,20.0243972892499));
#8679=CARTESIAN_POINT('Ctrl Pts',(-53.1778164668768,-159.972889385001,20.));
#8680=CARTESIAN_POINT('Ctrl Pts',(-53.1778164668768,-159.860033607445,20.));
#8681=CARTESIAN_POINT('Origin',(-55.6778164668768,-159.860033607445,20.));
#8682=CARTESIAN_POINT('Origin',(-55.6778164668768,-160.860033607445,20.));
#8683=CARTESIAN_POINT('Origin',(-76.4188891056965,-160.860033607445,22.));
#8684=CARTESIAN_POINT('',(-57.9880846265817,-160.860033607445,15.1897318402951));
#8685=CARTESIAN_POINT('Origin',(-48.1778164668768,-153.360033607446,20.));
#8686=CARTESIAN_POINT('',(-48.1778164668768,-154.360033607446,20.));
#8687=CARTESIAN_POINT('',(-48.1778164668768,-153.360033607446,20.));
#8688=CARTESIAN_POINT('',(-48.1778164668768,-154.360033607446,5.175));
#8689=CARTESIAN_POINT('Origin',(29.0000004321337,-160.860033607445,22.));
#8690=CARTESIAN_POINT('',(46.1334698688773,-160.860033607445,27.0444898122479));
#8691=CARTESIAN_POINT('Origin',(-60.8998051267009,-153.360033607446,-16.9346587141179));
#8692=CARTESIAN_POINT('',(-61.6498051267009,-154.360033607446,-17.6846587141179));
#8693=CARTESIAN_POINT('',(-61.6498051267009,-153.360033607446,-17.6846587141179));
#8694=CARTESIAN_POINT('',(-60.1498051267009,-154.360033607446,-16.1846587141179));
#8695=CARTESIAN_POINT('',(-56.2192941208331,-154.360033607446,-12.2541477082502));
#8696=CARTESIAN_POINT('',(-60.1498051267009,-153.360033607446,-16.1846587141179));
#8697=CARTESIAN_POINT('Origin',(-65.1498051267009,-153.360033607446,-17.6846587141179));
#8698=CARTESIAN_POINT('',(-63.6498051267009,-154.360033607446,-17.6846587141179));
#8699=CARTESIAN_POINT('',(-63.6498051267009,-153.360033607446,-17.6846587141179));
#8700=CARTESIAN_POINT('',(-57.3061124720244,-154.360033607446,-17.6846587141179));
#8701=CARTESIAN_POINT('Origin',(-64.3998051267009,-153.360033607446,-16.9346587141179));
#8702=CARTESIAN_POINT('',(-65.1498051267009,-154.360033607446,-16.1846587141179));
#8703=CARTESIAN_POINT('',(-65.1498051267009,-153.360033607446,-16.1846587141179));
#8704=CARTESIAN_POINT('',(-62.4866234778922,-154.360033607446,-18.8478403629267));
#8705=CARTESIAN_POINT('Origin',(-65.1498051267007,-153.360033607446,3.88587571644519));
#8706=CARTESIAN_POINT('',(-65.1498051267007,-154.360033607446,3.88587571644519));
#8707=CARTESIAN_POINT('',(-65.1498051267007,-153.360033607446,3.88587571644519));
#8708=CARTESIAN_POINT('',(-65.1498051267008,-154.360033607446,-2.88206214177732));
#8709=CARTESIAN_POINT('Origin',(-57.6498051267006,-153.360033607446,3.8858757164451));
#8710=CARTESIAN_POINT('',(-62.9531059855998,-154.360033607446,9.18917657534425));
#8711=CARTESIAN_POINT('',(-62.9531059855998,-153.360033607446,9.18917657534425));
#8712=CARTESIAN_POINT('Origin',(-57.6498051267006,-154.360033607446,3.8858757164451));
#8713=CARTESIAN_POINT('Origin',(-53.9100495139104,-153.360033607446,18.2322330470336));
#8714=CARTESIAN_POINT('',(-53.9100495139104,-153.360033607446,18.2322330470336));
#8715=CARTESIAN_POINT('',(-53.9100495139104,-153.360033607446,18.2322330470336));
#8716=CARTESIAN_POINT('',(-60.1246788608536,-153.360033607446,12.0176037000904));
#8717=CARTESIAN_POINT('',(-59.7687003515282,-153.360033607446,12.3735822094158));
#8718=CARTESIAN_POINT('Ctrl Pts',(-60.1246788608536,-153.360033607446,12.0176037000904));
#8719=CARTESIAN_POINT('Ctrl Pts',(-61.0482604825027,-153.360033607446,11.0940220784413));
#8720=CARTESIAN_POINT('Ctrl Pts',(-62.085552116185,-153.912030715689,10.056730444759));
#8721=CARTESIAN_POINT('Ctrl Pts',(-62.9531059855998,-154.360033607446,9.18917657534426));
#8722=CARTESIAN_POINT('Origin',(-55.6778164668768,-153.360033607446,20.));
#8723=CARTESIAN_POINT('',(-53.1778164668768,-153.360033607446,20.));
#8724=CARTESIAN_POINT('',(-53.1778164668768,-153.360033607446,20.));
#8725=CARTESIAN_POINT('Origin',(-55.6778164668768,-153.360033607446,20.));
#8726=CARTESIAN_POINT('Origin',(34.6103221773526,-145.15,22.));
#8727=CARTESIAN_POINT('',(36.6103221773526,-145.15,16.));
#8728=CARTESIAN_POINT('',(36.6103221773526,-145.15,22.));
#8729=CARTESIAN_POINT('Origin',(34.6103221773526,-145.15,16.));
#8730=CARTESIAN_POINT('Origin',(34.6103221773526,-145.15,16.));
#8731=CARTESIAN_POINT('Origin',(-34.6103221773527,-145.15,22.));
#8732=CARTESIAN_POINT('',(-32.6103221773527,-145.15,16.));
#8733=CARTESIAN_POINT('',(-32.6103221773527,-145.15,22.));
#8734=CARTESIAN_POINT('Origin',(-34.6103221773527,-145.15,16.));
#8735=CARTESIAN_POINT('Origin',(-34.6103221773527,-145.15,16.));
#8736=CARTESIAN_POINT('Origin',(59.1499483409493,-154.360033607446,-13.6673293570584));
#8737=CARTESIAN_POINT('',(59.1499483409491,-153.360033607446,3.88587571644512));
#8738=CARTESIAN_POINT('Origin',(59.1499483409491,-154.360033607446,3.88587571644512));
#8739=CARTESIAN_POINT('',(59.1499483409493,-153.360033607446,-16.5988722764911));
#8740=CARTESIAN_POINT('',(59.1499483409493,-153.360033607446,-13.6673293570584));
#8741=CARTESIAN_POINT('Origin',(59.1499483409493,-154.360033607446,-16.5988722764911));
#8742=CARTESIAN_POINT('Origin',(57.6499483409491,-154.360033607445,3.8858757164451));
#8743=CARTESIAN_POINT('',(58.7106085127289,-153.360033607446,4.94653588822497));
#8744=CARTESIAN_POINT('Origin',(58.7106085127289,-154.360033607445,4.94653588822497));
#8745=CARTESIAN_POINT('Origin',(57.6499483409491,-153.360033607446,3.8858757164451));
#8746=CARTESIAN_POINT('Origin',(35.3164854022659,-154.360033607446,28.3406589986879));
#8747=CARTESIAN_POINT('',(49.6675520410396,-153.360033607446,13.9895923599143));
#8748=CARTESIAN_POINT('Origin',(49.6675520410396,-154.360033607446,13.9895923599143));
#8749=CARTESIAN_POINT('',(35.3164854022659,-153.360033607446,28.3406589986879));
#8750=CARTESIAN_POINT('Origin',(55.6779596811252,-154.360033607445,20.));
#8751=CARTESIAN_POINT('',(47.1779596811252,-153.360033607446,20.));
#8752=CARTESIAN_POINT('Origin',(47.1779596811252,-154.360033607445,20.));
#8753=CARTESIAN_POINT('Origin',(55.6779596811252,-153.360033607446,20.));
#8754=CARTESIAN_POINT('Origin',(47.1779596811252,-154.360033607446,5.175));
#8755=CARTESIAN_POINT('',(47.1779596811252,-153.360033607446,5.175));
#8756=CARTESIAN_POINT('Origin',(30.7810848416587,-154.360033607446,11.7699912227993));
#8757=CARTESIAN_POINT('',(61.2357347785762,-153.360033607446,-18.6846587141179));
#8758=CARTESIAN_POINT('',(30.7810848416587,-153.360033607446,11.7699912227993));
#8759=CARTESIAN_POINT('Origin',(61.2357347785762,-154.360033607446,-18.6846587141179));
#8760=CARTESIAN_POINT('Origin',(7.84376426180069,-154.360033607446,-18.6846587141179));
#8761=CARTESIAN_POINT('',(64.0641619033224,-153.360033607446,-18.6846587141179));
#8762=CARTESIAN_POINT('',(7.84376426180069,-153.360033607446,-18.6846587141179));
#8763=CARTESIAN_POINT('Origin',(64.0641619033224,-154.360033607446,-18.6846587141179));
#8764=CARTESIAN_POINT('Origin',(38.4626277610913,-154.360033607446,-44.2861928563493));
#8765=CARTESIAN_POINT('',(66.1499483409493,-153.360033607446,-16.598872276491));
#8766=CARTESIAN_POINT('',(38.4626277610913,-153.360033607446,-44.2861928563493));
#8767=CARTESIAN_POINT('Origin',(66.1499483409493,-154.360033607446,-16.598872276491));
#8768=CARTESIAN_POINT('Origin',(57.6499483409491,-154.360033607445,3.8858757164451));
#8769=CARTESIAN_POINT('',(66.1499483409491,-153.360033607446,3.8858757164452));
#8770=CARTESIAN_POINT('Origin',(66.1499483409491,-154.360033607445,3.8858757164452));
#8771=CARTESIAN_POINT('Origin',(57.6499483409491,-153.360033607446,3.8858757164451));
#8772=CARTESIAN_POINT('Origin',(66.1499483409492,-154.360033607446,-2.88206214177678));
#8773=CARTESIAN_POINT('',(66.1499483409492,-153.360033607446,-2.88206214177678));
#8774=CARTESIAN_POINT('Origin',(-66.1498051267008,-154.360033607446,-2.88206214177731));
#8775=CARTESIAN_POINT('',(-66.1498051267007,-153.360033607446,3.8858757164452));
#8776=CARTESIAN_POINT('Origin',(-66.1498051267007,-154.360033607446,3.8858757164452));
#8777=CARTESIAN_POINT('',(-66.1498051267009,-153.360033607446,-16.598872276491));
#8778=CARTESIAN_POINT('',(-66.1498051267008,-153.360033607446,-2.88206214177731));
#8779=CARTESIAN_POINT('Origin',(-66.1498051267009,-154.360033607446,-16.598872276491));
#8780=CARTESIAN_POINT('Origin',(-63.1937302590788,-154.360033607446,-19.5549471441132));
#8781=CARTESIAN_POINT('',(-64.064018689074,-153.360033607446,-18.6846587141179));
#8782=CARTESIAN_POINT('',(-63.1937302590788,-153.360033607446,-19.5549471441132));
#8783=CARTESIAN_POINT('Origin',(-64.064018689074,-154.360033607446,-18.6846587141179));
#8784=CARTESIAN_POINT('Origin',(-57.3061124720244,-154.360033607446,-18.6846587141179));
#8785=CARTESIAN_POINT('',(-61.2355915643278,-153.360033607446,-18.6846587141179));
#8786=CARTESIAN_POINT('',(-57.3061124720244,-153.360033607446,-18.6846587141179));
#8787=CARTESIAN_POINT('Origin',(-61.2355915643278,-154.360033607446,-18.6846587141179));
#8788=CARTESIAN_POINT('Origin',(-55.5121873396466,-154.360033607446,-12.9612544894368));
#8789=CARTESIAN_POINT('',(-59.1498051267009,-153.360033607446,-16.5988722764911));
#8790=CARTESIAN_POINT('',(-55.5121873396466,-153.360033607446,-12.9612544894368));
#8791=CARTESIAN_POINT('Origin',(-59.1498051267009,-154.360033607446,-16.5988722764911));
#8792=CARTESIAN_POINT('Origin',(-47.1778164668768,-154.360033607446,5.175));
#8793=CARTESIAN_POINT('',(-47.1778164668768,-153.360033607446,20.));
#8794=CARTESIAN_POINT('Origin',(-47.1778164668768,-154.360033607446,20.));
#8795=CARTESIAN_POINT('',(-47.1778164668768,-153.360033607446,5.175));
#8796=CARTESIAN_POINT('Origin',(-55.6778164668768,-154.360033607446,20.));
#8797=CARTESIAN_POINT('',(-50.3745156079777,-154.360033607446,14.6966991411008));
#8798=CARTESIAN_POINT('',(-49.6674088267912,-153.360033607446,13.9895923599143));
#8799=CARTESIAN_POINT('Origin',(-49.6674088267912,-154.360033607446,13.9895923599143));
#8800=CARTESIAN_POINT('Origin',(-55.6778164668768,-153.360033607446,20.));
#8801=CARTESIAN_POINT('Origin',(-55.6778164668768,-154.360033607446,20.));
#8802=CARTESIAN_POINT('Origin',(-60.0475879002536,-154.360033607446,3.60941328645187));
#8803=CARTESIAN_POINT('',(-59.4175720796671,-154.360033607446,5.65364266941151));
#8804=CARTESIAN_POINT('',(-58.7104652984805,-153.360033607446,4.94653588822497));
#8805=CARTESIAN_POINT('Origin',(-58.7104652984805,-154.360033607446,4.94653588822497));
#8806=CARTESIAN_POINT('',(-60.0475879002536,-153.360033607446,3.60941328645187));
#8807=CARTESIAN_POINT('',(-60.7546946814401,-154.360033607446,4.31652006763842));
#8808=CARTESIAN_POINT('Origin',(-57.6498051267006,-154.360033607446,3.8858757164451));
#8809=CARTESIAN_POINT('',(-60.1498051267007,-154.360033607446,3.88587571644513));
#8810=CARTESIAN_POINT('',(-59.1498051267007,-153.360033607446,3.88587571644512));
#8811=CARTESIAN_POINT('Origin',(-59.1498051267007,-154.360033607446,3.88587571644512));
#8812=CARTESIAN_POINT('Origin',(-57.6498051267006,-153.360033607446,3.8858757164451));
#8813=CARTESIAN_POINT('Origin',(-57.6498051267006,-154.360033607446,3.8858757164451));
#8814=CARTESIAN_POINT('Origin',(-59.1498051267009,-154.360033607446,-13.6673293570589));
#8815=CARTESIAN_POINT('',(-59.1498051267009,-153.360033607446,-13.6673293570589));
#8816=CARTESIAN_POINT('',(-60.1498051267009,-154.360033607446,-13.6673293570589));
#8817=CARTESIAN_POINT('Origin',(-57.6498051267006,-154.360033607446,3.8858757164451));
#8818=CARTESIAN_POINT('Origin',(-57.6498051267006,-153.360033607446,3.8858757164451));
#8819=CARTESIAN_POINT('Origin',(-60.1498051267009,-153.360033607446,-17.6846587141179));
#8820=CARTESIAN_POINT('',(-60.1498051267007,-153.360033607446,3.88587571644513));
#8821=CARTESIAN_POINT('Origin',(-57.6498051267006,-153.360033607446,3.8858757164451));
#8822=CARTESIAN_POINT('',(-59.4175720796671,-153.360033607446,5.65364266941151));
#8823=CARTESIAN_POINT('Origin',(-59.4175720796671,-153.360033607446,5.65364266941152));
#8824=CARTESIAN_POINT('',(-50.3745156079777,-153.360033607446,14.6966991411008));
#8825=CARTESIAN_POINT('Origin',(-55.6778164668768,-153.360033607446,20.));
#8826=CARTESIAN_POINT('Origin',(119.29493614131,-163.957898266396,14.));
#8827=CARTESIAN_POINT('',(127.100648277637,-157.566399692441,13.));
#8828=CARTESIAN_POINT('',(134.808969355601,-149.858078614477,13.));
#8829=CARTESIAN_POINT('',(120.002042922496,-164.665005047582,13.));
#8830=CARTESIAN_POINT('',(135.32863844597,-147.066467799416,14.6065053999911));
#8831=CARTESIAN_POINT('Origin',(151.525983747591,-151.525840533338,3.47529915601802E-19));
#8832=CARTESIAN_POINT('',(135.050395745941,-146.788225099391,15.));
#8833=CARTESIAN_POINT('',(140.115048066191,-151.852877419628,7.83750000000733));
#8834=CARTESIAN_POINT('',(126.272221152891,-155.566399692441,15.));
#8835=CARTESIAN_POINT('',(118.587829360123,-163.250791485209,15.));
#8836=CARTESIAN_POINT('',(126.272221152891,-155.566399692441,15.));
#8837=CARTESIAN_POINT('Origin',(108.789476536677,-156.566399692442,14.));
#8838=CARTESIAN_POINT('',(125.443794028144,-155.566399692441,15.));
#8839=CARTESIAN_POINT('',(108.789476536677,-155.566399692442,15.));
#8840=CARTESIAN_POINT('',(124.615366903398,-157.566399692442,13.));
#8841=CARTESIAN_POINT('',(125.443794028144,-155.566399692441,15.));
#8842=CARTESIAN_POINT('',(108.789476536677,-157.566399692442,13.));
#8843=CARTESIAN_POINT('Origin',(-58.9937491050917,-152.360033607446,21.));
#8844=CARTESIAN_POINT('',(95.416859072587,-153.360033607446,20.));
#8845=CARTESIAN_POINT('',(-58.9937491050917,-153.360033607446,20.));
#8846=CARTESIAN_POINT('',(95.416859072587,-153.360033607446,20.));
#8847=CARTESIAN_POINT('',(51.1779596811252,-151.360033607446,22.));
#8848=CARTESIAN_POINT('Origin',(52.1779596811251,-150.045025029003,21.));
#8849=CARTESIAN_POINT('Origin',(95.416859072587,-152.360033607445,19.));
#8850=CARTESIAN_POINT('',(95.7914656660029,-153.360033607446,19.9271838545668));
#8851=CARTESIAN_POINT('Origin',(95.416859072587,-153.360033607446,19.));
#8852=CARTESIAN_POINT('',(96.5406788528347,-151.360033607443,21.7815515637004));
#8853=CARTESIAN_POINT('',(95.7914656660029,-153.360033607446,19.9271838545668));
#8854=CARTESIAN_POINT('Origin',(95.416859072587,-151.360033607443,19.));
#8855=CARTESIAN_POINT('Origin',(47.2598497884135,-152.360033607445,40.6137641939476));
#8856=CARTESIAN_POINT('',(112.035715934249,-153.360033607446,13.364080727166));
#8857=CARTESIAN_POINT('',(112.78492912108,-151.360033607445,15.2184484362996));
#8858=CARTESIAN_POINT('',(112.035715934249,-153.360033607446,13.364080727166));
#8859=CARTESIAN_POINT('',(47.6344563818294,-151.360033607445,41.5409480485144));
#8860=CARTESIAN_POINT('',(46.8852431949976,-153.360033607446,39.6865803393808));
#8861=CARTESIAN_POINT('Origin',(113.908748901328,-152.360033607444,18.));
#8862=CARTESIAN_POINT('',(113.908748901328,-153.360033607446,13.));
#8863=CARTESIAN_POINT('Origin',(113.908748901328,-153.360033607446,18.));
#8864=CARTESIAN_POINT('',(113.908748901328,-151.360033607443,15.));
#8865=CARTESIAN_POINT('',(113.908748901328,-153.360033607446,13.));
#8866=CARTESIAN_POINT('Origin',(113.908748901328,-151.360033607443,18.));
#8867=CARTESIAN_POINT('Origin',(21.7505831763042,-152.360033607445,14.));
#8868=CARTESIAN_POINT('',(121.237427943147,-151.360033607445,15.));
#8869=CARTESIAN_POINT('',(21.7505831763042,-151.360033607445,15.));
#8870=CARTESIAN_POINT('',(120.409000818401,-153.360033607445,13.));
#8871=CARTESIAN_POINT('',(21.7505831763042,-153.360033607446,13.));
#8872=CARTESIAN_POINT('',(120.409000818401,-153.360033607445,13.));
#8873=CARTESIAN_POINT('Origin',(113.870685286946,-145.407504513617,14.));
#8874=CARTESIAN_POINT('',(114.577792068133,-144.70039773243,15.));
#8875=CARTESIAN_POINT('',(113.163578505759,-146.114611294803,13.));
#8876=CARTESIAN_POINT('Origin',(142.333595592166,-142.333452377912,3.47529915601802E-19));
#8877=CARTESIAN_POINT('',(136.464609308316,-148.202438661762,-14.6065053999909));
#8878=CARTESIAN_POINT('Origin',(142.333595592166,-142.333452377912,3.47529915601802E-19));
#8879=CARTESIAN_POINT('',(134.69684235535,-146.434671708796,-14.6065053999911));
#8880=CARTESIAN_POINT('',(136.464609308316,-148.202438661762,-14.6065053999911));
#8881=CARTESIAN_POINT('',(134.69684235535,-146.434671708796,14.6065053999911));
#8882=CARTESIAN_POINT('Origin',(140.565828639199,-140.565685424946,3.47529915601802E-19));
#8883=CARTESIAN_POINT('',(136.464609308316,-148.202438661762,14.6065053999911));
#8884=CARTESIAN_POINT('Origin',(127.100648277637,-157.566399692441,-9.65));
#8885=CARTESIAN_POINT('',(127.100648277637,-157.566399692441,-21.));
#8886=CARTESIAN_POINT('',(127.100648277637,-157.566399692441,-9.65));
#8887=CARTESIAN_POINT('',(136.464609308316,-148.202438661762,-21.));
#8888=CARTESIAN_POINT('',(120.002042922496,-164.665005047582,-21.));
#8889=CARTESIAN_POINT('',(136.464609308316,-148.202438661762,-9.65));
#8890=CARTESIAN_POINT('Origin',(124.615366903398,-157.566399692442,-9.65));
#8891=CARTESIAN_POINT('',(124.615366903398,-157.566399692442,-21.));
#8892=CARTESIAN_POINT('',(124.615366903398,-157.566399692442,-9.65));
#8893=CARTESIAN_POINT('',(108.789476536677,-157.566399692442,-21.));
#8894=CARTESIAN_POINT('Origin',(120.409000818401,-153.360033607445,-9.65));
#8895=CARTESIAN_POINT('',(120.409000818401,-153.360033607445,-19.1006733217759));
#8896=CARTESIAN_POINT('',(120.409000818401,-153.360033607445,-9.65));
#8897=CARTESIAN_POINT('',(124.370992615782,-157.322025404825,-21.6550036509702));
#8898=CARTESIAN_POINT('Origin',(118.646289566046,-151.597322355089,-26.184658714248));
#8899=CARTESIAN_POINT('Origin',(123.615366903398,-156.566399692442,-21.));
#8900=CARTESIAN_POINT('Origin',(-49.4624198173479,-153.360033607446,-9.65));
#8901=CARTESIAN_POINT('',(-95.4167158583385,-153.360033607446,20.));
#8902=CARTESIAN_POINT('',(-58.9937491050917,-153.360033607446,20.));
#8903=CARTESIAN_POINT('',(-95.7913224517544,-153.360033607446,19.9271838545668));
#8904=CARTESIAN_POINT('Origin',(-95.4167158583385,-153.360033607446,19.));
#8905=CARTESIAN_POINT('',(-112.03557272,-153.360033607446,13.364080727166));
#8906=CARTESIAN_POINT('',(-89.4065150457517,-153.360033607446,22.5068134934983));
#8907=CARTESIAN_POINT('',(-113.90860568708,-153.360033607446,13.));
#8908=CARTESIAN_POINT('Origin',(-113.90860568708,-153.360033607446,18.));
#8909=CARTESIAN_POINT('',(-120.408857604153,-153.360033607446,13.));
#8910=CARTESIAN_POINT('',(-71.2129313865279,-153.360033607446,13.));
#8911=CARTESIAN_POINT('',(-120.408857604153,-153.360033607446,-19.1006733217759));
#8912=CARTESIAN_POINT('',(-120.408857604153,-153.360033607446,-9.65));
#8913=CARTESIAN_POINT('',(-120.97101475226,-153.360033607446,-19.6766699979237));
#8914=CARTESIAN_POINT('Ctrl Pts',(-120.408857604153,-153.360033607446,-19.1006733217759));
#8915=CARTESIAN_POINT('Ctrl Pts',(-120.408857604153,-153.360033607446,-19.1333042996315));
#8916=CARTESIAN_POINT('Ctrl Pts',(-120.413429675027,-153.360033607446,-19.1657400823733));
#8917=CARTESIAN_POINT('Ctrl Pts',(-120.430354151836,-153.360033607446,-19.2305678196591));
#8918=CARTESIAN_POINT('Ctrl Pts',(-120.443063194037,-153.360033607406,-19.2627460228581));
#8919=CARTESIAN_POINT('Ctrl Pts',(-120.485198589814,-153.360033607406,-19.3449046912684));
#8920=CARTESIAN_POINT('Ctrl Pts',(-120.527424389114,-153.360033607423,-19.4067831270537));
#8921=CARTESIAN_POINT('Ctrl Pts',(-120.648547886784,-153.360033607423,-19.5172144522177));
#8922=CARTESIAN_POINT('Ctrl Pts',(-120.70775594029,-153.36003360747,-19.5581037760254));
#8923=CARTESIAN_POINT('Ctrl Pts',(-120.833026722612,-153.36003360747,-19.6270405763982));
#8924=CARTESIAN_POINT('Ctrl Pts',(-120.901316981382,-153.360033607446,-19.655743989848));
#8925=CARTESIAN_POINT('Ctrl Pts',(-120.970940035839,-153.360033607446,-19.6769140901626));
#8926=CARTESIAN_POINT('',(-124.359609391369,-153.360033607446,-22.));
#8927=CARTESIAN_POINT('Origin',(-118.99969974239,-153.360033607446,-26.184658714248));
#8928=CARTESIAN_POINT('',(-50.6695265985348,-153.360033607446,-22.));
#8929=CARTESIAN_POINT('',(-105.981571349049,-153.360033607446,-22.));
#8930=CARTESIAN_POINT('',(-50.6695265985348,-153.360033607446,-9.65));
#8931=CARTESIAN_POINT('',(-50.6695265985348,-153.360033607446,-9.65));
#8932=CARTESIAN_POINT('',(-42.0502999999192,-153.360033606908,-9.65));
#8933=CARTESIAN_POINT('',(-65.6041510796103,-153.360033607446,-9.65));
#8934=CARTESIAN_POINT('',(-42.0502999999192,-153.360033607446,-4.64796992594459));
#8935=CARTESIAN_POINT('',(-42.0502999999192,-153.360033607446,-9.65));
#8936=CARTESIAN_POINT('',(-36.7502999999189,-153.360033607446,0.268000000000602));
#8937=CARTESIAN_POINT('Origin',(-36.7502999999189,-153.360033607446,-5.04699999999941));
#8938=CARTESIAN_POINT('',(36.6519426771421,-153.360033607446,0.268000000000601));
#8939=CARTESIAN_POINT('',(-36.7502999999189,-153.360033607446,0.268000000000602));
#8940=CARTESIAN_POINT('',(42.0504432141679,-153.360033607446,-5.13050053702524));
#8941=CARTESIAN_POINT('Origin',(36.6519426771421,-153.360033607446,-5.13050053702524));
#8942=CARTESIAN_POINT('',(42.0504432141677,-153.360033606908,-9.65));
#8943=CARTESIAN_POINT('',(42.0504432141677,-153.360033607445,-9.65));
#8944=CARTESIAN_POINT('',(50.6696698127832,-153.360033607445,-9.65));
#8945=CARTESIAN_POINT('',(65.6042942938588,-153.360033607445,-9.65));
#8946=CARTESIAN_POINT('',(50.6696698127832,-153.360033607445,-22.));
#8947=CARTESIAN_POINT('',(50.6696698127832,-153.360033607445,-9.65));
#8948=CARTESIAN_POINT('',(124.359752605617,-153.360033607445,-22.));
#8949=CARTESIAN_POINT('',(105.981714563298,-153.360033607445,-22.));
#8950=CARTESIAN_POINT('',(120.971157966509,-153.360033607445,-19.6766699979237));
#8951=CARTESIAN_POINT('Origin',(118.999842956639,-153.360033607445,-26.184658714248));
#8952=CARTESIAN_POINT('Ctrl Pts',(120.409000818402,-153.360033607446,-19.1006733217759));
#8953=CARTESIAN_POINT('Ctrl Pts',(120.409000818402,-153.360033607446,-19.1333042996347));
#8954=CARTESIAN_POINT('Ctrl Pts',(120.41357288928,-153.360033607446,-19.1657400823803));
#8955=CARTESIAN_POINT('Ctrl Pts',(120.430497366088,-153.360033607446,-19.2305678196576));
#8956=CARTESIAN_POINT('Ctrl Pts',(120.44320640829,-153.360033607406,-19.262746022856));
#8957=CARTESIAN_POINT('Ctrl Pts',(120.485341804071,-153.360033607406,-19.3449046912687));
#8958=CARTESIAN_POINT('Ctrl Pts',(120.527567603373,-153.360033607423,-19.4067831270522));
#8959=CARTESIAN_POINT('Ctrl Pts',(120.648691101037,-153.360033607423,-19.5172144522132));
#8960=CARTESIAN_POINT('Ctrl Pts',(120.707899154541,-153.36003360747,-19.5581037760222));
#8961=CARTESIAN_POINT('Ctrl Pts',(120.833169936862,-153.36003360747,-19.6270405763975));
#8962=CARTESIAN_POINT('Ctrl Pts',(120.901460195631,-153.360033607446,-19.6557439898479));
#8963=CARTESIAN_POINT('Ctrl Pts',(120.971083250088,-153.360033607446,-19.6769140901626));
#8964=CARTESIAN_POINT('',(22.6986746420335,-153.360033607446,13.8));
#8965=CARTESIAN_POINT('',(26.7404305564489,-153.360033607446,15.8));
#8966=CARTESIAN_POINT('Ctrl Pts',(22.6986746420335,-153.360033607446,13.8));
#8967=CARTESIAN_POINT('Ctrl Pts',(22.7216735354319,-153.360033607446,13.8));
#8968=CARTESIAN_POINT('Ctrl Pts',(22.74467776106,-153.360033607446,13.8000069173414));
#8969=CARTESIAN_POINT('Ctrl Pts',(22.7678981237315,-153.360033607446,13.8000349472383));
#8970=CARTESIAN_POINT('Ctrl Pts',(22.7918028096531,-153.360033607446,13.8000638031994));
#8971=CARTESIAN_POINT('Ctrl Pts',(22.8159332385853,-153.360033607446,13.80011500546));
#8972=CARTESIAN_POINT('Ctrl Pts',(22.8404492619881,-153.360033607446,13.8002045230754));
#8973=CARTESIAN_POINT('Ctrl Pts',(22.864262013256,-153.360033607446,13.8002914727684));
#8974=CARTESIAN_POINT('Ctrl Pts',(22.888433267034,-153.360033607446,13.8004146061161));
#8975=CARTESIAN_POINT('Ctrl Pts',(22.9130519173805,-153.360033607446,13.8005887438471));
#8976=CARTESIAN_POINT('Ctrl Pts',(22.9332581591791,-153.360033607446,13.8007316708171));
#8977=CARTESIAN_POINT('Ctrl Pts',(22.9537624577004,-153.360033607446,13.800908974404));
#8978=CARTESIAN_POINT('Ctrl Pts',(22.9745868497216,-153.360033607446,13.8011284224158));
#8979=CARTESIAN_POINT('Ctrl Pts',(22.9953543914072,-153.360033607446,13.8013472713372));
#8980=CARTESIAN_POINT('Ctrl Pts',(23.0164320325675,-153.360033607446,13.8016079587961));
#8981=CARTESIAN_POINT('Ctrl Pts',(23.0378417971997,-153.360033607446,13.801917549941));
#8982=CARTESIAN_POINT('Ctrl Pts',(23.0507380105733,-153.360033607446,13.8021040327694));
#8983=CARTESIAN_POINT('Ctrl Pts',(23.0637530907184,-153.360033607446,13.8023082146064));
#8984=CARTESIAN_POINT('Ctrl Pts',(23.0768779328688,-153.360033607446,13.8025305904953));
#8985=CARTESIAN_POINT('Ctrl Pts',(23.1114728221352,-153.360033607446,13.8031167361543));
#8986=CARTESIAN_POINT('Ctrl Pts',(23.1468618177036,-153.360033607446,13.8038295756225));
#8987=CARTESIAN_POINT('Ctrl Pts',(23.1829546964428,-153.360033607446,13.8046818324388));
#8988=CARTESIAN_POINT('Ctrl Pts',(23.2252132350626,-153.360033607446,13.8056796782424));
#8989=CARTESIAN_POINT('Ctrl Pts',(23.2684293010287,-153.360033607446,13.806868546704));
#8990=CARTESIAN_POINT('Ctrl Pts',(23.3123609691244,-153.360033607446,13.8082705896979));
#8991=CARTESIAN_POINT('Ctrl Pts',(23.3517917990298,-153.360033607446,13.809528992149));
#8992=CARTESIAN_POINT('Ctrl Pts',(23.3917942059075,-153.360033607446,13.8109590647309));
#8993=CARTESIAN_POINT('Ctrl Pts',(23.4321593425162,-153.360033607446,13.8125777862234));
#8994=CARTESIAN_POINT('Ctrl Pts',(23.4783302066556,-153.360033607446,13.8144293288264));
#8995=CARTESIAN_POINT('Ctrl Pts',(23.5249792057275,-153.360033607446,13.8165288382899));
#8996=CARTESIAN_POINT('Ctrl Pts',(23.5718186534072,-153.360033607446,13.8189169409705));
#8997=CARTESIAN_POINT('Ctrl Pts',(23.6126488430073,-153.360033607446,13.8209986624695));
#8998=CARTESIAN_POINT('Ctrl Pts',(23.6536242710359,-153.360033607446,13.8232994353052));
#8999=CARTESIAN_POINT('Ctrl Pts',(23.6946251038848,-153.360033607446,13.8258437515708));
#9000=CARTESIAN_POINT('Ctrl Pts',(23.7279979285542,-153.360033607446,13.8279147100059));
#9001=CARTESIAN_POINT('Ctrl Pts',(23.7613916526578,-153.360033607446,13.8301470429082));
#9002=CARTESIAN_POINT('Ctrl Pts',(23.7947896374271,-153.360033607446,13.8325553300169));
#9003=CARTESIAN_POINT('Ctrl Pts',(23.825890059865,-153.360033607446,13.8347979427658));
#9004=CARTESIAN_POINT('Ctrl Pts',(23.8569983931382,-153.360033607446,13.8371932705486));
#9005=CARTESIAN_POINT('Ctrl Pts',(23.888146581571,-153.360033607446,13.8397569453775));
#9006=CARTESIAN_POINT('Ctrl Pts',(23.9308879960028,-153.360033607446,13.8432748092997));
#9007=CARTESIAN_POINT('Ctrl Pts',(23.9737121258723,-153.360033607446,13.8471092205676));
#9008=CARTESIAN_POINT('Ctrl Pts',(24.016840010107,-153.360033607446,13.8513219790964));
#9009=CARTESIAN_POINT('Ctrl Pts',(24.0329295955973,-153.360033607446,13.8528936198041));
#9010=CARTESIAN_POINT('Ctrl Pts',(24.0490606543542,-153.360033607446,13.8545180059434));
#9011=CARTESIAN_POINT('Ctrl Pts',(24.0652425252697,-153.360033607446,13.8561987194392));
#9012=CARTESIAN_POINT('Ctrl Pts',(24.1035936092961,-153.360033607446,13.8601820156128));
#9013=CARTESIAN_POINT('Ctrl Pts',(24.1422271263979,-153.360033607446,13.8644823376544));
#9014=CARTESIAN_POINT('Ctrl Pts',(24.1811919596147,-153.360033607446,13.8691121499572));
#9015=CARTESIAN_POINT('Ctrl Pts',(24.2145781527498,-153.360033607446,13.8730791066964));
#9016=CARTESIAN_POINT('Ctrl Pts',(24.2482038472691,-153.360033607446,13.8772875209411));
#9017=CARTESIAN_POINT('Ctrl Pts',(24.2820567350985,-153.360033607446,13.881733314852));
#9018=CARTESIAN_POINT('Ctrl Pts',(24.3242187209447,-153.360033607446,13.8872703166254));
#9019=CARTESIAN_POINT('Ctrl Pts',(24.3667382513279,-153.360033607446,13.8931747100973));
#9020=CARTESIAN_POINT('Ctrl Pts',(24.4095110871187,-153.360033607446,13.8994377124428));
#9021=CARTESIAN_POINT('Ctrl Pts',(24.4560932990372,-153.360033607446,13.9062585017851));
#9022=CARTESIAN_POINT('Ctrl Pts',(24.5029712579499,-153.360033607446,13.9135042324059));
#9023=CARTESIAN_POINT('Ctrl Pts',(24.549936580982,-153.360033607446,13.9211592749344));
#9024=CARTESIAN_POINT('Ctrl Pts',(24.6181008004344,-153.360033607446,13.9322695998537));
#9025=CARTESIAN_POINT('Ctrl Pts',(24.6864377395964,-153.360033607446,13.9442404258385));
#9026=CARTESIAN_POINT('Ctrl Pts',(24.7541699250749,-153.360033607446,13.9570113754098));
#9027=CARTESIAN_POINT('Ctrl Pts',(24.7994420924714,-153.360033607446,13.9655474733184));
#9028=CARTESIAN_POINT('Ctrl Pts',(24.8444417606163,-153.360033607446,13.9744406272582));
#9029=CARTESIAN_POINT('Ctrl Pts',(24.8889519730092,-153.360033607446,13.9836785963968));
#9030=CARTESIAN_POINT('Ctrl Pts',(24.9110339768689,-153.360033607446,13.9882616540639));
#9031=CARTESIAN_POINT('Ctrl Pts',(24.9329964357913,-153.360033607446,13.9929298220328));
#9032=CARTESIAN_POINT('Ctrl Pts',(24.954813481282,-153.360033607446,13.9976821525032));
#9033=CARTESIAN_POINT('Ctrl Pts',(24.9902967662694,-153.360033607446,14.0054113519728));
#9034=CARTESIAN_POINT('Ctrl Pts',(25.0254014025317,-153.360033607446,14.0133650853294));
#9035=CARTESIAN_POINT('Ctrl Pts',(25.0600532122878,-153.360033607446,14.0215480144565));
#9036=CARTESIAN_POINT('Ctrl Pts',(25.0903230873582,-153.360033607446,14.0286961618152));
#9037=CARTESIAN_POINT('Ctrl Pts',(25.1202450672568,-153.360033607446,14.0360184131478));
#9038=CARTESIAN_POINT('Ctrl Pts',(25.1498032391222,-153.360033607446,14.0435222122912));
#9039=CARTESIAN_POINT('Ctrl Pts',(25.1769727528396,-153.360033607446,14.0504196136152));
#9040=CARTESIAN_POINT('Ctrl Pts',(25.2038338741723,-153.360033607446,14.0574700278989));
#9041=CARTESIAN_POINT('Ctrl Pts',(25.2303935526879,-153.360033607446,14.064682827102));
#9042=CARTESIAN_POINT('Ctrl Pts',(25.259962080056,-153.360033607446,14.0727127379501));
#9043=CARTESIAN_POINT('Ctrl Pts',(25.2891591436242,-153.360033607446,14.0809442759482));
#9044=CARTESIAN_POINT('Ctrl Pts',(25.3180262431023,-153.360033607446,14.0893996484816));
#9045=CARTESIAN_POINT('Ctrl Pts',(25.3518599533609,-153.360033607446,14.0993097755673));
#9046=CARTESIAN_POINT('Ctrl Pts',(25.3852488050634,-153.360033607446,14.1095292407707));
#9047=CARTESIAN_POINT('Ctrl Pts',(25.4183067748049,-153.360033607446,14.1201147379827));
#9048=CARTESIAN_POINT('Ctrl Pts',(25.4413937328581,-153.360033607446,14.127507416118));
#9049=CARTESIAN_POINT('Ctrl Pts',(25.4643183291903,-153.360033607446,14.135078658861));
#9050=CARTESIAN_POINT('Ctrl Pts',(25.4870956874499,-153.360033607446,14.1428423725993));
#9051=CARTESIAN_POINT('Ctrl Pts',(25.5121248020831,-153.360033607446,14.1513736025568));
#9052=CARTESIAN_POINT('Ctrl Pts',(25.5369712997952,-153.360033607446,14.1601358226232));
#9053=CARTESIAN_POINT('Ctrl Pts',(25.5616248263447,-153.360033607446,14.1691365419757));
#9054=CARTESIAN_POINT('Ctrl Pts',(25.5967262841829,-153.360033607446,14.1819516810283));
#9055=CARTESIAN_POINT('Ctrl Pts',(25.6314341655584,-153.360033607446,14.1952497272305));
#9056=CARTESIAN_POINT('Ctrl Pts',(25.6656966058778,-153.360033607446,14.2089880797736));
#9057=CARTESIAN_POINT('Ctrl Pts',(25.6926957782486,-153.360033607446,14.219814049697));
#9058=CARTESIAN_POINT('Ctrl Pts',(25.7194144559946,-153.360033607446,14.2309118747638));
#9059=CARTESIAN_POINT('Ctrl Pts',(25.7458127490741,-153.360033607446,14.2422505606557));
#9060=CARTESIAN_POINT('Ctrl Pts',(25.7801827056362,-153.360033607446,14.2570132629411));
#9061=CARTESIAN_POINT('Ctrl Pts',(25.8140048245201,-153.360033607446,14.2721799766259));
#9062=CARTESIAN_POINT('Ctrl Pts',(25.8470932217633,-153.360033607446,14.2876996057228));
#9063=CARTESIAN_POINT('Ctrl Pts',(25.8683908757873,-153.360033607446,14.2976889590498));
#9064=CARTESIAN_POINT('Ctrl Pts',(25.889381182795,-153.360033607446,14.3078232486645));
#9065=CARTESIAN_POINT('Ctrl Pts',(25.9100174251425,-153.360033607446,14.3180950726671));
#9066=CARTESIAN_POINT('Ctrl Pts',(25.9133489588004,-153.360033607446,14.3197533652388));
#9067=CARTESIAN_POINT('Ctrl Pts',(25.9166711817733,-153.360033607446,14.3214152126251));
#9068=CARTESIAN_POINT('Ctrl Pts',(25.9199835725272,-153.360033607446,14.3230804306464));
#9069=CARTESIAN_POINT('Ctrl Pts',(25.9527626914009,-153.360033607446,14.3395592773542));
#9070=CARTESIAN_POINT('Ctrl Pts',(25.984579735578,-153.360033607446,14.3563710490318));
#9071=CARTESIAN_POINT('Ctrl Pts',(26.0152973307747,-153.360033607446,14.3734898713608));
#9072=CARTESIAN_POINT('Ctrl Pts',(26.0387770814227,-153.360033607446,14.3865750649476));
#9073=CARTESIAN_POINT('Ctrl Pts',(26.0616137797633,-153.360033607446,14.3998383824714));
#9074=CARTESIAN_POINT('Ctrl Pts',(26.0837793965209,-153.360033607446,14.4132751475641));
#9075=CARTESIAN_POINT('Ctrl Pts',(26.1050251669956,-153.360033607446,14.4261543031593));
#9076=CARTESIAN_POINT('Ctrl Pts',(26.1256581824056,-153.360033607446,14.4391945287112));
#9077=CARTESIAN_POINT('Ctrl Pts',(26.1456893709061,-153.360033607446,14.4524092927954));
#9078=CARTESIAN_POINT('Ctrl Pts',(26.1614995278729,-153.360033607446,14.4628394025437));
#9079=CARTESIAN_POINT('Ctrl Pts',(26.1769382373386,-153.360033607446,14.4733802632121));
#9080=CARTESIAN_POINT('Ctrl Pts',(26.1920251580992,-153.360033607446,14.4840492700542));
#9081=CARTESIAN_POINT('Ctrl Pts',(26.2004027718574,-153.360033607446,14.4899736611162));
#9082=CARTESIAN_POINT('Ctrl Pts',(26.2086722827343,-153.360033607442,14.4959378459381));
#9083=CARTESIAN_POINT('Ctrl Pts',(26.2168379712728,-153.360033604884,14.501947270936));
#9084=CARTESIAN_POINT('Ctrl Pts',(26.2293191779879,-153.360033600973,14.5111326415614));
#9085=CARTESIAN_POINT('Ctrl Pts',(26.241557964125,-153.360033591057,14.5204236565085));
#9086=CARTESIAN_POINT('Ctrl Pts',(26.253566862953,-153.360033566391,14.5298340274481));
#9087=CARTESIAN_POINT('Ctrl Pts',(26.2733604602163,-153.360033525735,14.5453446163158));
#9088=CARTESIAN_POINT('Ctrl Pts',(26.2924972117892,-153.360033379802,14.5611905851953));
#9089=CARTESIAN_POINT('Ctrl Pts',(26.3110584017426,-153.360033244381,14.5773829826804));
#9090=CARTESIAN_POINT('Ctrl Pts',(26.3310811791212,-153.360033098296,14.5948504387477));
#9091=CARTESIAN_POINT('Ctrl Pts',(26.3504342055046,-153.360032966029,14.6127208207043));
#9092=CARTESIAN_POINT('Ctrl Pts',(26.3691246719996,-153.360032888722,14.6309820222471));
#9093=CARTESIAN_POINT('Ctrl Pts',(26.3905489963417,-153.360032800107,14.6519142929764));
#9094=CARTESIAN_POINT('Ctrl Pts',(26.4111022553473,-153.360032785085,14.6733594760898));
#9095=CARTESIAN_POINT('Ctrl Pts',(26.4307436980979,-153.360032865241,14.6952547380248));
#9096=CARTESIAN_POINT('Ctrl Pts',(26.4543314471337,-153.360032961502,14.7215491375837));
#9097=CARTESIAN_POINT('Ctrl Pts',(26.4766071890117,-153.360033209678,14.7484873211319));
#9098=CARTESIAN_POINT('Ctrl Pts',(26.497345623544,-153.360033385778,14.7759503780458));
#9099=CARTESIAN_POINT('Ctrl Pts',(26.506323092087,-153.36003346201,14.7878388708418));
#9100=CARTESIAN_POINT('Ctrl Pts',(26.5150129981689,-153.360033524343,14.7998253074509));
#9101=CARTESIAN_POINT('Ctrl Pts',(26.5233994336551,-153.360033554146,14.8118981606117));
#9102=CARTESIAN_POINT('Ctrl Pts',(26.5385352709145,-153.360033607935,14.8336872438281));
#9103=CARTESIAN_POINT('Ctrl Pts',(26.5527152534428,-153.360033607446,14.8557514249918));
#9104=CARTESIAN_POINT('Ctrl Pts',(26.5659854147251,-153.360033607446,14.8780302018414));
#9105=CARTESIAN_POINT('Ctrl Pts',(26.5787510448962,-153.360033607446,14.8994619403014));
#9106=CARTESIAN_POINT('Ctrl Pts',(26.5906757346832,-153.360033607446,14.9210915531249));
#9107=CARTESIAN_POINT('Ctrl Pts',(26.6017974585117,-153.360033607446,14.9429112645797));
#9108=CARTESIAN_POINT('Ctrl Pts',(26.6124952399239,-153.360033607446,14.9638992433518));
#9109=CARTESIAN_POINT('Ctrl Pts',(26.6224518582874,-153.360033607446,14.9850642373193));
#9110=CARTESIAN_POINT('Ctrl Pts',(26.6317158459118,-153.360033607446,15.0064499233171));
#9111=CARTESIAN_POINT('Ctrl Pts',(26.6383904556399,-153.360033607446,15.0218580945701));
#9112=CARTESIAN_POINT('Ctrl Pts',(26.644706741992,-153.360033607446,15.0373837916801));
#9113=CARTESIAN_POINT('Ctrl Pts',(26.6506839089319,-153.360033607446,15.0530637232052));
#9114=CARTESIAN_POINT('Ctrl Pts',(26.6575466394681,-153.360033607446,15.0710667580823));
#9115=CARTESIAN_POINT('Ctrl Pts',(26.6639653379393,-153.360033605895,15.089280607837));
#9116=CARTESIAN_POINT('Ctrl Pts',(26.6699000944632,-153.360033547831,15.1077597938412));
#9117=CARTESIAN_POINT('Ctrl Pts',(26.676429482282,-153.360033483949,15.1280904967965));
#9118=CARTESIAN_POINT('Ctrl Pts',(26.6822966606982,-153.360033279969,15.1487509577923));
#9119=CARTESIAN_POINT('Ctrl Pts',(26.6876838782561,-153.360033158375,15.1697192549161));
#9120=CARTESIAN_POINT('Ctrl Pts',(26.6906727881271,-153.360033090913,15.1813527836492));
#9121=CARTESIAN_POINT('Ctrl Pts',(26.6935171635178,-153.360033047763,15.1930812435607));
#9122=CARTESIAN_POINT('Ctrl Pts',(26.6962133688533,-153.360033022953,15.2048973862922));
#9123=CARTESIAN_POINT('Ctrl Pts',(26.6995467324175,-153.360032992279,15.2195058803609));
#9124=CARTESIAN_POINT('Ctrl Pts',(26.7026535299767,-153.360032989547,15.2342484175391));
#9125=CARTESIAN_POINT('Ctrl Pts',(26.7055473574005,-153.360033007066,15.2491122546538));
#9126=CARTESIAN_POINT('Ctrl Pts',(26.7106150698456,-153.360033037745,15.2751420212212));
#9127=CARTESIAN_POINT('Ctrl Pts',(26.7150139432091,-153.360033119474,15.3015391508401));
#9128=CARTESIAN_POINT('Ctrl Pts',(26.718778457841,-153.360033201066,15.3282122391839));
#9129=CARTESIAN_POINT('Ctrl Pts',(26.7219148408019,-153.360033269044,15.3504347639912));
#9130=CARTESIAN_POINT('Ctrl Pts',(26.7246102062912,-153.360033336876,15.3728474226033));
#9131=CARTESIAN_POINT('Ctrl Pts',(26.7269114477972,-153.360033392367,15.3954151845016));
#9132=CARTESIAN_POINT('Ctrl Pts',(26.7291127554205,-153.360033445449,15.4170029171133));
#9133=CARTESIAN_POINT('Ctrl Pts',(26.7309563268553,-153.360033489077,15.4387297796389));
#9134=CARTESIAN_POINT('Ctrl Pts',(26.7325034889837,-153.360033524128,15.4606082560223));
#9135=CARTESIAN_POINT('Ctrl Pts',(26.7347712381554,-153.360033575503,15.4926765802065));
#9136=CARTESIAN_POINT('Ctrl Pts',(26.7364024090929,-153.360033605352,15.5250749119881));
#9137=CARTESIAN_POINT('Ctrl Pts',(26.7375384994405,-153.360033606652,15.5579833851953));
#9138=CARTESIAN_POINT('Ctrl Pts',(26.738289327702,-153.360033607511,15.5797321939742));
#9139=CARTESIAN_POINT('Ctrl Pts',(26.738846584935,-153.360033607446,15.6017061773086));
#9140=CARTESIAN_POINT('Ctrl Pts',(26.7392602687381,-153.360033607446,15.6239408443874));
#9141=CARTESIAN_POINT('Ctrl Pts',(26.7396389970384,-153.360033607446,15.6442967239444));
#9142=CARTESIAN_POINT('Ctrl Pts',(26.7398972260703,-153.360033607446,15.6648721482018));
#9143=CARTESIAN_POINT('Ctrl Pts',(26.7400720126838,-153.360033607446,15.6856544487071));
#9144=CARTESIAN_POINT('Ctrl Pts',(26.7402303595406,-153.360033607446,15.7044820459503));
#9145=CARTESIAN_POINT('Ctrl Pts',(26.7403202056964,-153.360033607446,15.7234791338764));
#9146=CARTESIAN_POINT('Ctrl Pts',(26.7403702473423,-153.360033607446,15.7425922602258));
#9147=CARTESIAN_POINT('Ctrl Pts',(26.740420141748,-153.360033607446,15.7616491490194));
#9148=CARTESIAN_POINT('Ctrl Pts',(26.7404305564489,-153.360033607446,15.7808217980181));
#9149=CARTESIAN_POINT('Ctrl Pts',(26.7404305564489,-153.360033607446,15.8));
#9150=CARTESIAN_POINT('',(-22.6985314277852,-153.360033607446,13.8));
#9151=CARTESIAN_POINT('',(-24.7311741051119,-153.360033607446,13.8));
#9152=CARTESIAN_POINT('',(-26.7402873422006,-153.360033607446,15.8));
#9153=CARTESIAN_POINT('Ctrl Pts',(-26.7402873422006,-153.360033607446,15.8));
#9154=CARTESIAN_POINT('Ctrl Pts',(-26.7402873422006,-153.360033607446,15.7761420437698));
#9155=CARTESIAN_POINT('Ctrl Pts',(-26.7402825303971,-153.360033607446,15.7522897729699));
#9156=CARTESIAN_POINT('Ctrl Pts',(-26.7402102141315,-153.360033607446,15.7285972108861));
#9157=CARTESIAN_POINT('Ctrl Pts',(-26.7401361398075,-153.360033607446,15.7043286662764));
#9158=CARTESIAN_POINT('Ctrl Pts',(-26.7399910057805,-153.360033607446,15.6802239963438));
#9159=CARTESIAN_POINT('Ctrl Pts',(-26.7397085964423,-153.360033607446,15.6563791279424));
#9160=CARTESIAN_POINT('Ctrl Pts',(-26.7394108051472,-153.360033607446,15.6312355038354));
#9161=CARTESIAN_POINT('Ctrl Pts',(-26.7389603924608,-153.360033607446,15.6063757201918));
#9162=CARTESIAN_POINT('Ctrl Pts',(-26.7382823287014,-153.360033607446,15.581843776556));
#9163=CARTESIAN_POINT('Ctrl Pts',(-26.7375593193489,-153.360033607446,15.5556857280855));
#9164=CARTESIAN_POINT('Ctrl Pts',(-26.7365779206251,-153.360033607446,15.5298962096299));
#9165=CARTESIAN_POINT('Ctrl Pts',(-26.7352455029409,-153.360033607446,15.5044599608458));
#9166=CARTESIAN_POINT('Ctrl Pts',(-26.7349718402901,-153.360033607446,15.4992356596749));
#9167=CARTESIAN_POINT('Ctrl Pts',(-26.7346833369394,-153.360033607446,15.4940258997914));
#9168=CARTESIAN_POINT('Ctrl Pts',(-26.7343791772693,-153.360033607446,15.4888308537452));
#9169=CARTESIAN_POINT('Ctrl Pts',(-26.7317934735202,-153.360033607446,15.4446670432143));
#9170=CARTESIAN_POINT('Ctrl Pts',(-26.7280787019299,-153.360033607446,15.4015629324226));
#9171=CARTESIAN_POINT('Ctrl Pts',(-26.7228858550874,-153.360033607446,15.359189251463));
#9172=CARTESIAN_POINT('Ctrl Pts',(-26.7200828775128,-153.360033607446,15.3363169270743));
#9173=CARTESIAN_POINT('Ctrl Pts',(-26.7168483219491,-153.360033607446,15.3136557718268));
#9174=CARTESIAN_POINT('Ctrl Pts',(-26.713124839172,-153.360033607446,15.2911672652372));
#9175=CARTESIAN_POINT('Ctrl Pts',(-26.7096807506278,-153.360033607446,15.270366200063));
#9176=CARTESIAN_POINT('Ctrl Pts',(-26.705818041945,-153.360033607446,15.2497134120197));
#9177=CARTESIAN_POINT('Ctrl Pts',(-26.7014963805099,-153.360033607446,15.2292031642345));
#9178=CARTESIAN_POINT('Ctrl Pts',(-26.6997781044719,-153.360033607446,15.2210483682532));
#9179=CARTESIAN_POINT('Ctrl Pts',(-26.6979874316762,-153.360033607446,15.2129166903761));
#9180=CARTESIAN_POINT('Ctrl Pts',(-26.6961222409044,-153.360033607446,15.2048086148939));
#9181=CARTESIAN_POINT('Ctrl Pts',(-26.6899504852206,-153.360033607446,15.1779796911731));
#9182=CARTESIAN_POINT('Ctrl Pts',(-26.6829635634344,-153.360033607446,15.1514151932672));
#9183=CARTESIAN_POINT('Ctrl Pts',(-26.6751333644077,-153.360033607446,15.1252093693286));
#9184=CARTESIAN_POINT('Ctrl Pts',(-26.667323457149,-153.360033607446,15.0990714571376));
#9185=CARTESIAN_POINT('Ctrl Pts',(-26.6586774769992,-153.360033607446,15.0732964351917));
#9186=CARTESIAN_POINT('Ctrl Pts',(-26.6491591690533,-153.360033607446,15.0479309256666));
#9187=CARTESIAN_POINT('Ctrl Pts',(-26.6392345033083,-153.360033607446,15.0214825059563));
#9188=CARTESIAN_POINT('Ctrl Pts',(-26.6283641516285,-153.360033607446,14.9954828829903));
#9189=CARTESIAN_POINT('Ctrl Pts',(-26.6164820068332,-153.360033607446,14.9699432190124));
#9190=CARTESIAN_POINT('Ctrl Pts',(-26.6122467511162,-153.360033607446,14.9608398955184));
#9191=CARTESIAN_POINT('Ctrl Pts',(-26.6078826652888,-153.360033607446,14.9517947828109));
#9192=CARTESIAN_POINT('Ctrl Pts',(-26.6033860243898,-153.360033607446,14.94280829675));
#9193=CARTESIAN_POINT('Ctrl Pts',(-26.5827223613462,-153.360033607446,14.9015121994898));
#9194=CARTESIAN_POINT('Ctrl Pts',(-26.5592577165636,-153.360033607446,14.8614537372563));
#9195=CARTESIAN_POINT('Ctrl Pts',(-26.532841210953,-153.360033607446,14.8225127186144));
#9196=CARTESIAN_POINT('Ctrl Pts',(-26.5139986062113,-153.360033607446,14.7947365156099));
#9197=CARTESIAN_POINT('Ctrl Pts',(-26.4936521234693,-153.360033607446,14.767526327996));
#9198=CARTESIAN_POINT('Ctrl Pts',(-26.4717593081429,-153.360033607446,14.7408479383433));
#9199=CARTESIAN_POINT('Ctrl Pts',(-26.4629593563689,-153.360033607446,14.7301243955347));
#9200=CARTESIAN_POINT('Ctrl Pts',(-26.4539101372996,-153.360033607446,14.7194873404496));
#9201=CARTESIAN_POINT('Ctrl Pts',(-26.4446096867887,-153.360033607446,14.7089347588656));
#9202=CARTESIAN_POINT('Ctrl Pts',(-26.4143625088158,-153.360033607446,14.6746153661794));
#9203=CARTESIAN_POINT('Ctrl Pts',(-26.3814600601959,-153.360033607446,14.6411924150677));
#9204=CARTESIAN_POINT('Ctrl Pts',(-26.3460265670343,-153.360033607446,14.6087213802364));
#9205=CARTESIAN_POINT('Ctrl Pts',(-26.3058961119756,-153.360033607446,14.5719460784601));
#9206=CARTESIAN_POINT('Ctrl Pts',(-26.2625278705145,-153.360033607446,14.5363989480541));
#9207=CARTESIAN_POINT('Ctrl Pts',(-26.2160969379235,-153.360033607446,14.502140913882));
#9208=CARTESIAN_POINT('Ctrl Pts',(-26.1588071524806,-153.360033607446,14.4598709158895));
#9209=CARTESIAN_POINT('Ctrl Pts',(-26.0968578862835,-153.360033607446,14.4195626344877));
#9210=CARTESIAN_POINT('Ctrl Pts',(-26.0305079109226,-153.360033607446,14.3812926101279));
#9211=CARTESIAN_POINT('Ctrl Pts',(-25.9944358316909,-153.360033607446,14.3604865835484));
#9212=CARTESIAN_POINT('Ctrl Pts',(-25.9570620447203,-153.360033607446,14.3402829496351));
#9213=CARTESIAN_POINT('Ctrl Pts',(-25.9184247842154,-153.360033607446,14.3206956925754));
#9214=CARTESIAN_POINT('Ctrl Pts',(-25.8233773958732,-153.360033607446,14.2725111783531));
#9215=CARTESIAN_POINT('Ctrl Pts',(-25.7206855501998,-153.360033607446,14.2280552036985));
#9216=CARTESIAN_POINT('Ctrl Pts',(-25.6119191285094,-153.360033607446,14.187189923846));
#9217=CARTESIAN_POINT('Ctrl Pts',(-25.5467661115039,-153.360033607446,14.1627108959274));
#9218=CARTESIAN_POINT('Ctrl Pts',(-25.4794325386014,-153.360033607446,14.1395210902403));
#9219=CARTESIAN_POINT('Ctrl Pts',(-25.4102741214486,-153.360033607446,14.1176005359908));
#9220=CARTESIAN_POINT('Ctrl Pts',(-25.338723278212,-153.360033607446,14.0949216748291));
#9221=CARTESIAN_POINT('Ctrl Pts',(-25.2652220160755,-153.360033607446,14.073602984399));
#9222=CARTESIAN_POINT('Ctrl Pts',(-25.1902112515119,-153.360033607446,14.0536312463412));
#9223=CARTESIAN_POINT('Ctrl Pts',(-25.1808692288598,-153.360033607446,14.0511439176168));
#9224=CARTESIAN_POINT('Ctrl Pts',(-25.1715038246997,-153.360033607446,14.0486774787663));
#9225=CARTESIAN_POINT('Ctrl Pts',(-25.1621158738007,-153.360033607446,14.046231890558));
#9226=CARTESIAN_POINT('Ctrl Pts',(-25.0821341068425,-153.360033607446,14.0253964102434));
#9227=CARTESIAN_POINT('Ctrl Pts',(-25.0005181250247,-153.360033607446,14.006075314984));
#9228=CARTESIAN_POINT('Ctrl Pts',(-24.9178331014477,-153.360033607446,13.9882280723007));
#9229=CARTESIAN_POINT('Ctrl Pts',(-24.8239922998331,-153.360033607446,13.9679728980556));
#9230=CARTESIAN_POINT('Ctrl Pts',(-24.7287711550832,-153.360033607446,13.9496148829312));
#9231=CARTESIAN_POINT('Ctrl Pts',(-24.6329576574744,-153.360033607446,13.9330844606828));
#9232=CARTESIAN_POINT('Ctrl Pts',(-24.5475227674073,-153.360033607446,13.9183446292103));
#9233=CARTESIAN_POINT('Ctrl Pts',(-24.4616151643863,-153.360033607446,13.9050572426263));
#9234=CARTESIAN_POINT('Ctrl Pts',(-24.3757567434382,-153.360033607446,13.8931693909409));
#9235=CARTESIAN_POINT('Ctrl Pts',(-24.3464770361395,-153.360033607446,13.889115358571));
#9236=CARTESIAN_POINT('Ctrl Pts',(-24.3172027301261,-153.360033607446,13.8852240829332));
#9237=CARTESIAN_POINT('Ctrl Pts',(-24.2879547902876,-153.360033607446,13.8814936179379));
#9238=CARTESIAN_POINT('Ctrl Pts',(-24.214001433812,-153.360033607446,13.8720611447742));
#9239=CARTESIAN_POINT('Ctrl Pts',(-24.1402159942655,-153.360033607446,13.8636567048099));
#9240=CARTESIAN_POINT('Ctrl Pts',(-24.0669363850856,-153.360033607446,13.8561837688194));
#9241=CARTESIAN_POINT('Ctrl Pts',(-24.0114165541764,-153.360033607446,13.8505219462848));
#9242=CARTESIAN_POINT('Ctrl Pts',(-23.9561878515907,-153.360033607446,13.8453947817128));
#9243=CARTESIAN_POINT('Ctrl Pts',(-23.9013737996325,-153.360033607446,13.8407587242087));
#9244=CARTESIAN_POINT('Ctrl Pts',(-23.8469548900926,-153.360033607446,13.8361560870213));
#9245=CARTESIAN_POINT('Ctrl Pts',(-23.7929427192624,-153.360033607446,13.8320372470672));
#9246=CARTESIAN_POINT('Ctrl Pts',(-23.7394360334459,-153.360033607446,13.8283598777848));
#9247=CARTESIAN_POINT('Ctrl Pts',(-23.7066946682752,-153.360033607446,13.8261096526268));
#9248=CARTESIAN_POINT('Ctrl Pts',(-23.6741402489128,-153.360033607446,13.8240246654438));
#9249=CARTESIAN_POINT('Ctrl Pts',(-23.6418098630104,-153.360033607446,13.822096449588));
#9250=CARTESIAN_POINT('Ctrl Pts',(-23.5762027303584,-153.360033607446,13.8181835759891));
#9251=CARTESIAN_POINT('Ctrl Pts',(-23.5115368816204,-153.360033607446,13.8149183495079));
#9252=CARTESIAN_POINT('Ctrl Pts',(-23.4482668174048,-153.360033607446,13.8122304721275));
#9253=CARTESIAN_POINT('Ctrl Pts',(-23.4417708829474,-153.360033607446,13.8119545078858));
#9254=CARTESIAN_POINT('Ctrl Pts',(-23.4352895996898,-153.360033607446,13.8116846166896));
#9255=CARTESIAN_POINT('Ctrl Pts',(-23.4288234160805,-153.360033607446,13.8114207142827));
#9256=CARTESIAN_POINT('Ctrl Pts',(-23.3950774176821,-153.360033607446,13.8100434489991));
#9257=CARTESIAN_POINT('Ctrl Pts',(-23.3617448707969,-153.360033607446,13.8088294529408));
#9258=CARTESIAN_POINT('Ctrl Pts',(-23.3288449672052,-153.360033607446,13.8077607967973));
#9259=CARTESIAN_POINT('Ctrl Pts',(-23.300396810706,-153.360033607446,13.8068367425026));
#9260=CARTESIAN_POINT('Ctrl Pts',(-23.2722765421722,-153.360033607446,13.8060213766902));
#9261=CARTESIAN_POINT('Ctrl Pts',(-23.2444487669533,-153.360033607446,13.8053016722567));
#9262=CARTESIAN_POINT('Ctrl Pts',(-23.2130726082686,-153.360033607446,13.8044901966597));
#9263=CARTESIAN_POINT('Ctrl Pts',(-23.1820709023963,-153.360033607446,13.8038002531237));
#9264=CARTESIAN_POINT('Ctrl Pts',(-23.1513271508065,-153.360033607446,13.8032134983041));
#9265=CARTESIAN_POINT('Ctrl Pts',(-23.1283008890075,-153.360033607446,13.8027740343679));
#9266=CARTESIAN_POINT('Ctrl Pts',(-23.105419510632,-153.360033607446,13.8023926284697));
#9267=CARTESIAN_POINT('Ctrl Pts',(-23.0827017108118,-153.360033607446,13.8020631551323));
#9268=CARTESIAN_POINT('Ctrl Pts',(-23.0693189742845,-153.360033607446,13.8018690670207));
#9269=CARTESIAN_POINT('Ctrl Pts',(-23.0559960358476,-153.360033607446,13.801693035827));
#9270=CARTESIAN_POINT('Ctrl Pts',(-23.0427384361365,-153.360033607446,13.8015337280671));
#9271=CARTESIAN_POINT('Ctrl Pts',(-23.0248400385457,-153.360033607446,13.8013186549251));
#9272=CARTESIAN_POINT('Ctrl Pts',(-23.0070638767438,-153.360033607446,13.8011340922492));
#9273=CARTESIAN_POINT('Ctrl Pts',(-22.9894511870343,-153.360033607446,13.8009756127779));
#9274=CARTESIAN_POINT('Ctrl Pts',(-22.963441984952,-153.360033607446,13.8007415812549));
#9275=CARTESIAN_POINT('Ctrl Pts',(-22.9377831627657,-153.360033607446,13.8005643472468));
#9276=CARTESIAN_POINT('Ctrl Pts',(-22.9125801948397,-153.360033607446,13.8004296151975));
#9277=CARTESIAN_POINT('Ctrl Pts',(-22.8961321222148,-153.360033607446,13.8003416857703));
#9278=CARTESIAN_POINT('Ctrl Pts',(-22.8798755153218,-153.360033607446,13.8002718435325));
#9279=CARTESIAN_POINT('Ctrl Pts',(-22.8638248176081,-153.360033607446,13.8002161534006));
#9280=CARTESIAN_POINT('Ctrl Pts',(-22.8451764068412,-153.360033607446,13.8001514501413));
#9281=CARTESIAN_POINT('Ctrl Pts',(-22.8268062252555,-153.360033607446,13.8001058988553));
#9282=CARTESIAN_POINT('Ctrl Pts',(-22.8086946000086,-153.360033607446,13.8000739894248));
#9283=CARTESIAN_POINT('Ctrl Pts',(-22.7909867401744,-153.360033607446,13.8000427913564));
#9284=CARTESIAN_POINT('Ctrl Pts',(-22.7735255311432,-153.360033607446,13.8000245964165));
#9285=CARTESIAN_POINT('Ctrl Pts',(-22.756239212597,-153.360033607446,13.8000140494212));
#9286=CARTESIAN_POINT('Ctrl Pts',(-22.7418927224236,-153.360033607446,13.8000052961193));
#9287=CARTESIAN_POINT('Ctrl Pts',(-22.7276640520098,-153.360033607446,13.8000018070301));
#9288=CARTESIAN_POINT('Ctrl Pts',(-22.7134759422211,-153.360033607446,13.8000005813133));
#9289=CARTESIAN_POINT('Ctrl Pts',(-22.7084913499248,-153.360033607446,13.8000001506923));
#9290=CARTESIAN_POINT('Ctrl Pts',(-22.7035113626662,-153.360033607446,13.8));
#9291=CARTESIAN_POINT('Ctrl Pts',(-22.6985314277852,-153.360033607446,13.8));
#9292=CARTESIAN_POINT('',(-26.7402873422006,-153.360033607446,21.25));
#9293=CARTESIAN_POINT('',(-26.7402873422006,-153.360033607446,5.175));
#9294=CARTESIAN_POINT('',(-15.4660318695186,-153.360033607446,21.25));
#9295=CARTESIAN_POINT('',(-24.7311741051119,-153.360033607446,21.25));
#9296=CARTESIAN_POINT('',(-14.4999283928757,-153.360033607446,21.0467708462597));
#9297=CARTESIAN_POINT('Ctrl Pts',(-14.4999283928757,-153.360033607446,21.0467708462597));
#9298=CARTESIAN_POINT('Ctrl Pts',(-14.5117489182563,-153.360033607446,21.0467708462597));
#9299=CARTESIAN_POINT('Ctrl Pts',(-14.5352290312242,-153.360033607446,21.0494613006576));
#9300=CARTESIAN_POINT('Ctrl Pts',(-14.581315551604,-153.360033607446,21.0605687050004));
#9301=CARTESIAN_POINT('Ctrl Pts',(-14.6595593225355,-153.360033607446,21.0860763369377));
#9302=CARTESIAN_POINT('Ctrl Pts',(-14.7710958866313,-153.360033607446,21.126097540445));
#9303=CARTESIAN_POINT('Ctrl Pts',(-14.9511797454881,-153.360033607446,21.1833643380275));
#9304=CARTESIAN_POINT('Ctrl Pts',(-15.1823608012472,-153.360033607446,21.2355392972323));
#9305=CARTESIAN_POINT('Ctrl Pts',(-15.3714676664741,-153.360033607446,21.25));
#9306=CARTESIAN_POINT('Ctrl Pts',(-15.4660318695186,-153.360033607446,21.25));
#9307=CARTESIAN_POINT('',(14.5000716071242,-153.360033607446,21.0467708462596));
#9308=CARTESIAN_POINT('',(7.16071242195467E-5,-153.360033607446,21.0467708462596));
#9309=CARTESIAN_POINT('',(15.4661750837671,-153.360033607446,21.25));
#9310=CARTESIAN_POINT('Ctrl Pts',(15.4661750837671,-153.360033607446,21.25));
#9311=CARTESIAN_POINT('Ctrl Pts',(15.371633541137,-153.360033607446,21.25));
#9312=CARTESIAN_POINT('Ctrl Pts',(15.18256951791,-153.360033607446,21.2355137354318));
#9313=CARTESIAN_POINT('Ctrl Pts',(14.9514640253887,-153.360033607446,21.1833349319321));
#9314=CARTESIAN_POINT('Ctrl Pts',(14.7713094435943,-153.360033607446,21.126031863805));
#9315=CARTESIAN_POINT('Ctrl Pts',(14.6600715538166,-153.360033607446,21.086200987423));
#9316=CARTESIAN_POINT('Ctrl Pts',(14.58134714391,-153.360033607446,21.0605396454128));
#9317=CARTESIAN_POINT('Ctrl Pts',(14.5354194748588,-153.360033607446,21.049476681657));
#9318=CARTESIAN_POINT('Ctrl Pts',(14.511889299953,-153.360033607446,21.0467708462596));
#9319=CARTESIAN_POINT('Ctrl Pts',(14.5000716071243,-153.360033607446,21.0467708462596));
#9320=CARTESIAN_POINT('',(26.7404305564489,-153.360033607446,21.25));
#9321=CARTESIAN_POINT('',(-24.7311741051119,-153.360033607446,21.25));
#9322=CARTESIAN_POINT('',(26.7404305564489,-153.360033607446,5.175));
#9323=CARTESIAN_POINT('Origin',(-52.1778164668768,-150.045025029005,21.));
#9324=CARTESIAN_POINT('',(-51.1778164668768,-151.360033607446,22.));
#9325=CARTESIAN_POINT('Origin',(-71.2129313865279,-152.360033607446,14.));
#9326=CARTESIAN_POINT('',(-113.90860568708,-151.360033607446,15.));
#9327=CARTESIAN_POINT('',(-113.90860568708,-153.360033607446,13.));
#9328=CARTESIAN_POINT('',(-121.237284728899,-151.360033607446,15.));
#9329=CARTESIAN_POINT('',(-71.2129313865279,-151.360033607446,15.));
#9330=CARTESIAN_POINT('',(-121.237284728899,-151.360033607446,15.));
#9331=CARTESIAN_POINT('Origin',(-113.870542072698,-145.407504513618,14.));
#9332=CARTESIAN_POINT('',(-125.443650813896,-155.566399692443,15.));
#9333=CARTESIAN_POINT('',(-114.577648853884,-144.700397732431,15.));
#9334=CARTESIAN_POINT('',(-124.61522368915,-157.566399692443,13.));
#9335=CARTESIAN_POINT('',(-125.443650813896,-155.566399692443,15.));
#9336=CARTESIAN_POINT('',(-113.163435291511,-146.114611294804,13.));
#9337=CARTESIAN_POINT('Origin',(-108.789333322429,-156.566399692443,14.));
#9338=CARTESIAN_POINT('',(-126.272077938642,-155.566399692443,15.));
#9339=CARTESIAN_POINT('',(-108.789333322429,-155.566399692443,15.));
#9340=CARTESIAN_POINT('',(-127.100505063388,-157.566399692443,13.));
#9341=CARTESIAN_POINT('',(-126.272077938642,-155.566399692443,15.));
#9342=CARTESIAN_POINT('',(-108.789333322429,-157.566399692443,13.));
#9343=CARTESIAN_POINT('Origin',(-119.294792927061,-163.957898266397,14.));
#9344=CARTESIAN_POINT('',(-135.050252531693,-146.788225099392,15.));
#9345=CARTESIAN_POINT('',(-118.587686145874,-163.25079148521,15.));
#9346=CARTESIAN_POINT('',(-135.328495231721,-147.066467799417,14.6065053999911));
#9347=CARTESIAN_POINT('',(-140.114904851943,-151.852877419629,7.83750000000738));
#9348=CARTESIAN_POINT('',(-134.808826141353,-149.858078614479,13.));
#9349=CARTESIAN_POINT('Origin',(-151.525840533343,-151.525840533339,3.47529915601802E-19));
#9350=CARTESIAN_POINT('',(-120.001899708247,-164.665005047584,13.));
#9351=CARTESIAN_POINT('Origin',(-113.90860568708,-152.360033607446,18.));
#9352=CARTESIAN_POINT('',(-112.784785906832,-151.360033607446,15.2184484362996));
#9353=CARTESIAN_POINT('',(-112.03557272,-153.360033607446,13.364080727166));
#9354=CARTESIAN_POINT('Origin',(-113.90860568708,-151.360033607446,18.));
#9355=CARTESIAN_POINT('Origin',(-89.7811216391676,-152.360033607446,23.4339973480651));
#9356=CARTESIAN_POINT('',(-96.5405356385862,-151.360033607446,21.7815515637004));
#9357=CARTESIAN_POINT('',(-95.7913224517544,-153.360033607446,19.9271838545668));
#9358=CARTESIAN_POINT('',(-90.1557282325835,-151.360033607446,24.3611812026319));
#9359=CARTESIAN_POINT('Origin',(-95.4167158583385,-152.360033607446,19.));
#9360=CARTESIAN_POINT('',(-95.4167158583385,-153.360033607446,20.));
#9361=CARTESIAN_POINT('Origin',(-95.4167158583385,-151.360033607446,19.));
#9362=CARTESIAN_POINT('Origin',(-58.9937491050917,-152.360033607446,21.));
#9363=CARTESIAN_POINT('Origin',(-120.408857604153,-153.360033607446,-9.65));
#9364=CARTESIAN_POINT('',(-124.61522368915,-157.566399692443,-21.));
#9365=CARTESIAN_POINT('',(-124.61522368915,-157.566399692443,-9.65));
#9366=CARTESIAN_POINT('',(-124.370849401534,-157.322025404827,-21.6550036509702));
#9367=CARTESIAN_POINT('Origin',(-123.61522368915,-156.566399692443,-21.));
#9368=CARTESIAN_POINT('Origin',(-118.646146351797,-151.59732235509,-26.184658714248));
#9369=CARTESIAN_POINT('Origin',(-124.61522368915,-157.566399692443,-9.65));
#9370=CARTESIAN_POINT('',(-127.100505063388,-157.566399692443,-21.));
#9371=CARTESIAN_POINT('',(-127.100505063388,-157.566399692443,-9.65));
#9372=CARTESIAN_POINT('',(-108.789333322429,-157.566399692443,-21.));
#9373=CARTESIAN_POINT('Origin',(-127.100505063388,-157.566399692443,-9.65));
#9374=CARTESIAN_POINT('',(-136.464466094068,-148.202438661764,-14.6065053999909));
#9375=CARTESIAN_POINT('Origin',(-142.333452377918,-142.333452377914,3.47529915601802E-19));
#9376=CARTESIAN_POINT('',(-136.464466094068,-148.202438661764,-21.));
#9377=CARTESIAN_POINT('',(-136.464466094068,-148.202438661764,-9.65));
#9378=CARTESIAN_POINT('',(-120.001899708247,-164.665005047584,-21.));
#9379=CARTESIAN_POINT('Origin',(-142.333452377918,-142.333452377914,3.47529915601802E-19));
#9380=CARTESIAN_POINT('',(-134.696699141101,-146.434671708797,14.6065053999911));
#9381=CARTESIAN_POINT('',(-136.464466094068,-148.202438661764,14.6065053999911));
#9382=CARTESIAN_POINT('',(-134.696699141101,-146.434671708797,-14.6065053999911));
#9383=CARTESIAN_POINT('Origin',(-140.565685424951,-140.565685424948,3.47529915601802E-19));
#9384=CARTESIAN_POINT('',(-136.464466094068,-148.202438661764,-14.6065053999911));
#9385=CARTESIAN_POINT('Origin',(-136.464466094068,-148.202438661764,-9.65));
#9386=CARTESIAN_POINT('',(-134.360975962681,-146.098948530383,15.0000000000003));
#9387=CARTESIAN_POINT('',(-125.43388022356,-137.171852791283,15.));
#9388=CARTESIAN_POINT('Ctrl Pts',(-134.696699141099,-146.4346717088,14.6065053999895));
#9389=CARTESIAN_POINT('Ctrl Pts',(-134.654963423319,-146.39293599102,14.6065053999895));
#9390=CARTESIAN_POINT('Ctrl Pts',(-134.606057042793,-146.344029610493,14.6217670475699));
#9391=CARTESIAN_POINT('Ctrl Pts',(-134.527044422352,-146.265016990053,14.6719697628476));
#9392=CARTESIAN_POINT('Ctrl Pts',(-134.483792060905,-146.221764628606,14.7173646872263));
#9393=CARTESIAN_POINT('Ctrl Pts',(-134.420407974918,-146.158380542619,14.8148822633484));
#9394=CARTESIAN_POINT('Ctrl Pts',(-134.390185320154,-146.128157887855,14.8857693537019));
#9395=CARTESIAN_POINT('Ctrl Pts',(-134.36849596152,-146.106468529221,14.9659947841094));
#9396=CARTESIAN_POINT('Ctrl Pts',(-134.364509102861,-146.102481670562,14.9827064830283));
#9397=CARTESIAN_POINT('Ctrl Pts',(-134.360975962682,-146.098948530383,15.0000000000006));
#9398=CARTESIAN_POINT('Origin',(-92.9634429557079,-151.823759005325,15.));
#9399=CARTESIAN_POINT('',(-113.90860568708,-150.15,15.));
#9400=CARTESIAN_POINT('',(-113.90860568708,-152.591896306385,15.));
#9401=CARTESIAN_POINT('',(-121.441464683826,-150.15,15.));
#9402=CARTESIAN_POINT('',(-72.8179481902513,-150.15,15.));
#9403=CARTESIAN_POINT('',(-125.857864376269,-154.566399692443,15.));
#9404=CARTESIAN_POINT('',(-114.740399003128,-143.448934319302,15.));
#9405=CARTESIAN_POINT('',(-134.117462231981,-146.306801836731,15.));
#9406=CARTESIAN_POINT('',(-118.319919192908,-162.104344875804,15.));
#9407=CARTESIAN_POINT('Ctrl Pts',(-134.360975962682,-146.098948530384,15.));
#9408=CARTESIAN_POINT('Ctrl Pts',(-134.273113985857,-146.162589103046,15.));
#9409=CARTESIAN_POINT('Ctrl Pts',(-134.188000871906,-146.236263196806,15.));
#9410=CARTESIAN_POINT('Ctrl Pts',(-134.117462231981,-146.306801836731,15.));
#9411=CARTESIAN_POINT('Origin',(9.33367706672747,-161.351535362944,18.75));
#9412=CARTESIAN_POINT('',(-18.9557384391078,-162.851141037943,17.8127464531252));
#9413=CARTESIAN_POINT('',(-18.0894854913448,-163.351535362944,17.5));
#9414=CARTESIAN_POINT('Origin',(-18.0894854913448,-162.351535362944,18.125));
#9415=CARTESIAN_POINT('',(18.0896287055933,-163.351535362944,17.5));
#9416=CARTESIAN_POINT('',(9.33367706672748,-163.351535362944,17.5));
#9417=CARTESIAN_POINT('',(18.9558816533564,-162.851141037943,17.8127464531252));
#9418=CARTESIAN_POINT('Origin',(18.0896287055933,-162.351535362944,18.125));
#9419=CARTESIAN_POINT('',(20.9742561477878,-159.351535362944,20.));
#9420=CARTESIAN_POINT('',(20.7215037074494,-159.789776074476,19.7260995552924));
#9421=CARTESIAN_POINT('',(-20.9741129335393,-159.351535362944,20.));
#9422=CARTESIAN_POINT('',(9.33367706672746,-159.351535362944,20.));
#9423=CARTESIAN_POINT('',(-16.6915891273669,-166.776889110105,15.359153908024));
#9424=CARTESIAN_POINT('Origin',(7.1607124219053E-5,-158.355784132035,20.));
#9425=CARTESIAN_POINT('',(23.2754187653968,-155.361610907447,20.));
#9426=CARTESIAN_POINT('',(20.2998695815601,-160.520836233929,20.));
#9427=CARTESIAN_POINT('',(23.8356930467934,-154.610033607446,20.));
#9428=CARTESIAN_POINT('Origin',(26.7404305564489,-157.360033607446,20.));
#9429=CARTESIAN_POINT('',(15.4661750837671,-154.610033607446,20.));
#9430=CARTESIAN_POINT('',(-24.7311741051119,-154.610033607446,20.));
#9431=CARTESIAN_POINT('',(15.5000716071242,-154.894876280276,20.));
#9432=CARTESIAN_POINT('Origin',(14.5000716071242,-154.894876280276,20.));
#9433=CARTESIAN_POINT('',(15.5000716071243,-157.151625292097,20.));
#9434=CARTESIAN_POINT('',(15.5000716071243,-157.155922782212,20.));
#9435=CARTESIAN_POINT('',(14.5000716071243,-158.152234836396,20.));
#9436=CARTESIAN_POINT('Origin',(14.5000716071243,-157.151625292097,20.));
#9437=CARTESIAN_POINT('',(-14.4999283928757,-158.152234836396,20.));
#9438=CARTESIAN_POINT('',(7.16071242412541E-5,-158.152234836396,20.));
#9439=CARTESIAN_POINT('',(-15.4999283928757,-157.151625292097,20.));
#9440=CARTESIAN_POINT('Origin',(-14.4999283928757,-157.151625292097,20.));
#9441=CARTESIAN_POINT('',(-15.4999283928758,-154.894876280276,20.));
#9442=CARTESIAN_POINT('',(-15.4999283928757,-157.155922782212,20.));
#9443=CARTESIAN_POINT('',(-15.4660318695186,-154.610033607446,20.));
#9444=CARTESIAN_POINT('Origin',(-14.4999283928758,-154.894876280276,20.));
#9445=CARTESIAN_POINT('',(-23.8355498325451,-154.610033607446,20.));
#9446=CARTESIAN_POINT('',(-24.7311741051119,-154.610033607446,20.));
#9447=CARTESIAN_POINT('',(-23.2752755511485,-155.361610907447,20.));
#9448=CARTESIAN_POINT('Origin',(-26.7402873422006,-157.360033607446,20.));
#9449=CARTESIAN_POINT('',(-17.4184597900443,-165.516587464839,20.));
#9450=CARTESIAN_POINT('Origin',(24.4298156808652,-153.360032901125,20.));
#9451=CARTESIAN_POINT('',(18.9558816533564,-162.851141037943,15.8));
#9452=CARTESIAN_POINT('',(18.9558816533564,-162.851141037943,20.));
#9453=CARTESIAN_POINT('',(23.2754187653968,-155.361610907447,15.8));
#9454=CARTESIAN_POINT('',(20.2998695815601,-160.520836233929,15.8));
#9455=CARTESIAN_POINT('',(23.2754187653968,-155.361610907447,5.175));
#9456=CARTESIAN_POINT('Origin',(18.0896287055933,-162.351535362944,20.));
#9457=CARTESIAN_POINT('',(18.0896287055933,-163.351535362944,15.8));
#9458=CARTESIAN_POINT('',(18.0896287055933,-163.351535362944,20.));
#9459=CARTESIAN_POINT('Origin',(18.0896287055933,-162.351535362944,15.8));
#9460=CARTESIAN_POINT('Ctrl Pts',(-23.2752755511485,-155.361610907447,15.7999999999999));
#9461=CARTESIAN_POINT('Ctrl Pts',(-23.2821686183961,-155.34965920209,15.7626000874572));
#9462=CARTESIAN_POINT('Ctrl Pts',(-23.2923152713027,-155.32365674437,15.6878005850731));
#9463=CARTESIAN_POINT('Ctrl Pts',(-23.2966911020998,-155.278398766621,15.5770104703138));
#9464=CARTESIAN_POINT('Ctrl Pts',(-23.2904178960506,-155.226999027096,15.4690279272335));
#9465=CARTESIAN_POINT('Ctrl Pts',(-23.2683309276631,-155.150551567995,15.3305914788098));
#9466=CARTESIAN_POINT('Ctrl Pts',(-23.2160725794205,-155.040775728096,15.1712527103663));
#9467=CARTESIAN_POINT('Ctrl Pts',(-23.1191101532702,-154.889289869635,15.0115747020416));
#9468=CARTESIAN_POINT('Ctrl Pts',(-22.9948339427839,-154.722050966184,14.8914365163289));
#9469=CARTESIAN_POINT('Ctrl Pts',(-22.8754369992268,-154.573553384192,14.8292869939668));
#9470=CARTESIAN_POINT('Ctrl Pts',(-22.7875935051291,-154.467144900745,14.807340248432));
#9471=CARTESIAN_POINT('Ctrl Pts',(-22.7367886523605,-154.40598906408,14.801048534999));
#9472=CARTESIAN_POINT('Ctrl Pts',(-22.7112837864046,-154.3753520644,14.8));
#9473=CARTESIAN_POINT('Ctrl Pts',(-22.6985314277853,-154.360033607446,14.8));
#9474=CARTESIAN_POINT('Ctrl Pts',(-23.374973321365,-155.188747604132,15.7999999999999));
#9475=CARTESIAN_POINT('Ctrl Pts',(-23.3819921102062,-155.177943874769,15.7604019855099));
#9476=CARTESIAN_POINT('Ctrl Pts',(-23.3890898446891,-155.153037334659,15.6817165591915));
#9477=CARTESIAN_POINT('Ctrl Pts',(-23.3902122676008,-155.112084946041,15.5675127378363));
#9478=CARTESIAN_POINT('Ctrl Pts',(-23.3789591782275,-155.065683481811,15.4579667436745));
#9479=CARTESIAN_POINT('Ctrl Pts',(-23.3495621885416,-154.997486506981,15.3188555068004));
#9480=CARTESIAN_POINT('Ctrl Pts',(-23.2867470740281,-154.900373354784,15.1599832803488));
#9481=CARTESIAN_POINT('Ctrl Pts',(-23.1747248970625,-154.766082056449,15.0007891722407));
#9482=CARTESIAN_POINT('Ctrl Pts',(-23.0320207455782,-154.615790023917,14.8805224703557));
#9483=CARTESIAN_POINT('Ctrl Pts',(-22.8956118858359,-154.480459905953,14.8209391398795));
#9484=CARTESIAN_POINT('Ctrl Pts',(-22.7968235593117,-154.383088404052,14.7993379749661));
#9485=CARTESIAN_POINT('Ctrl Pts',(-22.74048949187,-154.327200854297,14.79907935));
#9486=CARTESIAN_POINT('Ctrl Pts',(-22.7124555355564,-154.299210065612,14.8011714096967));
#9487=CARTESIAN_POINT('Ctrl Pts',(-22.6985314277853,-154.285233782361,14.8));
#9488=CARTESIAN_POINT('Ctrl Pts',(-23.600333230706,-154.85806038287,15.7999999999999));
#9489=CARTESIAN_POINT('Ctrl Pts',(-23.6074277309648,-154.849353373133,15.7555428066646));
#9490=CARTESIAN_POINT('Ctrl Pts',(-23.6146189503034,-154.829327540909,15.6699344708098));
#9491=CARTESIAN_POINT('Ctrl Pts',(-23.6081308437027,-154.79397523341,15.546916632224));
#9492=CARTESIAN_POINT('Ctrl Pts',(-23.5889703584769,-154.75611399385,15.4310291723147));
#9493=CARTESIAN_POINT('Ctrl Pts',(-23.5454817582071,-154.701494187953,15.2868608446626));
#9494=CARTESIAN_POINT('Ctrl Pts',(-23.4590349245663,-154.625775207249,15.1255439819267));
#9495=CARTESIAN_POINT('Ctrl Pts',(-23.3080118351036,-154.521096036164,14.9653749162928));
#9496=CARTESIAN_POINT('Ctrl Pts',(-23.1185294176739,-154.401773271403,14.848190765027));
#9497=CARTESIAN_POINT('Ctrl Pts',(-22.9416251586003,-154.292438384187,14.7950630638565));
#9498=CARTESIAN_POINT('Ctrl Pts',(-22.8180840464561,-154.213944083709,14.791245977583));
#9499=CARTESIAN_POINT('Ctrl Pts',(-22.7487993529482,-154.169093512052,14.7918954679669));
#9500=CARTESIAN_POINT('Ctrl Pts',(-22.7151257455135,-154.146800028389,14.7858598165339));
#9501=CARTESIAN_POINT('Ctrl Pts',(-22.6985314277852,-154.135730726631,14.7830640723538));
#9502=CARTESIAN_POINT('Ctrl Pts',(-24.1444987986631,-154.271189770579,15.7999999999999));
#9503=CARTESIAN_POINT('Ctrl Pts',(-24.1511563754708,-154.265864253974,15.7442108963443));
#9504=CARTESIAN_POINT('Ctrl Pts',(-24.1601024460446,-154.25368802171,15.6382664678589));
#9505=CARTESIAN_POINT('Ctrl Pts',(-24.1522042672486,-154.230578577373,15.494659871291));
#9506=CARTESIAN_POINT('Ctrl Pts',(-24.122553584824,-154.205386064612,15.3600268469556));
#9507=CARTESIAN_POINT('Ctrl Pts',(-24.0532092830209,-154.170331010761,15.1975621639709));
#9508=CARTESIAN_POINT('Ctrl Pts',(-23.9081141497799,-154.124298878259,15.0205620935345));
#9509=CARTESIAN_POINT('Ctrl Pts',(-23.6495648284181,-154.063185384668,14.8562487794186));
#9510=CARTESIAN_POINT('Ctrl Pts',(-23.3329764032901,-153.994037761626,14.7454750914873));
#9511=CARTESIAN_POINT('Ctrl Pts',(-23.0528377545112,-153.932024120197,14.711692516175));
#9512=CARTESIAN_POINT('Ctrl Pts',(-22.8689133737546,-153.890114247127,14.7057997883375));
#9513=CARTESIAN_POINT('Ctrl Pts',(-22.7684736184856,-153.867518863891,14.6947197694989));
#9514=CARTESIAN_POINT('Ctrl Pts',(-22.721593709215,-153.856845690399,14.6875297369573));
#9515=CARTESIAN_POINT('Ctrl Pts',(-22.6985314277852,-153.851709131098,14.6837324286787));
#9516=CARTESIAN_POINT('Ctrl Pts',(-25.144571477939,-153.588354452554,15.8));
#9517=CARTESIAN_POINT('Ctrl Pts',(-25.1503214676438,-153.586281764053,15.7241188185886));
#9518=CARTESIAN_POINT('Ctrl Pts',(-25.1626928124455,-153.581252616831,15.5772192932023));
#9519=CARTESIAN_POINT('Ctrl Pts',(-25.1606736414517,-153.571909700316,15.3811934886532));
#9520=CARTESIAN_POINT('Ctrl Pts',(-25.1227287597893,-153.561592666709,15.1971451953358));
#9521=CARTESIAN_POINT('Ctrl Pts',(-25.0147761367957,-153.547557583415,14.9800861606925));
#9522=CARTESIAN_POINT('Ctrl Pts',(-24.7603236132102,-153.530879004773,14.7487110881214));
#9523=CARTESIAN_POINT('Ctrl Pts',(-24.2888209248173,-153.512892523956,14.5512917946054));
#9524=CARTESIAN_POINT('Ctrl Pts',(-23.7251905777466,-153.497068646839,14.4352597796083));
#9525=CARTESIAN_POINT('Ctrl Pts',(-23.2526276098186,-153.488082075422,14.4052280985734));
#9526=CARTESIAN_POINT('Ctrl Pts',(-22.9606662469612,-153.48705385798,14.3998180105411));
#9527=CARTESIAN_POINT('Ctrl Pts',(-22.8040362868156,-153.488647400186,14.3986503829613));
#9528=CARTESIAN_POINT('Ctrl Pts',(-22.7334291969262,-153.490263230439,14.3975711930422));
#9529=CARTESIAN_POINT('Ctrl Pts',(-22.6985314277852,-153.491305282229,14.3970550388256));
#9530=CARTESIAN_POINT('Ctrl Pts',(-26.1416285886753,-153.360033607446,15.8));
#9531=CARTESIAN_POINT('Ctrl Pts',(-26.1451373670651,-153.359907938441,15.7045675732459));
#9532=CARTESIAN_POINT('Ctrl Pts',(-26.1550533073287,-153.359782266281,15.5179087704224));
#9533=CARTESIAN_POINT('Ctrl Pts',(-26.1437890441947,-153.359470066683,15.2659155127413));
#9534=CARTESIAN_POINT('Ctrl Pts',(-26.0833524901774,-153.359245963386,15.0270902552123));
#9535=CARTESIAN_POINT('Ctrl Pts',(-25.9223020389938,-153.359080158433,14.746625342587));
#9536=CARTESIAN_POINT('Ctrl Pts',(-25.5516158481056,-153.359020153929,14.4499359623291));
#9537=CARTESIAN_POINT('Ctrl Pts',(-24.8778145540639,-153.359046507817,14.2027854055098));
#9538=CARTESIAN_POINT('Ctrl Pts',(-24.0888999168692,-153.35925039844,14.0588989335254));
#9539=CARTESIAN_POINT('Ctrl Pts',(-23.4424220242871,-153.359519022098,14.01841731322));
#9540=CARTESIAN_POINT('Ctrl Pts',(-23.0493913389458,-153.359758899158,14.0175238337144));
#9541=CARTESIAN_POINT('Ctrl Pts',(-22.8392938181156,-153.359912663345,14.020645070474));
#9542=CARTESIAN_POINT('Ctrl Pts',(-22.7451347136799,-153.359990440104,14.0231376535929));
#9543=CARTESIAN_POINT('Ctrl Pts',(-22.6985314277852,-153.360033607446,14.0243994752564));
#9544=CARTESIAN_POINT('Ctrl Pts',(-26.7402873422006,-153.360033607446,15.8));
#9545=CARTESIAN_POINT('Ctrl Pts',(-26.7402873422006,-153.360033607446,15.6926304227551));
#9546=CARTESIAN_POINT('Ctrl Pts',(-26.7400878808884,-153.360033607446,15.4834473568748));
#9547=CARTESIAN_POINT('Ctrl Pts',(-26.7055364672057,-153.360033607446,15.2019737392767));
#9548=CARTESIAN_POINT('Ctrl Pts',(-26.6144996957151,-153.360033607446,14.937509375382));
#9549=CARTESIAN_POINT('Ctrl Pts',(-26.4042079631254,-153.360033607446,14.6272815944663));
#9550=CARTESIAN_POINT('Ctrl Pts',(-25.9587751551259,-153.360033607446,14.3009401558777));
#9551=CARTESIAN_POINT('Ctrl Pts',(-25.1821535600635,-153.360033607446,14.0278636497577));
#9552=CARTESIAN_POINT('Ctrl Pts',(-24.2853058474242,-153.360033607446,13.8649965884396));
#9553=CARTESIAN_POINT('Ctrl Pts',(-23.551177467875,-153.360033607446,13.8117591848326));
#9554=CARTESIAN_POINT('Ctrl Pts',(-23.1015256154934,-153.360033607446,13.8015541540078));
#9555=CARTESIAN_POINT('Ctrl Pts',(-22.8609280985112,-153.360033607446,13.8000350146394));
#9556=CARTESIAN_POINT('Ctrl Pts',(-22.7522162164076,-153.360033607446,13.8));
#9557=CARTESIAN_POINT('Ctrl Pts',(-22.6985314277852,-153.360033607446,13.8));
#9558=CARTESIAN_POINT('',(-23.2752755511485,-155.361610907447,15.8));
#9559=CARTESIAN_POINT('',(-22.736762952304,-154.405974228254,14.8015739572071));
#9560=CARTESIAN_POINT('Ctrl Pts',(-22.736762952304,-154.405974228254,14.8015739572071));
#9561=CARTESIAN_POINT('Ctrl Pts',(-22.7542127186262,-154.426957159337,14.8030117633325));
#9562=CARTESIAN_POINT('Ctrl Pts',(-22.7716146252666,-154.447912487663,14.8054334184585));
#9563=CARTESIAN_POINT('Ctrl Pts',(-22.8187997458245,-154.504926857229,14.8147142239514));
#9564=CARTESIAN_POINT('Ctrl Pts',(-22.8483568759649,-154.540855506141,14.8235215290144));
#9565=CARTESIAN_POINT('Ctrl Pts',(-22.9061254133614,-154.611935994386,14.8468342436008));
#9566=CARTESIAN_POINT('Ctrl Pts',(-22.9343364823223,-154.647087638608,14.8613393282763));
#9567=CARTESIAN_POINT('Ctrl Pts',(-22.9887704274109,-154.716243642491,14.8957908803519));
#9568=CARTESIAN_POINT('Ctrl Pts',(-23.0149929987229,-154.75024782635,14.9157369928746));
#9569=CARTESIAN_POINT('Ctrl Pts',(-23.0648505639298,-154.816769254689,14.9607249978931));
#9570=CARTESIAN_POINT('Ctrl Pts',(-23.0884844652443,-154.849285869029,14.9857681214649));
#9571=CARTESIAN_POINT('Ctrl Pts',(-23.1325916005156,-154.912494294462,15.040501281779));
#9572=CARTESIAN_POINT('Ctrl Pts',(-23.1530648389097,-154.943186108114,15.0701905623464));
#9573=CARTESIAN_POINT('Ctrl Pts',(-23.1903456650098,-155.002453948109,15.1336905109399));
#9574=CARTESIAN_POINT('Ctrl Pts',(-23.207153293231,-155.031029997818,15.1675004875868));
#9575=CARTESIAN_POINT('Ctrl Pts',(-23.2366627144075,-155.085812697876,15.2386439689016));
#9576=CARTESIAN_POINT('Ctrl Pts',(-23.2493645700864,-155.1120193844,15.2759768435725));
#9577=CARTESIAN_POINT('Ctrl Pts',(-23.2702978898167,-155.161859045865,15.3535181220814));
#9578=CARTESIAN_POINT('Ctrl Pts',(-23.2785280780972,-155.185491285014,15.3937268144064));
#9579=CARTESIAN_POINT('Ctrl Pts',(-23.2902223488647,-155.230003486521,15.4762936014491));
#9580=CARTESIAN_POINT('Ctrl Pts',(-23.2936871585206,-155.25088386827,15.5186508703266));
#9581=CARTESIAN_POINT('Ctrl Pts',(-23.2956479943158,-155.289781633096,15.6047794612695));
#9582=CARTESIAN_POINT('Ctrl Pts',(-23.294143209562,-155.307798548497,15.6485505368567));
#9583=CARTESIAN_POINT('Ctrl Pts',(-23.2868204487801,-155.337729773402,15.7282878568985));
#9584=CARTESIAN_POINT('Ctrl Pts',(-23.281884084999,-155.350152546955,15.7641438884657));
#9585=CARTESIAN_POINT('Ctrl Pts',(-23.2752755511485,-155.361610907447,15.7999999999998));
#9586=CARTESIAN_POINT('Origin',(-26.7402873422006,-157.360033607446,15.8));
#9587=CARTESIAN_POINT('',(-22.6985314277852,-154.360033607446,14.8));
#9588=CARTESIAN_POINT('Origin',(-22.6985314277852,-154.360033607446,13.8));
#9589=CARTESIAN_POINT('Ctrl Pts',(-22.6985314277854,-154.360033607446,14.8));
#9590=CARTESIAN_POINT('Ctrl Pts',(-22.7112837792054,-154.375352055752,14.8));
#9591=CARTESIAN_POINT('Ctrl Pts',(-22.724036095008,-154.390670483516,14.8005253040023));
#9592=CARTESIAN_POINT('Ctrl Pts',(-22.736762952304,-154.405974228254,14.8015739572071));
#9593=CARTESIAN_POINT('Origin',(-26.7402873422006,-157.360033607446,5.175));
#9594=CARTESIAN_POINT('',(-23.2752755511485,-155.361610907447,5.175));
#9595=CARTESIAN_POINT('Ctrl Pts',(-23.835549832545,-154.610033607446,20.));
#9596=CARTESIAN_POINT('Ctrl Pts',(-24.0326737592717,-154.401817875077,20.));
#9597=CARTESIAN_POINT('Ctrl Pts',(-24.2475663829803,-154.219405205269,20.0497860143163));
#9598=CARTESIAN_POINT('Ctrl Pts',(-24.7057345529399,-153.904921535172,20.2031374821687));
#9599=CARTESIAN_POINT('Ctrl Pts',(-24.9488920404668,-153.773228829846,20.3078291199264));
#9600=CARTESIAN_POINT('Ctrl Pts',(-25.7033416338597,-153.458534295489,20.6683206921066));
#9601=CARTESIAN_POINT('Ctrl Pts',(-26.2397379033022,-153.360033607446,20.9701843571309));
#9602=CARTESIAN_POINT('Ctrl Pts',(-26.7402873422006,-153.360033607446,21.25));
#9603=CARTESIAN_POINT('Ctrl Pts',(22.6986746420335,-154.360033607446,14.8));
#9604=CARTESIAN_POINT('Ctrl Pts',(22.7241793592721,-154.390670521354,14.8));
#9605=CARTESIAN_POINT('Ctrl Pts',(22.7751883018261,-154.451944065457,14.8042032737617));
#9606=CARTESIAN_POINT('Ctrl Pts',(22.8630311693549,-154.558352187534,14.8261565699229));
#9607=CARTESIAN_POINT('Ctrl Pts',(22.9352833079649,-154.647804841306,14.8603500038735));
#9608=CARTESIAN_POINT('Ctrl Pts',(23.0147006160437,-154.749353577535,14.9138381880878));
#9609=CARTESIAN_POINT('Ctrl Pts',(23.0885911183087,-154.847714764958,14.9805759191571));
#9610=CARTESIAN_POINT('Ctrl Pts',(23.1514051630733,-154.939687678562,15.0653318146852));
#9611=CARTESIAN_POINT('Ctrl Pts',(23.1898383904311,-155.001671880075,15.1333017278107));
#9612=CARTESIAN_POINT('Ctrl Pts',(23.2178664557268,-155.04969135477,15.1904766312456));
#9613=CARTESIAN_POINT('Ctrl Pts',(23.2714032096362,-155.152240888489,15.327921399621));
#9614=CARTESIAN_POINT('Ctrl Pts',(23.3054703075667,-155.26745228117,15.5381742922401));
#9615=CARTESIAN_POINT('Ctrl Pts',(23.289204899892,-155.337707496733,15.7252001749145));
#9616=CARTESIAN_POINT('Ctrl Pts',(23.2754187653968,-155.361610907447,15.8));
#9617=CARTESIAN_POINT('Ctrl Pts',(22.6986746420335,-154.285233782361,14.8));
#9618=CARTESIAN_POINT('Ctrl Pts',(22.7265228575757,-154.313186348864,14.8023428193934));
#9619=CARTESIAN_POINT('Ctrl Pts',(22.7828956876942,-154.369204954041,14.7963270954187));
#9620=CARTESIAN_POINT('Ctrl Pts',(22.8817025452841,-154.466587169304,14.8194549745154));
#9621=CARTESIAN_POINT('Ctrl Pts',(22.9641107363109,-154.548216471222,14.851085252155));
#9622=CARTESIAN_POINT('Ctrl Pts',(23.0550236479065,-154.640309828642,14.9041118008512));
#9623=CARTESIAN_POINT('Ctrl Pts',(23.1398947171572,-154.728921435744,14.9701936190585));
#9624=CARTESIAN_POINT('Ctrl Pts',(23.2122922949476,-154.810891882696,15.0548650721952));
#9625=CARTESIAN_POINT('Ctrl Pts',(23.2569362487827,-154.865895201622,15.1226068326246));
#9626=CARTESIAN_POINT('Ctrl Pts',(23.2897010762479,-154.908441948547,15.1795887210137));
#9627=CARTESIAN_POINT('Ctrl Pts',(23.3533665551436,-154.999323874976,15.3167069805517));
#9628=CARTESIAN_POINT('Ctrl Pts',(23.3984219673854,-155.101746424991,15.5265442011048));
#9629=CARTESIAN_POINT('Ctrl Pts',(23.3891541132958,-155.167140145405,15.72080397102));
#9630=CARTESIAN_POINT('Ctrl Pts',(23.3751165356133,-155.188747604132,15.8));
#9631=CARTESIAN_POINT('Ctrl Pts',(22.6986746420335,-154.135730726644,14.7830640723491));
#9632=CARTESIAN_POINT('Ctrl Pts',(22.7318632774901,-154.157869330161,14.7886555607094));
#9633=CARTESIAN_POINT('Ctrl Pts',(22.8000811427277,-154.202729738735,14.7904393721541));
#9634=CARTESIAN_POINT('Ctrl Pts',(22.9245057005009,-154.281220118416,14.7922295478672));
#9635=CARTESIAN_POINT('Ctrl Pts',(23.0303767371588,-154.347128590591,14.8208770492327));
#9636=CARTESIAN_POINT('Ctrl Pts',(23.1485939440227,-154.421046493211,14.8689911147468));
#9637=CARTESIAN_POINT('Ctrl Pts',(23.2619327628526,-154.491574644705,14.9342383096842));
#9638=CARTESIAN_POINT('Ctrl Pts',(23.358225281926,-154.555861330053,15.0184038336152));
#9639=CARTESIAN_POINT('Ctrl Pts',(23.4184336698396,-154.598784561713,15.0867061584865));
#9640=CARTESIAN_POINT('Ctrl Pts',(23.4630865137758,-154.631940775768,15.1443783873882));
#9641=CARTESIAN_POINT('Ctrl Pts',(23.5498296464776,-154.702767235201,15.2830814554169));
#9642=CARTESIAN_POINT('Ctrl Pts',(23.6150261032461,-154.784009887889,15.5007981668621));
#9643=CARTESIAN_POINT('Ctrl Pts',(23.6146654454744,-154.840646363408,15.7110856133292));
#9644=CARTESIAN_POINT('Ctrl Pts',(23.6004764449567,-154.858060382882,15.8));
#9645=CARTESIAN_POINT('Ctrl Pts',(22.6986746420335,-153.851709131108,14.683732428675));
#9646=CARTESIAN_POINT('Ctrl Pts',(22.7447992048929,-153.86198224971,14.6913270452322));
#9647=CARTESIAN_POINT('Ctrl Pts',(22.8398681761605,-153.884129663826,14.704902606296));
#9648=CARTESIAN_POINT('Ctrl Pts',(23.0289747127978,-153.926018480048,14.7115848197001));
#9649=CARTESIAN_POINT('Ctrl Pts',(23.1937097941776,-153.963025061406,14.7278962655766));
#9650=CARTESIAN_POINT('Ctrl Pts',(23.3819489038947,-154.005233019689,14.7679824488531));
#9651=CARTESIAN_POINT('Ctrl Pts',(23.5742042007725,-154.045971671763,14.8280395209019));
#9652=CARTESIAN_POINT('Ctrl Pts',(23.7351177350651,-154.083360199845,14.9111917464084));
#9653=CARTESIAN_POINT('Ctrl Pts',(23.8375169304459,-154.108548478194,14.9824793697198));
#9654=CARTESIAN_POINT('Ctrl Pts',(23.9146063462782,-154.128217290586,15.0439463101907));
#9655=CARTESIAN_POINT('Ctrl Pts',(24.0598551207593,-154.170340067144,15.1927088230451));
#9656=CARTESIAN_POINT('Ctrl Pts',(24.1648637103319,-154.223914401567,15.4389785391533));
#9657=CARTESIAN_POINT('Ctrl Pts',(24.1579571665288,-154.260538737377,15.6884217926887));
#9658=CARTESIAN_POINT('Ctrl Pts',(24.1446420129133,-154.271189770586,15.8));
#9659=CARTESIAN_POINT('Ctrl Pts',(22.6986746420335,-153.491305282275,14.3970550388114));
#9660=CARTESIAN_POINT('Ctrl Pts',(22.7684701803156,-153.489221178695,14.3980873472445));
#9661=CARTESIAN_POINT('Ctrl Pts',(22.9106817491395,-153.486907781862,14.3991396123836));
#9662=CARTESIAN_POINT('Ctrl Pts',(23.2177758550517,-153.487920124472,14.4055863400954));
#9663=CARTESIAN_POINT('Ctrl Pts',(23.4911144861032,-153.492589924499,14.419899352889));
#9664=CARTESIAN_POINT('Ctrl Pts',(23.8109703373838,-153.499946266463,14.4589114072184));
#9665=CARTESIAN_POINT('Ctrl Pts',(24.1578836463079,-153.508835869705,14.52380413117));
#9666=CARTESIAN_POINT('Ctrl Pts',(24.4451834754959,-153.51890204384,14.6171840318248));
#9667=CARTESIAN_POINT('Ctrl Pts',(24.6304852036104,-153.526491469353,14.7049291067286));
#9668=CARTESIAN_POINT('Ctrl Pts',(24.7709862294258,-153.532756585892,14.7825980792576));
#9669=CARTESIAN_POINT('Ctrl Pts',(25.0295242419464,-153.547211974996,14.9719983947597));
#9670=CARTESIAN_POINT('Ctrl Pts',(25.187444148924,-153.56924374341,15.3033315412138));
#9671=CARTESIAN_POINT('Ctrl Pts',(25.1562146716044,-153.58420907559,15.6482376371772));
#9672=CARTESIAN_POINT('Ctrl Pts',(25.1447146921947,-153.588354452591,15.8));
#9673=CARTESIAN_POINT('Ctrl Pts',(22.6986746420335,-153.360033607446,14.0243994752564));
#9674=CARTESIAN_POINT('Ctrl Pts',(22.791881213823,-153.359947272762,14.0218758319293));
#9675=CARTESIAN_POINT('Ctrl Pts',(22.9812525003256,-153.359814605688,14.0177488160607));
#9676=CARTESIAN_POINT('Ctrl Pts',(23.3961276727551,-153.359583520435,14.0203792833146));
#9677=CARTESIAN_POINT('Ctrl Pts',(23.7687278413507,-153.35942588853,14.038762996585));
#9678=CARTESIAN_POINT('Ctrl Pts',(24.2095479815675,-153.359270371546,14.0882441622515));
#9679=CARTESIAN_POINT('Ctrl Pts',(24.6944715638129,-153.359173193614,14.1698621109984));
#9680=CARTESIAN_POINT('Ctrl Pts',(25.1014754741286,-153.359111327597,14.2852537529544));
#9681=CARTESIAN_POINT('Ctrl Pts',(25.3665169129644,-153.359109210501,14.3959713461345));
#9682=CARTESIAN_POINT('Ctrl Pts',(25.5683691006592,-153.359112139016,14.4946461522427));
#9683=CARTESIAN_POINT('Ctrl Pts',(25.9429921071276,-153.359146513941,14.7352034649829));
#9684=CARTESIAN_POINT('Ctrl Pts',(26.1782799828224,-153.359341479927,15.1660904850927));
#9685=CARTESIAN_POINT('Ctrl Pts',(26.1487893597031,-153.359782269437,15.6091351464917));
#9686=CARTESIAN_POINT('Ctrl Pts',(26.1417718029236,-153.360033607446,15.8));
#9687=CARTESIAN_POINT('Ctrl Pts',(22.6986746420335,-153.360033607446,13.8));
#9688=CARTESIAN_POINT('Ctrl Pts',(22.8060442192784,-153.360033607446,13.8));
#9689=CARTESIAN_POINT('Ctrl Pts',(23.0252977855166,-153.360033607446,13.8003018526103));
#9690=CARTESIAN_POINT('Ctrl Pts',(23.4967996082151,-153.360033607446,13.8121399759934));
#9691=CARTESIAN_POINT('Ctrl Pts',(23.9213225592489,-153.360033607446,13.8382542192426));
#9692=CARTESIAN_POINT('Ctrl Pts',(24.4241043175587,-153.360033607446,13.8974667328679));
#9693=CARTESIAN_POINT('Ctrl Pts',(24.9718078334605,-153.360033607446,13.9898436510498));
#9694=CARTESIAN_POINT('Ctrl Pts',(25.4402043725295,-153.360033607446,14.1188002426808));
#9695=CARTESIAN_POINT('Ctrl Pts',(25.7472019317275,-153.360033607446,14.2408933356879));
#9696=CARTESIAN_POINT('Ctrl Pts',(25.981686517859,-153.360033607446,14.349425609836));
#9697=CARTESIAN_POINT('Ctrl Pts',(26.4260682690829,-153.360033607446,14.6148962390486));
#9698=CARTESIAN_POINT('Ctrl Pts',(26.7371531141536,-153.360033607446,15.0897595686801));
#9699=CARTESIAN_POINT('Ctrl Pts',(26.7404305564489,-153.360033607446,15.5852608455102));
#9700=CARTESIAN_POINT('Ctrl Pts',(26.7404305564489,-153.360033607446,15.8));
#9701=CARTESIAN_POINT('Origin',(26.7404305564489,-157.360033607446,15.8));
#9702=CARTESIAN_POINT('',(22.7555344683234,-154.428387554949,14.8034844368675));
#9703=CARTESIAN_POINT('Ctrl Pts',(23.2754187653968,-155.361610907447,15.8));
#9704=CARTESIAN_POINT('Ctrl Pts',(23.283590829153,-155.347441584174,15.7556605994408));
#9705=CARTESIAN_POINT('Ctrl Pts',(23.289204575781,-155.331796768369,15.7113214300439));
#9706=CARTESIAN_POINT('Ctrl Pts',(23.2953604610979,-155.297582858455,15.6234277251152));
#9707=CARTESIAN_POINT('Ctrl Pts',(23.2959028514297,-155.27901390948,15.5798736171121));
#9708=CARTESIAN_POINT('Ctrl Pts',(23.2920513411384,-155.239029711055,15.4943192359959));
#9709=CARTESIAN_POINT('Ctrl Pts',(23.2876577219156,-155.217614623902,15.4523193534098));
#9710=CARTESIAN_POINT('Ctrl Pts',(23.2741566067468,-155.172066359738,15.3706150560184));
#9711=CARTESIAN_POINT('Ctrl Pts',(23.2650494182142,-155.147933360027,15.3309109930914));
#9712=CARTESIAN_POINT('Ctrl Pts',(23.242423156242,-155.097117406249,15.2544872471557));
#9713=CARTESIAN_POINT('Ctrl Pts',(23.2289030163792,-155.070433837129,15.2177688254186));
#9714=CARTESIAN_POINT('Ctrl Pts',(23.1978365081518,-155.014746507345,15.1479816014183));
#9715=CARTESIAN_POINT('Ctrl Pts',(23.1802907948261,-154.985743124471,15.1149127940327));
#9716=CARTESIAN_POINT('Ctrl Pts',(23.141628491149,-154.925678526394,15.053007619322));
#9717=CARTESIAN_POINT('Ctrl Pts',(23.1205124997067,-154.894617656608,15.0241712052266));
#9718=CARTESIAN_POINT('Ctrl Pts',(23.0752276504701,-154.83073658245,14.9712388343048));
#9719=CARTESIAN_POINT('Ctrl Pts',(23.0510593384126,-154.797916692827,14.9471428050707));
#9720=CARTESIAN_POINT('Ctrl Pts',(23.0002337510141,-154.730836863113,14.9041090774399));
#9721=CARTESIAN_POINT('Ctrl Pts',(22.9735762257704,-154.696576778892,14.8851728517895));
#9722=CARTESIAN_POINT('Ctrl Pts',(22.918397753115,-154.626985350708,14.8528041067855));
#9723=CARTESIAN_POINT('Ctrl Pts',(22.8898775210897,-154.59165441934,14.83937074799));
#9724=CARTESIAN_POINT('Ctrl Pts',(22.8316133040723,-154.520284050694,14.8182386241501));
#9725=CARTESIAN_POINT('Ctrl Pts',(22.8018695325927,-154.484244736558,14.8105407951985));
#9726=CARTESIAN_POINT('Ctrl Pts',(22.7664203571525,-154.441498552056,14.8049186357718));
#9727=CARTESIAN_POINT('Ctrl Pts',(22.7609808996529,-154.434945064558,14.8041534408305));
#9728=CARTESIAN_POINT('Ctrl Pts',(22.7555344683234,-154.428387554949,14.8034844368675));
#9729=CARTESIAN_POINT('',(22.6986746420335,-154.360033607446,14.8));
#9730=CARTESIAN_POINT('Ctrl Pts',(22.7555344683234,-154.428387554949,14.8034844368675));
#9731=CARTESIAN_POINT('Ctrl Pts',(22.7366371767877,-154.405635194123,14.8011632173087));
#9732=CARTESIAN_POINT('Ctrl Pts',(22.717655930282,-154.382834412822,14.8));
#9733=CARTESIAN_POINT('Ctrl Pts',(22.6986746420335,-154.360033607446,14.8));
#9734=CARTESIAN_POINT('Origin',(22.6986746420335,-154.360033607446,13.8));
#9735=CARTESIAN_POINT('Origin',(26.7404305564489,-157.360033607446,5.175));
#9736=CARTESIAN_POINT('Ctrl Pts',(26.7404305564489,-153.360033607446,21.25));
#9737=CARTESIAN_POINT('Ctrl Pts',(26.2398811175505,-153.360033607446,20.9701843571309));
#9738=CARTESIAN_POINT('Ctrl Pts',(25.703484848108,-153.458534295489,20.6683206921066));
#9739=CARTESIAN_POINT('Ctrl Pts',(24.949035254715,-153.773228829846,20.3078291199264));
#9740=CARTESIAN_POINT('Ctrl Pts',(24.7058777671882,-153.904921535172,20.2031374821687));
#9741=CARTESIAN_POINT('Ctrl Pts',(24.2477095972286,-154.219405205269,20.0497860143163));
#9742=CARTESIAN_POINT('Ctrl Pts',(24.03281697352,-154.401817875077,20.));
#9743=CARTESIAN_POINT('Ctrl Pts',(23.8356930467933,-154.610033607446,20.));
#9744=CARTESIAN_POINT('Origin',(-18.0894854913448,-162.351535362944,15.8));
#9745=CARTESIAN_POINT('',(-18.0894854913448,-163.351535362944,15.8));
#9746=CARTESIAN_POINT('',(-18.0894854913448,-162.351535362944,14.8));
#9747=CARTESIAN_POINT('Origin',(-18.0894854913448,-162.351535362944,15.8));
#9748=CARTESIAN_POINT('',(-18.9557384391078,-162.851141037943,15.8));
#9749=CARTESIAN_POINT('Origin',(-18.0894854913448,-162.351535362944,15.8));
#9750=CARTESIAN_POINT('Origin',(-18.0894854913448,-162.351535362944,15.8));
#9751=CARTESIAN_POINT('Origin',(-18.0894854913448,-162.351535362944,20.));
#9752=CARTESIAN_POINT('',(-18.9557384391078,-162.851141037943,20.));
#9753=CARTESIAN_POINT('',(-18.0894854913448,-163.351535362944,20.));
#9754=CARTESIAN_POINT('Origin',(-16.5522068422812,-165.016981789839,15.8));
#9755=CARTESIAN_POINT('',(-16.5522068422812,-165.016981789839,14.8));
#9756=CARTESIAN_POINT('',(-17.4184597900443,-165.516587464839,15.8));
#9757=CARTESIAN_POINT('Origin',(18.0896287055933,-162.351535362944,15.8));
#9758=CARTESIAN_POINT('',(18.0896287055933,-162.351535362944,14.8));
#9759=CARTESIAN_POINT('Origin',(18.0896287055933,-162.351535362944,15.8));
#9760=CARTESIAN_POINT('Origin',(18.0896287055933,-162.351535362944,15.8));
#9761=CARTESIAN_POINT('Origin',(9.33367706672747,-162.351535362944,15.8));
#9762=CARTESIAN_POINT('',(9.33367706672747,-162.351535362944,14.8));
#9763=CARTESIAN_POINT('',(9.33367706672748,-163.351535362944,15.8));
#9764=CARTESIAN_POINT('Origin',(19.4336166337971,-160.02123055893,15.8));
#9765=CARTESIAN_POINT('',(19.4336166337971,-160.02123055893,14.8));
#9766=CARTESIAN_POINT('Origin',(-24.7311741051119,-154.360033607446,13.8));
#9767=CARTESIAN_POINT('',(-24.7311741051119,-154.360033607446,14.8));
#9768=CARTESIAN_POINT('Origin',(-24.7311741051119,-154.610033607446,21.25));
#9769=CARTESIAN_POINT('Origin',(-15.4660318695186,-154.610033607446,21.25));
#9770=CARTESIAN_POINT('Ctrl Pts',(-15.4660318695186,-153.360033607446,21.25));
#9771=CARTESIAN_POINT('Ctrl Pts',(-15.3714676664741,-153.360033607446,21.25));
#9772=CARTESIAN_POINT('Ctrl Pts',(-15.1823608012472,-153.360033607446,21.2355392972323));
#9773=CARTESIAN_POINT('Ctrl Pts',(-14.9511797454881,-153.360033607446,21.1833643380275));
#9774=CARTESIAN_POINT('Ctrl Pts',(-14.7710958866313,-153.360033607446,21.126097540445));
#9775=CARTESIAN_POINT('Ctrl Pts',(-14.6595593225355,-153.360033607446,21.0860763369377));
#9776=CARTESIAN_POINT('Ctrl Pts',(-14.581315551604,-153.360033607446,21.0605687050004));
#9777=CARTESIAN_POINT('Ctrl Pts',(-14.5352290312242,-153.360033607446,21.0494613006576));
#9778=CARTESIAN_POINT('Ctrl Pts',(-14.5117489182563,-153.360033607446,21.0467708462597));
#9779=CARTESIAN_POINT('Ctrl Pts',(-14.4999283928757,-153.360033607446,21.0467708462597));
#9780=CARTESIAN_POINT('Ctrl Pts',(-15.4660318695186,-153.360033607446,20.8760008745726));
#9781=CARTESIAN_POINT('Ctrl Pts',(-15.3906404280874,-153.360154889879,20.8790078669133));
#9782=CARTESIAN_POINT('Ctrl Pts',(-15.2378205300525,-153.359204549394,20.8742859372676));
#9783=CARTESIAN_POINT('Ctrl Pts',(-15.0435884499139,-153.359054473964,20.8460458887298));
#9784=CARTESIAN_POINT('Ctrl Pts',(-14.8775460723794,-153.3590983505,20.8157193480897));
#9785=CARTESIAN_POINT('Ctrl Pts',(-14.7634883084871,-153.359371031385,20.7964838054754));
#9786=CARTESIAN_POINT('Ctrl Pts',(-14.6627684183656,-153.359685582372,20.7881106065562));
#9787=CARTESIAN_POINT('Ctrl Pts',(-14.5857750475242,-153.359949368375,20.7873814926791));
#9788=CARTESIAN_POINT('Ctrl Pts',(-14.5301618850307,-153.360033607446,20.7886588133544));
#9789=CARTESIAN_POINT('Ctrl Pts',(-14.4999283928757,-153.360033607446,20.7886588133544));
#9790=CARTESIAN_POINT('Ctrl Pts',(-15.4660318695186,-153.674160943672,20.2287590910622));
#9791=CARTESIAN_POINT('Ctrl Pts',(-15.4235735884758,-153.668888781492,20.2365527054745));
#9792=CARTESIAN_POINT('Ctrl Pts',(-15.333192006209,-153.656409101285,20.2493278146518));
#9793=CARTESIAN_POINT('Ctrl Pts',(-15.2030131655675,-153.631157218866,20.2616586172481));
#9794=CARTESIAN_POINT('Ctrl Pts',(-15.0617918801114,-153.597883779334,20.2769901215749));
#9795=CARTESIAN_POINT('Ctrl Pts',(-14.9438718665447,-153.567624177852,20.2928160210617));
#9796=CARTESIAN_POINT('Ctrl Pts',(-14.8044574326272,-153.53634374722,20.3133648517192));
#9797=CARTESIAN_POINT('Ctrl Pts',(-14.6738308077879,-153.51424815194,20.3301102444433));
#9798=CARTESIAN_POINT('Ctrl Pts',(-14.5622486853532,-153.504720592326,20.338105400645));
#9799=CARTESIAN_POINT('Ctrl Pts',(-14.4999283928757,-153.504720592326,20.338105400645));
#9800=CARTESIAN_POINT('Ctrl Pts',(-15.4660318695186,-154.329534263375,20.));
#9801=CARTESIAN_POINT('Ctrl Pts',(-15.4353233101337,-154.316258172753,20.0035001281641));
#9802=CARTESIAN_POINT('Ctrl Pts',(-15.3687412587722,-154.284013642138,20.0074600096399));
#9803=CARTESIAN_POINT('Ctrl Pts',(-15.2714097348664,-154.2181369128,20.0079059685415));
#9804=CARTESIAN_POINT('Ctrl Pts',(-15.1526839199847,-154.127637504382,20.0096484429119));
#9805=CARTESIAN_POINT('Ctrl Pts',(-15.0444094545099,-154.042704590173,20.0135669875534));
#9806=CARTESIAN_POINT('Ctrl Pts',(-14.8922186994022,-153.950796692546,20.021369922683));
#9807=CARTESIAN_POINT('Ctrl Pts',(-14.7326234943291,-153.883833172623,20.0287192624769));
#9808=CARTESIAN_POINT('Ctrl Pts',(-14.5840486719992,-153.854262645537,20.0324804402387));
#9809=CARTESIAN_POINT('Ctrl Pts',(-14.4999283928757,-153.854262645537,20.0324804402387));
#9810=CARTESIAN_POINT('Ctrl Pts',(-15.4660318695186,-154.610033607446,20.));
#9811=CARTESIAN_POINT('Ctrl Pts',(-15.4352714539543,-154.594581799907,20.));
#9812=CARTESIAN_POINT('Ctrl Pts',(-15.3694690080962,-154.556592235579,19.9958683706378));
#9813=CARTESIAN_POINT('Ctrl Pts',(-15.2779515271423,-154.478532335244,19.9809612394364));
#9814=CARTESIAN_POINT('Ctrl Pts',(-15.1674883557404,-154.368967242706,19.96459929727));
#9815=CARTESIAN_POINT('Ctrl Pts',(-15.0661637010875,-154.264521462082,19.9531646676965));
#9816=CARTESIAN_POINT('Ctrl Pts',(-14.9150008385582,-154.148958137121,19.9458767728573));
#9817=CARTESIAN_POINT('Ctrl Pts',(-14.749597511462,-154.063513621307,19.9427032287593));
#9818=CARTESIAN_POINT('Ctrl Pts',(-14.5904874764831,-154.025365574494,19.9419345275028));
#9819=CARTESIAN_POINT('Ctrl Pts',(-14.4999283928757,-154.025365574494,19.9419345275028));
#9820=CARTESIAN_POINT('',(-14.4999283928757,-154.025365574938,19.9419345272678));
#9821=CARTESIAN_POINT('Origin',(-14.4999283928757,-154.610033607446,21.0467708462597));
#9822=CARTESIAN_POINT('Ctrl Pts',(-15.4660318695186,-154.610033607446,20.));
#9823=CARTESIAN_POINT('Ctrl Pts',(-15.4352714539543,-154.594581799907,20.));
#9824=CARTESIAN_POINT('Ctrl Pts',(-15.3694690080962,-154.556592235579,19.9958683706378));
#9825=CARTESIAN_POINT('Ctrl Pts',(-15.2779515271423,-154.478532335244,19.9809612394364));
#9826=CARTESIAN_POINT('Ctrl Pts',(-15.1674883557404,-154.368967242706,19.96459929727));
#9827=CARTESIAN_POINT('Ctrl Pts',(-15.0661637010875,-154.264521462082,19.9531646676965));
#9828=CARTESIAN_POINT('Ctrl Pts',(-14.9150008385582,-154.148958137121,19.9458767728573));
#9829=CARTESIAN_POINT('Ctrl Pts',(-14.749597511462,-154.063513621307,19.9427032287593));
#9830=CARTESIAN_POINT('Ctrl Pts',(-14.5904874764831,-154.025365574494,19.9419345275028));
#9831=CARTESIAN_POINT('Ctrl Pts',(-14.4999283928757,-154.025365574494,19.9419345275028));
#9832=CARTESIAN_POINT('Origin',(7.16071242195467E-5,-154.610033607446,21.0467708462596));
#9833=CARTESIAN_POINT('',(14.5000716071242,-154.025365574938,19.9419345272677));
#9834=CARTESIAN_POINT('Origin',(14.5000716071242,-154.610033607446,21.0467708462596));
#9835=CARTESIAN_POINT('',(7.16071242160848E-5,-154.025365574494,19.9419345275028));
#9836=CARTESIAN_POINT('Ctrl Pts',(14.5000716071243,-153.360033607446,21.0467708462596));
#9837=CARTESIAN_POINT('Ctrl Pts',(14.511889299953,-153.360033607446,21.0467708462596));
#9838=CARTESIAN_POINT('Ctrl Pts',(14.5354194748588,-153.360033607446,21.049476681657));
#9839=CARTESIAN_POINT('Ctrl Pts',(14.58134714391,-153.360033607446,21.0605396454128));
#9840=CARTESIAN_POINT('Ctrl Pts',(14.6600715538166,-153.360033607446,21.086200987423));
#9841=CARTESIAN_POINT('Ctrl Pts',(14.7713094435943,-153.360033607446,21.126031863805));
#9842=CARTESIAN_POINT('Ctrl Pts',(14.9514640253887,-153.360033607446,21.1833349319321));
#9843=CARTESIAN_POINT('Ctrl Pts',(15.18256951791,-153.360033607446,21.2355137354318));
#9844=CARTESIAN_POINT('Ctrl Pts',(15.371633541137,-153.360033607446,21.25));
#9845=CARTESIAN_POINT('Ctrl Pts',(15.4661750837671,-153.360033607446,21.25));
#9846=CARTESIAN_POINT('Ctrl Pts',(14.5000716071243,-153.360033607446,20.7886588133543));
#9847=CARTESIAN_POINT('Ctrl Pts',(14.5302978544294,-153.360033607446,20.7886588133543));
#9848=CARTESIAN_POINT('Ctrl Pts',(14.5859747455086,-153.359952384854,20.7873883573531));
#9849=CARTESIAN_POINT('Ctrl Pts',(14.6627602615849,-153.359701617251,20.7881097211786));
#9850=CARTESIAN_POINT('Ctrl Pts',(14.7639795433343,-153.359370347284,20.7965402331077));
#9851=CARTESIAN_POINT('Ctrl Pts',(14.8780925820574,-153.358991413873,20.8155927181239));
#9852=CARTESIAN_POINT('Ctrl Pts',(15.0440719794781,-153.358708582588,20.845837533146));
#9853=CARTESIAN_POINT('Ctrl Pts',(15.2381406521079,-153.359092202633,20.8742030362083));
#9854=CARTESIAN_POINT('Ctrl Pts',(15.3908017083826,-153.360154860816,20.8790071463479));
#9855=CARTESIAN_POINT('Ctrl Pts',(15.4661750837671,-153.360033607446,20.8760008745726));
#9856=CARTESIAN_POINT('Ctrl Pts',(14.5000716071243,-153.50472059234,20.3381054006548));
#9857=CARTESIAN_POINT('Ctrl Pts',(14.5623769657939,-153.50472059234,20.3381054006548));
#9858=CARTESIAN_POINT('Ctrl Pts',(14.6740465997393,-153.51426489028,20.3300986395528));
#9859=CARTESIAN_POINT('Ctrl Pts',(14.8043813374172,-153.536299908917,20.3133912244316));
#9860=CARTESIAN_POINT('Ctrl Pts',(14.9443254345781,-153.567729121978,20.2927574995517));
#9861=CARTESIAN_POINT('Ctrl Pts',(15.0629231018326,-153.597986582073,20.2769013864695));
#9862=CARTESIAN_POINT('Ctrl Pts',(15.2038462190144,-153.631326160602,20.2616032323645));
#9863=CARTESIAN_POINT('Ctrl Pts',(15.3337094671251,-153.65647025255,20.2492964263813));
#9864=CARTESIAN_POINT('Ctrl Pts',(15.4237269769997,-153.668890044906,20.2365508379469));
#9865=CARTESIAN_POINT('Ctrl Pts',(15.4661750837671,-153.674160943719,20.2287590911179));
#9866=CARTESIAN_POINT('Ctrl Pts',(14.5000716071243,-153.854262645537,20.0324804402387));
#9867=CARTESIAN_POINT('Ctrl Pts',(14.5841717285105,-153.854262645537,20.0324804402387));
#9868=CARTESIAN_POINT('Ctrl Pts',(14.7328419310578,-153.883883705063,20.02871597951));
#9869=CARTESIAN_POINT('Ctrl Pts',(14.8921125467516,-153.950674533698,20.0213853293159));
#9870=CARTESIAN_POINT('Ctrl Pts',(15.0447721190159,-154.043002507887,20.0135501057485));
#9871=CARTESIAN_POINT('Ctrl Pts',(15.1542591426805,-154.127932202226,20.0095624167742));
#9872=CARTESIAN_POINT('Ctrl Pts',(15.2724823736213,-154.218492131739,20.0077627921653));
#9873=CARTESIAN_POINT('Ctrl Pts',(15.3694102904392,-154.284155285059,20.0074051756233));
#9874=CARTESIAN_POINT('Ctrl Pts',(15.4354738830726,-154.316261354102,20.0034992894286));
#9875=CARTESIAN_POINT('Ctrl Pts',(15.4661750837671,-154.329534263375,20.));
#9876=CARTESIAN_POINT('Ctrl Pts',(14.5000716071243,-154.025365574494,19.9419345275027));
#9877=CARTESIAN_POINT('Ctrl Pts',(14.5906089900641,-154.025365574494,19.9419345275027));
#9878=CARTESIAN_POINT('Ctrl Pts',(14.7498139691255,-154.063577699291,19.9427076233306));
#9879=CARTESIAN_POINT('Ctrl Pts',(14.9148920144674,-154.148807156053,19.9458684701179));
#9880=CARTESIAN_POINT('Ctrl Pts',(15.0664777103062,-154.264889693539,19.9532002821209));
#9881=CARTESIAN_POINT('Ctrl Pts',(15.1692102666059,-154.369342034689,19.9645805325157));
#9882=CARTESIAN_POINT('Ctrl Pts',(15.2790941464924,-154.478920691666,19.9809528376949));
#9883=CARTESIAN_POINT('Ctrl Pts',(15.370188874836,-154.556756079142,19.9958610672662));
#9884=CARTESIAN_POINT('Ctrl Pts',(15.4354220393194,-154.594585502622,20.));
#9885=CARTESIAN_POINT('Ctrl Pts',(15.4661750837671,-154.610033607446,20.));
#9886=CARTESIAN_POINT('Origin',(15.4661750837671,-154.610033607446,21.25));
#9887=CARTESIAN_POINT('Ctrl Pts',(14.5000716071243,-154.025365574494,19.9419345275027));
#9888=CARTESIAN_POINT('Ctrl Pts',(14.5906089900641,-154.025365574494,19.9419345275027));
#9889=CARTESIAN_POINT('Ctrl Pts',(14.7498139691255,-154.063577699291,19.9427076233306));
#9890=CARTESIAN_POINT('Ctrl Pts',(14.9148920144674,-154.148807156053,19.9458684701179));
#9891=CARTESIAN_POINT('Ctrl Pts',(15.0664777103062,-154.264889693539,19.9532002821209));
#9892=CARTESIAN_POINT('Ctrl Pts',(15.1692102666059,-154.369342034689,19.9645805325157));
#9893=CARTESIAN_POINT('Ctrl Pts',(15.2790941464924,-154.478920691666,19.9809528376949));
#9894=CARTESIAN_POINT('Ctrl Pts',(15.370188874836,-154.556756079142,19.9958610672662));
#9895=CARTESIAN_POINT('Ctrl Pts',(15.4354220393194,-154.594585502622,20.));
#9896=CARTESIAN_POINT('Ctrl Pts',(15.4661750837671,-154.610033607446,20.));
#9897=CARTESIAN_POINT('Origin',(-24.7311741051119,-154.610033607446,21.25));
#9898=CARTESIAN_POINT('Origin',(-18.6671393120821,-163.351535362944,20.));
#9899=CARTESIAN_POINT('Origin',(18.6672825263307,-163.351535362944,20.));
#9900=CARTESIAN_POINT('Origin',(7.1607124219053E-5,-158.355784132035,14.8));
#9901=CARTESIAN_POINT('Ctrl Pts',(-14.4993347709749,-157.652540066819,19.4825213555897));
#9902=CARTESIAN_POINT('Ctrl Pts',(-14.6117320083632,-157.652678852713,19.4825165207296));
#9903=CARTESIAN_POINT('Ctrl Pts',(-14.874414253794,-157.561035270323,19.4857090922854));
#9904=CARTESIAN_POINT('Ctrl Pts',(-15.0001185074539,-157.301106286054,19.4947642264475));
#9905=CARTESIAN_POINT('Ctrl Pts',(-14.9999280157097,-157.151030575979,19.4999924205108));
#9906=CARTESIAN_POINT('Ctrl Pts',(-14.4993417076656,-157.647861696696,19.6162578650032));
#9907=CARTESIAN_POINT('Ctrl Pts',(-14.6104251376028,-157.647997602732,19.6162537843988));
#9908=CARTESIAN_POINT('Ctrl Pts',(-14.870572104987,-157.558256764469,19.618948322858));
#9909=CARTESIAN_POINT('Ctrl Pts',(-14.9987164169971,-157.300793088079,19.6265389354452));
#9910=CARTESIAN_POINT('Ctrl Pts',(-14.9999257430769,-157.151031827814,19.6308981906375));
#9911=CARTESIAN_POINT('Ctrl Pts',(-14.4992157995785,-157.752280418268,19.8866579304435));
#9912=CARTESIAN_POINT('Ctrl Pts',(-14.6341392651279,-157.752443417772,19.8866564856409));
#9913=CARTESIAN_POINT('Ctrl Pts',(-14.9494522090646,-157.644813255231,19.8876105382467));
#9914=CARTESIAN_POINT('Ctrl Pts',(-15.1062365237221,-157.3336210643,19.8902753286773));
#9915=CARTESIAN_POINT('Ctrl Pts',(-15.1085679832556,-157.150901230466,19.8918010652343));
#9916=CARTESIAN_POINT('Ctrl Pts',(-14.4988996854825,-158.019058087356,20.00026966063));
#9917=CARTESIAN_POINT('Ctrl Pts',(-14.693676526569,-158.019297331102,20.000269646705));
#9918=CARTESIAN_POINT('Ctrl Pts',(-15.1490439887664,-157.861319807716,20.0002788475323));
#9919=CARTESIAN_POINT('Ctrl Pts',(-15.3691052532428,-157.411299131171,20.0002895195976));
#9920=CARTESIAN_POINT('Ctrl Pts',(-15.3696504967456,-157.150592173896,20.0002573150358));
#9921=CARTESIAN_POINT('Ctrl Pts',(-14.4987400173999,-158.153187295265,19.9999990385183));
#9922=CARTESIAN_POINT('Ctrl Pts',(-14.7237487657011,-158.153464800049,19.9999990386298));
#9923=CARTESIAN_POINT('Ctrl Pts',(-15.249613147334,-157.970221874428,19.9999989649169));
#9924=CARTESIAN_POINT('Ctrl Pts',(-15.5012470855828,-157.450502053653,19.9999988661985));
#9925=CARTESIAN_POINT('Ctrl Pts',(-15.5008600828024,-157.150436198908,19.9999990829354));
#9926=CARTESIAN_POINT('',(-14.4999283928757,-157.652539422887,19.4825502516488));
#9927=CARTESIAN_POINT('Origin',(-14.4999283928757,-158.152234836396,19.5));
#9928=CARTESIAN_POINT('',(-14.9999283928757,-157.151625292097,19.5));
#9929=CARTESIAN_POINT('Origin',(-14.4999283928757,-157.151625292097,19.5));
#9930=CARTESIAN_POINT('Origin',(-15.4999283928757,-157.151625292097,19.5));
#9931=CARTESIAN_POINT('Ctrl Pts',(15.0000712357879,-157.151026451369,19.5000016022554));
#9932=CARTESIAN_POINT('Ctrl Pts',(15.0002108873515,-157.26363030366,19.4960788613845));
#9933=CARTESIAN_POINT('Ctrl Pts',(14.9087352567641,-157.526796039789,19.486911061417));
#9934=CARTESIAN_POINT('Ctrl Pts',(14.6492772757905,-157.652731591878,19.4825239057733));
#9935=CARTESIAN_POINT('Ctrl Pts',(14.4994738481175,-157.652539727605,19.4825305896558));
#9936=CARTESIAN_POINT('Ctrl Pts',(15.0000714987559,-157.151027708379,19.6309043079773));
#9937=CARTESIAN_POINT('Ctrl Pts',(14.9991610496311,-157.263396358674,19.6276335489692));
#9938=CARTESIAN_POINT('Ctrl Pts',(14.9051209807138,-157.524482864176,19.6199585327785));
#9939=CARTESIAN_POINT('Ctrl Pts',(14.6475333731544,-157.64805234154,19.6162584442312));
#9940=CARTESIAN_POINT('Ctrl Pts',(14.4994808311333,-157.64786408035,19.6162640813259));
#9941=CARTESIAN_POINT('Ctrl Pts',(15.1087151698161,-157.150896204323,19.8918045047239));
#9942=CARTESIAN_POINT('Ctrl Pts',(15.1069626660328,-157.287994171071,19.8906597579541));
#9943=CARTESIAN_POINT('Ctrl Pts',(14.9911473336488,-157.604548169244,19.8879655784887));
#9944=CARTESIAN_POINT('Ctrl Pts',(14.6791810300802,-157.75250975164,19.8866594758759));
#9945=CARTESIAN_POINT('Ctrl Pts',(14.4993540438913,-157.752284326192,19.886661465718));
#9946=CARTESIAN_POINT('Ctrl Pts',(15.3697980499155,-157.150585003435,20.0002591025297));
#9947=CARTESIAN_POINT('Ctrl Pts',(15.3693835680681,-157.346198006053,20.000283270697));
#9948=CARTESIAN_POINT('Ctrl Pts',(15.2086987984052,-157.802215992378,20.0002998790567));
#9949=CARTESIAN_POINT('Ctrl Pts',(14.7586361502364,-158.019393331405,20.0002714908222));
#9950=CARTESIAN_POINT('Ctrl Pts',(14.4990357250115,-158.019062457946,20.0002715340281));
#9951=CARTESIAN_POINT('Ctrl Pts',(15.5010097918477,-157.150427944104,19.9999990701374));
#9952=CARTESIAN_POINT('Ctrl Pts',(15.501293783695,-157.375572939374,19.9999989064193));
#9953=CARTESIAN_POINT('Ctrl Pts',(15.3181812770717,-157.901765678213,19.9999988103204));
#9954=CARTESIAN_POINT('Ctrl Pts',(14.7987696156652,-158.153577528344,19.9999990254272));
#9955=CARTESIAN_POINT('Ctrl Pts',(14.4988749406354,-158.153193890081,19.9999990250998));
#9956=CARTESIAN_POINT('',(15.0000716071243,-157.151625292097,19.5));
#9957=CARTESIAN_POINT('Origin',(15.5000716071243,-157.151625292097,19.5));
#9958=CARTESIAN_POINT('',(14.5000716071243,-157.652539422887,19.4825502516488));
#9959=CARTESIAN_POINT('Origin',(14.5000716071243,-157.151625292097,19.5));
#9960=CARTESIAN_POINT('Origin',(14.5000716071243,-158.152234836396,19.5));
#9961=CARTESIAN_POINT('Ctrl Pts',(-14.9999306419951,-154.896015972147,19.4982523660244));
#9962=CARTESIAN_POINT('Ctrl Pts',(-15.0000010397785,-154.749724340544,19.5458758428142));
#9963=CARTESIAN_POINT('Ctrl Pts',(-14.9082897020004,-154.408014805104,19.6572350563435));
#9964=CARTESIAN_POINT('Ctrl Pts',(-14.6488128953009,-154.244707650711,19.7105263722995));
#9965=CARTESIAN_POINT('Ctrl Pts',(-14.4990528102888,-154.245072572842,19.7104072890278));
#9966=CARTESIAN_POINT('Ctrl Pts',(-14.999448750936,-154.896013493407,19.6296761738452));
#9967=CARTESIAN_POINT('Ctrl Pts',(-15.0123611744501,-154.75006262075,19.6694165284829));
#9968=CARTESIAN_POINT('Ctrl Pts',(-14.9427694434249,-154.388844957707,19.7574973962872));
#9969=CARTESIAN_POINT('Ctrl Pts',(-14.6618641358707,-154.204743184813,19.7965587371071));
#9970=CARTESIAN_POINT('Ctrl Pts',(-14.4989760652612,-154.205154544216,19.7964714437015));
#9971=CARTESIAN_POINT('Ctrl Pts',(-15.1077988195703,-154.896187866849,19.8911913695079));
#9972=CARTESIAN_POINT('Ctrl Pts',(-15.1313944597565,-154.727871946079,19.9051298646341));
#9973=CARTESIAN_POINT('Ctrl Pts',(-15.0585721876434,-154.298549386694,19.9336185930063));
#9974=CARTESIAN_POINT('Ctrl Pts',(-14.704700404433,-154.074723897193,19.9447663273481));
#9975=CARTESIAN_POINT('Ctrl Pts',(-14.4987241583319,-154.075224003548,19.9447414104719));
#9976=CARTESIAN_POINT('Ctrl Pts',(-15.3689649288704,-154.89660178091,20.0000020171214));
#9977=CARTESIAN_POINT('Ctrl Pts',(-15.3773348319168,-154.675129406584,19.9997425056586));
#9978=CARTESIAN_POINT('Ctrl Pts',(-15.2312930534433,-154.145161014407,19.9996688286038));
#9979=CARTESIAN_POINT('Ctrl Pts',(-14.7668695353518,-153.885458417067,20.0000007385577));
#9980=CARTESIAN_POINT('Ctrl Pts',(-14.4983585301732,-153.886038725346,19.9999999978358));
#9981=CARTESIAN_POINT('Ctrl Pts',(-15.4999267982716,-154.896810207293,20.));
#9982=CARTESIAN_POINT('Ctrl Pts',(-15.5003362068075,-154.648570407521,20.));
#9983=CARTESIAN_POINT('Ctrl Pts',(-15.317375407821,-154.068368961664,20.));
#9984=CARTESIAN_POINT('Ctrl Pts',(-14.7979715591316,-153.790880104554,20.));
#9985=CARTESIAN_POINT('Ctrl Pts',(-14.4981756155537,-153.791500173766,20.));
#9986=CARTESIAN_POINT('',(-14.9999283928758,-154.894876280276,19.5));
#9987=CARTESIAN_POINT('Origin',(-15.4999283928758,-154.894876280276,19.5));
#9988=CARTESIAN_POINT('',(-14.4999283928758,-154.244652254832,19.7113091308704));
#9989=CARTESIAN_POINT('Origin',(-14.4999283928758,-154.894876280276,19.5));
#9990=CARTESIAN_POINT('Origin',(-14.4999283928758,-153.791498361314,19.5));
#9991=CARTESIAN_POINT('Origin',(14.5000716071243,-157.284324216166,15.7));
#9992=CARTESIAN_POINT('',(14.5000716071243,-157.284324216166,15.2));
#9993=CARTESIAN_POINT('',(15.0000716071243,-157.284324216166,15.7));
#9994=CARTESIAN_POINT('Origin',(14.5000716071243,-157.284324216166,15.7));
#9995=CARTESIAN_POINT('',(14.5000716071243,-157.784019629675,15.7174497483512));
#9996=CARTESIAN_POINT('Origin',(14.5000716071243,-157.284324216166,15.7));
#9997=CARTESIAN_POINT('Origin',(14.5000716071243,-157.284324216166,15.7));
#9998=CARTESIAN_POINT('Origin',(7.16071242593016E-5,-157.284324216166,15.7));
#9999=CARTESIAN_POINT('',(-14.4999283928757,-157.784019629676,15.7174497483512));
#10000=CARTESIAN_POINT('',(7.16071242622604E-5,-157.784019629676,15.7174497483512));
#10001=CARTESIAN_POINT('',(-14.9999283928757,-157.284324216166,15.2));
#10002=CARTESIAN_POINT('',(7.16071242593016E-5,-157.284324216166,15.2));
#10003=CARTESIAN_POINT('',(-14.9999283928757,-157.301773964517,15.2003045864904));
#10004=CARTESIAN_POINT('Origin',(-14.9999283928757,-157.284324216166,15.7));
#10005=CARTESIAN_POINT('Origin',(-14.4999283928757,-157.284324216166,15.7));
#10006=CARTESIAN_POINT('Origin',(14.5000716071243,-157.259415867485,16.4132817816982));
#10007=CARTESIAN_POINT('',(14.5000716071243,-157.759111280994,16.4307315300495));
#10008=CARTESIAN_POINT('',(15.0000716071243,-157.259415867485,16.4132817816982));
#10009=CARTESIAN_POINT('Ctrl Pts',(14.4991960245331,-154.245072572844,19.7104072890235));
#10010=CARTESIAN_POINT('Ctrl Pts',(14.6489561095461,-154.244707650711,19.7105263722958));
#10011=CARTESIAN_POINT('Ctrl Pts',(14.9084329162009,-154.408014805153,19.6572350563222));
#10012=CARTESIAN_POINT('Ctrl Pts',(15.0001442540274,-154.749724340548,19.5458758428069));
#10013=CARTESIAN_POINT('Ctrl Pts',(15.0000738562435,-154.896015972153,19.4982523660161));
#10014=CARTESIAN_POINT('Ctrl Pts',(14.4991192795051,-154.205154544218,19.7964714436991));
#10015=CARTESIAN_POINT('Ctrl Pts',(14.6620073501156,-154.204743184813,19.7965587371051));
#10016=CARTESIAN_POINT('Ctrl Pts',(14.9429126576459,-154.388844957794,19.7574973962717));
#10017=CARTESIAN_POINT('Ctrl Pts',(15.0125043886974,-154.750062620754,19.6694165284782));
#10018=CARTESIAN_POINT('Ctrl Pts',(14.999591965182,-154.896013493413,19.6296761738395));
#10019=CARTESIAN_POINT('Ctrl Pts',(14.4988673725746,-154.075224003542,19.9447414104607));
#10020=CARTESIAN_POINT('Ctrl Pts',(14.7048436186775,-154.074723897185,19.944766327337));
#10021=CARTESIAN_POINT('Ctrl Pts',(15.0587154017762,-154.298549386748,19.9336185929929));
#10022=CARTESIAN_POINT('Ctrl Pts',(15.1315376740353,-154.727871946084,19.9051298646018));
#10023=CARTESIAN_POINT('Ctrl Pts',(15.107942033847,-154.896187866856,19.8911913694753));
#10024=CARTESIAN_POINT('Ctrl Pts',(14.4985017444142,-153.886038725346,19.9999999978358));
#10025=CARTESIAN_POINT('Ctrl Pts',(14.7670127495956,-153.885458417064,20.0000007385578));
#10026=CARTESIAN_POINT('Ctrl Pts',(15.2314362676064,-154.145161014492,19.9996688285545));
#10027=CARTESIAN_POINT('Ctrl Pts',(15.377478046167,-154.675129406589,19.9997425056587));
#10028=CARTESIAN_POINT('Ctrl Pts',(15.3691081431186,-154.896601780918,20.0000020171214));
#10029=CARTESIAN_POINT('Ctrl Pts',(14.4983188297938,-153.791500173765,20.));
#10030=CARTESIAN_POINT('Ctrl Pts',(14.7981147733749,-153.79088010455,20.));
#10031=CARTESIAN_POINT('Ctrl Pts',(15.3175186219772,-154.06836896175,20.));
#10032=CARTESIAN_POINT('Ctrl Pts',(15.5004794210581,-154.648570407527,20.));
#10033=CARTESIAN_POINT('Ctrl Pts',(15.5000700125201,-154.896810207302,20.));
#10034=CARTESIAN_POINT('',(14.5000716071242,-154.244652254832,19.7113091308704));
#10035=CARTESIAN_POINT('Origin',(14.5000716071242,-153.791498361313,19.5));
#10036=CARTESIAN_POINT('',(15.0000716071242,-154.894876280276,19.5));
#10037=CARTESIAN_POINT('Origin',(14.5000716071242,-154.894876280276,19.5));
#10038=CARTESIAN_POINT('Origin',(15.5000716071242,-154.894876280276,19.5));
#10039=CARTESIAN_POINT('Origin',(15.5000716071243,-157.155922782212,19.5));
#10040=CARTESIAN_POINT('',(15.0000716071243,-157.155922782212,19.5));
#10041=CARTESIAN_POINT('Origin',(7.16071242147E-5,-153.791498361313,19.5));
#10042=CARTESIAN_POINT('',(7.16071242173832E-5,-154.244652254832,19.7113091308704));
#10043=CARTESIAN_POINT('Origin',(14.5000716071243,-156.666845381265,15.7));
#10044=CARTESIAN_POINT('',(14.5000716071243,-156.213691487747,15.4886908691296));
#10045=CARTESIAN_POINT('',(15.0000716071243,-156.666845381265,15.7));
#10046=CARTESIAN_POINT('Origin',(14.5000716071243,-156.666845381265,15.7));
#10047=CARTESIAN_POINT('',(14.5000716071243,-156.666845381265,15.2));
#10048=CARTESIAN_POINT('Origin',(14.5000716071243,-156.666845381265,15.7));
#10049=CARTESIAN_POINT('Origin',(14.5000716071243,-156.666845381265,15.7));
#10050=CARTESIAN_POINT('Origin',(7.1607124254912E-5,-156.666845381265,15.7));
#10051=CARTESIAN_POINT('',(-14.9530822863941,-156.666845381265,15.2));
#10052=CARTESIAN_POINT('',(7.1607124254912E-5,-156.666845381265,15.2));
#10053=CARTESIAN_POINT('',(-14.4999283928757,-156.213691487747,15.4886908691296));
#10054=CARTESIAN_POINT('',(7.16071242522288E-5,-156.213691487747,15.4886908691296));
#10055=CARTESIAN_POINT('Origin',(-14.4999283928757,-156.666845381265,15.7));
#10056=CARTESIAN_POINT('Origin',(14.5000716071243,-156.152185841625,15.7));
#10057=CARTESIAN_POINT('',(14.5000716071243,-156.152185841625,15.2));
#10058=CARTESIAN_POINT('',(15.0000716071243,-156.152185841625,15.7));
#10059=CARTESIAN_POINT('Origin',(14.5000716071242,-155.187670064425,18.8721017036099));
#10060=CARTESIAN_POINT('',(14.5000716071242,-154.734516170907,18.6607925727395));
#10061=CARTESIAN_POINT('',(15.0000716071242,-155.187670064425,18.8721017036099));
#10062=CARTESIAN_POINT('Origin',(-14.4999283928758,-155.187670064425,18.8721017036099));
#10063=CARTESIAN_POINT('',(-14.4999283928758,-154.734516170907,18.6607925727395));
#10064=CARTESIAN_POINT('',(-14.9999283928757,-156.899999210343,15.2));
#10065=CARTESIAN_POINT('',(-14.9999283928758,-155.187670064425,18.8721017036099));
#10066=CARTESIAN_POINT('Origin',(-14.4999283928757,-156.899999210343,15.2));
#10067=CARTESIAN_POINT('Origin',(-15.4999283928757,-157.155922782212,19.5));
#10068=CARTESIAN_POINT('',(-14.9999283928757,-157.155922782212,19.5));
#10069=CARTESIAN_POINT('Origin',(7.16071242412541E-5,-158.152234836396,
19.5));
#10070=CARTESIAN_POINT('',(7.16071242382954E-5,-157.652539422887,19.4825502516488));
#10071=CARTESIAN_POINT('Origin',(-14.4999283928757,-157.259415867485,16.4132817816982));
#10072=CARTESIAN_POINT('',(-14.9999283928757,-157.259415867485,16.4132817816982));
#10073=CARTESIAN_POINT('',(-14.4999283928757,-157.759111280994,16.4307315300495));
#10074=CARTESIAN_POINT('Origin',(7.16071242535393E-5,-156.348310250861,
15.2));
#10075=CARTESIAN_POINT('',(-14.9999283928757,-156.348310250861,15.2));
#10076=CARTESIAN_POINT('Origin',(7.16071242625872E-5,-157.802089373061,
15.1999999999999));
#10077=CARTESIAN_POINT('Origin',(15.0000716071243,-155.956061432389,17.6));
#10078=CARTESIAN_POINT('Origin',(7.16071242392591E-5,-154.110033491717,
20.));
#10079=CARTESIAN_POINT('Origin',(-14.9999283928757,-155.956061432389,17.6));
#10080=CARTESIAN_POINT('Origin',(-36.7502999999189,-153.360033607446,-5.04699999999941));
#10081=CARTESIAN_POINT('',(-42.0502999999192,-140.1,-4.64796992594459));
#10082=CARTESIAN_POINT('',(-36.7502999999189,-140.1,0.268000000000602));
#10083=CARTESIAN_POINT('Origin',(-36.7502999999189,-140.1,-5.04699999999941));
#10084=CARTESIAN_POINT('',(-36.7502999999189,-153.360033607446,0.268000000000602));
#10085=CARTESIAN_POINT('',(-42.0502999999192,-153.360033607446,-4.64796992594853));
#10086=CARTESIAN_POINT('Origin',(36.6519426771421,-153.360033607446,0.268000000000602));
#10087=CARTESIAN_POINT('',(36.6519426771421,-140.1,0.268000000000601));
#10088=CARTESIAN_POINT('',(18.3260071421332,-140.1,0.268000000000602));
#10089=CARTESIAN_POINT('',(36.6519426771421,-153.360033607446,0.268000000000601));
#10090=CARTESIAN_POINT('Origin',(36.6519426771421,-153.360033607446,-5.13050053702524));
#10091=CARTESIAN_POINT('',(42.0504432141679,-140.1,-5.13050053702524));
#10092=CARTESIAN_POINT('Origin',(36.6519426771421,-140.1,-5.13050053702524));
#10093=CARTESIAN_POINT('',(42.0504432141677,-153.360033607446,-5.13050053702524));
#10094=CARTESIAN_POINT('Origin',(125.787576828404,-138.939619744248,-21.));
#10095=CARTESIAN_POINT('',(134.343288964754,-146.081118318205,-21.));
#10096=CARTESIAN_POINT('',(126.494683609589,-138.23251296306,-21.));
#10097=CARTESIAN_POINT('',(135.050395745942,-148.202438661763,-22.));
#10098=CARTESIAN_POINT('Origin',(135.050395745942,-148.202438661763,-21.));
#10099=CARTESIAN_POINT('',(133.636182183567,-146.788225099392,-22.));
#10100=CARTESIAN_POINT('',(125.787576828404,-138.939619744248,-22.));
#10101=CARTESIAN_POINT('Origin',(133.636182183568,-146.788225099392,-21.));
#10102=CARTESIAN_POINT('Origin',(119.29493614131,-163.957898266396,-21.));
#10103=CARTESIAN_POINT('',(126.686434715264,-156.566399692441,-22.));
#10104=CARTESIAN_POINT('',(119.29493614131,-163.957898266396,-22.));
#10105=CARTESIAN_POINT('Origin',(126.686434715264,-156.566399692441,-21.));
#10106=CARTESIAN_POINT('Origin',(108.789476536677,-156.566399692442,-21.));
#10107=CARTESIAN_POINT('',(124.359752605617,-156.566399692442,-22.));
#10108=CARTESIAN_POINT('',(108.789476536677,-156.566399692442,-22.));
#10109=CARTESIAN_POINT('',(124.303318832151,-156.937208833683,-21.928709128394));
#10110=CARTESIAN_POINT('Ctrl Pts',(124.303315595889,-156.937207927368,-21.9287094555944));
#10111=CARTESIAN_POINT('Ctrl Pts',(124.291512621637,-156.974044085237,-21.9140017872289));
#10112=CARTESIAN_POINT('Ctrl Pts',(124.284189239387,-157.011261121267,-21.8965517512602));
#10113=CARTESIAN_POINT('Ctrl Pts',(124.278146401028,-157.083667467852,-21.8568185449057));
#10114=CARTESIAN_POINT('Ctrl Pts',(124.279419794808,-157.118896712566,-21.8345222553764));
#10115=CARTESIAN_POINT('Ctrl Pts',(124.290868178802,-157.185321786186,-21.7865197738019));
#10116=CARTESIAN_POINT('Ctrl Pts',(124.301039052529,-157.216514525194,-21.7608250779267));
#10117=CARTESIAN_POINT('Ctrl Pts',(124.329755709387,-157.273537576702,-21.7081422692044));
#10118=CARTESIAN_POINT('Ctrl Pts',(124.348308612998,-157.299341402041,-21.6811723841339));
#10119=CARTESIAN_POINT('Ctrl Pts',(124.370992615782,-157.322025404825,-21.6550036509705));
#10120=CARTESIAN_POINT('Ctrl Pts',(124.359752605617,-156.566399692442,-22.));
#10121=CARTESIAN_POINT('Ctrl Pts',(124.359752605617,-156.691499362026,-21.9999999999999));
#10122=CARTESIAN_POINT('Ctrl Pts',(124.340611032316,-156.820830962895,-21.9751758451619));
#10123=CARTESIAN_POINT('Ctrl Pts',(124.30332199389,-156.937209695506,-21.9287087496236));
#10124=CARTESIAN_POINT('Origin',(136.464609308316,-148.202438661762,-9.65));
#10125=CARTESIAN_POINT('',(134.343288964754,-146.081118318205,-15.1789327688051));
#10126=CARTESIAN_POINT('',(134.343288964754,-146.081118318205,-9.65));
#10127=CARTESIAN_POINT('Ctrl Pts',(134.343288964754,-146.081118318205,-15.1789327688053));
#10128=CARTESIAN_POINT('Ctrl Pts',(134.343288964754,-146.081118318205,-15.1055019667039));
#10129=CARTESIAN_POINT('Ctrl Pts',(134.354366074323,-146.092195427774,-15.0187886783842));
#10130=CARTESIAN_POINT('Ctrl Pts',(134.390328534402,-146.128157887853,-14.8857693537019));
#10131=CARTESIAN_POINT('Ctrl Pts',(134.420551189166,-146.158380542617,-14.8148822633484));
#10132=CARTESIAN_POINT('Ctrl Pts',(134.483935275153,-146.221764628604,-14.7173646872263));
#10133=CARTESIAN_POINT('Ctrl Pts',(134.5271876366,-146.265016990051,-14.6719697628476));
#10134=CARTESIAN_POINT('Ctrl Pts',(134.606200257041,-146.344029610491,-14.6217670475699));
#10135=CARTESIAN_POINT('Ctrl Pts',(134.655106637567,-146.392935991018,-14.6065053999894));
#10136=CARTESIAN_POINT('Ctrl Pts',(134.696842355347,-146.434671708798,-14.6065053999895));
#10137=CARTESIAN_POINT('Ctrl Pts',(124.332768218755,-156.967629532221,-21.9656633265605));
#10138=CARTESIAN_POINT('Ctrl Pts',(123.408155774072,-155.974788915404,-20.7969260474378));
#10139=CARTESIAN_POINT('Ctrl Pts',(122.088908188102,-154.558214247412,-19.9461814969406));
#10140=CARTESIAN_POINT('Ctrl Pts',(120.642774816709,-153.005467410833,-19.5861131050447));
#10141=CARTESIAN_POINT('Ctrl Pts',(124.305729329342,-157.037517138613,-21.9317594006916));
#10142=CARTESIAN_POINT('Ctrl Pts',(123.365064047394,-156.047520450081,-20.7582432033818));
#10143=CARTESIAN_POINT('Ctrl Pts',(122.024809353754,-154.635235079105,-19.9117654904783));
#10144=CARTESIAN_POINT('Ctrl Pts',(120.563572850773,-153.089484792022,-19.5667609103685));
#10145=CARTESIAN_POINT('Ctrl Pts',(124.284235724833,-157.176985134644,-21.8384124977606));
#10146=CARTESIAN_POINT('Ctrl Pts',(123.313878658772,-156.192589609568,-20.6418585545782));
#10147=CARTESIAN_POINT('Ctrl Pts',(121.931155800889,-154.789086202937,-19.7845169333406));
#10148=CARTESIAN_POINT('Ctrl Pts',(120.426503601003,-153.256855146255,-19.4449868074918));
#10149=CARTESIAN_POINT('Ctrl Pts',(124.332394584763,-157.283427373807,-21.71608481627));
#10150=CARTESIAN_POINT('Ctrl Pts',(123.344660418717,-156.295799014172,-20.4807581162402));
#10151=CARTESIAN_POINT('Ctrl Pts',(121.93617205112,-154.886793320148,-19.5860293114613));
#10152=CARTESIAN_POINT('Ctrl Pts',(120.39471334627,-153.345746135313,-19.2155103306599));
#10153=CARTESIAN_POINT('Ctrl Pts',(124.370992615782,-157.322025404825,-21.6550036509702));
#10154=CARTESIAN_POINT('Ctrl Pts',(123.378186280068,-156.329219069111,-20.4002676107056));
#10155=CARTESIAN_POINT('Ctrl Pts',(121.961663323935,-154.912696112979,-19.4870230272007));
#10156=CARTESIAN_POINT('Ctrl Pts',(120.409000818401,-153.360033607445,-19.1006733217759));
#10157=CARTESIAN_POINT('Origin',(118.999842956639,-151.243768964496,-26.184658714248));
#10158=CARTESIAN_POINT('Origin',(113.908748901328,-152.591896306384,18.));
#10159=CARTESIAN_POINT('',(113.908748901328,-150.149999999999,15.));
#10160=CARTESIAN_POINT('',(113.908748901328,-152.591896306384,15.));
#10161=CARTESIAN_POINT('',(112.78492912108,-150.149999999999,15.2184484362996));
#10162=CARTESIAN_POINT('Origin',(113.908748901328,-150.149999999999,18.));
#10163=CARTESIAN_POINT('',(112.78492912108,-152.591896306384,15.2184484362996));
#10164=CARTESIAN_POINT('Origin',(113.325607973915,-153.360033607445,15.));
#10165=CARTESIAN_POINT('',(96.5406788528346,-150.149999999999,21.7815515637004));
#10166=CARTESIAN_POINT('',(108.779288505394,-150.149999999999,16.8368322963074));
#10167=CARTESIAN_POINT('',(96.5406788528346,-150.045025029003,21.7815515637004));
#10168=CARTESIAN_POINT('Origin',(95.4168590725869,-150.045025029003,19.));
#10169=CARTESIAN_POINT('',(96.5000000000001,-150.149999999999,21.7976428884621));
#10170=CARTESIAN_POINT('Origin',(95.4168590725869,-150.149999999999,19.));
#10171=CARTESIAN_POINT('Ctrl Pts',(95.4168590725872,-149.687692503279,22.));
#10172=CARTESIAN_POINT('Ctrl Pts',(95.4260519922033,-149.69728805056,22.));
#10173=CARTESIAN_POINT('Ctrl Pts',(95.4353349574212,-149.706722258086,21.9999577189895));
#10174=CARTESIAN_POINT('Ctrl Pts',(95.5809223627661,-149.850849761848,21.9986066619319));
#10175=CARTESIAN_POINT('Ctrl Pts',(95.7533657579342,-149.966207085013,21.9869901065057));
#10176=CARTESIAN_POINT('Ctrl Pts',(96.1236519331167,-150.115682692418,21.921607532323));
#10177=CARTESIAN_POINT('Ctrl Pts',(96.3212389821086,-150.149999999999,21.8668523560117));
#10178=CARTESIAN_POINT('Ctrl Pts',(96.5000000000001,-150.149999999999,21.7976428884621));
#10179=CARTESIAN_POINT('Origin',(121.441607898075,-150.149999999999,-9.65));
#10180=CARTESIAN_POINT('',(121.441607898075,-150.149999999999,15.));
#10181=CARTESIAN_POINT('',(72.8180914044997,-150.149999999999,15.));
#10182=CARTESIAN_POINT('',(121.441607898074,-150.149999999998,-3.50000000000578));
#10183=CARTESIAN_POINT('',(121.441607898075,-150.149999999999,-9.65));
#10184=CARTESIAN_POINT('',(96.5000000000001,-150.149999999999,-3.50000000000518));
#10185=CARTESIAN_POINT('',(86.0004527351176,-150.149999999999,-3.50000000000516));
#10186=CARTESIAN_POINT('',(96.5000000000001,-150.149999999999,-9.65));
#10187=CARTESIAN_POINT('Origin',(96.5000000000001,-148.649999999999,-9.65));
#10188=CARTESIAN_POINT('',(95.0000000000001,-148.649999999999,-5.00000000000517));
#10189=CARTESIAN_POINT('Origin',(96.5000000000001,-148.649999999999,-5.00000000000517));
#10190=CARTESIAN_POINT('',(95.0000000000001,-148.649999999999,-9.65));
#10191=CARTESIAN_POINT('Origin',(82.0402287975641,-139.149999999999,19.));
#10192=CARTESIAN_POINT('',(82.040228797564,-144.149999999999,19.));
#10193=CARTESIAN_POINT('',(87.017879465584,-139.622222222221,19.));
#10194=CARTESIAN_POINT('Origin',(82.0402287975641,-139.149999999999,19.));
#10195=CARTESIAN_POINT('',(82.040228797564,-144.149999999999,19.));
#10196=CARTESIAN_POINT('',(87.017879465584,-139.622222222221,19.));
#10197=CARTESIAN_POINT('Origin',(91.0000000000001,-144.149999999999,-9.65));
#10198=CARTESIAN_POINT('',(95.0000000000001,-144.149999999999,19.));
#10199=CARTESIAN_POINT('',(91.,-144.149999999999,19.));
#10200=CARTESIAN_POINT('',(95.0000000000001,-144.149999999999,-9.65));
#10201=CARTESIAN_POINT('',(95.0000000000001,-144.149999999999,-9.65));
#10202=CARTESIAN_POINT('',(91.0000000000001,-144.149999999999,-9.65));
#10203=CARTESIAN_POINT('',(95.0000000000001,-144.149999999999,-9.65));
#10204=CARTESIAN_POINT('',(91.0000000000001,-144.149999999999,18.8500000000061));
#10205=CARTESIAN_POINT('',(91.0000000000001,-144.149999999999,-9.65));
#10206=CARTESIAN_POINT('',(50.7645313144606,-144.149999999999,18.8500000000057));
#10207=CARTESIAN_POINT('',(42.0504432141675,-144.149999999999,18.8500000000057));
#10208=CARTESIAN_POINT('',(50.7645313144606,-144.149999999999,22.));
#10209=CARTESIAN_POINT('Origin',(81.746025556121,-145.149999999999,10.7789321881399));
#10210=CARTESIAN_POINT('',(88.3538921980552,-148.685533905932,14.3144660940724));
#10211=CARTESIAN_POINT('',(85.1487378906567,-150.149999999999,10.7789321881399));
#10212=CARTESIAN_POINT('Origin',(85.1487378906567,-145.149999999999,10.7789321881399));
#10213=CARTESIAN_POINT('',(78.1309108954233,-150.149999999999,10.7789321881399));
#10214=CARTESIAN_POINT('',(81.7460255561211,-150.149999999999,10.7789321881399));
#10215=CARTESIAN_POINT('',(74.9257565880248,-148.685533905932,14.3144660940724));
#10216=CARTESIAN_POINT('Origin',(78.1309108954232,-145.149999999999,10.7789321881399));
#10217=CARTESIAN_POINT('',(81.7460255561211,-148.685533905932,14.3144660940724));
#10218=CARTESIAN_POINT('Origin',(81.63982439304,-150.149999999999,6.90832832511474));
#10219=CARTESIAN_POINT('',(81.63982439304,-150.149999999999,6.90832832511474));
#10220=CARTESIAN_POINT('',(94.7369517012971,-150.149999999999,-7.53881937126008));
#10221=CARTESIAN_POINT('',(81.63982439304,-148.000000000005,6.90832832511474));
#10222=CARTESIAN_POINT('',(81.63982439304,-150.149999999999,6.90832832511474));
#10223=CARTESIAN_POINT('',(76.1818186382886,-148.000000000005,12.9289321881347));
#10224=CARTESIAN_POINT('',(79.7459421669825,-148.000000000005,8.99742737679321));
#10225=CARTESIAN_POINT('',(72.9766643308902,-146.535533905938,16.4644660940672));
#10226=CARTESIAN_POINT('Origin',(76.1818186382886,-143.000000000005,12.9289321881347));
#10227=CARTESIAN_POINT('',(71.0839174947077,-144.447687277393,18.5523127226126));
#10228=CARTESIAN_POINT('Origin',(42.0504432141675,-144.15,18.8500000000059));
#10229=CARTESIAN_POINT('',(68.58263324127,-146.535533905938,16.4644660940672));
#10230=CARTESIAN_POINT('',(45.3304543028871,-146.535533905938,16.4644660940672));
#10231=CARTESIAN_POINT('',(66.6335409841354,-148.685533905932,14.3144660940724));
#10232=CARTESIAN_POINT('',(64.4761950648913,-151.065253854737,11.934746145268));
#10233=CARTESIAN_POINT('',(53.2054053741051,-148.685533905933,14.3144660940724));
#10234=CARTESIAN_POINT('',(81.7460255561211,-148.685533905932,14.3144660940724));
#10235=CARTESIAN_POINT('',(51.2563131169704,-146.535533905938,16.4644660940672));
#10236=CARTESIAN_POINT('',(52.526515074617,-147.936665226909,15.0633347730962));
#10237=CARTESIAN_POINT('',(49.610465391601,-146.535533905938,16.4644660940672));
#10238=CARTESIAN_POINT('',(45.3304543028871,-146.535533905938,16.4644660940672));
#10239=CARTESIAN_POINT('',(49.6104653916011,-145.436140661638,17.5638593383674));
#10240=CARTESIAN_POINT('',(49.6104653916011,-149.262500000001,13.7375000000037));
#10241=CARTESIAN_POINT('',(50.2858499982709,-144.505555555555,18.4944444444509));
#10242=CARTESIAN_POINT('Origin',(48.6104653916066,-144.,19.000000000006));
#10243=CARTESIAN_POINT('Origin',(50.7645313144606,-144.649999999999,18.3500000000066));
#10244=CARTESIAN_POINT('',(91.0000000000001,-146.535533905938,16.4644660940672));
#10245=CARTESIAN_POINT('',(91.0000000000001,-146.075000000002,16.9250000000029));
#10246=CARTESIAN_POINT('',(90.3029844551897,-146.535533905938,16.4644660940672));
#10247=CARTESIAN_POINT('',(45.3304543028871,-146.535533905938,16.4644660940672));
#10248=CARTESIAN_POINT('',(83.0335974849822,-154.554231804252,8.44576819575157));
#10249=CARTESIAN_POINT('Origin',(81.746025556121,-145.149999999999,10.7789321881399));
#10250=CARTESIAN_POINT('',(56.4105596815035,-150.15,10.7789321881399));
#10251=CARTESIAN_POINT('Origin',(56.4105596815035,-145.15,10.7789321881398));
#10252=CARTESIAN_POINT('',(63.4283866767369,-150.149999999999,10.7789321881399));
#10253=CARTESIAN_POINT('Origin',(63.4283866767369,-145.149999999999,10.7789321881399));
#10254=CARTESIAN_POINT('',(81.7460255561211,-150.149999999999,10.7789321881399));
#10255=CARTESIAN_POINT('Origin',(59.9194731791202,-150.149999999999,6.90832832511475));
#10256=CARTESIAN_POINT('',(59.9194731791202,-150.149999999999,6.90832832511474));
#10257=CARTESIAN_POINT('',(77.9156769492348,-150.149999999999,-12.9428808539387));
#10258=CARTESIAN_POINT('',(59.9194731791202,-148.000000000005,6.90832832511474));
#10259=CARTESIAN_POINT('',(59.9194731791202,-150.149999999999,6.90832832511474));
#10260=CARTESIAN_POINT('',(54.4614674243689,-148.000000000005,12.9289321881347));
#10261=CARTESIAN_POINT('',(62.9246674149203,-148.000000000005,3.59336589411464));
#10262=CARTESIAN_POINT('Origin',(54.4614674243688,-143.000000000005,12.9289321881347));
#10263=CARTESIAN_POINT('Origin',(45.3304543028871,-143.000000000005,12.9289321881347));
#10264=CARTESIAN_POINT('',(91.0000000000001,-148.000000000005,12.9289321881347));
#10265=CARTESIAN_POINT('Origin',(91.0000000000001,-143.000000000005,12.9289321881347));
#10266=CARTESIAN_POINT('',(87.0978301477913,-148.000000000005,12.9289321881347));
#10267=CARTESIAN_POINT('',(45.3304543028871,-148.000000000005,12.9289321881347));
#10268=CARTESIAN_POINT('Origin',(87.0978301477912,-143.000000000005,12.9289321881347));
#10269=CARTESIAN_POINT('Origin',(91.0000000000001,-147.000000000002,-9.65));
#10270=CARTESIAN_POINT('',(91.0000000000001,-147.000000000002,-9.65));
#10271=CARTESIAN_POINT('',(91.0000000000001,-144.149999999999,-9.65));
#10272=CARTESIAN_POINT('',(91.0000000000001,-147.000000000002,-5.65));
#10273=CARTESIAN_POINT('',(91.0000000000001,-147.000000000002,-9.65));
#10274=CARTESIAN_POINT('',(90.9999999999999,-148.000000000005,-5.65));
#10275=CARTESIAN_POINT('',(91.0000000000001,-148.44000840186,-5.65));
#10276=CARTESIAN_POINT('',(90.9999999999999,-148.000000000005,-3.41667167488524));
#10277=CARTESIAN_POINT('',(91.0000000000001,-148.000000000005,-2.4875));
#10278=CARTESIAN_POINT('',(90.9999999999999,-150.149999999999,-3.41667167488524));
#10279=CARTESIAN_POINT('',(91.0000000000001,-148.575,-3.4166716748855));
#10280=CARTESIAN_POINT('',(90.9999999999999,-150.149999999999,12.7666716748852));
#10281=CARTESIAN_POINT('',(91.0000000000002,-150.149999999999,-7.65));
#10282=CARTESIAN_POINT('',(90.9999999999999,-148.000000000005,12.7666716748852));
#10283=CARTESIAN_POINT('',(91.0000000000001,-148.575,12.7666716748855));
#10284=CARTESIAN_POINT('',(91.0000000000001,-148.000000000005,-2.4875));
#10285=CARTESIAN_POINT('Origin',(48.6104653916067,-148.000000000005,-5.65));
#10286=CARTESIAN_POINT('',(83.6644583214731,-148.000000000005,4.67499999999999));
#10287=CARTESIAN_POINT('',(80.758259131199,-148.000000000005,1.46923678576415));
#10288=CARTESIAN_POINT('',(84.4260299704624,-148.000000000005,3.83492737679321));
#10289=CARTESIAN_POINT('',(88.9753660715668,-148.000000000005,-5.65));
#10290=CARTESIAN_POINT('',(76.2628371711006,-148.000000000005,-5.65));
#10291=CARTESIAN_POINT('',(81.63982439304,-148.000000000005,2.44167167488522));
#10292=CARTESIAN_POINT('',(78.6346301572399,-148.000000000005,5.75663410588533));
#10293=CARTESIAN_POINT('',(74.3042827145132,-148.000000000005,-5.65));
#10294=CARTESIAN_POINT('',(76.0781713277191,-148.000000000005,-3.69326321423584));
#10295=CARTESIAN_POINT('',(67.255014857647,-148.000000000005,-5.65));
#10296=CARTESIAN_POINT('',(76.2628371711006,-148.000000000005,-5.65));
#10297=CARTESIAN_POINT('',(59.9194731791202,-148.000000000005,2.44167167488522));
#10298=CARTESIAN_POINT('',(61.8133554051777,-148.000000000005,0.352572623206768));
#10299=CARTESIAN_POINT('',(55.4203460037235,-148.000000000005,-2.52121471064689));
#10300=CARTESIAN_POINT('',(59.2568965756569,-148.000000000005,1.71079826844272));
#10301=CARTESIAN_POINT('',(54.6477759528795,-148.000000000005,-5.15));
#10302=CARTESIAN_POINT('Origin',(56.5316580134661,-148.000000000005,-3.52867965644002));
#10303=CARTESIAN_POINT('',(48.6104653916067,-148.000000000005,-5.15));
#10304=CARTESIAN_POINT('',(65.1782454738639,-148.000000000005,-5.15));
#10305=CARTESIAN_POINT('',(48.6104653916067,-148.000000000005,11.9289321881401));
#10306=CARTESIAN_POINT('',(48.6104653916067,-148.000000000005,-5.65));
#10307=CARTESIAN_POINT('',(48.9033586104185,-148.000000000005,12.9289321881343));
#10308=CARTESIAN_POINT('Origin',(49.6104653916011,-148.000000000005,11.9289321881401));
#10309=CARTESIAN_POINT('',(45.3304543028871,-148.000000000005,12.9289321881347));
#10310=CARTESIAN_POINT('',(65.3774789338715,-148.000000000005,12.9289321881347));
#10311=CARTESIAN_POINT('',(65.4811262444411,-148.000000000005,13.0432632142358));
#10312=CARTESIAN_POINT('',(45.3304543028871,-148.000000000005,12.9289321881347));
#10313=CARTESIAN_POINT('',(82.3024009965033,-148.000000000005,7.63920173155727));
#10314=CARTESIAN_POINT('',(61.9441071075533,-148.000000000005,4.67499999999997));
#10315=CARTESIAN_POINT('',(69.2796487860801,-148.000000000005,-3.4166716748853));
#10316=CARTESIAN_POINT('',(67.6047552184002,-148.000000000005,-1.56913410588538));
#10317=CARTESIAN_POINT('',(69.2796487860801,-148.000000000005,12.7666716748852));
#10318=CARTESIAN_POINT('',(69.2796487860801,-148.000000000005,8.7208358374426));
#10319=CARTESIAN_POINT('',(63.9369843791368,-148.000000000005,6.87329826844271));
#10320=CARTESIAN_POINT('',(72.2796487860801,-148.000000000005,12.7666716748852));
#10321=CARTESIAN_POINT('',(72.2796487860801,-148.000000000005,-3.4166716748853));
#10322=CARTESIAN_POINT('',(72.2796487860801,-148.000000000005,0.629164162557351));
#10323=CARTESIAN_POINT('',(79.6151904646069,-148.000000000005,4.67499999999997));
#10324=CARTESIAN_POINT('',(77.6223131930234,-148.000000000005,2.47670173155725));
#10325=CARTESIAN_POINT('',(73.95454235376,-148.000000000005,10.9191341058853));
#10326=CARTESIAN_POINT('',(50.5592975721605,-148.000000000005,0.471273043161998));
#10327=CARTESIAN_POINT('',(50.5592975721603,-148.000000000005,12.7666716748852));
#10328=CARTESIAN_POINT('',(50.5592975721605,-148.000000000005,-5.65));
#10329=CARTESIAN_POINT('',(53.1706095819031,-148.000000000005,-0.536191902631125));
#10330=CARTESIAN_POINT('Origin',(52.0592975721605,-148.000000000005,0.471273043161999));
#10331=CARTESIAN_POINT('',(57.8948392506871,-148.000000000005,4.67499999999999));
#10332=CARTESIAN_POINT('',(60.8010384409612,-148.000000000005,7.88076321423583));
#10333=CARTESIAN_POINT('',(57.1332676016978,-148.000000000005,5.51507262320676));
#10334=CARTESIAN_POINT('Origin',(45.3304543028871,-143.000000000005,12.9289321881347));
#10335=CARTESIAN_POINT('Origin',(65.3774789338715,-143.000000000005,12.9289321881347));
#10336=CARTESIAN_POINT('Ctrl Pts',(44.6104655072926,-143.999392746541,11.9280536106926));
#10337=CARTESIAN_POINT('Ctrl Pts',(44.610177085375,-144.740268656073,13.0393636093131));
#10338=CARTESIAN_POINT('Ctrl Pts',(45.1493647950765,-145.476635947463,14.1439113019221));
#10339=CARTESIAN_POINT('Ctrl Pts',(46.0756578527294,-146.000401690564,14.9295575143693));
#10340=CARTESIAN_POINT('Ctrl Pts',(44.6102784425781,-145.196309351988,11.9280518673973));
#10341=CARTESIAN_POINT('Ctrl Pts',(44.8379269721135,-145.795442444382,13.04160042501));
#10342=CARTESIAN_POINT('Ctrl Pts',(45.4924947878595,-146.32839490215,14.0213526794111));
#10343=CARTESIAN_POINT('Ctrl Pts',(46.4013709250843,-146.691251295123,14.6991486075234));
#10344=CARTESIAN_POINT('Ctrl Pts',(45.6150026652766,-147.268924047686,11.9282009249067));
#10345=CARTESIAN_POINT('Ctrl Pts',(45.9682899176934,-147.449198705883,12.853223421689));
#10346=CARTESIAN_POINT('Ctrl Pts',(46.5698274218021,-147.589010118423,13.5835882441535));
#10347=CARTESIAN_POINT('Ctrl Pts',(47.2749300694911,-147.682391793587,14.0811926505319));
#10348=CARTESIAN_POINT('Ctrl Pts',(47.7136540214937,-148.000304365012,11.9285084481608));
#10349=CARTESIAN_POINT('Ctrl Pts',(47.8177715684807,-147.998381967382,12.464510525876));
#10350=CARTESIAN_POINT('Ctrl Pts',(48.0748476272135,-148.000402041613,12.941695363246));
#10351=CARTESIAN_POINT('Ctrl Pts',(48.4155098984687,-148.00013141491,13.274346764128));
#10352=CARTESIAN_POINT('Ctrl Pts',(48.6117666694178,-147.999999778297,11.9286395188863));
#10353=CARTESIAN_POINT('Ctrl Pts',(48.6115586486542,-148.000002511576,12.2988359659694));
#10354=CARTESIAN_POINT('Ctrl Pts',(48.7191800657244,-147.999999540517,12.666859621094));
#10355=CARTESIAN_POINT('Ctrl Pts',(48.9042131266619,-147.999999904867,12.9286383594673));
#10356=CARTESIAN_POINT('',(46.0749314856683,-146.000000000002,14.9289321881372));
#10357=CARTESIAN_POINT('Origin',(48.9033586104184,-144.,12.9289321881346));
#10358=CARTESIAN_POINT('',(44.6104653916011,-144.,11.9289321881401));
#10359=CARTESIAN_POINT('Origin',(48.6104653916066,-144.,11.9289321881401));
#10360=CARTESIAN_POINT('Origin',(49.6104653916011,-144.,11.9289321881401));
#10361=CARTESIAN_POINT('Ctrl Pts',(46.0730889705046,-145.998035303447,14.9282893674004));
#10362=CARTESIAN_POINT('Ctrl Pts',(46.9986759398908,-146.522640460395,15.714083946286));
#10363=CARTESIAN_POINT('Ctrl Pts',(48.3005159926558,-146.72048091239,16.2795190876149));
#10364=CARTESIAN_POINT('Ctrl Pts',(49.6104653916011,-146.535533905938,16.4644660940672));
#10365=CARTESIAN_POINT('Ctrl Pts',(46.3987343294751,-146.689930482429,14.6978589175728));
#10366=CARTESIAN_POINT('Ctrl Pts',(47.3751752745751,-146.952407837658,15.5695085881322));
#10367=CARTESIAN_POINT('Ctrl Pts',(48.5001929723677,-146.861673858791,16.1383261412137));
#10368=CARTESIAN_POINT('Ctrl Pts',(49.6104653916011,-146.535533905938,16.4644660940672));
#10369=CARTESIAN_POINT('Ctrl Pts',(47.2731035015631,-147.682340990605,14.0794554992053));
#10370=CARTESIAN_POINT('Ctrl Pts',(48.0710340731727,-147.568056068118,15.1744275390016));
#10371=CARTESIAN_POINT('Ctrl Pts',(48.8496605578443,-147.108784758287,15.8912152417183));
#10372=CARTESIAN_POINT('Ctrl Pts',(49.6104653916011,-146.535533905938,16.4644660940672));
#10373=CARTESIAN_POINT('Ctrl Pts',(48.4150777718295,-148.000347691662,13.272130578137));
#10374=CARTESIAN_POINT('Ctrl Pts',(48.7833509189952,-147.909719817259,14.5428625747004));
#10375=CARTESIAN_POINT('Ctrl Pts',(49.1991281433209,-147.355895657782,15.6441043422229));
#10376=CARTESIAN_POINT('Ctrl Pts',(49.6104653916011,-146.535533905938,16.4644660940672));
#10377=CARTESIAN_POINT('Ctrl Pts',(48.9043191882286,-147.999999088177,12.9263072861324));
#10378=CARTESIAN_POINT('Ctrl Pts',(49.0890006933452,-148.000710721846,14.2359975977004));
#10379=CARTESIAN_POINT('Ctrl Pts',(49.3489187490857,-147.461813610876,15.5381863891287));
#10380=CARTESIAN_POINT('Ctrl Pts',(49.6104653916011,-146.535533905938,16.4644660940672));
#10381=CARTESIAN_POINT('Origin',(49.6104653916011,-143.000000000005,12.9289321881347));
#10382=CARTESIAN_POINT('Origin',(49.6104653916011,-143.000000000005,12.9289321881347));
#10383=CARTESIAN_POINT('Origin',(49.6104653916011,-145.726966094068,10.2019660940712));
#10384=CARTESIAN_POINT('',(44.6104653916011,-143.649999999999,12.2789321881404));
#10385=CARTESIAN_POINT('',(44.6104653916011,-145.726966094068,10.2019660940712));
#10386=CARTESIAN_POINT('',(45.1104653916011,-144.149999999999,14.8611391896255));
#10387=CARTESIAN_POINT('Ctrl Pts',(45.1104653916011,-144.149999999999,14.8611391896252));
#10388=CARTESIAN_POINT('Ctrl Pts',(44.9787735808703,-144.149999999999,14.4766010012406));
#10389=CARTESIAN_POINT('Ctrl Pts',(44.8395005394188,-144.086141929003,14.0135341025935));
#10390=CARTESIAN_POINT('Ctrl Pts',(44.6677657096772,-143.914407099262,13.2039795597977));
#10391=CARTESIAN_POINT('Ctrl Pts',(44.6104653916011,-143.771423908391,12.700532506266));
#10392=CARTESIAN_POINT('Ctrl Pts',(44.6104653916011,-143.649999999999,12.2789321881405));
#10393=CARTESIAN_POINT('',(46.4563994687526,-144.149999999999,17.2656193770241));
#10394=CARTESIAN_POINT('Origin',(49.6104653916011,-144.149999999999,11.7789321881408));
#10395=CARTESIAN_POINT('',(46.9350807860229,-144.505555559136,17.3970383538567));
#10396=CARTESIAN_POINT('Ctrl Pts',(46.935080786267,-144.505555559944,17.3970383550662));
#10397=CARTESIAN_POINT('Ctrl Pts',(46.931762615984,-144.494559317222,17.4050624235686));
#10398=CARTESIAN_POINT('Ctrl Pts',(46.9280170079525,-144.483517926302,17.4127411959805));
#10399=CARTESIAN_POINT('Ctrl Pts',(46.912064306704,-144.441512818853,17.4403725959018));
#10400=CARTESIAN_POINT('Ctrl Pts',(46.8967735588148,-144.410572349971,17.4574499660988));
#10401=CARTESIAN_POINT('Ctrl Pts',(46.8586111873382,-144.350865531808,17.4819327908296));
#10402=CARTESIAN_POINT('Ctrl Pts',(46.8357564666753,-144.32209678126,17.4893587293509));
#10403=CARTESIAN_POINT('Ctrl Pts',(46.7882145984939,-144.274832059931,17.4911413697014));
#10404=CARTESIAN_POINT('Ctrl Pts',(46.763922568988,-144.254578624401,17.4878099552252));
#10405=CARTESIAN_POINT('Ctrl Pts',(46.7136284894979,-144.22016078533,17.472325794571));
#10406=CARTESIAN_POINT('Ctrl Pts',(46.6876476118511,-144.205934608934,17.4602417308583));
#10407=CARTESIAN_POINT('Ctrl Pts',(46.5923048486226,-144.162393197614,17.4054404574306));
#10408=CARTESIAN_POINT('Ctrl Pts',(46.5148551019866,-144.149999999999,17.332826751687));
#10409=CARTESIAN_POINT('Ctrl Pts',(46.4563994687526,-144.149999999999,17.2656193770236));
#10410=CARTESIAN_POINT('Ctrl Pts',(49.6104653916014,-145.436140661638,17.563859338367));
#10411=CARTESIAN_POINT('Ctrl Pts',(49.4813602346,-145.526037954048,17.4739620459573));
#10412=CARTESIAN_POINT('Ctrl Pts',(49.3263107953914,-145.604384804858,17.3872469254996));
#10413=CARTESIAN_POINT('Ctrl Pts',(49.0120987499002,-145.712503755148,17.2407168109426));
#10414=CARTESIAN_POINT('Ctrl Pts',(48.796764126081,-145.75,17.1609152306656));
#10415=CARTESIAN_POINT('Ctrl Pts',(48.4173393239202,-145.75,17.0513847248339));
#10416=CARTESIAN_POINT('Ctrl Pts',(48.2061447926315,-145.715747113517,17.0061008294077));
#10417=CARTESIAN_POINT('Ctrl Pts',(47.8089061537516,-145.569957349628,16.9617549948679));
#10418=CARTESIAN_POINT('Ctrl Pts',(47.6228358903144,-145.45831727305,16.9632685580572));
#10419=CARTESIAN_POINT('Ctrl Pts',(47.3642956982177,-145.236761447572,17.0117986233452));
#10420=CARTESIAN_POINT('Ctrl Pts',(47.2692739478433,-145.132424211626,17.045849573935));
#10421=CARTESIAN_POINT('Ctrl Pts',(47.10972761376,-144.910475271794,17.1429361850126));
#10422=CARTESIAN_POINT('Ctrl Pts',(47.045182296903,-144.792914215424,17.2060535338801));
#10423=CARTESIAN_POINT('Ctrl Pts',(46.9722602224072,-144.618497543451,17.3172045654727));
#10424=CARTESIAN_POINT('Ctrl Pts',(46.9520550996028,-144.561807543905,17.3559907193466));
#10425=CARTESIAN_POINT('Ctrl Pts',(46.9350807862669,-144.505555559944,17.3970383550661));
#10426=CARTESIAN_POINT('Origin',(45.3304543028871,-143.000000000005,12.9289321881347));
#10427=CARTESIAN_POINT('Ctrl Pts',(42.0504432141675,-141.1,-5.65));
#10428=CARTESIAN_POINT('Ctrl Pts',(42.0504432141675,-141.09808210078,-5.6500005077322));
#10429=CARTESIAN_POINT('Ctrl Pts',(42.0504541927163,-141.096170677377,-5.65000080376453));
#10430=CARTESIAN_POINT('Ctrl Pts',(42.0508369740591,-140.873777747315,-5.65005289303487));
#10431=CARTESIAN_POINT('Ctrl Pts',(42.1773186488482,-140.561505876372,-5.65012022518446));
#10432=CARTESIAN_POINT('Ctrl Pts',(42.436968335814,-140.294705506845,-5.65008821254528));
#10433=CARTESIAN_POINT('Ctrl Pts',(42.5536513228243,-140.230291557833,-5.64999967157185));
#10434=CARTESIAN_POINT('Ctrl Pts',(42.6072968424101,-140.203729233183,-5.64995766807244));
#10435=CARTESIAN_POINT('Ctrl Pts',(42.0504432141675,-141.1,-5.65));
#10436=CARTESIAN_POINT('Ctrl Pts',(42.0504432141675,-141.098590245643,-5.64962878334812));
#10437=CARTESIAN_POINT('Ctrl Pts',(42.0503809514689,-141.096624164201,-5.64941241840195));
#10438=CARTESIAN_POINT('Ctrl Pts',(42.0522504464243,-140.916047219334,-5.61133061394999));
#10439=CARTESIAN_POINT('Ctrl Pts',(42.0912083754538,-140.635843237625,-5.56211043824531));
#10440=CARTESIAN_POINT('Ctrl Pts',(42.212934799965,-140.308992777395,-5.58557389242784));
#10441=CARTESIAN_POINT('Ctrl Pts',(42.2884548770529,-140.219729242463,-5.65035303345776));
#10442=CARTESIAN_POINT('Ctrl Pts',(42.3283007993517,-140.211072617642,-5.68107170938278));
#10443=CARTESIAN_POINT('Ctrl Pts',(42.0504432141675,-141.1,-5.65));
#10444=CARTESIAN_POINT('Ctrl Pts',(42.0504432141675,-141.098708478104,-5.64931826755252));
#10445=CARTESIAN_POINT('Ctrl Pts',(42.0504432141675,-141.097454450235,-5.64876225553313));
#10446=CARTESIAN_POINT('Ctrl Pts',(42.0504432141671,-140.949902463085,-5.57430054124796));
#10447=CARTESIAN_POINT('Ctrl Pts',(42.0504432141674,-140.727298273065,-5.46597003189283));
#10448=CARTESIAN_POINT('Ctrl Pts',(42.0504432141673,-140.393688526219,-5.38133299635669));
#10449=CARTESIAN_POINT('Ctrl Pts',(42.0504432141675,-140.227522049521,-5.40265632576993));
#10450=CARTESIAN_POINT('Ctrl Pts',(42.0504432141675,-140.154121061344,-5.43976702417724));
#10451=CARTESIAN_POINT('Ctrl Pts',(42.0504432141675,-141.1,-5.65));
#10452=CARTESIAN_POINT('Ctrl Pts',(42.0504432141675,-141.099041397323,-5.6490413973281));
#10453=CARTESIAN_POINT('Ctrl Pts',(42.0504432141675,-141.098081114959,-5.64808105813644));
#10454=CARTESIAN_POINT('Ctrl Pts',(42.0504432141671,-140.987651694325,-5.53767073574934));
#10455=CARTESIAN_POINT('Ctrl Pts',(42.0504432141674,-140.818894695656,-5.37069386812601));
#10456=CARTESIAN_POINT('Ctrl Pts',(42.0504432141673,-140.483525506116,-5.17063614345984));
#10457=CARTESIAN_POINT('Ctrl Pts',(42.0504432141675,-140.241703138112,-5.13059014642063));
#10458=CARTESIAN_POINT('Ctrl Pts',(42.0504432141675,-140.089622035864,-5.16648358731751));
#10459=CARTESIAN_POINT('',(42.2023764256563,-140.570110650962,-5.64910582726923));
#10460=CARTESIAN_POINT('',(42.0504432141675,-140.100198741607,-5.16409099952112));
#10461=CARTESIAN_POINT('Ctrl Pts',(42.2023764256562,-140.570110650961,-5.64910582726922));
#10462=CARTESIAN_POINT('Ctrl Pts',(42.2069383999643,-140.561941190177,-5.64861659261901));
#10463=CARTESIAN_POINT('Ctrl Pts',(42.2114688696657,-140.553759422245,-5.64792527015292));
#10464=CARTESIAN_POINT('Ctrl Pts',(42.2353745516696,-140.509860484802,-5.64311842860851));
#10465=CARTESIAN_POINT('Ctrl Pts',(42.2539845033931,-140.473738846552,-5.63514999277359));
#10466=CARTESIAN_POINT('Ctrl Pts',(42.2730593599086,-140.411551024577,-5.61406210745739));
#10467=CARTESIAN_POINT('Ctrl Pts',(42.2746785946241,-140.389539811552,-5.60402997922775));
#10468=CARTESIAN_POINT('Ctrl Pts',(42.27083271352,-140.3497907454,-5.58354660719278));
#10469=CARTESIAN_POINT('Ctrl Pts',(42.2639385402678,-140.328469928739,-5.5707345207789));
#10470=CARTESIAN_POINT('Ctrl Pts',(42.2341378096624,-140.27529393009,-5.53215089021433));
#10471=CARTESIAN_POINT('Ctrl Pts',(42.2083375146389,-140.246970750043,-5.50614466359854));
#10472=CARTESIAN_POINT('Ctrl Pts',(42.1565462367396,-140.19669235462,-5.44803767953295));
#10473=CARTESIAN_POINT('Ctrl Pts',(42.1225482493398,-140.167592873882,-5.40761558374437));
#10474=CARTESIAN_POINT('Ctrl Pts',(42.0816627092675,-140.131360121923,-5.32695746029664));
#10475=CARTESIAN_POINT('Ctrl Pts',(42.0703288516356,-140.121009239946,-5.29710730840946));
#10476=CARTESIAN_POINT('Ctrl Pts',(42.0545027410492,-140.105707742569,-5.23250313294629));
#10477=CARTESIAN_POINT('Ctrl Pts',(42.0504432139505,-140.101172450805,-5.19863309713639));
#10478=CARTESIAN_POINT('Ctrl Pts',(42.0504432141675,-140.100198596902,-5.16409104189114));
#10479=CARTESIAN_POINT('',(42.184417810383,-140.6,-5.65));
#10480=CARTESIAN_POINT('Ctrl Pts',(42.184417810383,-140.6,-5.65));
#10481=CARTESIAN_POINT('Ctrl Pts',(42.1904040154741,-140.590030940237,-5.65000000000001));
#10482=CARTESIAN_POINT('Ctrl Pts',(42.1963902205652,-140.580061882601,-5.64970176468287));
#10483=CARTESIAN_POINT('Ctrl Pts',(42.2023764256563,-140.570110650962,-5.64910582726923));
#10484=CARTESIAN_POINT('',(42.0507252218546,-141.076252666549,-5.65));
#10485=CARTESIAN_POINT('Origin',(43.0504432141674,-141.1,-5.65));
#10486=CARTESIAN_POINT('',(42.0504432141675,-141.1,-5.65));
#10487=CARTESIAN_POINT('Origin',(43.0504432141674,-141.1,-5.65));
#10488=CARTESIAN_POINT('Ctrl Pts',(42.0504432141675,-140.100199032023,-5.16409095048305));
#10489=CARTESIAN_POINT('Ctrl Pts',(42.0504432141675,-140.249158150782,-5.13184535926419));
#10490=CARTESIAN_POINT('Ctrl Pts',(42.0504432141673,-140.486631205376,-5.17248878570272));
#10491=CARTESIAN_POINT('Ctrl Pts',(42.0504432141674,-140.818894695656,-5.37069386812601));
#10492=CARTESIAN_POINT('Ctrl Pts',(42.0504432141671,-140.987651694325,-5.53767073574934));
#10493=CARTESIAN_POINT('Ctrl Pts',(42.0504432141675,-141.098081114959,-5.64808105813644));
#10494=CARTESIAN_POINT('Ctrl Pts',(42.0504432141675,-141.099041397323,-5.6490413973281));
#10495=CARTESIAN_POINT('Ctrl Pts',(42.0504432141675,-141.1,-5.65));
#10496=CARTESIAN_POINT('Origin',(42.0504432141677,-153.360032901126,-9.65));
#10497=CARTESIAN_POINT('',(42.0504432141674,-140.1,-5.15));
#10498=CARTESIAN_POINT('',(42.0504432141674,-140.1,-5.65));
#10499=CARTESIAN_POINT('Origin',(42.0504432141675,-140.6,-5.15));
#10500=CARTESIAN_POINT('',(42.0504432141675,-141.1,-9.65));
#10501=CARTESIAN_POINT('',(42.0504432141675,-141.1,-9.65));
#10502=CARTESIAN_POINT('',(42.0504432141677,-153.360032901126,-9.65));
#10503=CARTESIAN_POINT('Origin',(68.0252216070838,-140.599999999999,-5.15));
#10504=CARTESIAN_POINT('',(43.0504432141674,-140.1,-5.15));
#10505=CARTESIAN_POINT('Ctrl Pts',(43.0504432141674,-140.099999999999,-5.15));
#10506=CARTESIAN_POINT('Ctrl Pts',(42.9599089644578,-140.099999999999,-5.21401738189928));
#10507=CARTESIAN_POINT('Ctrl Pts',(42.8613522835997,-140.11292564894,-5.28380346273045));
#10508=CARTESIAN_POINT('Ctrl Pts',(42.6689819101272,-140.170183601021,-5.41533479965049));
#10509=CARTESIAN_POINT('Ctrl Pts',(42.5751144895939,-140.214574550085,-5.47697591403059));
#10510=CARTESIAN_POINT('Ctrl Pts',(42.4361610560546,-140.308000677998,-5.55899290124381));
#10511=CARTESIAN_POINT('Ctrl Pts',(42.37714555099,-140.356537281409,-5.59096560551853));
#10512=CARTESIAN_POINT('Ctrl Pts',(42.2783094054985,-140.461120872726,-5.63310223014341));
#10513=CARTESIAN_POINT('Ctrl Pts',(42.236864052166,-140.514914578969,-5.64580036664114));
#10514=CARTESIAN_POINT('Ctrl Pts',(42.2023764256563,-140.570110650962,-5.64910582726923));
#10515=CARTESIAN_POINT('',(68.0252216070838,-140.099999999999,-5.15));
#10516=CARTESIAN_POINT('Origin',(118.999842956639,-157.566399692442,-26.184658714248));
#10517=CARTESIAN_POINT('',(124.359752605617,-157.566399692442,-22.));
#10518=CARTESIAN_POINT('Origin',(92.9635861699563,-151.823759005324,-22.));
#10519=CARTESIAN_POINT('',(50.31611642219,-152.506480216852,-22.));
#10520=CARTESIAN_POINT('Origin',(50.6696698127832,-152.860033607445,-22.));
#10521=CARTESIAN_POINT('',(52.6725966390432,-150.15,-22.));
#10522=CARTESIAN_POINT('',(62.3269042704435,-140.495692368602,-22.));
#10523=CARTESIAN_POINT('',(130.27440728296,-150.149999999998,-22.));
#10524=CARTESIAN_POINT('',(107.202597034015,-150.149999999999,-22.));
#10525=CARTESIAN_POINT('',(122.562703094275,-157.861704188684,-22.));
#10526=CARTESIAN_POINT('Origin',(140.565828639199,-140.565685424946,3.47529915601802E-19));
#10527=CARTESIAN_POINT('',(134.361119176929,-146.098948530381,15.0000000000003));
#10528=CARTESIAN_POINT('',(134.11760544623,-146.306801836729,15.));
#10529=CARTESIAN_POINT('Ctrl Pts',(134.36111917693,-146.098948530382,15.));
#10530=CARTESIAN_POINT('Ctrl Pts',(134.273257200105,-146.162589103044,15.));
#10531=CARTESIAN_POINT('Ctrl Pts',(134.188144086154,-146.236263196804,15.));
#10532=CARTESIAN_POINT('Ctrl Pts',(134.117605446229,-146.306801836729,15.));
#10533=CARTESIAN_POINT('Ctrl Pts',(134.696842355347,-146.434671708798,14.6065053999895));
#10534=CARTESIAN_POINT('Ctrl Pts',(134.655106637567,-146.392935991018,14.6065053999894));
#10535=CARTESIAN_POINT('Ctrl Pts',(134.606200257041,-146.344029610491,14.6217670475699));
#10536=CARTESIAN_POINT('Ctrl Pts',(134.5271876366,-146.265016990051,14.6719697628476));
#10537=CARTESIAN_POINT('Ctrl Pts',(134.483935275153,-146.221764628604,14.7173646872263));
#10538=CARTESIAN_POINT('Ctrl Pts',(134.420551189166,-146.158380542617,14.8148822633484));
#10539=CARTESIAN_POINT('Ctrl Pts',(134.390328534402,-146.128157887853,14.8857693537019));
#10540=CARTESIAN_POINT('Ctrl Pts',(134.368639175768,-146.106468529219,14.9659947841094));
#10541=CARTESIAN_POINT('Ctrl Pts',(134.364652317109,-146.10248167056,14.9827064830283));
#10542=CARTESIAN_POINT('Ctrl Pts',(134.36111917693,-146.098948530382,15.0000000000007));
#10543=CARTESIAN_POINT('Origin',(140.212275248606,-140.212132034353,3.47529915601802E-19));
#10544=CARTESIAN_POINT('Origin',(134.343288964754,-146.081118318205,-9.65));
#10545=CARTESIAN_POINT('',(130.27440728296,-150.149999999998,-19.));
#10546=CARTESIAN_POINT('',(130.27440728296,-150.149999999998,-15.825));
#10547=CARTESIAN_POINT('',(125.858007590517,-154.566399692441,-14.583600307557));
#10548=CARTESIAN_POINT('',(127.864167997337,-152.560239285622,-16.5897607143763));
#10549=CARTESIAN_POINT('',(125.858007590517,-154.566399692441,15.));
#10550=CARTESIAN_POINT('',(125.858007590517,-154.566399692441,-9.65));
#10551=CARTESIAN_POINT('',(118.320062407157,-162.104344875802,15.));
#10552=CARTESIAN_POINT('Origin',(92.9635861699563,-151.823759005324,15.));
#10553=CARTESIAN_POINT('',(125.434023437808,-137.171852791282,15.));
#10554=CARTESIAN_POINT('',(114.740542217376,-143.4489343193,15.));
#10555=CARTESIAN_POINT('Origin',(50.6696698127832,-152.860033607445,-9.65));
#10556=CARTESIAN_POINT('',(50.31611642219,-152.506480216852,-9.65));
#10557=CARTESIAN_POINT('Origin',(50.6696698127832,-152.860033607445,-9.65));
#10558=CARTESIAN_POINT('',(50.31611642219,-152.506480216852,-9.65));
#10559=CARTESIAN_POINT('Origin',(52.6725966390432,-150.15,-9.65));
#10560=CARTESIAN_POINT('',(52.6725966390432,-150.15,-9.65));
#10561=CARTESIAN_POINT('',(60.7959496673842,-142.026646971661,-9.65));
#10562=CARTESIAN_POINT('',(52.6725966390432,-150.15,-9.65));
#10563=CARTESIAN_POINT('Origin',(50.7645313144606,-144.649999999999,22.));
#10564=CARTESIAN_POINT('',(50.2858499982709,-144.505555555555,22.));
#10565=CARTESIAN_POINT('Origin',(48.6104653916066,-144.,22.));
#10566=CARTESIAN_POINT('',(46.9350807849424,-144.505555555555,22.));
#10567=CARTESIAN_POINT('Origin',(46.4563994687526,-144.649999999999,22.));
#10568=CARTESIAN_POINT('',(46.4563994687526,-144.149999999999,22.));
#10569=CARTESIAN_POINT('Origin',(52.0592975721606,-149.075000000002,0.471273043161999));
#10570=CARTESIAN_POINT('',(50.5592975721606,-150.149999999999,0.471273043161998));
#10571=CARTESIAN_POINT('',(53.1706095819032,-150.15,-0.536191902631127));
#10572=CARTESIAN_POINT('Origin',(52.0592975721606,-150.149999999999,0.471273043161999));
#10573=CARTESIAN_POINT('',(53.1706095819031,-149.075000000002,-0.536191902631123));
#10574=CARTESIAN_POINT('',(50.5592975721606,-149.075000000002,0.471273043161999));
#10575=CARTESIAN_POINT('Origin',(121.441607898075,-150.149999999999,-9.65));
#10576=CARTESIAN_POINT('',(50.5592975721603,-150.149999999999,12.7666716748852));
#10577=CARTESIAN_POINT('',(50.5592975721606,-150.149999999999,-5.65));
#10578=CARTESIAN_POINT('',(57.8948392506871,-150.149999999999,4.67499999999999));
#10579=CARTESIAN_POINT('',(72.1242771360124,-150.149999999999,-11.0211741248465));
#10580=CARTESIAN_POINT('',(68.6638777190086,-150.149999999999,16.5540850572014));
#10581=CARTESIAN_POINT('Origin',(57.8948392506871,-150.149999999999,4.67499999999999));
#10582=CARTESIAN_POINT('',(57.8948392506871,-150.149999999999,4.67499999999999));
#10583=CARTESIAN_POINT('Origin',(65.1782454738639,-147.500000000005,-5.15));
#10584=CARTESIAN_POINT('',(54.1944986837774,-147.500000000005,-5.65));
#10585=CARTESIAN_POINT('Ctrl Pts',(54.1944986837776,-147.500000000005,-5.65));
#10586=CARTESIAN_POINT('Ctrl Pts',(54.1976266706992,-147.502159087917,-5.65));
#10587=CARTESIAN_POINT('Ctrl Pts',(54.2007450745543,-147.504309668852,-5.6499860144782));
#10588=CARTESIAN_POINT('Ctrl Pts',(54.2933536330193,-147.568125803657,-5.64916253483581));
#10589=CARTESIAN_POINT('Ctrl Pts',(54.4010293127251,-147.640295092681,-5.63464685314374));
#10590=CARTESIAN_POINT('Ctrl Pts',(54.5501886095421,-147.748562818695,-5.58680343267357));
#10591=CARTESIAN_POINT('Ctrl Pts',(54.6226173518945,-147.804903602154,-5.55220317903751));
#10592=CARTESIAN_POINT('Ctrl Pts',(54.6667210383913,-147.853553390598,-5.50355339059328));
#10593=CARTESIAN_POINT('Ctrl Pts',(54.6837090320028,-147.87229246574,-5.48481431545155));
#10594=CARTESIAN_POINT('Ctrl Pts',(54.6988726641028,-147.89253288735,-5.46138915733241));
#10595=CARTESIAN_POINT('Ctrl Pts',(54.7169144821225,-147.929365771889,-5.40824457934249));
#10596=CARTESIAN_POINT('Ctrl Pts',(54.7196742805606,-147.945876671418,-5.37842858062928));
#10597=CARTESIAN_POINT('Ctrl Pts',(54.7148526943513,-147.972192249776,-5.31800447699931));
#10598=CARTESIAN_POINT('Ctrl Pts',(54.7061021744737,-147.983176436177,-5.283273289485));
#10599=CARTESIAN_POINT('Ctrl Pts',(54.6807767047669,-147.997073020821,-5.21449192424145));
#10600=CARTESIAN_POINT('Ctrl Pts',(54.664269524982,-148.000000000005,-5.1804197585699));
#10601=CARTESIAN_POINT('Ctrl Pts',(54.6477759528803,-148.000000000005,-5.15));
#10602=CARTESIAN_POINT('',(48.6104653916067,-147.500000000005,-5.65));
#10603=CARTESIAN_POINT('',(65.1782454738639,-147.500000000005,-5.65));
#10604=CARTESIAN_POINT('Origin',(48.6104653916067,-147.500000000005,-5.15));
#10605=CARTESIAN_POINT('Origin',(48.6104653916066,-144.,-5.15));
#10606=CARTESIAN_POINT('',(44.6104653916011,-144.,-5.15));
#10607=CARTESIAN_POINT('',(45.1104653916011,-144.,-5.65));
#10608=CARTESIAN_POINT('Origin',(45.1104653916011,-144.,-5.15));
#10609=CARTESIAN_POINT('Origin',(48.6104653916066,-144.,-5.15));
#10610=CARTESIAN_POINT('Origin',(48.6104653916066,-144.,-5.65));
#10611=CARTESIAN_POINT('Origin',(45.1104653916011,-143.415008401861,-5.15));
#10612=CARTESIAN_POINT('',(44.610465391601,-140.1,-5.15));
#10613=CARTESIAN_POINT('',(45.110465391601,-140.1,-5.65));
#10614=CARTESIAN_POINT('Origin',(45.110465391601,-140.1,-5.15));
#10615=CARTESIAN_POINT('',(44.6104653916011,-143.415008401861,-5.15));
#10616=CARTESIAN_POINT('',(45.1104653916011,-143.415008401861,-5.65));
#10617=CARTESIAN_POINT('Origin',(44.610465391601,-140.1,-5.65));
#10618=CARTESIAN_POINT('',(44.6104653916011,-143.649999999999,7.17499999999999));
#10619=CARTESIAN_POINT('',(44.6104653916011,-144.,-5.65));
#10620=CARTESIAN_POINT('',(44.610465391601,-140.1,-5.65));
#10621=CARTESIAN_POINT('Origin',(48.6104653916066,-144.,-5.65));
#10622=CARTESIAN_POINT('Origin',(55.4416526602384,-146.797639516115,-4.7310401403296));
#10623=CARTESIAN_POINT('',(57.3694382608579,-150.15,-0.371214710652346));
#10624=CARTESIAN_POINT('',(57.5192039783809,-150.15,-3.50000000000512));
#10625=CARTESIAN_POINT('Origin',(58.4807502706005,-150.15,-1.37867965644548));
#10626=CARTESIAN_POINT('',(55.5701117212462,-148.000000000005,-5.65));
#10627=CARTESIAN_POINT('',(55.4416526602384,-147.858299687895,-5.79170031210941));
#10628=CARTESIAN_POINT('Origin',(54.6085654290266,-145.878679656445,-5.65));
#10629=CARTESIAN_POINT('',(54.3303406504958,-146.797639516115,-3.72357519453647));
#10630=CARTESIAN_POINT('Origin',(121.441607898075,-150.149999999999,-9.65));
#10631=CARTESIAN_POINT('',(59.9194731791202,-150.149999999999,2.44167167488522));
#10632=CARTESIAN_POINT('',(67.1197358537043,-150.149999999999,10.3841201114083));
#10633=CARTESIAN_POINT('',(65.3059226005129,-150.149999999999,-3.50000000000578));
#10634=CARTESIAN_POINT('',(76.8043649394924,-150.149999999999,-16.1836741248465));
#10635=CARTESIAN_POINT('',(86.0004527351176,-150.149999999999,-3.50000000000516));
#10636=CARTESIAN_POINT('Origin',(50.5592975721606,-150.149999999999,-3.50000000000578));
#10637=CARTESIAN_POINT('',(61.419694234659,-154.436811440546,0.786811440541005));
#10638=CARTESIAN_POINT('',(66.1526615641408,-148.000000000005,-5.65));
#10639=CARTESIAN_POINT('Origin',(125.858007590517,-154.566399692441,-14.583600307557));
#10640=CARTESIAN_POINT('',(121.441607898074,-150.149999999999,-19.));
#10641=CARTESIAN_POINT('',(126.680274308444,-155.388666410368,-13.7613335896308));
#10642=CARTESIAN_POINT('',(121.441607898074,-150.149999999999,-19.));
#10643=CARTESIAN_POINT('Origin',(125.858007590517,-154.566399692441,-9.65));
#10644=CARTESIAN_POINT('',(121.441607898075,-150.149999999999,-9.65));
#10645=CARTESIAN_POINT('',(121.441607898075,-150.149999999999,-9.65));
#10646=CARTESIAN_POINT('',(118.291607898098,-147.000000000022,-9.65));
#10647=CARTESIAN_POINT('',(118.291607898098,-147.000000000022,-9.65));
#10648=CARTESIAN_POINT('',(118.291607898098,-147.000000000022,-5.65));
#10649=CARTESIAN_POINT('',(118.291607898098,-147.000000000022,-9.65));
#10650=CARTESIAN_POINT('',(119.29160789808,-148.000000000004,-5.65));
#10651=CARTESIAN_POINT('',(118.291607898098,-147.000000000022,-5.65));
#10652=CARTESIAN_POINT('',(109.090389510423,-137.798781612348,-15.8512183876566));
#10653=CARTESIAN_POINT('Origin',(91.,-139.999999999999,19.));
#10654=CARTESIAN_POINT('',(95.,-139.999999999999,19.));
#10655=CARTESIAN_POINT('',(95.,-139.999999999999,19.));
#10656=CARTESIAN_POINT('Origin',(91.,-139.999999999999,19.));
#10657=CARTESIAN_POINT('Origin',(91.,-139.999999999999,19.));
#10658=CARTESIAN_POINT('',(89.,-139.999999999999,19.));
#10659=CARTESIAN_POINT('',(89.,-139.999999999999,19.));
#10660=CARTESIAN_POINT('Origin',(91.,-139.999999999999,19.));
#10661=CARTESIAN_POINT('Origin',(91.,-140.074999999999,19.));
#10662=CARTESIAN_POINT('',(95.0000000000001,-144.149999999999,19.));
#10663=CARTESIAN_POINT('Origin',(50.5592975721606,-150.149999999999,-3.50000000000578));
#10664=CARTESIAN_POINT('',(87.0262738144327,-150.149999999998,-3.50000000000578));
#10665=CARTESIAN_POINT('',(79.97709665475,-157.925789390061,4.27578939005713));
#10666=CARTESIAN_POINT('',(66.1526615641408,-148.000000000005,-5.65));
#10667=CARTESIAN_POINT('',(76.2533749716473,-150.149999999999,-3.50000000000578));
#10668=CARTESIAN_POINT('',(71.8825785798463,-145.328672426637,-8.32132757336765));
#10669=CARTESIAN_POINT('',(86.0004527351176,-150.149999999999,-3.50000000000516));
#10670=CARTESIAN_POINT('Origin',(50.5592975721606,-150.149999999999,-3.50000000000578));
#10671=CARTESIAN_POINT('',(95.0000000000001,-148.000000000004,-5.65));
#10672=CARTESIAN_POINT('',(66.1526615641408,-148.000000000005,-5.65));
#10673=CARTESIAN_POINT('',(95.0000000000001,-147.1125,-6.53750000000417));
#10674=CARTESIAN_POINT('Origin',(81.7460255561211,-146.730016803722,-5.65));
#10675=CARTESIAN_POINT('',(95.0000000000001,-147.000000000002,-5.65));
#10676=CARTESIAN_POINT('',(95.0000000000001,-147.000000000002,-5.65));
#10677=CARTESIAN_POINT('',(95.0000000000001,-145.44000840186,-5.65));
#10678=CARTESIAN_POINT('Origin',(95.0000000000001,-144.149999999999,-9.65));
#10679=CARTESIAN_POINT('',(95.0000000000001,-147.000000000002,-9.65));
#10680=CARTESIAN_POINT('',(95.0000000000001,-147.000000000002,-9.65));
#10681=CARTESIAN_POINT('',(95.0000000000001,-143.499999999999,-9.65));
#10682=CARTESIAN_POINT('Origin',(81.63982439304,-150.149999999999,2.44167167488522));
#10683=CARTESIAN_POINT('',(81.63982439304,-150.149999999999,2.44167167488522));
#10684=CARTESIAN_POINT('',(93.6256396915545,-150.149999999999,-10.779612642168));
#10685=CARTESIAN_POINT('',(81.63982439304,-150.149999999999,2.44167167488522));
#10686=CARTESIAN_POINT('Origin',(81.7460255561211,-146.730016803722,-5.65));
#10687=CARTESIAN_POINT('',(54.6104653916115,-147.,-5.65));
#10688=CARTESIAN_POINT('',(54.6104653916115,-147.,-5.65));
#10689=CARTESIAN_POINT('',(52.6104653916122,-145.,-5.65));
#10690=CARTESIAN_POINT('Origin',(54.6104653916122,-145.,-5.65));
#10691=CARTESIAN_POINT('',(52.6104653916122,-144.,-5.65));
#10692=CARTESIAN_POINT('',(52.6104653916122,-144.,-5.65));
#10693=CARTESIAN_POINT('',(49.4992848333631,-140.1,-5.65));
#10694=CARTESIAN_POINT('Origin',(48.6104653916066,-144.,-5.65));
#10695=CARTESIAN_POINT('',(43.0504432141675,-140.1,-5.65));
#10696=CARTESIAN_POINT('',(46.6104653916066,-144.,-5.65));
#10697=CARTESIAN_POINT('Origin',(48.6104653916066,-144.,-5.65));
#10698=CARTESIAN_POINT('Origin',(52.5839315005935,-150.149999999999,-5.65));
#10699=CARTESIAN_POINT('',(59.9194731791202,-150.149999999999,2.44167167488522));
#10700=CARTESIAN_POINT('Origin',(45.1104653916011,-143.649999999999,7.17499999999999));
#10701=CARTESIAN_POINT('',(45.1104653916011,-144.149999999999,7.17499999999999));
#10702=CARTESIAN_POINT('Origin',(72.2796487860801,-150.149999999999,12.7666716748852));
#10703=CARTESIAN_POINT('',(79.6151904646069,-150.149999999999,4.67499999999997));
#10704=CARTESIAN_POINT('',(79.6151904646069,-150.149999999999,4.67499999999997));
#10705=CARTESIAN_POINT('',(72.2796487860801,-150.149999999999,12.7666716748852));
#10706=CARTESIAN_POINT('',(88.9455518880746,-150.149999999999,-5.61711264216798));
#10707=CARTESIAN_POINT('',(72.2796487860801,-150.149999999999,12.7666716748852));
#10708=CARTESIAN_POINT('Origin',(61.9441071075533,-150.149999999999,4.67499999999997));
#10709=CARTESIAN_POINT('',(69.2796487860801,-150.149999999999,12.7666716748852));
#10710=CARTESIAN_POINT('',(69.2796487860801,-150.149999999999,12.7666716748852));
#10711=CARTESIAN_POINT('',(61.9441071075533,-150.149999999999,4.67499999999997));
#10712=CARTESIAN_POINT('',(71.7998236571842,-150.149999999999,15.5466201114083));
#10713=CARTESIAN_POINT('',(61.9441071075533,-150.149999999999,4.67499999999997));
#10714=CARTESIAN_POINT('Origin',(83.6644583214731,-150.149999999999,4.67499999999999));
#10715=CARTESIAN_POINT('',(83.6644583214731,-150.149999999999,4.67499999999999));
#10716=CARTESIAN_POINT('',(88.6210984092465,-150.149999999999,10.1425586287298));
#10717=CARTESIAN_POINT('',(83.6644583214731,-150.149999999999,4.67499999999999));
#10718=CARTESIAN_POINT('Origin',(90.9999999999999,-150.149999999999,-3.41667167488524));
#10719=CARTESIAN_POINT('',(99.4170395047771,-150.149999999999,-12.7013193712601));
#10720=CARTESIAN_POINT('Origin',(74.3042827145132,-150.149999999999,-5.65));
#10721=CARTESIAN_POINT('',(83.9410106057665,-150.149999999999,4.98005862872977));
#10722=CARTESIAN_POINT('Origin',(59.9194731791202,-150.149999999999,2.44167167488522));
#10723=CARTESIAN_POINT('Origin',(72.2796487860801,-150.149999999999,-3.4166716748853));
#10724=CARTESIAN_POINT('',(72.2796487860801,-150.149999999999,-3.4166716748853));
#10725=CARTESIAN_POINT('',(72.2796487860801,-150.149999999999,-6.53333583744266));
#10726=CARTESIAN_POINT('',(72.2796487860801,-150.149999999999,-3.4166716748853));
#10727=CARTESIAN_POINT('Origin',(79.6151904646069,-150.149999999999,4.67499999999997));
#10728=CARTESIAN_POINT('',(85.4851524710707,-150.149999999999,11.1500235745228));
#10729=CARTESIAN_POINT('Origin',(69.2796487860801,-150.149999999999,-3.4166716748853));
#10730=CARTESIAN_POINT('',(69.2796487860801,-150.149999999999,-3.4166716748853));
#10731=CARTESIAN_POINT('',(82.5957647527148,-150.149999999999,-18.1053808539387));
#10732=CARTESIAN_POINT('',(69.2796487860801,-150.149999999999,-3.4166716748853));
#10733=CARTESIAN_POINT('Origin',(69.2796487860801,-150.149999999999,12.7666716748852));
#10734=CARTESIAN_POINT('',(69.2796487860801,-150.149999999999,1.5583358374426));
#10735=CARTESIAN_POINT('Origin',(50.5592975721603,-150.149999999999,12.7666716748852));
#10736=CARTESIAN_POINT('',(50.5592975721606,-149.075000000002,12.766671674885));
#10737=CARTESIAN_POINT('Origin',(67.255014857647,-150.149999999999,15.));
#10738=CARTESIAN_POINT('',(73.3439655224885,-150.149999999999,21.7165850572014));
#10739=CARTESIAN_POINT('Origin',(88.9753660715668,-150.149999999999,15.));
#10740=CARTESIAN_POINT('',(90.1652402745507,-150.149999999999,16.3125235745228));
#10741=CARTESIAN_POINT('Origin',(50.5592975721605,-148.000000000005,-5.65));
#10742=CARTESIAN_POINT('Origin',(121.441607898075,-150.149999999999,-9.65));
#10743=CARTESIAN_POINT('Origin',(121.441607898075,-150.149999999999,-9.65));
#10744=CARTESIAN_POINT('Origin',(121.441607898075,-150.149999999999,-9.65));
#10745=CARTESIAN_POINT('Origin',(121.441607898075,-150.149999999999,-9.65));
#10746=CARTESIAN_POINT('Origin',(121.441607898075,-150.149999999999,-9.65));
#10747=CARTESIAN_POINT('Origin',(81.7460255561211,-146.730016803722,-9.65));
#10748=CARTESIAN_POINT('',(43.0504432141675,-140.1,-9.65));
#10749=CARTESIAN_POINT('Origin',(43.0504432141674,-141.1,-9.65));
#10750=CARTESIAN_POINT('',(49.4992848333631,-140.1,-9.65));
#10751=CARTESIAN_POINT('',(43.0504432141675,-140.1,-9.65));
#10752=CARTESIAN_POINT('',(52.6104653916122,-144.,-9.65));
#10753=CARTESIAN_POINT('Origin',(48.6104653916066,-144.,-9.65));
#10754=CARTESIAN_POINT('',(52.6104653916122,-145.,-9.65));
#10755=CARTESIAN_POINT('',(52.6104653916122,-144.,-9.65));
#10756=CARTESIAN_POINT('',(54.6104653916115,-147.,-9.65));
#10757=CARTESIAN_POINT('Origin',(54.6104653916122,-145.,-9.65));
#10758=CARTESIAN_POINT('',(54.6104653916115,-147.,-9.65));
#10759=CARTESIAN_POINT('',(95.0000000000001,-147.000000000002,-9.65));
#10760=CARTESIAN_POINT('',(101.593816727098,-150.149999999999,-9.65));
#10761=CARTESIAN_POINT('',(46.6104653916066,-144.,-9.65));
#10762=CARTESIAN_POINT('Origin',(48.6104653916066,-144.,-9.65));
#10763=CARTESIAN_POINT('Origin',(48.6104653916066,-144.,-9.65));
#10764=CARTESIAN_POINT('',(46.6104653916066,-144.,-9.65));
#10765=CARTESIAN_POINT('Origin',(95.0000000000001,-147.000000000002,-9.65));
#10766=CARTESIAN_POINT('Origin',(91.0000000000001,-144.149999999999,-9.65));
#10767=CARTESIAN_POINT('Origin',(54.6104653916115,-147.,-9.65));
#10768=CARTESIAN_POINT('',(54.6104653916115,-147.,-9.65));
#10769=CARTESIAN_POINT('Origin',(54.6104653916122,-145.,-9.65));
#10770=CARTESIAN_POINT('',(52.6104653916122,-145.,-9.65));
#10771=CARTESIAN_POINT('Origin',(52.6104653916122,-144.,-9.65));
#10772=CARTESIAN_POINT('',(52.6104653916122,-144.,-9.65));
#10773=CARTESIAN_POINT('Origin',(48.6104653916066,-144.,-9.65));
#10774=CARTESIAN_POINT('',(49.4992848333631,-140.1,-9.65));
#10775=CARTESIAN_POINT('Origin',(43.0504432141674,-141.1,-9.65));
#10776=CARTESIAN_POINT('',(43.0504432141675,-140.1,-9.65));
#10777=CARTESIAN_POINT('Origin',(121.441607898075,-150.149999999999,-9.65));
#10778=CARTESIAN_POINT('Origin',(121.441607898075,-150.149999999999,-9.65));
#10779=CARTESIAN_POINT('Origin',(136.464609308316,-148.202438661762,-9.65));
#10780=CARTESIAN_POINT('Origin',(-125.787433614155,-138.939619744249,-21.));
#10781=CARTESIAN_POINT('',(-134.343145750505,-146.081118318207,-21.));
#10782=CARTESIAN_POINT('',(-126.494540395341,-138.232512963062,-21.));
#10783=CARTESIAN_POINT('',(-133.636038969319,-146.788225099393,-22.));
#10784=CARTESIAN_POINT('Origin',(-133.63603896932,-146.788225099394,-21.));
#10785=CARTESIAN_POINT('',(-135.050252531694,-148.202438661765,-22.));
#10786=CARTESIAN_POINT('',(-125.787433614155,-138.939619744249,-22.));
#10787=CARTESIAN_POINT('Origin',(-135.050252531694,-148.202438661765,-21.));
#10788=CARTESIAN_POINT('Origin',(-119.294792927061,-163.957898266397,-21.));
#10789=CARTESIAN_POINT('',(-126.686291501015,-156.566399692443,-22.));
#10790=CARTESIAN_POINT('',(-119.294792927061,-163.957898266397,-22.));
#10791=CARTESIAN_POINT('Origin',(-126.686291501015,-156.566399692443,-21.));
#10792=CARTESIAN_POINT('Origin',(-108.789333322429,-156.566399692443,-21.));
#10793=CARTESIAN_POINT('',(-124.359609391369,-156.566399692443,-22.));
#10794=CARTESIAN_POINT('',(-108.789333322429,-156.566399692443,-22.));
#10795=CARTESIAN_POINT('',(-124.303178779641,-156.937209695508,-21.9287087496234));
#10796=CARTESIAN_POINT('Ctrl Pts',(-124.359609391368,-156.566399692443,
-22.));
#10797=CARTESIAN_POINT('Ctrl Pts',(-124.359609391368,-156.691499362028,
-22.));
#10798=CARTESIAN_POINT('Ctrl Pts',(-124.340467818067,-156.820830962897,
-21.9751758451618));
#10799=CARTESIAN_POINT('Ctrl Pts',(-124.303178779641,-156.937209695508,
-21.9287087496234));
#10800=CARTESIAN_POINT('Ctrl Pts',(-124.303172381641,-156.93720792737,-21.9287094555941));
#10801=CARTESIAN_POINT('Ctrl Pts',(-124.291369407388,-156.974044085239,
-21.9140017872286));
#10802=CARTESIAN_POINT('Ctrl Pts',(-124.284046025139,-157.011261121268,
-21.89655175126));
#10803=CARTESIAN_POINT('Ctrl Pts',(-124.278003186778,-157.083667467853,
-21.8568185449056));
#10804=CARTESIAN_POINT('Ctrl Pts',(-124.279276580558,-157.118896712568,
-21.8345222553762));
#10805=CARTESIAN_POINT('Ctrl Pts',(-124.290724964551,-157.185321786188,
-21.7865197738016));
#10806=CARTESIAN_POINT('Ctrl Pts',(-124.300895838279,-157.216514525196,
-21.7608250779265));
#10807=CARTESIAN_POINT('Ctrl Pts',(-124.329612495139,-157.273537576704,
-21.7081422692038));
#10808=CARTESIAN_POINT('Ctrl Pts',(-124.34816539875,-157.299341402043,-21.6811723841333));
#10809=CARTESIAN_POINT('Ctrl Pts',(-124.370849401534,-157.322025404827,
-21.65500365097));
#10810=CARTESIAN_POINT('Origin',(-136.464466094068,-148.202438661764,-9.65));
#10811=CARTESIAN_POINT('',(-134.343145750505,-146.081118318207,-15.1789327688051));
#10812=CARTESIAN_POINT('Ctrl Pts',(-134.343145750506,-146.081118318207,
-15.1789327688053));
#10813=CARTESIAN_POINT('Ctrl Pts',(-134.343145750506,-146.081118318207,
-15.1055019667038));
#10814=CARTESIAN_POINT('Ctrl Pts',(-134.354222860075,-146.092195427776,
-15.0187886783841));
#10815=CARTESIAN_POINT('Ctrl Pts',(-134.390185320154,-146.128157887855,
-14.8857693537019));
#10816=CARTESIAN_POINT('Ctrl Pts',(-134.420407974918,-146.158380542619,
-14.8148822633484));
#10817=CARTESIAN_POINT('Ctrl Pts',(-134.483792060905,-146.221764628606,
-14.7173646872263));
#10818=CARTESIAN_POINT('Ctrl Pts',(-134.527044422352,-146.265016990053,
-14.6719697628476));
#10819=CARTESIAN_POINT('Ctrl Pts',(-134.606057042793,-146.344029610493,
-14.6217670475699));
#10820=CARTESIAN_POINT('Ctrl Pts',(-134.654963423319,-146.39293599102,-14.6065053999894));
#10821=CARTESIAN_POINT('Ctrl Pts',(-134.696699141099,-146.4346717088,-14.6065053999895));
#10822=CARTESIAN_POINT('',(-134.343145750505,-146.081118318207,-9.65));
#10823=CARTESIAN_POINT('Ctrl Pts',(-124.332625004507,-156.967629532223,
-21.9656633265606));
#10824=CARTESIAN_POINT('Ctrl Pts',(-123.408012559823,-155.974788915405,
-20.7969260474379));
#10825=CARTESIAN_POINT('Ctrl Pts',(-122.088764973854,-154.558214247414,
-19.9461814969407));
#10826=CARTESIAN_POINT('Ctrl Pts',(-120.64263160246,-153.005467410835,-19.5861131050447));
#10827=CARTESIAN_POINT('Ctrl Pts',(-124.305586115094,-157.037517138614,
-21.9317594006917));
#10828=CARTESIAN_POINT('Ctrl Pts',(-123.364920833146,-156.047520450083,
-20.7582432033818));
#10829=CARTESIAN_POINT('Ctrl Pts',(-122.024666139506,-154.635235079105,
-19.9117654904784));
#10830=CARTESIAN_POINT('Ctrl Pts',(-120.563429636525,-153.089484792023,
-19.5667609103685));
#10831=CARTESIAN_POINT('Ctrl Pts',(-124.284092510581,-157.176985134647,
-21.8384124977617));
#10832=CARTESIAN_POINT('Ctrl Pts',(-123.313735444521,-156.192589609571,
-20.6418585545793));
#10833=CARTESIAN_POINT('Ctrl Pts',(-121.931012586633,-154.789086202944,
-19.7845169333482));
#10834=CARTESIAN_POINT('Ctrl Pts',(-120.426360386747,-153.256855146262,
-19.4449868074993));
#10835=CARTESIAN_POINT('Ctrl Pts',(-124.332251370515,-157.283427373808,
-21.71608481627));
#10836=CARTESIAN_POINT('Ctrl Pts',(-123.344517204468,-156.295799014174,
-20.4807581162402));
#10837=CARTESIAN_POINT('Ctrl Pts',(-121.936028836872,-154.886793320149,
-19.5860293114613));
#10838=CARTESIAN_POINT('Ctrl Pts',(-120.394570132021,-153.345746135315,
-19.2155103306599));
#10839=CARTESIAN_POINT('Ctrl Pts',(-124.370849401534,-157.322025404827,
-21.6550036509703));
#10840=CARTESIAN_POINT('Ctrl Pts',(-123.378043065819,-156.329219069112,
-20.4002676107056));
#10841=CARTESIAN_POINT('Ctrl Pts',(-121.961520109687,-154.91269611298,-19.4870230272007));
#10842=CARTESIAN_POINT('Ctrl Pts',(-120.408857604153,-153.360033607446,
-19.1006733217759));
#10843=CARTESIAN_POINT('Origin',(-118.99969974239,-151.243768964497,-26.184658714248));
#10844=CARTESIAN_POINT('Origin',(-113.90860568708,-152.591896306385,18.));
#10845=CARTESIAN_POINT('',(-112.784785906832,-150.15,15.2184484362996));
#10846=CARTESIAN_POINT('',(-112.784785906832,-152.591896306385,15.2184484362996));
#10847=CARTESIAN_POINT('Origin',(-113.90860568708,-150.15,18.));
#10848=CARTESIAN_POINT('Origin',(-113.325464759666,-153.360033607446,15.));
#10849=CARTESIAN_POINT('',(-96.5405356385862,-150.15,21.7815515637004));
#10850=CARTESIAN_POINT('',(-96.5405356385862,-150.045025029005,21.7815515637004));
#10851=CARTESIAN_POINT('',(-108.779145291145,-150.15,16.8368322963074));
#10852=CARTESIAN_POINT('Origin',(-95.4167158583385,-150.045025029005,19.));
#10853=CARTESIAN_POINT('',(-96.4998567857517,-150.15,21.7976428884621));
#10854=CARTESIAN_POINT('Ctrl Pts',(-95.4167158583388,-149.68769250328,22.));
#10855=CARTESIAN_POINT('Ctrl Pts',(-95.4259087779549,-149.697288050561,
22.));
#10856=CARTESIAN_POINT('Ctrl Pts',(-95.4351917431728,-149.706722258087,
21.9999577189895));
#10857=CARTESIAN_POINT('Ctrl Pts',(-95.5807791485177,-149.850849761849,
21.9986066619319));
#10858=CARTESIAN_POINT('Ctrl Pts',(-95.7532225436858,-149.966207085014,
21.9869901065057));
#10859=CARTESIAN_POINT('Ctrl Pts',(-96.1235087188683,-150.115682692419,
21.921607532323));
#10860=CARTESIAN_POINT('Ctrl Pts',(-96.3210957678601,-150.15,21.8668523560117));
#10861=CARTESIAN_POINT('Ctrl Pts',(-96.4998567857517,-150.15,21.7976428884621));
#10862=CARTESIAN_POINT('Origin',(-95.4167158583385,-150.15,19.));
#10863=CARTESIAN_POINT('Origin',(-121.441464683826,-150.15,-9.65));
#10864=CARTESIAN_POINT('',(-96.4998567857517,-150.15,-3.50000000000518));
#10865=CARTESIAN_POINT('',(-96.4998567857517,-150.15,-9.65));
#10866=CARTESIAN_POINT('',(-121.441464683826,-150.15,-3.50000000000578));
#10867=CARTESIAN_POINT('',(-86.0003095208691,-150.15,-3.50000000000516));
#10868=CARTESIAN_POINT('',(-121.441464683826,-150.15,-9.65));
#10869=CARTESIAN_POINT('Origin',(-96.4998567857517,-148.65,-9.65));
#10870=CARTESIAN_POINT('',(-94.9998567857517,-148.65,-5.00000000000517));
#10871=CARTESIAN_POINT('',(-94.9998567857517,-148.65,-9.65));
#10872=CARTESIAN_POINT('Origin',(-96.4998567857517,-148.65,-5.00000000000517));
#10873=CARTESIAN_POINT('Origin',(-82.0400855833157,-139.15,19.));
#10874=CARTESIAN_POINT('',(-82.0400855833157,-144.15,19.));
#10875=CARTESIAN_POINT('',(-87.0177362513357,-139.622222222222,19.));
#10876=CARTESIAN_POINT('Origin',(-82.0400855833157,-139.15,19.));
#10877=CARTESIAN_POINT('',(-87.0177362513357,-139.622222222222,19.));
#10878=CARTESIAN_POINT('',(-82.0400855833157,-144.15,19.));
#10879=CARTESIAN_POINT('Origin',(-90.9998567857517,-144.15,-9.65));
#10880=CARTESIAN_POINT('',(-94.9998567857517,-144.15,19.));
#10881=CARTESIAN_POINT('',(-90.9998567857517,-144.15,19.));
#10882=CARTESIAN_POINT('',(-50.7643881002123,-144.15,18.8500000000057));
#10883=CARTESIAN_POINT('',(-50.7643881002123,-144.149999999999,22.));
#10884=CARTESIAN_POINT('',(-90.9998567857517,-144.15,18.8500000000061));
#10885=CARTESIAN_POINT('',(-42.0502999999192,-144.15,18.8500000000057));
#10886=CARTESIAN_POINT('',(-90.9998567857517,-144.15,-9.65));
#10887=CARTESIAN_POINT('',(-90.9998567857517,-144.15,-9.65));
#10888=CARTESIAN_POINT('',(-94.9998567857517,-144.15,-9.65));
#10889=CARTESIAN_POINT('',(-94.9998567857517,-144.15,-9.65));
#10890=CARTESIAN_POINT('',(-94.9998567857517,-144.15,-9.65));
#10891=CARTESIAN_POINT('Origin',(-81.7458823418727,-145.15,10.7789321881399));
#10892=CARTESIAN_POINT('',(-88.3537489838068,-148.685533905933,14.3144660940724));
#10893=CARTESIAN_POINT('',(-85.1485946764083,-150.15,10.7789321881399));
#10894=CARTESIAN_POINT('Origin',(-85.1485946764083,-145.15,10.7789321881399));
#10895=CARTESIAN_POINT('',(-74.9256133737764,-148.685533905933,14.3144660940724));
#10896=CARTESIAN_POINT('',(-81.7458823418727,-148.685533905933,14.3144660940724));
#10897=CARTESIAN_POINT('',(-78.1307676811749,-150.15,10.7789321881399));
#10898=CARTESIAN_POINT('Origin',(-78.1307676811749,-145.15,10.7789321881399));
#10899=CARTESIAN_POINT('',(-81.7458823418727,-150.15,10.7789321881399));
#10900=CARTESIAN_POINT('Origin',(-81.6396811787916,-150.15,6.90832832511474));
#10901=CARTESIAN_POINT('',(-72.9765211166418,-146.535533905939,16.4644660940672));
#10902=CARTESIAN_POINT('',(-71.0837742804593,-144.447687277393,18.5523127226126));
#10903=CARTESIAN_POINT('',(-76.1816754240403,-148.000000000006,12.9289321881347));
#10904=CARTESIAN_POINT('Origin',(-76.1816754240403,-143.000000000006,12.9289321881347));
#10905=CARTESIAN_POINT('',(-81.6396811787916,-148.000000000006,6.90832832511474));
#10906=CARTESIAN_POINT('',(-79.7457989527341,-148.000000000006,8.99742737679321));
#10907=CARTESIAN_POINT('',(-81.6396811787916,-150.15,6.90832832511474));
#10908=CARTESIAN_POINT('',(-81.6396811787916,-150.15,6.90832832511474));
#10909=CARTESIAN_POINT('',(-94.7368084870487,-150.15,-7.53881937126008));
#10910=CARTESIAN_POINT('Origin',(-42.0502999999192,-144.15,18.8500000000059));
#10911=CARTESIAN_POINT('',(-90.3028412409413,-146.535533905939,16.4644660940672));
#10912=CARTESIAN_POINT('',(-83.0334542707337,-154.554231804253,8.44576819575157));
#10913=CARTESIAN_POINT('',(-90.9998567857517,-146.535533905939,16.4644660940672));
#10914=CARTESIAN_POINT('',(-45.3303110886387,-146.535533905939,16.4644660940672));
#10915=CARTESIAN_POINT('',(-90.9998567857517,-146.075000000003,16.9250000000029));
#10916=CARTESIAN_POINT('',(-50.2857067840225,-144.505555555555,18.4944444444509));
#10917=CARTESIAN_POINT('Origin',(-50.7643881002123,-144.649999999999,18.3500000000066));
#10918=CARTESIAN_POINT('',(-49.6103221773527,-145.436140661638,17.5638593383674));
#10919=CARTESIAN_POINT('Origin',(-48.6103221773583,-144.,19.000000000006));
#10920=CARTESIAN_POINT('',(-49.6103221773527,-146.535533905939,16.4644660940672));
#10921=CARTESIAN_POINT('',(-49.6103221773527,-149.262500000002,13.7375000000037));
#10922=CARTESIAN_POINT('',(-51.256169902722,-146.535533905939,16.4644660940672));
#10923=CARTESIAN_POINT('',(-45.3303110886387,-146.535533905939,16.4644660940672));
#10924=CARTESIAN_POINT('',(-53.2052621598567,-148.685533905933,14.3144660940724));
#10925=CARTESIAN_POINT('',(-52.5263718603686,-147.936665226909,15.0633347730962));
#10926=CARTESIAN_POINT('',(-66.633397769887,-148.685533905933,14.3144660940724));
#10927=CARTESIAN_POINT('',(-81.7458823418727,-148.685533905933,14.3144660940724));
#10928=CARTESIAN_POINT('',(-68.5824900270216,-146.535533905939,16.4644660940672));
#10929=CARTESIAN_POINT('',(-64.4760518506429,-151.065253854737,11.934746145268));
#10930=CARTESIAN_POINT('',(-45.3303110886387,-146.535533905939,16.4644660940672));
#10931=CARTESIAN_POINT('Origin',(-81.7458823418727,-145.15,10.7789321881399));
#10932=CARTESIAN_POINT('',(-56.4104164672551,-150.15,10.7789321881399));
#10933=CARTESIAN_POINT('Origin',(-56.4104164672551,-145.15,10.7789321881398));
#10934=CARTESIAN_POINT('',(-63.4282434624885,-150.15,10.7789321881399));
#10935=CARTESIAN_POINT('',(-81.7458823418727,-150.15,10.7789321881399));
#10936=CARTESIAN_POINT('Origin',(-63.4282434624885,-145.15,10.7789321881399));
#10937=CARTESIAN_POINT('Origin',(-59.9193299648718,-150.15,6.90832832511475));
#10938=CARTESIAN_POINT('',(-54.4613242101205,-148.000000000006,12.9289321881347));
#10939=CARTESIAN_POINT('Origin',(-54.4613242101205,-143.000000000006,12.9289321881347));
#10940=CARTESIAN_POINT('',(-59.9193299648718,-148.000000000006,6.90832832511474));
#10941=CARTESIAN_POINT('',(-62.9245242006719,-148.000000000006,3.59336589411464));
#10942=CARTESIAN_POINT('',(-59.9193299648718,-150.15,6.90832832511474));
#10943=CARTESIAN_POINT('',(-59.9193299648718,-150.15,6.90832832511474));
#10944=CARTESIAN_POINT('',(-77.9155337349864,-150.15,-12.9428808539387));
#10945=CARTESIAN_POINT('Origin',(-45.3303110886387,-143.000000000006,12.9289321881347));
#10946=CARTESIAN_POINT('',(-90.9998567857517,-148.000000000006,12.9289321881347));
#10947=CARTESIAN_POINT('Origin',(-90.9998567857517,-143.000000000006,12.9289321881347));
#10948=CARTESIAN_POINT('',(-87.0976869335429,-148.000000000006,12.9289321881347));
#10949=CARTESIAN_POINT('Origin',(-87.0976869335429,-143.000000000006,12.9289321881347));
#10950=CARTESIAN_POINT('',(-45.3303110886387,-148.000000000006,12.9289321881347));
#10951=CARTESIAN_POINT('Origin',(-90.9998567857517,-147.000000000003,-9.65));
#10952=CARTESIAN_POINT('',(-90.9998567857515,-148.000000000006,12.7666716748852));
#10953=CARTESIAN_POINT('',(-90.9998567857517,-148.000000000006,-2.4875));
#10954=CARTESIAN_POINT('',(-90.9998567857515,-150.15,12.7666716748852));
#10955=CARTESIAN_POINT('',(-90.9998567857517,-148.575000000001,12.7666716748855));
#10956=CARTESIAN_POINT('',(-90.9998567857515,-150.15,-3.41667167488524));
#10957=CARTESIAN_POINT('',(-90.9998567857517,-150.15,-7.65));
#10958=CARTESIAN_POINT('',(-90.9998567857515,-148.000000000006,-3.41667167488524));
#10959=CARTESIAN_POINT('',(-90.9998567857517,-148.575000000001,-3.4166716748855));
#10960=CARTESIAN_POINT('',(-90.9998567857515,-148.000000000006,-5.65));
#10961=CARTESIAN_POINT('',(-90.9998567857517,-148.000000000006,-2.4875));
#10962=CARTESIAN_POINT('',(-90.9998567857517,-147.000000000003,-5.65));
#10963=CARTESIAN_POINT('',(-90.9998567857517,-148.440008401862,-5.65));
#10964=CARTESIAN_POINT('',(-90.9998567857517,-147.000000000003,-9.65));
#10965=CARTESIAN_POINT('',(-90.9998567857517,-147.000000000003,-9.65));
#10966=CARTESIAN_POINT('',(-90.9998567857517,-144.15,-9.65));
#10967=CARTESIAN_POINT('Origin',(-48.6103221773583,-148.000000000006,-5.65));
#10968=CARTESIAN_POINT('',(-82.3022577822549,-148.000000000006,7.63920173155727));
#10969=CARTESIAN_POINT('',(-65.3773357196231,-148.000000000006,12.9289321881347));
#10970=CARTESIAN_POINT('',(-45.3303110886387,-148.000000000006,12.9289321881347));
#10971=CARTESIAN_POINT('',(-65.4809830301927,-148.000000000006,13.0432632142358));
#10972=CARTESIAN_POINT('',(-48.9032153961701,-148.000000000006,12.9289321881343));
#10973=CARTESIAN_POINT('',(-45.3303110886387,-148.000000000006,12.9289321881347));
#10974=CARTESIAN_POINT('',(-48.6103221773583,-148.000000000006,11.9289321881401));
#10975=CARTESIAN_POINT('Origin',(-49.6103221773527,-148.000000000006,11.9289321881401));
#10976=CARTESIAN_POINT('',(-48.6103221773583,-148.000000000006,-5.15));
#10977=CARTESIAN_POINT('',(-48.6103221773583,-148.000000000006,-5.65));
#10978=CARTESIAN_POINT('',(-54.6476327386311,-148.000000000006,-5.15));
#10979=CARTESIAN_POINT('',(-65.1781022596155,-148.000000000006,-5.15));
#10980=CARTESIAN_POINT('',(-55.4202027894751,-148.000000000006,-2.52121471064689));
#10981=CARTESIAN_POINT('Origin',(-56.5315147992177,-148.000000000006,-3.52867965644002));
#10982=CARTESIAN_POINT('',(-59.9193299648718,-148.000000000006,2.44167167488522));
#10983=CARTESIAN_POINT('',(-59.2567533614085,-148.000000000006,1.71079826844272));
#10984=CARTESIAN_POINT('',(-67.2548716433986,-148.000000000006,-5.65));
#10985=CARTESIAN_POINT('',(-61.8132121909293,-148.000000000006,0.352572623206768));
#10986=CARTESIAN_POINT('',(-74.3041395002648,-148.000000000006,-5.65));
#10987=CARTESIAN_POINT('',(-76.2626939568522,-148.000000000006,-5.65));
#10988=CARTESIAN_POINT('',(-81.6396811787916,-148.000000000006,2.44167167488522));
#10989=CARTESIAN_POINT('',(-76.0780281134707,-148.000000000006,-3.69326321423584));
#10990=CARTESIAN_POINT('',(-88.9752228573184,-148.000000000006,-5.65));
#10991=CARTESIAN_POINT('',(-78.6344869429915,-148.000000000006,5.75663410588533));
#10992=CARTESIAN_POINT('',(-76.2626939568522,-148.000000000006,-5.65));
#10993=CARTESIAN_POINT('',(-83.6643151072247,-148.000000000006,4.67499999999999));
#10994=CARTESIAN_POINT('',(-84.425886756214,-148.000000000006,3.83492737679321));
#10995=CARTESIAN_POINT('',(-80.7581159169506,-148.000000000006,1.46923678576415));
#10996=CARTESIAN_POINT('',(-61.9439638933049,-148.000000000006,4.67499999999997));
#10997=CARTESIAN_POINT('',(-69.2795055718317,-148.000000000006,-3.4166716748853));
#10998=CARTESIAN_POINT('',(-67.6046120041518,-148.000000000006,-1.56913410588538));
#10999=CARTESIAN_POINT('',(-69.2795055718317,-148.000000000006,12.7666716748852));
#11000=CARTESIAN_POINT('',(-63.9368411648884,-148.000000000006,6.87329826844271));
#11001=CARTESIAN_POINT('',(-69.2795055718317,-148.000000000006,8.7208358374426));
#11002=CARTESIAN_POINT('',(-72.2795055718317,-148.000000000006,12.7666716748852));
#11003=CARTESIAN_POINT('',(-72.2795055718317,-148.000000000006,-3.4166716748853));
#11004=CARTESIAN_POINT('',(-72.2795055718317,-148.000000000006,0.629164162557351));
#11005=CARTESIAN_POINT('',(-79.6150472503585,-148.000000000006,4.67499999999997));
#11006=CARTESIAN_POINT('',(-73.9543991395116,-148.000000000006,10.9191341058853));
#11007=CARTESIAN_POINT('',(-77.622169978775,-148.000000000006,2.47670173155725));
#11008=CARTESIAN_POINT('',(-50.5591543579121,-148.000000000006,0.471273043161998));
#11009=CARTESIAN_POINT('',(-50.5591543579119,-148.000000000006,12.7666716748852));
#11010=CARTESIAN_POINT('',(-50.5591543579121,-148.000000000006,-5.65));
#11011=CARTESIAN_POINT('',(-57.8946960364387,-148.000000000006,4.67499999999999));
#11012=CARTESIAN_POINT('',(-57.1331243874494,-148.000000000006,5.51507262320676));
#11013=CARTESIAN_POINT('',(-53.1704663676547,-148.000000000006,-0.536191902631125));
#11014=CARTESIAN_POINT('',(-60.8008952267128,-148.000000000006,7.88076321423583));
#11015=CARTESIAN_POINT('Origin',(-52.0591543579122,-148.000000000006,0.471273043161999));
#11016=CARTESIAN_POINT('Origin',(-45.3303110886387,-143.000000000006,12.9289321881347));
#11017=CARTESIAN_POINT('Origin',(-65.3773357196231,-143.000000000006,12.9289321881347));
#11018=CARTESIAN_POINT('Ctrl Pts',(-44.6103222930441,-143.99939274654,11.9280536106926));
#11019=CARTESIAN_POINT('Ctrl Pts',(-44.6100338711265,-144.740268656072,
13.0393636093131));
#11020=CARTESIAN_POINT('Ctrl Pts',(-45.149221580828,-145.476635947463,14.1439113019223));
#11021=CARTESIAN_POINT('Ctrl Pts',(-46.0755146384809,-146.000401690565,
14.9295575143695));
#11022=CARTESIAN_POINT('Ctrl Pts',(-44.6101352283294,-145.196309351988,
11.9280518673973));
#11023=CARTESIAN_POINT('Ctrl Pts',(-44.8377837578649,-145.795442444382,
13.04160042501));
#11024=CARTESIAN_POINT('Ctrl Pts',(-45.4923515736109,-146.328394902151,
14.0213526794113));
#11025=CARTESIAN_POINT('Ctrl Pts',(-46.4012277108357,-146.691251295124,
14.6991486075236));
#11026=CARTESIAN_POINT('Ctrl Pts',(-45.6148594507751,-147.268924047877,
11.9282009249066));
#11027=CARTESIAN_POINT('Ctrl Pts',(-45.9681467031919,-147.449198706074,
12.853223421689));
#11028=CARTESIAN_POINT('Ctrl Pts',(-46.5696842075229,-147.589010118477,
13.5835882441753));
#11029=CARTESIAN_POINT('Ctrl Pts',(-47.2747868552119,-147.68239179364,14.0811926505537));
#11030=CARTESIAN_POINT('Ctrl Pts',(-47.7135108072454,-148.000304365012,
11.9285084481607));
#11031=CARTESIAN_POINT('Ctrl Pts',(-47.8176283542324,-147.998381967382,
12.464510525876));
#11032=CARTESIAN_POINT('Ctrl Pts',(-48.0747044129652,-148.000402041614,
12.941695363246));
#11033=CARTESIAN_POINT('Ctrl Pts',(-48.4153666842204,-148.000131414911,
13.274346764128));
#11034=CARTESIAN_POINT('Ctrl Pts',(-48.6116234551694,-147.999999778298,
11.9286395188863));
#11035=CARTESIAN_POINT('Ctrl Pts',(-48.6114154344057,-148.000002511577,
12.2988359659694));
#11036=CARTESIAN_POINT('Ctrl Pts',(-48.7190368514761,-147.999999540518,
12.6668596210941));
#11037=CARTESIAN_POINT('Ctrl Pts',(-48.9040699124135,-147.999999904868,
12.9286383594673));
#11038=CARTESIAN_POINT('',(-46.0747882714199,-146.000000000003,14.9289321881372));
#11039=CARTESIAN_POINT('Origin',(-48.9032153961701,-144.,12.9289321881346));
#11040=CARTESIAN_POINT('',(-44.6103221773527,-144.,11.9289321881401));
#11041=CARTESIAN_POINT('Origin',(-49.6103221773527,-144.,11.9289321881401));
#11042=CARTESIAN_POINT('Origin',(-48.6103221773583,-144.,11.9289321881401));
#11043=CARTESIAN_POINT('Ctrl Pts',(-46.0729457561169,-145.998035303369,
14.928289367282));
#11044=CARTESIAN_POINT('Ctrl Pts',(-46.9985327255117,-146.522640460376,
15.7140839462292));
#11045=CARTESIAN_POINT('Ctrl Pts',(-48.3003727783417,-146.7204809124,16.2795190876056));
#11046=CARTESIAN_POINT('Ctrl Pts',(-49.6103221773526,-146.535533905939,
16.4644660940672));
#11047=CARTESIAN_POINT('Ctrl Pts',(-46.3985911150798,-146.689930482391,
14.6978589174416));
#11048=CARTESIAN_POINT('Ctrl Pts',(-47.3750320602137,-146.952407837667,
15.5695085880751));
#11049=CARTESIAN_POINT('Ctrl Pts',(-48.5000497580635,-146.861673858809,
16.1383261411973));
#11050=CARTESIAN_POINT('Ctrl Pts',(-49.6103221773526,-146.535533905939,
16.4644660940672));
#11051=CARTESIAN_POINT('Ctrl Pts',(-47.2729602872146,-147.682340990697,
14.0794554990261));
#11052=CARTESIAN_POINT('Ctrl Pts',(-48.0708908588592,-147.568056068223,
15.1744275389243));
#11053=CARTESIAN_POINT('Ctrl Pts',(-48.8495173435714,-147.108784758326,
15.8912152416798));
#11054=CARTESIAN_POINT('Ctrl Pts',(-49.6103221773526,-146.535533905939,
16.4644660940672));
#11055=CARTESIAN_POINT('Ctrl Pts',(-48.4149345576157,-148.000347691702,
13.272130577882));
#11056=CARTESIAN_POINT('Ctrl Pts',(-48.7832077047613,-147.909719817342,
14.54286257454));
#11057=CARTESIAN_POINT('Ctrl Pts',(-49.1989849290794,-147.355895657844,
15.6441043421622));
#11058=CARTESIAN_POINT('Ctrl Pts',(-49.6103221773526,-146.535533905939,
16.4644660940672));
#11059=CARTESIAN_POINT('Ctrl Pts',(-48.9041759740873,-147.999999088178,
12.9263072858398));
#11060=CARTESIAN_POINT('Ctrl Pts',(-49.088857479155,-148.000710721926,14.2359975974849));
#11061=CARTESIAN_POINT('Ctrl Pts',(-49.3487755348655,-147.461813610953,
15.5381863890528));
#11062=CARTESIAN_POINT('Ctrl Pts',(-49.6103221773526,-146.535533905939,
16.4644660940672));
#11063=CARTESIAN_POINT('Origin',(-49.6103221773527,-143.000000000006,12.9289321881347));
#11064=CARTESIAN_POINT('Origin',(-49.6103221773527,-143.000000000006,12.9289321881347));
#11065=CARTESIAN_POINT('Origin',(-49.6103221773527,-145.726966094069,10.2019660940712));
#11066=CARTESIAN_POINT('',(-46.9349375717745,-144.505555559136,17.3970383538577));
#11067=CARTESIAN_POINT('Ctrl Pts',(-49.6103221773527,-145.436140661638,
17.5638593383678));
#11068=CARTESIAN_POINT('Ctrl Pts',(-49.4882946295631,-145.521109739563,
17.4788902604435));
#11069=CARTESIAN_POINT('Ctrl Pts',(-49.347111275553,-145.593862367346,17.3989413404886));
#11070=CARTESIAN_POINT('Ctrl Pts',(-49.0356526652328,-145.707860362811,
17.2497258528609));
#11071=CARTESIAN_POINT('Ctrl Pts',(-48.8079614483463,-145.75,17.1641889615711));
#11072=CARTESIAN_POINT('Ctrl Pts',(-48.4012839285638,-145.75,17.0467912738119));
#11073=CARTESIAN_POINT('Ctrl Pts',(-48.1733906674012,-145.709818274026,
16.9992981648841));
#11074=CARTESIAN_POINT('Ctrl Pts',(-47.7502489365189,-145.540993728599,
16.959140629163));
#11075=CARTESIAN_POINT('Ctrl Pts',(-47.5549645320254,-145.412247965238,
16.9672918463483));
#11076=CARTESIAN_POINT('Ctrl Pts',(-47.3050724384483,-145.173138776635,
17.0322785194956));
#11077=CARTESIAN_POINT('Ctrl Pts',(-47.2209481613368,-145.071671805522,
17.0697393853481));
#11078=CARTESIAN_POINT('Ctrl Pts',(-47.0799644072957,-144.858397182191,
17.170345729596));
#11079=CARTESIAN_POINT('Ctrl Pts',(-47.0230728826653,-144.746633074893,
17.2335385959486));
#11080=CARTESIAN_POINT('Ctrl Pts',(-46.9627861693062,-144.591846177216,
17.3355767956053));
#11081=CARTESIAN_POINT('Ctrl Pts',(-46.947917139962,-144.54856916723,17.3656508953101));
#11082=CARTESIAN_POINT('Ctrl Pts',(-46.9349375720186,-144.505555559945,
17.3970383550671));
#11083=CARTESIAN_POINT('',(-46.4562562545043,-144.149999999999,17.2656193770241));
#11084=CARTESIAN_POINT('Ctrl Pts',(-46.9349375720186,-144.505555559945,
17.3970383550672));
#11085=CARTESIAN_POINT('Ctrl Pts',(-46.9316194017356,-144.494559317222,
17.4050624235696));
#11086=CARTESIAN_POINT('Ctrl Pts',(-46.9278737937041,-144.483517926302,
17.4127411959815));
#11087=CARTESIAN_POINT('Ctrl Pts',(-46.9119210924556,-144.441512818853,
17.4403725959028));
#11088=CARTESIAN_POINT('Ctrl Pts',(-46.8966303445664,-144.410572349971,
17.4574499660998));
#11089=CARTESIAN_POINT('Ctrl Pts',(-46.8584679730897,-144.350865531808,
17.4819327908306));
#11090=CARTESIAN_POINT('Ctrl Pts',(-46.8356132524269,-144.32209678126,17.4893587293519));
#11091=CARTESIAN_POINT('Ctrl Pts',(-46.7880713842455,-144.274832059931,
17.4911413697023));
#11092=CARTESIAN_POINT('Ctrl Pts',(-46.7637793547396,-144.254578624401,
17.4878099552262));
#11093=CARTESIAN_POINT('Ctrl Pts',(-46.7134852752495,-144.22016078533,17.472325794572));
#11094=CARTESIAN_POINT('Ctrl Pts',(-46.6875043976027,-144.205934608934,
17.4602417308593));
#11095=CARTESIAN_POINT('Ctrl Pts',(-46.5921616343742,-144.162393197614,
17.4054404574316));
#11096=CARTESIAN_POINT('Ctrl Pts',(-46.5147118877382,-144.149999999999,
17.332826751688));
#11097=CARTESIAN_POINT('Ctrl Pts',(-46.4562562545042,-144.149999999999,
17.2656193770246));
#11098=CARTESIAN_POINT('',(-45.1103221773527,-144.149999999999,14.8611391896255));
#11099=CARTESIAN_POINT('Origin',(-49.6103221773527,-144.149999999999,11.7789321881408));
#11100=CARTESIAN_POINT('',(-44.6103221773527,-143.65,12.2789321881404));
#11101=CARTESIAN_POINT('Ctrl Pts',(-45.1103221773527,-144.15,14.8611391896251));
#11102=CARTESIAN_POINT('Ctrl Pts',(-44.9725193322055,-144.15,14.4587568688634));
#11103=CARTESIAN_POINT('Ctrl Pts',(-44.8375247932289,-144.089429927508,
14.0184107317479));
#11104=CARTESIAN_POINT('Ctrl Pts',(-44.6558222859501,-143.896892645472,
13.1332797614997));
#11105=CARTESIAN_POINT('Ctrl Pts',(-44.6103221773527,-143.767711833129,
12.6876436762756));
#11106=CARTESIAN_POINT('Ctrl Pts',(-44.6103221773527,-143.65,12.2789321881405));
#11107=CARTESIAN_POINT('',(-44.6103221773527,-145.726966094069,10.2019660940712));
#11108=CARTESIAN_POINT('Origin',(-45.3303110886387,-143.000000000006,12.9289321881347));
#11109=CARTESIAN_POINT('Ctrl Pts',(-42.0502999999192,-141.1,-5.65));
#11110=CARTESIAN_POINT('Ctrl Pts',(-42.0502999999192,-141.09808210078,-5.6500005077322));
#11111=CARTESIAN_POINT('Ctrl Pts',(-42.050310978468,-141.096170677378,-5.65000080376453));
#11112=CARTESIAN_POINT('Ctrl Pts',(-42.050693759811,-140.873777747313,-5.65005289303499));
#11113=CARTESIAN_POINT('Ctrl Pts',(-42.1771754345988,-140.561505876371,
-5.65012022518436));
#11114=CARTESIAN_POINT('Ctrl Pts',(-42.436825121565,-140.294705506843,-5.65008821254528));
#11115=CARTESIAN_POINT('Ctrl Pts',(-42.5535081085756,-140.230291557834,
-5.64999967157185));
#11116=CARTESIAN_POINT('Ctrl Pts',(-42.6071536281614,-140.203729233183,
-5.64995766807248));
#11117=CARTESIAN_POINT('Ctrl Pts',(-42.0502999999192,-141.1,-5.65));
#11118=CARTESIAN_POINT('Ctrl Pts',(-42.0502999999192,-141.098590245644,
-5.64962878334811));
#11119=CARTESIAN_POINT('Ctrl Pts',(-42.0502377372206,-141.096624164202,
-5.64941241840195));
#11120=CARTESIAN_POINT('Ctrl Pts',(-42.0521072321762,-140.916047219331,
-5.61133061395013));
#11121=CARTESIAN_POINT('Ctrl Pts',(-42.0910651612045,-140.635843237624,
-5.56211043824525));
#11122=CARTESIAN_POINT('Ctrl Pts',(-42.2127915857161,-140.308992777394,
-5.58557389242773));
#11123=CARTESIAN_POINT('Ctrl Pts',(-42.2883116628044,-140.219729242463,
-5.65035303345753));
#11124=CARTESIAN_POINT('Ctrl Pts',(-42.3281575851032,-140.211072617642,
-5.68107170938256));
#11125=CARTESIAN_POINT('Ctrl Pts',(-42.0502999999192,-141.1,-5.65));
#11126=CARTESIAN_POINT('Ctrl Pts',(-42.0502999999192,-141.098708478104,
-5.64931826755252));
#11127=CARTESIAN_POINT('Ctrl Pts',(-42.0502999999192,-141.097454450236,
-5.64876225553313));
#11128=CARTESIAN_POINT('Ctrl Pts',(-42.0502999999193,-140.949902463092,
-5.5743005412478));
#11129=CARTESIAN_POINT('Ctrl Pts',(-42.0502999999192,-140.727298273067,
-5.46597003189296));
#11130=CARTESIAN_POINT('Ctrl Pts',(-42.0502999999192,-140.393688526224,
-5.38133299635631));
#11131=CARTESIAN_POINT('Ctrl Pts',(-42.0502999999192,-140.227522049522,
-5.40265632576981));
#11132=CARTESIAN_POINT('Ctrl Pts',(-42.0502999999192,-140.154121061344,
-5.43976702417712));
#11133=CARTESIAN_POINT('Ctrl Pts',(-42.0502999999192,-141.1,-5.65));
#11134=CARTESIAN_POINT('Ctrl Pts',(-42.0502999999192,-141.099041397323,
-5.6490413973281));
#11135=CARTESIAN_POINT('Ctrl Pts',(-42.0502999999192,-141.098081114959,
-5.64808105813644));
#11136=CARTESIAN_POINT('Ctrl Pts',(-42.0502999999193,-140.987651694331,
-5.53767073574918));
#11137=CARTESIAN_POINT('Ctrl Pts',(-42.0502999999192,-140.818894695658,
-5.37069386812619));
#11138=CARTESIAN_POINT('Ctrl Pts',(-42.0502999999192,-140.48352550612,-5.17063614345955));
#11139=CARTESIAN_POINT('Ctrl Pts',(-42.0502999999192,-140.241703138113,
-5.13059014642064));
#11140=CARTESIAN_POINT('Ctrl Pts',(-42.0502999999192,-140.089622035864,
-5.16648358731751));
#11141=CARTESIAN_POINT('',(-42.2022332113919,-140.570110650987,-5.64910582727071));
#11142=CARTESIAN_POINT('',(-42.0502999999192,-140.100198741607,-5.16409099952106));
#11143=CARTESIAN_POINT('Ctrl Pts',(-42.2022332113919,-140.570110650987,
-5.64910582727071));
#11144=CARTESIAN_POINT('Ctrl Pts',(-42.2067951857049,-140.561941190195,
-5.6486165926204));
#11145=CARTESIAN_POINT('Ctrl Pts',(-42.2113256554113,-140.553759422254,
-5.64792527015378));
#11146=CARTESIAN_POINT('Ctrl Pts',(-42.2352313374194,-140.509860484802,
-5.64311842860837));
#11147=CARTESIAN_POINT('Ctrl Pts',(-42.2538412891424,-140.473738846552,
-5.63514999277353));
#11148=CARTESIAN_POINT('Ctrl Pts',(-42.2729161456588,-140.411551024577,
-5.61406210745717));
#11149=CARTESIAN_POINT('Ctrl Pts',(-42.2745353803743,-140.389539811552,
-5.60402997922716));
#11150=CARTESIAN_POINT('Ctrl Pts',(-42.2706894992708,-140.349790745402,
-5.58354660719308));
#11151=CARTESIAN_POINT('Ctrl Pts',(-42.2637953260196,-140.328469928741,
-5.57073452077962));
#11152=CARTESIAN_POINT('Ctrl Pts',(-42.2339945954147,-140.275293930092,
-5.5321508902151));
#11153=CARTESIAN_POINT('Ctrl Pts',(-42.2081943003922,-140.246970750045,
-5.50614466360025));
#11154=CARTESIAN_POINT('Ctrl Pts',(-42.1564030224932,-140.196692354622,
-5.44803767953518));
#11155=CARTESIAN_POINT('Ctrl Pts',(-42.1224050350928,-140.167592873884,
-5.40761558374626));
#11156=CARTESIAN_POINT('Ctrl Pts',(-42.0815194950199,-140.131360121924,
-5.32695746029812));
#11157=CARTESIAN_POINT('Ctrl Pts',(-42.0701856373877,-140.121009239947,
-5.29710730841068));
#11158=CARTESIAN_POINT('Ctrl Pts',(-42.054359526801,-140.10570774257,-5.23250313294696));
#11159=CARTESIAN_POINT('Ctrl Pts',(-42.0502999997022,-140.101172450806,
-5.19863309713666));
#11160=CARTESIAN_POINT('Ctrl Pts',(-42.0502999999192,-140.100198596902,
-5.16409104189101));
#11161=CARTESIAN_POINT('',(-42.0502999999192,-141.1,-5.65));
#11162=CARTESIAN_POINT('Ctrl Pts',(-42.0502999999192,-140.100199032024,
-5.16409095048305));
#11163=CARTESIAN_POINT('Ctrl Pts',(-42.0502999999192,-140.249158150783,
-5.13184535926419));
#11164=CARTESIAN_POINT('Ctrl Pts',(-42.0502999999192,-140.48663120538,-5.17248878570243));
#11165=CARTESIAN_POINT('Ctrl Pts',(-42.0502999999192,-140.818894695658,
-5.37069386812619));
#11166=CARTESIAN_POINT('Ctrl Pts',(-42.0502999999193,-140.987651694331,
-5.53767073574918));
#11167=CARTESIAN_POINT('Ctrl Pts',(-42.0502999999192,-141.098081114959,
-5.64808105813644));
#11168=CARTESIAN_POINT('Ctrl Pts',(-42.0502999999192,-141.099041397323,
-5.6490413973281));
#11169=CARTESIAN_POINT('Ctrl Pts',(-42.0502999999192,-141.1,-5.65));
#11170=CARTESIAN_POINT('',(-42.0505820076064,-141.076252666548,-5.65));
#11171=CARTESIAN_POINT('Origin',(-43.0502999999191,-141.1,-5.65));
#11172=CARTESIAN_POINT('',(-42.1842745961347,-140.6,-5.65));
#11173=CARTESIAN_POINT('Origin',(-43.0502999999191,-141.1,-5.65));
#11174=CARTESIAN_POINT('Ctrl Pts',(-42.1842745961347,-140.6,-5.65));
#11175=CARTESIAN_POINT('Ctrl Pts',(-42.1902608012205,-140.590030940246,
-5.65));
#11176=CARTESIAN_POINT('Ctrl Pts',(-42.1962470063062,-140.580061882618,
-5.64970176468335));
#11177=CARTESIAN_POINT('Ctrl Pts',(-42.2022332113919,-140.570110650987,
-5.64910582727072));
#11178=CARTESIAN_POINT('Origin',(-42.0502999999192,-153.360032901126,-9.65));
#11179=CARTESIAN_POINT('',(-42.0502999999192,-141.1,-9.65));
#11180=CARTESIAN_POINT('',(-42.0502999999192,-153.360032901126,-9.65));
#11181=CARTESIAN_POINT('',(-42.0502999999192,-141.1,-9.65));
#11182=CARTESIAN_POINT('',(-42.0502999999191,-140.1,-5.15));
#11183=CARTESIAN_POINT('Origin',(-42.0502999999192,-140.6,-5.15));
#11184=CARTESIAN_POINT('',(-42.0502999999191,-140.1,-5.65));
#11185=CARTESIAN_POINT('Origin',(-68.0250783928355,-140.6,-5.15));
#11186=CARTESIAN_POINT('',(-43.0502999999191,-140.1,-5.15));
#11187=CARTESIAN_POINT('Ctrl Pts',(-43.0502999999191,-140.1,-5.15));
#11188=CARTESIAN_POINT('Ctrl Pts',(-42.9597657502094,-140.1,-5.21401738189939));
#11189=CARTESIAN_POINT('Ctrl Pts',(-42.8612090693501,-140.11292564894,-5.2838034627292));
#11190=CARTESIAN_POINT('Ctrl Pts',(-42.6688386958779,-140.170183601022,
-5.41533479965022));
#11191=CARTESIAN_POINT('Ctrl Pts',(-42.5749712753445,-140.214574550085,
-5.47697591403051));
#11192=CARTESIAN_POINT('Ctrl Pts',(-42.4360178418053,-140.308000677999,
-5.55899290124387));
#11193=CARTESIAN_POINT('Ctrl Pts',(-42.3770023367408,-140.35653728141,-5.59096560551857));
#11194=CARTESIAN_POINT('Ctrl Pts',(-42.2781661912432,-140.461120872733,
-5.63310223014614));
#11195=CARTESIAN_POINT('Ctrl Pts',(-42.2367208379055,-140.514914578985,
-5.64580036664465));
#11196=CARTESIAN_POINT('Ctrl Pts',(-42.202233211393,-140.570110650986,-5.64910582727063));
#11197=CARTESIAN_POINT('',(-68.0250783928355,-140.1,-5.15));
#11198=CARTESIAN_POINT('Origin',(-118.99969974239,-157.566399692443,-26.184658714248));
#11199=CARTESIAN_POINT('',(-124.359609391369,-157.566399692443,-22.));
#11200=CARTESIAN_POINT('Origin',(-92.9634429557079,-151.823759005325,-22.));
#11201=CARTESIAN_POINT('',(-130.274264068712,-150.15,-22.));
#11202=CARTESIAN_POINT('',(-122.562559880026,-157.861704188686,-22.));
#11203=CARTESIAN_POINT('',(-52.6724534247948,-150.15,-22.));
#11204=CARTESIAN_POINT('',(-107.202453819767,-150.15,-22.));
#11205=CARTESIAN_POINT('',(-50.3159732079415,-152.506480216853,-22.));
#11206=CARTESIAN_POINT('',(-62.3267610561952,-140.495692368603,-22.));
#11207=CARTESIAN_POINT('Origin',(-50.6695265985348,-152.860033607446,-22.));
#11208=CARTESIAN_POINT('Origin',(-140.565685424951,-140.565685424948,3.47529915601802E-19));
#11209=CARTESIAN_POINT('Origin',(-140.212132034358,-140.212132034354,3.47529915601802E-19));
#11210=CARTESIAN_POINT('Origin',(-134.343145750505,-146.081118318207,-9.65));
#11211=CARTESIAN_POINT('',(-125.857864376269,-154.566399692443,-14.583600307557));
#11212=CARTESIAN_POINT('',(-125.857864376269,-154.566399692443,-9.65));
#11213=CARTESIAN_POINT('',(-130.274264068712,-150.15,-19.));
#11214=CARTESIAN_POINT('',(-127.864024783088,-152.560239285624,-16.5897607143763));
#11215=CARTESIAN_POINT('',(-130.274264068712,-150.15,-15.825));
#11216=CARTESIAN_POINT('Origin',(-50.6695265985348,-152.860033607446,-9.65));
#11217=CARTESIAN_POINT('',(-50.3159732079415,-152.506480216853,-9.65));
#11218=CARTESIAN_POINT('',(-50.3159732079416,-152.506480216853,-9.65));
#11219=CARTESIAN_POINT('Origin',(-50.6695265985348,-152.860033607446,-9.65));
#11220=CARTESIAN_POINT('Origin',(-52.6724534247948,-150.15,-9.65));
#11221=CARTESIAN_POINT('',(-52.6724534247948,-150.15,-9.65));
#11222=CARTESIAN_POINT('',(-52.6724534247948,-150.15,-9.65));
#11223=CARTESIAN_POINT('',(-60.7958064531359,-142.026646971662,-9.65));
#11224=CARTESIAN_POINT('Origin',(-50.7643881002123,-144.649999999999,22.));
#11225=CARTESIAN_POINT('',(-50.2857067840225,-144.505555555555,22.));
#11226=CARTESIAN_POINT('Origin',(-48.6103221773583,-144.,22.));
#11227=CARTESIAN_POINT('',(-46.934937570694,-144.505555555555,22.));
#11228=CARTESIAN_POINT('Origin',(-46.4562562545042,-144.649999999999,22.));
#11229=CARTESIAN_POINT('',(-46.4562562545042,-144.149999999999,22.));
#11230=CARTESIAN_POINT('Origin',(-52.0591543579122,-149.075000000003,0.471273043161999));
#11231=CARTESIAN_POINT('',(-50.5591543579121,-150.15,0.471273043161998));
#11232=CARTESIAN_POINT('',(-53.1704663676547,-150.15,-0.536191902631127));
#11233=CARTESIAN_POINT('Origin',(-52.0591543579122,-150.15,0.471273043161999));
#11234=CARTESIAN_POINT('',(-50.5591543579121,-149.075000000003,0.471273043161999));
#11235=CARTESIAN_POINT('',(-53.1704663676547,-149.075000000003,-0.536191902631123));
#11236=CARTESIAN_POINT('Origin',(-121.441464683826,-150.15,-9.65));
#11237=CARTESIAN_POINT('',(-57.8946960364387,-150.15,4.67499999999999));
#11238=CARTESIAN_POINT('',(-68.6637345047602,-150.15,16.5540850572014));
#11239=CARTESIAN_POINT('',(-50.5591543579119,-150.15,12.7666716748852));
#11240=CARTESIAN_POINT('',(-72.124133921764,-150.15,-11.0211741248465));
#11241=CARTESIAN_POINT('',(-50.5591543579121,-150.15,-5.65));
#11242=CARTESIAN_POINT('Origin',(-57.8946960364387,-150.15,4.67499999999999));
#11243=CARTESIAN_POINT('',(-57.8946960364387,-150.15,4.67499999999999));
#11244=CARTESIAN_POINT('Origin',(-65.1781022596155,-147.500000000006,-5.15));
#11245=CARTESIAN_POINT('',(-54.194355469529,-147.500000000006,-5.65));
#11246=CARTESIAN_POINT('Ctrl Pts',(-54.1943554695292,-147.500000000006,
-5.65));
#11247=CARTESIAN_POINT('Ctrl Pts',(-54.2122222521569,-147.512332517812,
-5.65000000000001));
#11248=CARTESIAN_POINT('Ctrl Pts',(-54.2298885609712,-147.524464927984,
-5.64954339235811));
#11249=CARTESIAN_POINT('Ctrl Pts',(-54.3283288924649,-147.591913098061,
-5.64462617332192));
#11250=CARTESIAN_POINT('Ctrl Pts',(-54.4252707117095,-147.657357067624,
-5.62863320795551));
#11251=CARTESIAN_POINT('Ctrl Pts',(-54.5600822728975,-147.756460827365,
-5.58184223393563));
#11252=CARTESIAN_POINT('Ctrl Pts',(-54.6259075448413,-147.808690916708,
-5.54841586448478));
#11253=CARTESIAN_POINT('Ctrl Pts',(-54.6835658177542,-147.872292465741,
-5.48481431545153));
#11254=CARTESIAN_POINT('Ctrl Pts',(-54.6987294498542,-147.892532887351,
-5.4613891573324));
#11255=CARTESIAN_POINT('Ctrl Pts',(-54.7167712678738,-147.92936577189,-5.40824457934249));
#11256=CARTESIAN_POINT('Ctrl Pts',(-54.719531066312,-147.945876671418,-5.37842858062925));
#11257=CARTESIAN_POINT('Ctrl Pts',(-54.7147094801026,-147.972192249776,
-5.31800447699929));
#11258=CARTESIAN_POINT('Ctrl Pts',(-54.7059589602251,-147.983176436178,
-5.28327328948499));
#11259=CARTESIAN_POINT('Ctrl Pts',(-54.6806334905184,-147.997073020822,
-5.21449192424144));
#11260=CARTESIAN_POINT('Ctrl Pts',(-54.6641263107334,-148.000000000006,
-5.18041975856989));
#11261=CARTESIAN_POINT('Ctrl Pts',(-54.6476327386318,-148.000000000006,
-5.15));
#11262=CARTESIAN_POINT('',(-48.6103221773583,-147.500000000006,-5.65));
#11263=CARTESIAN_POINT('Origin',(-48.6103221773583,-147.500000000006,-5.15));
#11264=CARTESIAN_POINT('',(-65.1781022596155,-147.500000000006,-5.65));
#11265=CARTESIAN_POINT('Origin',(-48.6103221773583,-144.,-5.15));
#11266=CARTESIAN_POINT('',(-44.6103221773527,-144.,-5.15));
#11267=CARTESIAN_POINT('',(-45.1103221773527,-144.,-5.65));
#11268=CARTESIAN_POINT('Origin',(-45.1103221773527,-144.,-5.15));
#11269=CARTESIAN_POINT('Origin',(-48.6103221773583,-144.,-5.65));
#11270=CARTESIAN_POINT('Origin',(-48.6103221773583,-144.,-5.15));
#11271=CARTESIAN_POINT('Origin',(-45.1103221773527,-143.415008401862,-5.15));
#11272=CARTESIAN_POINT('',(-44.6103221773527,-140.1,-5.15));
#11273=CARTESIAN_POINT('',(-45.1103221773527,-140.1,-5.65));
#11274=CARTESIAN_POINT('Origin',(-45.1103221773527,-140.1,-5.15));
#11275=CARTESIAN_POINT('',(-45.1103221773527,-143.415008401862,-5.65));
#11276=CARTESIAN_POINT('',(-44.6103221773527,-143.415008401862,-5.15));
#11277=CARTESIAN_POINT('Origin',(-44.6103221773527,-140.1,-5.65));
#11278=CARTESIAN_POINT('',(-44.6103221773527,-143.65,7.17499999999999));
#11279=CARTESIAN_POINT('',(-44.6103221773527,-140.1,-5.65));
#11280=CARTESIAN_POINT('',(-44.6103221773527,-144.,-5.65));
#11281=CARTESIAN_POINT('Origin',(-48.6103221773583,-144.,-5.65));
#11282=CARTESIAN_POINT('Origin',(-55.44150944599,-146.797639516116,-4.7310401403296));
#11283=CARTESIAN_POINT('',(-57.3692950466095,-150.15,-0.371214710652346));
#11284=CARTESIAN_POINT('',(-57.5190607641325,-150.15,-3.50000000000512));
#11285=CARTESIAN_POINT('Origin',(-58.4806070563521,-150.15,-1.37867965644548));
#11286=CARTESIAN_POINT('',(-54.3301974362474,-146.797639516116,-3.72357519453647));
#11287=CARTESIAN_POINT('',(-55.5699685069978,-148.000000000005,-5.65));
#11288=CARTESIAN_POINT('Origin',(-54.6084222147782,-145.878679656446,-5.65));
#11289=CARTESIAN_POINT('',(-55.44150944599,-147.858299687896,-5.79170031210941));
#11290=CARTESIAN_POINT('Origin',(-121.441464683826,-150.15,-9.65));
#11291=CARTESIAN_POINT('',(-65.3057793862645,-150.15,-3.50000000000578));
#11292=CARTESIAN_POINT('',(-86.0003095208691,-150.15,-3.50000000000516));
#11293=CARTESIAN_POINT('',(-59.9193299648718,-150.15,2.44167167488522));
#11294=CARTESIAN_POINT('',(-76.8042217252439,-150.15,-16.1836741248465));
#11295=CARTESIAN_POINT('',(-67.1195926394559,-150.15,10.3841201114083));
#11296=CARTESIAN_POINT('Origin',(-50.5591543579121,-150.15,-3.50000000000578));
#11297=CARTESIAN_POINT('',(-66.1525183498924,-148.000000000005,-5.65));
#11298=CARTESIAN_POINT('',(-61.4195510204105,-154.436811440546,0.786811440541005));
#11299=CARTESIAN_POINT('Origin',(-125.857864376269,-154.566399692443,-14.583600307557));
#11300=CARTESIAN_POINT('',(-121.441464683826,-150.15,-19.));
#11301=CARTESIAN_POINT('',(-126.680131094195,-155.388666410369,-13.7613335896308));
#11302=CARTESIAN_POINT('',(-121.441464683826,-150.15,-19.));
#11303=CARTESIAN_POINT('Origin',(-125.857864376269,-154.566399692443,-9.65));
#11304=CARTESIAN_POINT('',(-119.291464683831,-148.000000000005,-5.65));
#11305=CARTESIAN_POINT('',(-109.090246296175,-137.798781612349,-15.8512183876566));
#11306=CARTESIAN_POINT('',(-118.291464683849,-147.000000000023,-5.65));
#11307=CARTESIAN_POINT('',(-118.291464683849,-147.000000000023,-5.65));
#11308=CARTESIAN_POINT('',(-118.291464683849,-147.000000000023,-9.65));
#11309=CARTESIAN_POINT('',(-118.291464683849,-147.000000000023,-9.65));
#11310=CARTESIAN_POINT('',(-121.441464683826,-150.15,-9.65));
#11311=CARTESIAN_POINT('',(-118.291464683849,-147.000000000023,-9.65));
#11312=CARTESIAN_POINT('',(-121.441464683826,-150.15,-9.65));
#11313=CARTESIAN_POINT('Origin',(-90.9998567857517,-140.,19.));
#11314=CARTESIAN_POINT('',(-94.9998567857517,-140.,19.));
#11315=CARTESIAN_POINT('Origin',(-90.9998567857517,-140.,19.));
#11316=CARTESIAN_POINT('',(-94.9998567857517,-140.,19.));
#11317=CARTESIAN_POINT('Origin',(-90.9998567857517,-140.,19.));
#11318=CARTESIAN_POINT('',(-88.9998567857517,-140.,19.));
#11319=CARTESIAN_POINT('Origin',(-90.9998567857517,-140.,19.));
#11320=CARTESIAN_POINT('',(-88.9998567857517,-140.,19.));
#11321=CARTESIAN_POINT('Origin',(-90.9998567857517,-140.075,19.));
#11322=CARTESIAN_POINT('',(-94.9998567857517,-144.15,19.));
#11323=CARTESIAN_POINT('Origin',(-50.5591543579121,-150.15,-3.50000000000578));
#11324=CARTESIAN_POINT('',(-87.0261306001842,-150.15,-3.50000000000578));
#11325=CARTESIAN_POINT('',(-79.9769534405015,-157.925789390062,4.27578939005713));
#11326=CARTESIAN_POINT('',(-76.2532317573989,-150.15,-3.50000000000578));
#11327=CARTESIAN_POINT('',(-86.0003095208691,-150.15,-3.50000000000516));
#11328=CARTESIAN_POINT('',(-71.8824353655979,-145.328672426638,-8.32132757336765));
#11329=CARTESIAN_POINT('',(-66.1525183498924,-148.000000000005,-5.65));
#11330=CARTESIAN_POINT('Origin',(-50.5591543579121,-150.15,-3.50000000000578));
#11331=CARTESIAN_POINT('',(-94.9998567857517,-148.000000000005,-5.65));
#11332=CARTESIAN_POINT('',(-94.9998567857517,-147.112500000001,-6.53750000000417));
#11333=CARTESIAN_POINT('',(-66.1525183498924,-148.000000000005,-5.65));
#11334=CARTESIAN_POINT('Origin',(-81.7458823418727,-146.730016803723,-5.65));
#11335=CARTESIAN_POINT('',(-94.9998567857517,-147.000000000003,-5.65));
#11336=CARTESIAN_POINT('',(-94.9998567857517,-145.440008401862,-5.65));
#11337=CARTESIAN_POINT('',(-94.9998567857517,-147.000000000003,-5.65));
#11338=CARTESIAN_POINT('Origin',(-94.9998567857517,-144.15,-9.65));
#11339=CARTESIAN_POINT('',(-94.9998567857517,-147.000000000003,-9.65));
#11340=CARTESIAN_POINT('',(-94.9998567857517,-143.5,-9.65));
#11341=CARTESIAN_POINT('',(-94.9998567857517,-147.000000000003,-9.65));
#11342=CARTESIAN_POINT('Origin',(-81.6396811787916,-150.15,2.44167167488522));
#11343=CARTESIAN_POINT('',(-81.6396811787916,-150.15,2.44167167488522));
#11344=CARTESIAN_POINT('',(-81.6396811787916,-150.15,2.44167167488522));
#11345=CARTESIAN_POINT('',(-93.6254964773061,-150.15,-10.779612642168));
#11346=CARTESIAN_POINT('Origin',(-81.7458823418727,-146.730016803723,-5.65));
#11347=CARTESIAN_POINT('',(-49.4991416191148,-140.1,-5.65));
#11348=CARTESIAN_POINT('',(-43.0502999999192,-140.1,-5.65));
#11349=CARTESIAN_POINT('',(-52.6103221773638,-144.,-5.65));
#11350=CARTESIAN_POINT('Origin',(-48.6103221773583,-144.,-5.65));
#11351=CARTESIAN_POINT('',(-52.6103221773638,-145.000000000001,-5.65));
#11352=CARTESIAN_POINT('',(-52.6103221773638,-144.,-5.65));
#11353=CARTESIAN_POINT('',(-54.6103221773631,-147.000000000001,-5.65));
#11354=CARTESIAN_POINT('Origin',(-54.6103221773638,-145.000000000001,-5.65));
#11355=CARTESIAN_POINT('',(-54.6103221773631,-147.000000000001,-5.65));
#11356=CARTESIAN_POINT('',(-46.6103221773583,-144.,-5.65));
#11357=CARTESIAN_POINT('Origin',(-48.6103221773583,-144.,-5.65));
#11358=CARTESIAN_POINT('Origin',(-52.5837882863451,-150.15,-5.65));
#11359=CARTESIAN_POINT('',(-59.9193299648718,-150.15,2.44167167488522));
#11360=CARTESIAN_POINT('Origin',(-45.1103221773527,-143.65,7.17499999999999));
#11361=CARTESIAN_POINT('',(-45.1103221773527,-144.149999999999,7.17499999999999));
#11362=CARTESIAN_POINT('Origin',(-72.2795055718317,-150.15,12.7666716748852));
#11363=CARTESIAN_POINT('',(-72.2795055718317,-150.15,12.7666716748852));
#11364=CARTESIAN_POINT('',(-72.2795055718317,-150.15,12.7666716748852));
#11365=CARTESIAN_POINT('',(-79.6150472503585,-150.15,4.67499999999997));
#11366=CARTESIAN_POINT('',(-88.9454086738262,-150.15,-5.61711264216798));
#11367=CARTESIAN_POINT('',(-79.6150472503585,-150.15,4.67499999999997));
#11368=CARTESIAN_POINT('Origin',(-61.9439638933049,-150.15,4.67499999999997));
#11369=CARTESIAN_POINT('',(-61.9439638933049,-150.15,4.67499999999997));
#11370=CARTESIAN_POINT('',(-61.9439638933049,-150.15,4.67499999999997));
#11371=CARTESIAN_POINT('',(-69.2795055718317,-150.15,12.7666716748852));
#11372=CARTESIAN_POINT('',(-71.7996804429358,-150.15,15.5466201114083));
#11373=CARTESIAN_POINT('',(-69.2795055718317,-150.15,12.7666716748852));
#11374=CARTESIAN_POINT('Origin',(-83.6643151072247,-150.15,4.67499999999999));
#11375=CARTESIAN_POINT('',(-83.6643151072247,-150.15,4.67499999999999));
#11376=CARTESIAN_POINT('',(-83.6643151072247,-150.15,4.67499999999999));
#11377=CARTESIAN_POINT('',(-88.620955194998,-150.15,10.1425586287298));
#11378=CARTESIAN_POINT('Origin',(-90.9998567857515,-150.15,-3.41667167488524));
#11379=CARTESIAN_POINT('',(-99.4168962905286,-150.15,-12.7013193712601));
#11380=CARTESIAN_POINT('Origin',(-74.3041395002648,-150.15,-5.65));
#11381=CARTESIAN_POINT('',(-83.9408673915181,-150.15,4.98005862872977));
#11382=CARTESIAN_POINT('Origin',(-59.9193299648718,-150.15,2.44167167488522));
#11383=CARTESIAN_POINT('Origin',(-72.2795055718317,-150.15,-3.4166716748853));
#11384=CARTESIAN_POINT('',(-72.2795055718317,-150.15,-3.4166716748853));
#11385=CARTESIAN_POINT('',(-72.2795055718317,-150.15,-3.4166716748853));
#11386=CARTESIAN_POINT('',(-72.2795055718317,-150.15,-6.53333583744266));
#11387=CARTESIAN_POINT('Origin',(-79.6150472503585,-150.15,4.67499999999997));
#11388=CARTESIAN_POINT('',(-85.4850092568223,-150.15,11.1500235745228));
#11389=CARTESIAN_POINT('Origin',(-69.2795055718317,-150.15,-3.4166716748853));
#11390=CARTESIAN_POINT('',(-69.2795055718317,-150.15,-3.4166716748853));
#11391=CARTESIAN_POINT('',(-69.2795055718317,-150.15,-3.4166716748853));
#11392=CARTESIAN_POINT('',(-82.5956215384663,-150.15,-18.1053808539387));
#11393=CARTESIAN_POINT('Origin',(-69.2795055718317,-150.15,12.7666716748852));
#11394=CARTESIAN_POINT('',(-69.2795055718317,-150.15,1.5583358374426));
#11395=CARTESIAN_POINT('Origin',(-50.5591543579119,-150.15,12.7666716748852));
#11396=CARTESIAN_POINT('',(-50.5591543579121,-149.075000000003,12.766671674885));
#11397=CARTESIAN_POINT('Origin',(-67.2548716433986,-150.15,15.));
#11398=CARTESIAN_POINT('',(-73.3438223082401,-150.15,21.7165850572014));
#11399=CARTESIAN_POINT('Origin',(-88.9752228573184,-150.15,15.));
#11400=CARTESIAN_POINT('',(-90.1650970603023,-150.15,16.3125235745228));
#11401=CARTESIAN_POINT('Origin',(-50.5591543579121,-148.000000000006,-5.65));
#11402=CARTESIAN_POINT('Origin',(-121.441464683826,-150.15,-9.65));
#11403=CARTESIAN_POINT('Origin',(-121.441464683826,-150.15,-9.65));
#11404=CARTESIAN_POINT('Origin',(-121.441464683826,-150.15,-9.65));
#11405=CARTESIAN_POINT('Origin',(-121.441464683826,-150.15,-9.65));
#11406=CARTESIAN_POINT('Origin',(-121.441464683826,-150.15,-9.65));
#11407=CARTESIAN_POINT('Origin',(-81.7458823418727,-146.730016803723,-9.65));
#11408=CARTESIAN_POINT('',(-101.593673512849,-150.15,-9.65));
#11409=CARTESIAN_POINT('',(-94.9998567857517,-147.000000000003,-9.65));
#11410=CARTESIAN_POINT('',(-54.6103221773631,-147.000000000001,-9.65));
#11411=CARTESIAN_POINT('',(-54.6103221773631,-147.000000000001,-9.65));
#11412=CARTESIAN_POINT('',(-52.6103221773638,-145.000000000001,-9.65));
#11413=CARTESIAN_POINT('Origin',(-54.6103221773638,-145.000000000001,-9.65));
#11414=CARTESIAN_POINT('',(-52.6103221773638,-144.,-9.65));
#11415=CARTESIAN_POINT('',(-52.6103221773638,-144.,-9.65));
#11416=CARTESIAN_POINT('',(-49.4991416191148,-140.1,-9.65));
#11417=CARTESIAN_POINT('Origin',(-48.6103221773583,-144.,-9.65));
#11418=CARTESIAN_POINT('',(-43.0502999999192,-140.1,-9.65));
#11419=CARTESIAN_POINT('',(-43.0502999999192,-140.1,-9.65));
#11420=CARTESIAN_POINT('Origin',(-43.0502999999191,-141.1,-9.65));
#11421=CARTESIAN_POINT('',(-46.6103221773583,-144.,-9.65));
#11422=CARTESIAN_POINT('Origin',(-48.6103221773583,-144.,-9.65));
#11423=CARTESIAN_POINT('Origin',(-48.6103221773583,-144.,-9.65));
#11424=CARTESIAN_POINT('',(-46.6103221773583,-144.,-9.65));
#11425=CARTESIAN_POINT('Origin',(-94.9998567857517,-147.000000000003,-9.65));
#11426=CARTESIAN_POINT('Origin',(-90.9998567857517,-144.15,-9.65));
#11427=CARTESIAN_POINT('Origin',(-54.6103221773631,-147.000000000001,-9.65));
#11428=CARTESIAN_POINT('',(-54.6103221773631,-147.000000000001,-9.65));
#11429=CARTESIAN_POINT('Origin',(-54.6103221773638,-145.000000000001,-9.65));
#11430=CARTESIAN_POINT('',(-52.6103221773638,-145.000000000001,-9.65));
#11431=CARTESIAN_POINT('Origin',(-52.6103221773638,-144.,-9.65));
#11432=CARTESIAN_POINT('',(-52.6103221773638,-144.,-9.65));
#11433=CARTESIAN_POINT('Origin',(-48.6103221773583,-144.,-9.65));
#11434=CARTESIAN_POINT('',(-49.4991416191148,-140.1,-9.65));
#11435=CARTESIAN_POINT('Origin',(-43.0502999999192,-140.1,-9.65));
#11436=CARTESIAN_POINT('',(-43.0502999999192,-140.1,-9.65));
#11437=CARTESIAN_POINT('Origin',(-43.0502999999191,-141.1,-9.65));
#11438=CARTESIAN_POINT('Origin',(-121.441464683826,-150.15,-9.65));
#11439=CARTESIAN_POINT('Origin',(-121.441464683826,-150.15,-9.65));
#11440=UNCERTAINTY_MEASURE_WITH_UNIT(LENGTH_MEASURE(0.01),#11444,
'DISTANCE_ACCURACY_VALUE',
'Maximum model space distance between geometric entities at asserted c
onnectivities');
#11441=UNCERTAINTY_MEASURE_WITH_UNIT(LENGTH_MEASURE(0.01),#11444,
'DISTANCE_ACCURACY_VALUE',
'Maximum model space distance between geometric entities at asserted c
onnectivities');
#11442=(
GEOMETRIC_REPRESENTATION_CONTEXT(3)
GLOBAL_UNCERTAINTY_ASSIGNED_CONTEXT((#11440))
GLOBAL_UNIT_ASSIGNED_CONTEXT((#11444,#11446,#11447))
REPRESENTATION_CONTEXT('','3D')
);
#11443=(
GEOMETRIC_REPRESENTATION_CONTEXT(3)
GLOBAL_UNCERTAINTY_ASSIGNED_CONTEXT((#11441))
GLOBAL_UNIT_ASSIGNED_CONTEXT((#11444,#11446,#11447))
REPRESENTATION_CONTEXT('','3D')
);
#11444=(
LENGTH_UNIT()
NAMED_UNIT(*)
SI_UNIT(.MILLI.,.METRE.)
);
#11445=(
LENGTH_UNIT()
NAMED_UNIT(*)
SI_UNIT($,.METRE.)
);
#11446=(
NAMED_UNIT(*)
PLANE_ANGLE_UNIT()
SI_UNIT($,.RADIAN.)
);
#11447=(
NAMED_UNIT(*)
SI_UNIT($,.STERADIAN.)
SOLID_ANGLE_UNIT()
);
#11448=SHAPE_DEFINITION_REPRESENTATION(#11449,#11450);
#11449=PRODUCT_DEFINITION_SHAPE('',$,#11452);
#11450=SHAPE_REPRESENTATION('',(#6054),#11442);
#11451=PRODUCT_DEFINITION_CONTEXT('part definition',#11456,'design');
#11452=PRODUCT_DEFINITION('2313 - BCPCBCover',
'UPDATED_2313 - BCPCBCover.f3d ',#11453,#11451);
#11453=PRODUCT_DEFINITION_FORMATION('',$,#11458);
#11454=PRODUCT_RELATED_PRODUCT_CATEGORY(
'UPDATED_2313 - BCPCBCover.f3d ','UPDATED_2313 - BCPCBCover.f3d ',(#11458));
#11455=APPLICATION_PROTOCOL_DEFINITION('international standard',
'automotive_design',2009,#11456);
#11456=APPLICATION_CONTEXT(
'Core Data for Automotive Mechanical Design Process');
#11457=PRODUCT_CONTEXT('part definition',#11456,'mechanical');
#11458=PRODUCT('2313 - BCPCBCover','UPDATED_2313 - BCPCBCover.f3d ',$,(#11457));
#11459=PRESENTATION_STYLE_ASSIGNMENT((#11461));
#11460=PRESENTATION_STYLE_ASSIGNMENT((#11462));
#11461=SURFACE_STYLE_USAGE(.BOTH.,#11463);
#11462=SURFACE_STYLE_USAGE(.BOTH.,#11464);
#11463=SURFACE_SIDE_STYLE('',(#11465));
#11464=SURFACE_SIDE_STYLE('',(#11466));
#11465=SURFACE_STYLE_FILL_AREA(#11467);
#11466=SURFACE_STYLE_FILL_AREA(#11468);
#11467=FILL_AREA_STYLE('Steel - Satin',(#11469));
#11468=FILL_AREA_STYLE('Opaque(77,77,77)',(#11470));
#11469=FILL_AREA_STYLE_COLOUR('Steel - Satin',#11471);
#11470=FILL_AREA_STYLE_COLOUR('Opaque(77,77,77)',#11472);
#11471=COLOUR_RGB('Steel - Satin',0.627450980392157,0.627450980392157,0.627450980392157);
#11472=COLOUR_RGB('Opaque(77,77,77)',0.301960784313725,0.301960784313725,
0.301960784313725);
ENDSEC;
END-ISO-10303-21;
