ISO-10303-21;
HEADER;
/* Generated by software containing ST-Developer
 * from STEP Tools, Inc. (www.steptools.com) 
 */

FILE_DESCRIPTION(
/* description */ (''),
/* implementation_level */ '2;1');

FILE_NAME(
/* name */ '178_2321-Sensor_Mount.step',
/* time_stamp */ '2026-09-18T19:10:00-05:00',
/* author */ (''),
/* organization */ (''),
/* preprocessor_version */ 'ST-DEVELOPER v20.2',
/* originating_system */ 'Autodesk Translation Framework v15.15.0.0',
/* authorisation */ '');

FILE_SCHEMA (('AUTOMOTIVE_DESIGN { 1 0 10303 214 3 1 1 }'));
ENDSEC;

DATA;
#10=MECHANICAL_DESIGN_GEOMETRIC_PRESENTATION_REPRESENTATION('',(#13),#9092);
#11=SHAPE_REPRESENTATION_RELATIONSHIP('SRR','None',#9099,#12);
#12=ADVANCED_BREP_SHAPE_REPRESENTATION('',(#14),#9091);
#13=STYLED_ITEM('',(#9108),#14);
#14=MANIFOLD_SOLID_BREP('Body9',#5083);
#15=SPHERICAL_SURFACE('',#5238,1.);
#16=SPHERICAL_SURFACE('',#5247,1.);
#17=TOROIDAL_SURFACE('',#5220,4.49999999999999,0.5);
#18=TOROIDAL_SURFACE('',#5250,5.,1.);
#19=TOROIDAL_SURFACE('',#5258,5.,1.);
#20=TOROIDAL_SURFACE('',#5264,3.,1.);
#21=TOROIDAL_SURFACE('',#5268,2.99999999999999,1.);
#22=TOROIDAL_SURFACE('',#5272,3.,1.);
#23=TOROIDAL_SURFACE('',#5284,3.,1.);
#24=TOROIDAL_SURFACE('',#5295,4.,1.);
#25=TOROIDAL_SURFACE('',#5305,4.,1.);
#26=TOROIDAL_SURFACE('',#5315,4.,1.);
#27=TOROIDAL_SURFACE('',#5325,4.,1.);
#28=TOROIDAL_SURFACE('',#5348,5.,1.);
#29=TOROIDAL_SURFACE('',#5379,5.,1.);
#30=TOROIDAL_SURFACE('',#5384,5.,1.);
#31=TOROIDAL_SURFACE('',#5386,5.,1.);
#32=TOROIDAL_SURFACE('',#5390,7.,2.);
#33=TOROIDAL_SURFACE('',#5392,7.,2.);
#34=TOROIDAL_SURFACE('',#5394,7.,2.);
#35=TOROIDAL_SURFACE('',#5396,7.,2.);
#36=B_SPLINE_SURFACE_WITH_KNOTS('',3,3,((#7774,#7775,#7776,#7777,#7778),
(#7779,#7780,#7781,#7782,#7783),(#7784,#7785,#7786,#7787,#7788),(#7789,
#7790,#7791,#7792,#7793),(#7794,#7795,#7796,#7797,#7798),(#7799,#7800,#7801,
#7802,#7803)),.UNSPECIFIED.,.F.,.F.,.F.,(4,1,1,4),(4,1,4),(0.,0.285714285714286,
0.571428571428571,1.),(0.434276450173088,0.46781810938771,0.501359768602332),
 .UNSPECIFIED.);
#37=B_SPLINE_SURFACE_WITH_KNOTS('',3,3,((#7831,#7832,#7833,#7834,#7835,
#7836),(#7837,#7838,#7839,#7840,#7841,#7842),(#7843,#7844,#7845,#7846,#7847,
#7848),(#7849,#7850,#7851,#7852,#7853,#7854),(#7855,#7856,#7857,#7858,#7859,
#7860),(#7861,#7862,#7863,#7864,#7865,#7866),(#7867,#7868,#7869,#7870,#7871,
#7872)),.UNSPECIFIED.,.F.,.F.,.F.,(4,1,1,1,4),(4,1,1,4),(0.,0.285714285714286,
0.571428571428571,0.857142857142857,1.),(-0.749887133263795,-0.212296488475789,
0.146097274716214,0.504491037908218),.UNSPECIFIED.);
#38=B_SPLINE_SURFACE_WITH_KNOTS('',3,3,((#7946,#7947,#7948,#7949,#7950,
#7951,#7952),(#7953,#7954,#7955,#7956,#7957,#7958,#7959),(#7960,#7961,#7962,
#7963,#7964,#7965,#7966),(#7967,#7968,#7969,#7970,#7971,#7972,#7973),(#7974,
#7975,#7976,#7977,#7978,#7979,#7980),(#7981,#7982,#7983,#7984,#7985,#7986,
#7987),(#7988,#7989,#7990,#7991,#7992,#7993,#7994)),.UNSPECIFIED.,.F.,.F.,
 .F.,(4,1,1,1,4),(4,1,1,1,4),(0.,0.285714285714286,0.571428571428571,0.785714285714286,
1.),(-0.771066458062786,-0.330457053455478,-0.110152351151824,0.330457053455484,
0.771066458062791),.UNSPECIFIED.);
#39=B_SPLINE_SURFACE_WITH_KNOTS('',3,3,((#8491,#8492,#8493,#8494),(#8495,
#8496,#8497,#8498),(#8499,#8500,#8501,#8502),(#8503,#8504,#8505,#8506),
(#8507,#8508,#8509,#8510),(#8511,#8512,#8513,#8514)),.UNSPECIFIED.,.F.,
 .F.,.F.,(4,1,1,4),(4,4),(0.,0.285714285714286,0.571428571428571,1.),(0.,
0.0874027338261046),.UNSPECIFIED.);
#40=B_SPLINE_SURFACE_WITH_KNOTS('',3,3,((#8545,#8546,#8547,#8548,#8549,
#8550,#8551,#8552,#8553),(#8554,#8555,#8556,#8557,#8558,#8559,#8560,#8561,
#8562),(#8563,#8564,#8565,#8566,#8567,#8568,#8569,#8570,#8571),(#8572,#8573,
#8574,#8575,#8576,#8577,#8578,#8579,#8580),(#8581,#8582,#8583,#8584,#8585,
#8586,#8587,#8588,#8589),(#8590,#8591,#8592,#8593,#8594,#8595,#8596,#8597,
#8598),(#8599,#8600,#8601,#8602,#8603,#8604,#8605,#8606,#8607)),
 .UNSPECIFIED.,.F.,.F.,.F.,(4,1,1,1,4),(4,1,1,1,1,1,4),(0.,0.285714285714286,
0.571428571428571,0.785714285714286,1.),(-0.993541838349334,-0.69048028983162,
-0.387418741313905,-0.00859180566676229,0.218704355721524,0.824827452756953,
1.12788900127467),.UNSPECIFIED.);
#41=(
BOUNDED_CURVE()
B_SPLINE_CURVE(2,(#7425,#7426,#7427),.UNSPECIFIED.,.F.,.F.)
B_SPLINE_CURVE_WITH_KNOTS((3,3),(1.73251734306799,2.93009421872941),
 .UNSPECIFIED.)
CURVE()
GEOMETRIC_REPRESENTATION_ITEM()
RATIONAL_B_SPLINE_CURVE((2.8472929214687,3.21776876393355,3.21776876393352))
REPRESENTATION_ITEM('')
);
#42=(
BOUNDED_CURVE()
B_SPLINE_CURVE(2,(#7438,#7439,#7440),.UNSPECIFIED.,.F.,.F.)
B_SPLINE_CURVE_WITH_KNOTS((3,3),(1.0715319130532,2.14306382610639),
 .UNSPECIFIED.)
CURVE()
GEOMETRIC_REPRESENTATION_ITEM()
RATIONAL_B_SPLINE_CURVE((1.,1.28664854405807,1.))
REPRESENTATION_ITEM('')
);
#43=(
BOUNDED_CURVE()
B_SPLINE_CURVE(2,(#7677,#7678,#7679),.UNSPECIFIED.,.F.,.F.)
B_SPLINE_CURVE_WITH_KNOTS((3,3),(2.93009421872935,4.12767109439064),
 .UNSPECIFIED.)
CURVE()
GEOMETRIC_REPRESENTATION_ITEM()
RATIONAL_B_SPLINE_CURVE((3.21776876393409,3.21776876393409,2.84729292146921))
REPRESENTATION_ITEM('')
);
#44=(
BOUNDED_CURVE()
B_SPLINE_CURVE(2,(#7684,#7685,#7686),.UNSPECIFIED.,.F.,.F.)
B_SPLINE_CURVE_WITH_KNOTS((3,3),(0.000419893265167053,1.07235520461625),
 .UNSPECIFIED.)
CURVE()
GEOMETRIC_REPRESENTATION_ITEM()
RATIONAL_B_SPLINE_CURVE((1.00022459434768,1.28679302294137,1.))
REPRESENTATION_ITEM('')
);
#45=CONICAL_SURFACE('',#5135,7.45,0.872664625997152);
#46=CONICAL_SURFACE('',#5145,7.45,0.872664625997152);
#47=CONICAL_SURFACE('',#5155,7.44959014167076,0.872664625997096);
#48=CONICAL_SURFACE('',#5181,7.44959014167075,0.872664625997095);
#49=FACE_BOUND('',#543,.T.);
#50=FACE_BOUND('',#544,.T.);
#51=FACE_BOUND('',#545,.T.);
#52=FACE_BOUND('',#546,.T.);
#53=FACE_BOUND('',#547,.T.);
#54=FACE_BOUND('',#548,.T.);
#55=FACE_BOUND('',#549,.T.);
#56=FACE_BOUND('',#550,.T.);
#57=FACE_BOUND('',#551,.T.);
#58=FACE_BOUND('',#552,.T.);
#59=FACE_BOUND('',#553,.T.);
#60=FACE_BOUND('',#554,.T.);
#61=FACE_BOUND('',#555,.T.);
#62=FACE_BOUND('',#556,.T.);
#63=FACE_BOUND('',#557,.T.);
#64=FACE_BOUND('',#558,.T.);
#65=FACE_BOUND('',#559,.T.);
#66=FACE_BOUND('',#560,.T.);
#67=FACE_BOUND('',#561,.T.);
#68=FACE_BOUND('',#562,.T.);
#69=FACE_BOUND('',#575,.T.);
#70=FACE_BOUND('',#576,.T.);
#71=FACE_BOUND('',#577,.T.);
#72=FACE_BOUND('',#578,.T.);
#73=FACE_BOUND('',#579,.T.);
#74=FACE_BOUND('',#580,.T.);
#75=FACE_BOUND('',#581,.T.);
#76=FACE_BOUND('',#582,.T.);
#77=FACE_BOUND('',#583,.T.);
#78=FACE_BOUND('',#584,.T.);
#79=FACE_BOUND('',#585,.T.);
#80=FACE_BOUND('',#586,.T.);
#81=FACE_BOUND('',#587,.T.);
#82=FACE_BOUND('',#588,.T.);
#83=FACE_BOUND('',#589,.T.);
#84=FACE_BOUND('',#590,.T.);
#85=FACE_BOUND('',#591,.T.);
#86=FACE_BOUND('',#592,.T.);
#87=FACE_BOUND('',#593,.T.);
#88=FACE_BOUND('',#594,.T.);
#89=FACE_BOUND('',#712,.T.);
#90=FACE_BOUND('',#757,.T.);
#91=FACE_BOUND('',#774,.T.);
#92=FACE_BOUND('',#776,.T.);
#93=FACE_BOUND('',#779,.T.);
#94=FACE_BOUND('',#782,.T.);
#95=FACE_BOUND('',#812,.T.);
#96=FACE_BOUND('',#815,.T.);
#97=FACE_BOUND('',#818,.T.);
#98=FACE_BOUND('',#821,.T.);
#99=FACE_BOUND('',#831,.T.);
#100=FACE_BOUND('',#832,.T.);
#101=FACE_BOUND('',#833,.T.);
#102=FACE_BOUND('',#834,.T.);
#103=FACE_BOUND('',#835,.T.);
#104=FACE_BOUND('',#836,.T.);
#105=FACE_BOUND('',#837,.T.);
#106=FACE_BOUND('',#838,.T.);
#107=FACE_BOUND('',#839,.T.);
#108=FACE_BOUND('',#840,.T.);
#109=FACE_BOUND('',#841,.T.);
#110=FACE_BOUND('',#842,.T.);
#111=FACE_BOUND('',#859,.T.);
#112=FACE_BOUND('',#860,.T.);
#113=FACE_BOUND('',#861,.T.);
#114=FACE_BOUND('',#862,.T.);
#115=PLANE('',#5104);
#116=PLANE('',#5132);
#117=PLANE('',#5133);
#118=PLANE('',#5159);
#119=PLANE('',#5185);
#120=PLANE('',#5187);
#121=PLANE('',#5189);
#122=PLANE('',#5191);
#123=PLANE('',#5193);
#124=PLANE('',#5195);
#125=PLANE('',#5197);
#126=PLANE('',#5199);
#127=PLANE('',#5201);
#128=PLANE('',#5203);
#129=PLANE('',#5205);
#130=PLANE('',#5207);
#131=PLANE('',#5209);
#132=PLANE('',#5211);
#133=PLANE('',#5213);
#134=PLANE('',#5215);
#135=PLANE('',#5217);
#136=PLANE('',#5226);
#137=PLANE('',#5249);
#138=PLANE('',#5255);
#139=PLANE('',#5257);
#140=PLANE('',#5267);
#141=PLANE('',#5271);
#142=PLANE('',#5283);
#143=PLANE('',#5294);
#144=PLANE('',#5304);
#145=PLANE('',#5314);
#146=PLANE('',#5324);
#147=PLANE('',#5334);
#148=PLANE('',#5336);
#149=PLANE('',#5339);
#150=PLANE('',#5344);
#151=PLANE('',#5347);
#152=PLANE('',#5354);
#153=PLANE('',#5359);
#154=PLANE('',#5364);
#155=PLANE('',#5369);
#156=PLANE('',#5374);
#157=PLANE('',#5375);
#158=PLANE('',#5388);
#159=PLANE('',#5389);
#160=PLANE('',#5401);
#161=PLANE('',#5402);
#162=PLANE('',#5404);
#163=PLANE('',#5406);
#164=PLANE('',#5410);
#165=PLANE('',#5411);
#166=PLANE('',#5415);
#167=PLANE('',#5416);
#168=PLANE('',#5417);
#169=PLANE('',#5418);
#170=PLANE('',#5419);
#171=PLANE('',#5420);
#172=PLANE('',#5421);
#173=PLANE('',#5422);
#174=PLANE('',#5423);
#175=PLANE('',#5424);
#176=PLANE('',#5425);
#177=PLANE('',#5426);
#178=PLANE('',#5427);
#179=PLANE('',#5428);
#180=PLANE('',#5429);
#181=PLANE('',#5430);
#182=PLANE('',#5431);
#183=PLANE('',#5432);
#184=PLANE('',#5433);
#185=PLANE('',#5434);
#186=PLANE('',#5435);
#187=PLANE('',#5436);
#188=PLANE('',#5437);
#189=PLANE('',#5439);
#190=PLANE('',#5445);
#191=PLANE('',#5446);
#192=PLANE('',#5447);
#193=PLANE('',#5448);
#194=PLANE('',#5449);
#195=PLANE('',#5450);
#196=PLANE('',#5451);
#197=PLANE('',#5452);
#198=PLANE('',#5453);
#199=PLANE('',#5454);
#200=PLANE('',#5455);
#201=PLANE('',#5456);
#202=PLANE('',#5457);
#203=PLANE('',#5458);
#204=PLANE('',#5459);
#205=PLANE('',#5460);
#206=PLANE('',#5461);
#207=PLANE('',#5462);
#208=PLANE('',#5463);
#209=PLANE('',#5464);
#210=PLANE('',#5465);
#211=PLANE('',#5466);
#212=PLANE('',#5467);
#213=PLANE('',#5468);
#214=PLANE('',#5471);
#215=PLANE('',#5473);
#216=PLANE('',#5478);
#217=PLANE('',#5479);
#218=PLANE('',#5485);
#219=PLANE('',#5486);
#220=PLANE('',#5487);
#221=PLANE('',#5489);
#222=PLANE('',#5490);
#223=PLANE('',#5491);
#224=PLANE('',#5492);
#225=PLANE('',#5493);
#226=PLANE('',#5494);
#227=PLANE('',#5495);
#228=PLANE('',#5496);
#229=PLANE('',#5497);
#230=PLANE('',#5498);
#231=PLANE('',#5500);
#232=PLANE('',#5501);
#233=PLANE('',#5502);
#234=PLANE('',#5503);
#235=PLANE('',#5504);
#236=PLANE('',#5505);
#237=PLANE('',#5506);
#238=PLANE('',#5507);
#239=PLANE('',#5508);
#240=PLANE('',#5509);
#241=PLANE('',#5510);
#242=PLANE('',#5512);
#243=PLANE('',#5514);
#244=PLANE('',#5515);
#245=PLANE('',#5519);
#246=PLANE('',#5524);
#247=PLANE('',#5529);
#248=PLANE('',#5534);
#249=PLANE('',#5544);
#250=PLANE('',#5546);
#251=PLANE('',#5548);
#252=PLANE('',#5550);
#253=PLANE('',#5552);
#254=PLANE('',#5563);
#255=PLANE('',#5568);
#256=PLANE('',#5569);
#257=PLANE('',#5570);
#258=PLANE('',#5571);
#259=PLANE('',#5574);
#260=PLANE('',#5575);
#261=PLANE('',#5579);
#262=PLANE('',#5580);
#263=PLANE('',#5581);
#264=PLANE('',#5584);
#265=PLANE('',#5587);
#266=PLANE('',#5590);
#267=PLANE('',#5593);
#268=PLANE('',#5594);
#269=PLANE('',#5595);
#270=PLANE('',#5596);
#271=FACE_OUTER_BOUND('',#540,.T.);
#272=FACE_OUTER_BOUND('',#541,.T.);
#273=FACE_OUTER_BOUND('',#542,.T.);
#274=FACE_OUTER_BOUND('',#563,.T.);
#275=FACE_OUTER_BOUND('',#564,.T.);
#276=FACE_OUTER_BOUND('',#565,.T.);
#277=FACE_OUTER_BOUND('',#566,.T.);
#278=FACE_OUTER_BOUND('',#567,.T.);
#279=FACE_OUTER_BOUND('',#568,.T.);
#280=FACE_OUTER_BOUND('',#569,.T.);
#281=FACE_OUTER_BOUND('',#570,.T.);
#282=FACE_OUTER_BOUND('',#571,.T.);
#283=FACE_OUTER_BOUND('',#572,.T.);
#284=FACE_OUTER_BOUND('',#573,.T.);
#285=FACE_OUTER_BOUND('',#574,.T.);
#286=FACE_OUTER_BOUND('',#595,.T.);
#287=FACE_OUTER_BOUND('',#596,.T.);
#288=FACE_OUTER_BOUND('',#597,.T.);
#289=FACE_OUTER_BOUND('',#598,.T.);
#290=FACE_OUTER_BOUND('',#599,.T.);
#291=FACE_OUTER_BOUND('',#600,.T.);
#292=FACE_OUTER_BOUND('',#601,.T.);
#293=FACE_OUTER_BOUND('',#602,.T.);
#294=FACE_OUTER_BOUND('',#603,.T.);
#295=FACE_OUTER_BOUND('',#604,.T.);
#296=FACE_OUTER_BOUND('',#605,.T.);
#297=FACE_OUTER_BOUND('',#606,.T.);
#298=FACE_OUTER_BOUND('',#607,.T.);
#299=FACE_OUTER_BOUND('',#608,.T.);
#300=FACE_OUTER_BOUND('',#609,.T.);
#301=FACE_OUTER_BOUND('',#610,.T.);
#302=FACE_OUTER_BOUND('',#611,.T.);
#303=FACE_OUTER_BOUND('',#612,.T.);
#304=FACE_OUTER_BOUND('',#613,.T.);
#305=FACE_OUTER_BOUND('',#614,.T.);
#306=FACE_OUTER_BOUND('',#615,.T.);
#307=FACE_OUTER_BOUND('',#616,.T.);
#308=FACE_OUTER_BOUND('',#617,.T.);
#309=FACE_OUTER_BOUND('',#618,.T.);
#310=FACE_OUTER_BOUND('',#619,.T.);
#311=FACE_OUTER_BOUND('',#620,.T.);
#312=FACE_OUTER_BOUND('',#621,.T.);
#313=FACE_OUTER_BOUND('',#622,.T.);
#314=FACE_OUTER_BOUND('',#623,.T.);
#315=FACE_OUTER_BOUND('',#624,.T.);
#316=FACE_OUTER_BOUND('',#625,.T.);
#317=FACE_OUTER_BOUND('',#626,.T.);
#318=FACE_OUTER_BOUND('',#627,.T.);
#319=FACE_OUTER_BOUND('',#628,.T.);
#320=FACE_OUTER_BOUND('',#629,.T.);
#321=FACE_OUTER_BOUND('',#630,.T.);
#322=FACE_OUTER_BOUND('',#631,.T.);
#323=FACE_OUTER_BOUND('',#632,.T.);
#324=FACE_OUTER_BOUND('',#633,.T.);
#325=FACE_OUTER_BOUND('',#634,.T.);
#326=FACE_OUTER_BOUND('',#635,.T.);
#327=FACE_OUTER_BOUND('',#636,.T.);
#328=FACE_OUTER_BOUND('',#637,.T.);
#329=FACE_OUTER_BOUND('',#638,.T.);
#330=FACE_OUTER_BOUND('',#639,.T.);
#331=FACE_OUTER_BOUND('',#640,.T.);
#332=FACE_OUTER_BOUND('',#641,.T.);
#333=FACE_OUTER_BOUND('',#642,.T.);
#334=FACE_OUTER_BOUND('',#643,.T.);
#335=FACE_OUTER_BOUND('',#644,.T.);
#336=FACE_OUTER_BOUND('',#645,.T.);
#337=FACE_OUTER_BOUND('',#646,.T.);
#338=FACE_OUTER_BOUND('',#647,.T.);
#339=FACE_OUTER_BOUND('',#648,.T.);
#340=FACE_OUTER_BOUND('',#649,.T.);
#341=FACE_OUTER_BOUND('',#650,.T.);
#342=FACE_OUTER_BOUND('',#651,.T.);
#343=FACE_OUTER_BOUND('',#652,.T.);
#344=FACE_OUTER_BOUND('',#653,.T.);
#345=FACE_OUTER_BOUND('',#654,.T.);
#346=FACE_OUTER_BOUND('',#655,.T.);
#347=FACE_OUTER_BOUND('',#656,.T.);
#348=FACE_OUTER_BOUND('',#657,.T.);
#349=FACE_OUTER_BOUND('',#658,.T.);
#350=FACE_OUTER_BOUND('',#659,.T.);
#351=FACE_OUTER_BOUND('',#660,.T.);
#352=FACE_OUTER_BOUND('',#661,.T.);
#353=FACE_OUTER_BOUND('',#662,.T.);
#354=FACE_OUTER_BOUND('',#663,.T.);
#355=FACE_OUTER_BOUND('',#664,.T.);
#356=FACE_OUTER_BOUND('',#665,.T.);
#357=FACE_OUTER_BOUND('',#666,.T.);
#358=FACE_OUTER_BOUND('',#667,.T.);
#359=FACE_OUTER_BOUND('',#668,.T.);
#360=FACE_OUTER_BOUND('',#669,.T.);
#361=FACE_OUTER_BOUND('',#670,.T.);
#362=FACE_OUTER_BOUND('',#671,.T.);
#363=FACE_OUTER_BOUND('',#672,.T.);
#364=FACE_OUTER_BOUND('',#673,.T.);
#365=FACE_OUTER_BOUND('',#674,.T.);
#366=FACE_OUTER_BOUND('',#675,.T.);
#367=FACE_OUTER_BOUND('',#676,.T.);
#368=FACE_OUTER_BOUND('',#677,.T.);
#369=FACE_OUTER_BOUND('',#678,.T.);
#370=FACE_OUTER_BOUND('',#679,.T.);
#371=FACE_OUTER_BOUND('',#680,.T.);
#372=FACE_OUTER_BOUND('',#681,.T.);
#373=FACE_OUTER_BOUND('',#682,.T.);
#374=FACE_OUTER_BOUND('',#683,.T.);
#375=FACE_OUTER_BOUND('',#684,.T.);
#376=FACE_OUTER_BOUND('',#685,.T.);
#377=FACE_OUTER_BOUND('',#686,.T.);
#378=FACE_OUTER_BOUND('',#687,.T.);
#379=FACE_OUTER_BOUND('',#688,.T.);
#380=FACE_OUTER_BOUND('',#689,.T.);
#381=FACE_OUTER_BOUND('',#690,.T.);
#382=FACE_OUTER_BOUND('',#691,.T.);
#383=FACE_OUTER_BOUND('',#692,.T.);
#384=FACE_OUTER_BOUND('',#693,.T.);
#385=FACE_OUTER_BOUND('',#694,.T.);
#386=FACE_OUTER_BOUND('',#695,.T.);
#387=FACE_OUTER_BOUND('',#696,.T.);
#388=FACE_OUTER_BOUND('',#697,.T.);
#389=FACE_OUTER_BOUND('',#698,.T.);
#390=FACE_OUTER_BOUND('',#699,.T.);
#391=FACE_OUTER_BOUND('',#700,.T.);
#392=FACE_OUTER_BOUND('',#701,.T.);
#393=FACE_OUTER_BOUND('',#702,.T.);
#394=FACE_OUTER_BOUND('',#703,.T.);
#395=FACE_OUTER_BOUND('',#704,.T.);
#396=FACE_OUTER_BOUND('',#705,.T.);
#397=FACE_OUTER_BOUND('',#706,.T.);
#398=FACE_OUTER_BOUND('',#707,.T.);
#399=FACE_OUTER_BOUND('',#708,.T.);
#400=FACE_OUTER_BOUND('',#709,.T.);
#401=FACE_OUTER_BOUND('',#710,.T.);
#402=FACE_OUTER_BOUND('',#711,.T.);
#403=FACE_OUTER_BOUND('',#713,.T.);
#404=FACE_OUTER_BOUND('',#714,.T.);
#405=FACE_OUTER_BOUND('',#715,.T.);
#406=FACE_OUTER_BOUND('',#716,.T.);
#407=FACE_OUTER_BOUND('',#717,.T.);
#408=FACE_OUTER_BOUND('',#718,.T.);
#409=FACE_OUTER_BOUND('',#719,.T.);
#410=FACE_OUTER_BOUND('',#720,.T.);
#411=FACE_OUTER_BOUND('',#721,.T.);
#412=FACE_OUTER_BOUND('',#722,.T.);
#413=FACE_OUTER_BOUND('',#723,.T.);
#414=FACE_OUTER_BOUND('',#724,.T.);
#415=FACE_OUTER_BOUND('',#725,.T.);
#416=FACE_OUTER_BOUND('',#726,.T.);
#417=FACE_OUTER_BOUND('',#727,.T.);
#418=FACE_OUTER_BOUND('',#728,.T.);
#419=FACE_OUTER_BOUND('',#729,.T.);
#420=FACE_OUTER_BOUND('',#730,.T.);
#421=FACE_OUTER_BOUND('',#731,.T.);
#422=FACE_OUTER_BOUND('',#732,.T.);
#423=FACE_OUTER_BOUND('',#733,.T.);
#424=FACE_OUTER_BOUND('',#734,.T.);
#425=FACE_OUTER_BOUND('',#735,.T.);
#426=FACE_OUTER_BOUND('',#736,.T.);
#427=FACE_OUTER_BOUND('',#737,.T.);
#428=FACE_OUTER_BOUND('',#738,.T.);
#429=FACE_OUTER_BOUND('',#739,.T.);
#430=FACE_OUTER_BOUND('',#740,.T.);
#431=FACE_OUTER_BOUND('',#741,.T.);
#432=FACE_OUTER_BOUND('',#742,.T.);
#433=FACE_OUTER_BOUND('',#743,.T.);
#434=FACE_OUTER_BOUND('',#744,.T.);
#435=FACE_OUTER_BOUND('',#745,.T.);
#436=FACE_OUTER_BOUND('',#746,.T.);
#437=FACE_OUTER_BOUND('',#747,.T.);
#438=FACE_OUTER_BOUND('',#748,.T.);
#439=FACE_OUTER_BOUND('',#749,.T.);
#440=FACE_OUTER_BOUND('',#750,.T.);
#441=FACE_OUTER_BOUND('',#751,.T.);
#442=FACE_OUTER_BOUND('',#752,.T.);
#443=FACE_OUTER_BOUND('',#753,.T.);
#444=FACE_OUTER_BOUND('',#754,.T.);
#445=FACE_OUTER_BOUND('',#755,.T.);
#446=FACE_OUTER_BOUND('',#756,.T.);
#447=FACE_OUTER_BOUND('',#758,.T.);
#448=FACE_OUTER_BOUND('',#759,.T.);
#449=FACE_OUTER_BOUND('',#760,.T.);
#450=FACE_OUTER_BOUND('',#761,.T.);
#451=FACE_OUTER_BOUND('',#762,.T.);
#452=FACE_OUTER_BOUND('',#763,.T.);
#453=FACE_OUTER_BOUND('',#764,.T.);
#454=FACE_OUTER_BOUND('',#765,.T.);
#455=FACE_OUTER_BOUND('',#766,.T.);
#456=FACE_OUTER_BOUND('',#767,.T.);
#457=FACE_OUTER_BOUND('',#768,.T.);
#458=FACE_OUTER_BOUND('',#769,.T.);
#459=FACE_OUTER_BOUND('',#770,.T.);
#460=FACE_OUTER_BOUND('',#771,.T.);
#461=FACE_OUTER_BOUND('',#772,.T.);
#462=FACE_OUTER_BOUND('',#773,.T.);
#463=FACE_OUTER_BOUND('',#775,.T.);
#464=FACE_OUTER_BOUND('',#777,.T.);
#465=FACE_OUTER_BOUND('',#778,.T.);
#466=FACE_OUTER_BOUND('',#780,.T.);
#467=FACE_OUTER_BOUND('',#781,.T.);
#468=FACE_OUTER_BOUND('',#783,.T.);
#469=FACE_OUTER_BOUND('',#784,.T.);
#470=FACE_OUTER_BOUND('',#785,.T.);
#471=FACE_OUTER_BOUND('',#786,.T.);
#472=FACE_OUTER_BOUND('',#787,.T.);
#473=FACE_OUTER_BOUND('',#788,.T.);
#474=FACE_OUTER_BOUND('',#789,.T.);
#475=FACE_OUTER_BOUND('',#790,.T.);
#476=FACE_OUTER_BOUND('',#791,.T.);
#477=FACE_OUTER_BOUND('',#792,.T.);
#478=FACE_OUTER_BOUND('',#793,.T.);
#479=FACE_OUTER_BOUND('',#794,.T.);
#480=FACE_OUTER_BOUND('',#795,.T.);
#481=FACE_OUTER_BOUND('',#796,.T.);
#482=FACE_OUTER_BOUND('',#797,.T.);
#483=FACE_OUTER_BOUND('',#798,.T.);
#484=FACE_OUTER_BOUND('',#799,.T.);
#485=FACE_OUTER_BOUND('',#800,.T.);
#486=FACE_OUTER_BOUND('',#801,.T.);
#487=FACE_OUTER_BOUND('',#802,.T.);
#488=FACE_OUTER_BOUND('',#803,.T.);
#489=FACE_OUTER_BOUND('',#804,.T.);
#490=FACE_OUTER_BOUND('',#805,.T.);
#491=FACE_OUTER_BOUND('',#806,.T.);
#492=FACE_OUTER_BOUND('',#807,.T.);
#493=FACE_OUTER_BOUND('',#808,.T.);
#494=FACE_OUTER_BOUND('',#809,.T.);
#495=FACE_OUTER_BOUND('',#810,.T.);
#496=FACE_OUTER_BOUND('',#811,.T.);
#497=FACE_OUTER_BOUND('',#813,.T.);
#498=FACE_OUTER_BOUND('',#814,.T.);
#499=FACE_OUTER_BOUND('',#816,.T.);
#500=FACE_OUTER_BOUND('',#817,.T.);
#501=FACE_OUTER_BOUND('',#819,.T.);
#502=FACE_OUTER_BOUND('',#820,.T.);
#503=FACE_OUTER_BOUND('',#822,.T.);
#504=FACE_OUTER_BOUND('',#823,.T.);
#505=FACE_OUTER_BOUND('',#824,.T.);
#506=FACE_OUTER_BOUND('',#825,.T.);
#507=FACE_OUTER_BOUND('',#826,.T.);
#508=FACE_OUTER_BOUND('',#827,.T.);
#509=FACE_OUTER_BOUND('',#828,.T.);
#510=FACE_OUTER_BOUND('',#829,.T.);
#511=FACE_OUTER_BOUND('',#830,.T.);
#512=FACE_OUTER_BOUND('',#843,.T.);
#513=FACE_OUTER_BOUND('',#844,.T.);
#514=FACE_OUTER_BOUND('',#845,.T.);
#515=FACE_OUTER_BOUND('',#846,.T.);
#516=FACE_OUTER_BOUND('',#847,.T.);
#517=FACE_OUTER_BOUND('',#848,.T.);
#518=FACE_OUTER_BOUND('',#849,.T.);
#519=FACE_OUTER_BOUND('',#850,.T.);
#520=FACE_OUTER_BOUND('',#851,.T.);
#521=FACE_OUTER_BOUND('',#852,.T.);
#522=FACE_OUTER_BOUND('',#853,.T.);
#523=FACE_OUTER_BOUND('',#854,.T.);
#524=FACE_OUTER_BOUND('',#855,.T.);
#525=FACE_OUTER_BOUND('',#856,.T.);
#526=FACE_OUTER_BOUND('',#857,.T.);
#527=FACE_OUTER_BOUND('',#858,.T.);
#528=FACE_OUTER_BOUND('',#863,.T.);
#529=FACE_OUTER_BOUND('',#864,.T.);
#530=FACE_OUTER_BOUND('',#865,.T.);
#531=FACE_OUTER_BOUND('',#866,.T.);
#532=FACE_OUTER_BOUND('',#867,.T.);
#533=FACE_OUTER_BOUND('',#868,.T.);
#534=FACE_OUTER_BOUND('',#869,.T.);
#535=FACE_OUTER_BOUND('',#870,.T.);
#536=FACE_OUTER_BOUND('',#871,.T.);
#537=FACE_OUTER_BOUND('',#872,.T.);
#538=FACE_OUTER_BOUND('',#873,.T.);
#539=FACE_OUTER_BOUND('',#874,.T.);
#540=EDGE_LOOP('',(#3265,#3266,#3267,#3268,#3269,#3270));
#541=EDGE_LOOP('',(#3271,#3272,#3273,#3274,#3275));
#542=EDGE_LOOP('',(#3276,#3277,#3278,#3279,#3280,#3281,#3282,#3283,#3284,
#3285,#3286,#3287,#3288,#3289,#3290,#3291,#3292,#3293,#3294,#3295));
#543=EDGE_LOOP('',(#3296,#3297,#3298,#3299));
#544=EDGE_LOOP('',(#3300,#3301,#3302,#3303));
#545=EDGE_LOOP('',(#3304,#3305,#3306,#3307,#3308));
#546=EDGE_LOOP('',(#3309,#3310,#3311,#3312,#3313));
#547=EDGE_LOOP('',(#3314,#3315,#3316,#3317,#3318));
#548=EDGE_LOOP('',(#3319,#3320,#3321,#3322));
#549=EDGE_LOOP('',(#3323,#3324,#3325,#3326));
#550=EDGE_LOOP('',(#3327,#3328,#3329,#3330));
#551=EDGE_LOOP('',(#3331,#3332,#3333,#3334,#3335));
#552=EDGE_LOOP('',(#3336,#3337,#3338,#3339,#3340));
#553=EDGE_LOOP('',(#3341,#3342,#3343,#3344,#3345));
#554=EDGE_LOOP('',(#3346,#3347,#3348,#3349));
#555=EDGE_LOOP('',(#3350,#3351,#3352,#3353));
#556=EDGE_LOOP('',(#3354,#3355,#3356,#3357,#3358));
#557=EDGE_LOOP('',(#3359,#3360,#3361,#3362));
#558=EDGE_LOOP('',(#3363,#3364,#3365,#3366,#3367));
#559=EDGE_LOOP('',(#3368,#3369,#3370,#3371,#3372));
#560=EDGE_LOOP('',(#3373,#3374,#3375,#3376));
#561=EDGE_LOOP('',(#3377,#3378,#3379,#3380));
#562=EDGE_LOOP('',(#3381,#3382,#3383,#3384,#3385));
#563=EDGE_LOOP('',(#3386,#3387,#3388,#3389,#3390,#3391));
#564=EDGE_LOOP('',(#3392,#3393,#3394,#3395,#3396));
#565=EDGE_LOOP('',(#3397,#3398,#3399,#3400,#3401));
#566=EDGE_LOOP('',(#3402,#3403,#3404,#3405));
#567=EDGE_LOOP('',(#3406,#3407,#3408,#3409,#3410,#3411,#3412));
#568=EDGE_LOOP('',(#3413,#3414,#3415,#3416,#3417,#3418,#3419,#3420));
#569=EDGE_LOOP('',(#3421,#3422,#3423,#3424));
#570=EDGE_LOOP('',(#3425,#3426,#3427,#3428,#3429,#3430,#3431));
#571=EDGE_LOOP('',(#3432,#3433,#3434,#3435,#3436,#3437));
#572=EDGE_LOOP('',(#3438,#3439,#3440,#3441,#3442));
#573=EDGE_LOOP('',(#3443,#3444,#3445,#3446,#3447,#3448));
#574=EDGE_LOOP('',(#3449,#3450,#3451,#3452,#3453,#3454,#3455,#3456,#3457,
#3458,#3459,#3460,#3461,#3462,#3463,#3464,#3465,#3466,#3467,#3468,#3469,
#3470,#3471,#3472,#3473,#3474,#3475,#3476,#3477,#3478,#3479));
#575=EDGE_LOOP('',(#3480,#3481,#3482,#3483));
#576=EDGE_LOOP('',(#3484,#3485,#3486,#3487,#3488));
#577=EDGE_LOOP('',(#3489,#3490,#3491,#3492));
#578=EDGE_LOOP('',(#3493,#3494,#3495,#3496,#3497));
#579=EDGE_LOOP('',(#3498,#3499,#3500,#3501,#3502));
#580=EDGE_LOOP('',(#3503,#3504,#3505,#3506));
#581=EDGE_LOOP('',(#3507,#3508,#3509,#3510));
#582=EDGE_LOOP('',(#3511,#3512,#3513,#3514,#3515));
#583=EDGE_LOOP('',(#3516,#3517,#3518,#3519));
#584=EDGE_LOOP('',(#3520,#3521,#3522,#3523,#3524));
#585=EDGE_LOOP('',(#3525,#3526,#3527,#3528,#3529));
#586=EDGE_LOOP('',(#3530,#3531,#3532,#3533,#3534));
#587=EDGE_LOOP('',(#3535,#3536,#3537,#3538));
#588=EDGE_LOOP('',(#3539,#3540,#3541,#3542));
#589=EDGE_LOOP('',(#3543,#3544,#3545,#3546));
#590=EDGE_LOOP('',(#3547,#3548,#3549,#3550,#3551));
#591=EDGE_LOOP('',(#3552,#3553,#3554,#3555,#3556));
#592=EDGE_LOOP('',(#3557,#3558,#3559,#3560,#3561));
#593=EDGE_LOOP('',(#3562,#3563,#3564,#3565));
#594=EDGE_LOOP('',(#3566,#3567,#3568,#3569));
#595=EDGE_LOOP('',(#3570,#3571,#3572,#3573,#3574,#3575));
#596=EDGE_LOOP('',(#3576,#3577,#3578,#3579,#3580));
#597=EDGE_LOOP('',(#3581,#3582,#3583,#3584));
#598=EDGE_LOOP('',(#3585,#3586,#3587,#3588,#3589));
#599=EDGE_LOOP('',(#3590,#3591,#3592,#3593,#3594,#3595,#3596));
#600=EDGE_LOOP('',(#3597,#3598,#3599,#3600));
#601=EDGE_LOOP('',(#3601,#3602,#3603,#3604));
#602=EDGE_LOOP('',(#3605,#3606,#3607,#3608));
#603=EDGE_LOOP('',(#3609,#3610,#3611,#3612));
#604=EDGE_LOOP('',(#3613,#3614,#3615,#3616));
#605=EDGE_LOOP('',(#3617,#3618,#3619,#3620));
#606=EDGE_LOOP('',(#3621,#3622,#3623,#3624));
#607=EDGE_LOOP('',(#3625,#3626,#3627,#3628));
#608=EDGE_LOOP('',(#3629,#3630,#3631,#3632));
#609=EDGE_LOOP('',(#3633,#3634,#3635,#3636));
#610=EDGE_LOOP('',(#3637,#3638,#3639,#3640));
#611=EDGE_LOOP('',(#3641,#3642,#3643,#3644));
#612=EDGE_LOOP('',(#3645,#3646,#3647,#3648));
#613=EDGE_LOOP('',(#3649,#3650,#3651,#3652));
#614=EDGE_LOOP('',(#3653,#3654,#3655,#3656));
#615=EDGE_LOOP('',(#3657,#3658,#3659,#3660));
#616=EDGE_LOOP('',(#3661,#3662,#3663,#3664));
#617=EDGE_LOOP('',(#3665,#3666,#3667,#3668));
#618=EDGE_LOOP('',(#3669,#3670,#3671,#3672));
#619=EDGE_LOOP('',(#3673,#3674,#3675,#3676));
#620=EDGE_LOOP('',(#3677,#3678,#3679,#3680));
#621=EDGE_LOOP('',(#3681,#3682,#3683,#3684));
#622=EDGE_LOOP('',(#3685,#3686,#3687,#3688));
#623=EDGE_LOOP('',(#3689,#3690,#3691,#3692));
#624=EDGE_LOOP('',(#3693,#3694,#3695,#3696));
#625=EDGE_LOOP('',(#3697,#3698,#3699,#3700));
#626=EDGE_LOOP('',(#3701,#3702,#3703,#3704));
#627=EDGE_LOOP('',(#3705,#3706,#3707,#3708));
#628=EDGE_LOOP('',(#3709,#3710,#3711,#3712));
#629=EDGE_LOOP('',(#3713,#3714,#3715,#3716,#3717));
#630=EDGE_LOOP('',(#3718,#3719,#3720,#3721));
#631=EDGE_LOOP('',(#3722,#3723,#3724,#3725,#3726));
#632=EDGE_LOOP('',(#3727,#3728,#3729,#3730,#3731,#3732));
#633=EDGE_LOOP('',(#3733,#3734,#3735,#3736,#3737,#3738));
#634=EDGE_LOOP('',(#3739,#3740,#3741));
#635=EDGE_LOOP('',(#3742,#3743,#3744,#3745));
#636=EDGE_LOOP('',(#3746,#3747,#3748,#3749,#3750,#3751,#3752,#3753,#3754,
#3755,#3756,#3757));
#637=EDGE_LOOP('',(#3758,#3759,#3760));
#638=EDGE_LOOP('',(#3761,#3762,#3763,#3764,#3765,#3766));
#639=EDGE_LOOP('',(#3767,#3768,#3769,#3770));
#640=EDGE_LOOP('',(#3771,#3772,#3773));
#641=EDGE_LOOP('',(#3774,#3775,#3776,#3777));
#642=EDGE_LOOP('',(#3778,#3779,#3780,#3781,#3782));
#643=EDGE_LOOP('',(#3783,#3784,#3785,#3786,#3787,#3788));
#644=EDGE_LOOP('',(#3789,#3790,#3791,#3792));
#645=EDGE_LOOP('',(#3793,#3794,#3795,#3796,#3797));
#646=EDGE_LOOP('',(#3798,#3799,#3800,#3801));
#647=EDGE_LOOP('',(#3802,#3803,#3804,#3805,#3806,#3807,#3808,#3809,#3810,
#3811));
#648=EDGE_LOOP('',(#3812,#3813,#3814,#3815,#3816));
#649=EDGE_LOOP('',(#3817));
#650=EDGE_LOOP('',(#3818,#3819,#3820,#3821,#3822));
#651=EDGE_LOOP('',(#3823));
#652=EDGE_LOOP('',(#3824,#3825,#3826,#3827,#3828));
#653=EDGE_LOOP('',(#3829,#3830,#3831,#3832,#3833,#3834,#3835,#3836,#3837,
#3838,#3839,#3840));
#654=EDGE_LOOP('',(#3841));
#655=EDGE_LOOP('',(#3842,#3843,#3844,#3845,#3846));
#656=EDGE_LOOP('',(#3847,#3848,#3849,#3850,#3851,#3852,#3853,#3854,#3855,
#3856,#3857));
#657=EDGE_LOOP('',(#3858));
#658=EDGE_LOOP('',(#3859,#3860,#3861,#3862,#3863));
#659=EDGE_LOOP('',(#3864,#3865,#3866,#3867,#3868,#3869,#3870,#3871,#3872));
#660=EDGE_LOOP('',(#3873));
#661=EDGE_LOOP('',(#3874,#3875,#3876,#3877,#3878));
#662=EDGE_LOOP('',(#3879,#3880,#3881,#3882,#3883,#3884,#3885,#3886,#3887));
#663=EDGE_LOOP('',(#3888));
#664=EDGE_LOOP('',(#3889,#3890,#3891,#3892,#3893));
#665=EDGE_LOOP('',(#3894,#3895,#3896,#3897,#3898,#3899,#3900,#3901,#3902));
#666=EDGE_LOOP('',(#3903));
#667=EDGE_LOOP('',(#3904,#3905,#3906,#3907,#3908));
#668=EDGE_LOOP('',(#3909,#3910,#3911,#3912,#3913,#3914,#3915,#3916,#3917));
#669=EDGE_LOOP('',(#3918));
#670=EDGE_LOOP('',(#3919,#3920,#3921,#3922));
#671=EDGE_LOOP('',(#3923,#3924));
#672=EDGE_LOOP('',(#3925,#3926,#3927,#3928));
#673=EDGE_LOOP('',(#3929,#3930));
#674=EDGE_LOOP('',(#3931,#3932,#3933,#3934));
#675=EDGE_LOOP('',(#3935,#3936,#3937,#3938,#3939));
#676=EDGE_LOOP('',(#3940,#3941,#3942,#3943));
#677=EDGE_LOOP('',(#3944,#3945,#3946,#3947,#3948));
#678=EDGE_LOOP('',(#3949,#3950,#3951,#3952,#3953));
#679=EDGE_LOOP('',(#3954,#3955,#3956,#3957,#3958));
#680=EDGE_LOOP('',(#3959,#3960,#3961,#3962));
#681=EDGE_LOOP('',(#3963,#3964,#3965,#3966,#3967,#3968,#3969,#3970,#3971,
#3972,#3973,#3974,#3975,#3976,#3977));
#682=EDGE_LOOP('',(#3978,#3979,#3980,#3981));
#683=EDGE_LOOP('',(#3982,#3983,#3984,#3985,#3986,#3987,#3988,#3989,#3990,
#3991,#3992,#3993,#3994,#3995));
#684=EDGE_LOOP('',(#3996,#3997,#3998,#3999));
#685=EDGE_LOOP('',(#4000,#4001,#4002,#4003,#4004));
#686=EDGE_LOOP('',(#4005,#4006,#4007,#4008));
#687=EDGE_LOOP('',(#4009,#4010,#4011,#4012,#4013,#4014));
#688=EDGE_LOOP('',(#4015,#4016,#4017,#4018));
#689=EDGE_LOOP('',(#4019,#4020,#4021,#4022,#4023,#4024));
#690=EDGE_LOOP('',(#4025,#4026,#4027,#4028));
#691=EDGE_LOOP('',(#4029,#4030,#4031,#4032,#4033,#4034,#4035,#4036,#4037,
#4038,#4039,#4040));
#692=EDGE_LOOP('',(#4041,#4042,#4043,#4044));
#693=EDGE_LOOP('',(#4045,#4046,#4047,#4048));
#694=EDGE_LOOP('',(#4049,#4050,#4051,#4052));
#695=EDGE_LOOP('',(#4053,#4054,#4055,#4056));
#696=EDGE_LOOP('',(#4057,#4058,#4059,#4060,#4061,#4062,#4063));
#697=EDGE_LOOP('',(#4064,#4065,#4066,#4067,#4068,#4069));
#698=EDGE_LOOP('',(#4070,#4071,#4072,#4073,#4074));
#699=EDGE_LOOP('',(#4075,#4076,#4077,#4078,#4079,#4080));
#700=EDGE_LOOP('',(#4081,#4082,#4083,#4084));
#701=EDGE_LOOP('',(#4085,#4086,#4087,#4088));
#702=EDGE_LOOP('',(#4089,#4090,#4091,#4092));
#703=EDGE_LOOP('',(#4093,#4094,#4095,#4096,#4097,#4098));
#704=EDGE_LOOP('',(#4099,#4100,#4101,#4102,#4103,#4104));
#705=EDGE_LOOP('',(#4105,#4106,#4107,#4108,#4109,#4110,#4111,#4112));
#706=EDGE_LOOP('',(#4113,#4114,#4115,#4116));
#707=EDGE_LOOP('',(#4117,#4118,#4119,#4120));
#708=EDGE_LOOP('',(#4121,#4122,#4123,#4124,#4125,#4126,#4127));
#709=EDGE_LOOP('',(#4128,#4129,#4130,#4131,#4132,#4133));
#710=EDGE_LOOP('',(#4134,#4135,#4136,#4137));
#711=EDGE_LOOP('',(#4138,#4139,#4140,#4141,#4142,#4143));
#712=EDGE_LOOP('',(#4144));
#713=EDGE_LOOP('',(#4145,#4146,#4147,#4148));
#714=EDGE_LOOP('',(#4149,#4150,#4151,#4152,#4153));
#715=EDGE_LOOP('',(#4154));
#716=EDGE_LOOP('',(#4155,#4156,#4157,#4158));
#717=EDGE_LOOP('',(#4159,#4160,#4161,#4162));
#718=EDGE_LOOP('',(#4163,#4164,#4165,#4166));
#719=EDGE_LOOP('',(#4167,#4168,#4169,#4170));
#720=EDGE_LOOP('',(#4171,#4172,#4173,#4174));
#721=EDGE_LOOP('',(#4175,#4176,#4177,#4178));
#722=EDGE_LOOP('',(#4179,#4180,#4181,#4182));
#723=EDGE_LOOP('',(#4183,#4184,#4185,#4186));
#724=EDGE_LOOP('',(#4187,#4188,#4189,#4190));
#725=EDGE_LOOP('',(#4191,#4192,#4193,#4194));
#726=EDGE_LOOP('',(#4195,#4196,#4197,#4198));
#727=EDGE_LOOP('',(#4199,#4200,#4201,#4202));
#728=EDGE_LOOP('',(#4203,#4204,#4205,#4206));
#729=EDGE_LOOP('',(#4207,#4208,#4209,#4210,#4211,#4212,#4213));
#730=EDGE_LOOP('',(#4214,#4215,#4216,#4217));
#731=EDGE_LOOP('',(#4218,#4219,#4220,#4221));
#732=EDGE_LOOP('',(#4222,#4223,#4224,#4225));
#733=EDGE_LOOP('',(#4226,#4227,#4228,#4229));
#734=EDGE_LOOP('',(#4230,#4231,#4232,#4233));
#735=EDGE_LOOP('',(#4234,#4235,#4236,#4237));
#736=EDGE_LOOP('',(#4238,#4239,#4240,#4241));
#737=EDGE_LOOP('',(#4242,#4243,#4244,#4245));
#738=EDGE_LOOP('',(#4246,#4247,#4248,#4249));
#739=EDGE_LOOP('',(#4250,#4251,#4252,#4253));
#740=EDGE_LOOP('',(#4254));
#741=EDGE_LOOP('',(#4255,#4256,#4257,#4258));
#742=EDGE_LOOP('',(#4259,#4260,#4261,#4262));
#743=EDGE_LOOP('',(#4263,#4264,#4265,#4266));
#744=EDGE_LOOP('',(#4267,#4268,#4269,#4270,#4271));
#745=EDGE_LOOP('',(#4272,#4273,#4274,#4275));
#746=EDGE_LOOP('',(#4276,#4277,#4278,#4279));
#747=EDGE_LOOP('',(#4280,#4281,#4282,#4283));
#748=EDGE_LOOP('',(#4284,#4285,#4286,#4287));
#749=EDGE_LOOP('',(#4288,#4289,#4290,#4291));
#750=EDGE_LOOP('',(#4292,#4293,#4294,#4295));
#751=EDGE_LOOP('',(#4296,#4297,#4298,#4299));
#752=EDGE_LOOP('',(#4300,#4301,#4302,#4303));
#753=EDGE_LOOP('',(#4304,#4305,#4306,#4307));
#754=EDGE_LOOP('',(#4308,#4309,#4310,#4311));
#755=EDGE_LOOP('',(#4312,#4313,#4314,#4315));
#756=EDGE_LOOP('',(#4316,#4317,#4318,#4319,#4320,#4321));
#757=EDGE_LOOP('',(#4322));
#758=EDGE_LOOP('',(#4323,#4324,#4325,#4326));
#759=EDGE_LOOP('',(#4327,#4328,#4329,#4330));
#760=EDGE_LOOP('',(#4331,#4332,#4333,#4334));
#761=EDGE_LOOP('',(#4335,#4336,#4337,#4338));
#762=EDGE_LOOP('',(#4339,#4340,#4341,#4342));
#763=EDGE_LOOP('',(#4343,#4344,#4345,#4346));
#764=EDGE_LOOP('',(#4347,#4348,#4349,#4350));
#765=EDGE_LOOP('',(#4351,#4352,#4353,#4354));
#766=EDGE_LOOP('',(#4355,#4356,#4357,#4358));
#767=EDGE_LOOP('',(#4359,#4360,#4361,#4362));
#768=EDGE_LOOP('',(#4363,#4364,#4365,#4366));
#769=EDGE_LOOP('',(#4367,#4368,#4369,#4370,#4371,#4372,#4373,#4374));
#770=EDGE_LOOP('',(#4375));
#771=EDGE_LOOP('',(#4376));
#772=EDGE_LOOP('',(#4377,#4378,#4379,#4380));
#773=EDGE_LOOP('',(#4381));
#774=EDGE_LOOP('',(#4382));
#775=EDGE_LOOP('',(#4383));
#776=EDGE_LOOP('',(#4384));
#777=EDGE_LOOP('',(#4385,#4386,#4387,#4388));
#778=EDGE_LOOP('',(#4389));
#779=EDGE_LOOP('',(#4390));
#780=EDGE_LOOP('',(#4391));
#781=EDGE_LOOP('',(#4392));
#782=EDGE_LOOP('',(#4393));
#783=EDGE_LOOP('',(#4394));
#784=EDGE_LOOP('',(#4395,#4396,#4397,#4398));
#785=EDGE_LOOP('',(#4399,#4400,#4401,#4402));
#786=EDGE_LOOP('',(#4403,#4404,#4405,#4406));
#787=EDGE_LOOP('',(#4407,#4408,#4409,#4410));
#788=EDGE_LOOP('',(#4411,#4412,#4413,#4414));
#789=EDGE_LOOP('',(#4415,#4416,#4417,#4418));
#790=EDGE_LOOP('',(#4419,#4420,#4421,#4422));
#791=EDGE_LOOP('',(#4423,#4424,#4425,#4426));
#792=EDGE_LOOP('',(#4427,#4428,#4429,#4430));
#793=EDGE_LOOP('',(#4431,#4432,#4433,#4434));
#794=EDGE_LOOP('',(#4435,#4436,#4437,#4438));
#795=EDGE_LOOP('',(#4439,#4440,#4441,#4442));
#796=EDGE_LOOP('',(#4443,#4444,#4445,#4446));
#797=EDGE_LOOP('',(#4447,#4448,#4449,#4450));
#798=EDGE_LOOP('',(#4451,#4452,#4453,#4454));
#799=EDGE_LOOP('',(#4455,#4456,#4457,#4458));
#800=EDGE_LOOP('',(#4459,#4460,#4461,#4462));
#801=EDGE_LOOP('',(#4463,#4464,#4465,#4466));
#802=EDGE_LOOP('',(#4467,#4468,#4469,#4470));
#803=EDGE_LOOP('',(#4471,#4472,#4473,#4474));
#804=EDGE_LOOP('',(#4475,#4476,#4477,#4478));
#805=EDGE_LOOP('',(#4479,#4480,#4481,#4482));
#806=EDGE_LOOP('',(#4483,#4484,#4485,#4486,#4487,#4488));
#807=EDGE_LOOP('',(#4489,#4490,#4491,#4492,#4493,#4494,#4495,#4496));
#808=EDGE_LOOP('',(#4497,#4498,#4499,#4500));
#809=EDGE_LOOP('',(#4501,#4502,#4503,#4504));
#810=EDGE_LOOP('',(#4505,#4506,#4507,#4508));
#811=EDGE_LOOP('',(#4509));
#812=EDGE_LOOP('',(#4510));
#813=EDGE_LOOP('',(#4511,#4512,#4513,#4514));
#814=EDGE_LOOP('',(#4515));
#815=EDGE_LOOP('',(#4516));
#816=EDGE_LOOP('',(#4517,#4518,#4519,#4520));
#817=EDGE_LOOP('',(#4521));
#818=EDGE_LOOP('',(#4522));
#819=EDGE_LOOP('',(#4523,#4524,#4525,#4526));
#820=EDGE_LOOP('',(#4527));
#821=EDGE_LOOP('',(#4528));
#822=EDGE_LOOP('',(#4529,#4530,#4531,#4532));
#823=EDGE_LOOP('',(#4533,#4534,#4535,#4536));
#824=EDGE_LOOP('',(#4537,#4538,#4539,#4540));
#825=EDGE_LOOP('',(#4541,#4542,#4543,#4544));
#826=EDGE_LOOP('',(#4545));
#827=EDGE_LOOP('',(#4546));
#828=EDGE_LOOP('',(#4547));
#829=EDGE_LOOP('',(#4548));
#830=EDGE_LOOP('',(#4549,#4550,#4551,#4552,#4553,#4554,#4555,#4556,#4557,
#4558,#4559,#4560,#4561,#4562,#4563,#4564,#4565,#4566,#4567,#4568,#4569,
#4570,#4571,#4572,#4573,#4574,#4575,#4576,#4577,#4578,#4579,#4580,#4581,
#4582,#4583,#4584,#4585,#4586,#4587,#4588,#4589));
#831=EDGE_LOOP('',(#4590));
#832=EDGE_LOOP('',(#4591));
#833=EDGE_LOOP('',(#4592));
#834=EDGE_LOOP('',(#4593));
#835=EDGE_LOOP('',(#4594));
#836=EDGE_LOOP('',(#4595));
#837=EDGE_LOOP('',(#4596));
#838=EDGE_LOOP('',(#4597));
#839=EDGE_LOOP('',(#4598));
#840=EDGE_LOOP('',(#4599));
#841=EDGE_LOOP('',(#4600));
#842=EDGE_LOOP('',(#4601));
#843=EDGE_LOOP('',(#4602,#4603,#4604));
#844=EDGE_LOOP('',(#4605,#4606,#4607,#4608));
#845=EDGE_LOOP('',(#4609,#4610,#4611,#4612));
#846=EDGE_LOOP('',(#4613,#4614,#4615,#4616));
#847=EDGE_LOOP('',(#4617,#4618,#4619,#4620));
#848=EDGE_LOOP('',(#4621,#4622,#4623,#4624,#4625));
#849=EDGE_LOOP('',(#4626,#4627,#4628,#4629,#4630,#4631,#4632,#4633));
#850=EDGE_LOOP('',(#4634,#4635,#4636,#4637,#4638));
#851=EDGE_LOOP('',(#4639,#4640,#4641,#4642,#4643));
#852=EDGE_LOOP('',(#4644,#4645,#4646,#4647,#4648,#4649));
#853=EDGE_LOOP('',(#4650,#4651,#4652,#4653,#4654,#4655));
#854=EDGE_LOOP('',(#4656,#4657,#4658,#4659,#4660,#4661,#4662,#4663));
#855=EDGE_LOOP('',(#4664,#4665,#4666,#4667));
#856=EDGE_LOOP('',(#4668,#4669,#4670,#4671));
#857=EDGE_LOOP('',(#4672,#4673,#4674,#4675,#4676));
#858=EDGE_LOOP('',(#4677,#4678,#4679,#4680,#4681));
#859=EDGE_LOOP('',(#4682));
#860=EDGE_LOOP('',(#4683));
#861=EDGE_LOOP('',(#4684));
#862=EDGE_LOOP('',(#4685));
#863=EDGE_LOOP('',(#4686,#4687,#4688,#4689,#4690,#4691,#4692,#4693));
#864=EDGE_LOOP('',(#4694,#4695,#4696,#4697));
#865=EDGE_LOOP('',(#4698));
#866=EDGE_LOOP('',(#4699,#4700,#4701,#4702));
#867=EDGE_LOOP('',(#4703));
#868=EDGE_LOOP('',(#4704,#4705,#4706,#4707));
#869=EDGE_LOOP('',(#4708));
#870=EDGE_LOOP('',(#4709,#4710,#4711,#4712));
#871=EDGE_LOOP('',(#4713));
#872=EDGE_LOOP('',(#4714,#4715,#4716,#4717,#4718,#4719));
#873=EDGE_LOOP('',(#4720,#4721,#4722,#4723,#4724));
#874=EDGE_LOOP('',(#4725,#4726,#4727,#4728,#4729,#4730));
#875=B_SPLINE_CURVE_WITH_KNOTS('',3,(#7055,#7056,#7057,#7058,#7059,#7060,
#7061,#7062,#7063,#7064),.UNSPECIFIED.,.F.,.F.,(4,2,2,2,4),(0.121330335919053,
0.146164302822704,0.213979975890599,0.276097548887769,0.33786319744172),
 .UNSPECIFIED.);
#876=B_SPLINE_CURVE_WITH_KNOTS('',3,(#7298,#7299,#7300,#7301,#7302,#7303,
#7304,#7305,#7306,#7307),.UNSPECIFIED.,.F.,.F.,(4,2,2,2,4),(2.41484342833263,
2.47660907826612,2.53872665126329,2.60654232433119,2.63137629123491),
 .UNSPECIFIED.);
#877=B_SPLINE_CURVE_WITH_KNOTS('',3,(#7328,#7329,#7330,#7331,#7332,#7333),
 .UNSPECIFIED.,.F.,.F.,(4,2,4),(1.4148000221911,1.5196402282838,1.6040547323418),
 .UNSPECIFIED.);
#878=B_SPLINE_CURVE_WITH_KNOTS('',3,(#7335,#7336,#7337,#7338,#7339,#7340),
 .UNSPECIFIED.,.F.,.F.,(4,2,4),(4.23341164047013,4.23559547706927,4.33308659689617),
 .UNSPECIFIED.);
#879=B_SPLINE_CURVE_WITH_KNOTS('',3,(#7349,#7350,#7351,#7352,#7353,#7354),
 .UNSPECIFIED.,.F.,.F.,(4,2,4),(1.26972373877882,1.38331121099819,1.4066382549967),
 .UNSPECIFIED.);
#880=B_SPLINE_CURVE_WITH_KNOTS('',3,(#7360,#7361,#7362,#7363,#7364,#7365,
#7366,#7367,#7368,#7369),.UNSPECIFIED.,.F.,.F.,(4,2,2,2,4),(0.816255835620292,
0.818625648417005,0.866021734027661,0.937912967851876,0.946680082537896),
 .UNSPECIFIED.);
#881=B_SPLINE_CURVE_WITH_KNOTS('',3,(#7382,#7383,#7384,#7385,#7386,#7387,
#7388,#7389,#7390,#7391,#7392,#7393,#7394,#7395,#7396,#7397,#7398,#7399),
 .UNSPECIFIED.,.F.,.F.,(4,2,2,2,2,2,2,2,4),(2.02052144662025,2.15158544200312,
2.29532366837088,2.55363497097213,2.81194627357337,3.07025757617461,3.32856887877586,
3.47230710514363,3.6033711005265),.UNSPECIFIED.);
#882=B_SPLINE_CURVE_WITH_KNOTS('',3,(#7429,#7430,#7431,#7432,#7433,#7434),
 .UNSPECIFIED.,.F.,.F.,(4,2,4),(-0.748801052838025,-0.50445608752861,-0.0844984110988621),
 .UNSPECIFIED.);
#883=B_SPLINE_CURVE_WITH_KNOTS('',3,(#7670,#7671,#7672,#7673,#7674,#7675),
 .UNSPECIFIED.,.F.,.F.,(4,2,4),(-1.93332593901562,-1.51336826258572,-1.26902329727629),
 .UNSPECIFIED.);
#884=B_SPLINE_CURVE_WITH_KNOTS('',3,(#7808,#7809,#7810,#7811,#7812),
 .UNSPECIFIED.,.F.,.F.,(4,1,4),(-0.501359768602332,-0.46781810938771,-0.434276450173088),
 .UNSPECIFIED.);
#885=B_SPLINE_CURVE_WITH_KNOTS('',3,(#7815,#7816,#7817,#7818,#7819),
 .UNSPECIFIED.,.F.,.F.,(4,1,4),(0.434276450173088,0.46781810938771,0.501359768602332),
 .UNSPECIFIED.);
#886=B_SPLINE_CURVE_WITH_KNOTS('',3,(#7823,#7824,#7825,#7826),
 .UNSPECIFIED.,.F.,.F.,(4,4),(0.,0.201446299491489),.UNSPECIFIED.);
#887=B_SPLINE_CURVE_WITH_KNOTS('',3,(#7875,#7876,#7877,#7878,#7879,#7880),
 .UNSPECIFIED.,.F.,.F.,(4,2,4),(0.,0.0595493832726408,0.0848950282363505),
 .UNSPECIFIED.);
#888=B_SPLINE_CURVE_WITH_KNOTS('',3,(#7882,#7883,#7884,#7885,#7886,#7887,
#7888,#7889,#7890,#7891,#7892,#7893,#7894,#7895,#7896,#7897,#7898,#7899,
#7900,#7901,#7902,#7903),.UNSPECIFIED.,.F.,.F.,(4,3,3,3,3,3,3,4),(0.0636287595126808,
0.0656263535443544,0.075261662021452,0.0852307747446901,0.0954526224228778,
0.0983509455183759,0.103264987666616,0.108726402297053),.UNSPECIFIED.);
#889=B_SPLINE_CURVE_WITH_KNOTS('',3,(#7905,#7906,#7907,#7908),
 .UNSPECIFIED.,.F.,.F.,(4,4),(0.,0.0495873168832605),.UNSPECIFIED.);
#890=B_SPLINE_CURVE_WITH_KNOTS('',3,(#7997,#7998,#7999,#8000,#8001,#8002,
#8003,#8004,#8005,#8006,#8007,#8008,#8009,#8010),.UNSPECIFIED.,.F.,.F.,
(4,2,2,2,2,2,4),(-0.00151374032612546,0.,0.0263194917044788,0.130320446506094,
0.228632762803397,0.338706282959349,0.340222128085783),.UNSPECIFIED.);
#891=B_SPLINE_CURVE_WITH_KNOTS('',3,(#8023,#8024,#8025,#8026,#8027,#8028),
 .UNSPECIFIED.,.F.,.F.,(4,2,4),(0.154401159310326,0.198056267685261,0.238434205600386),
 .UNSPECIFIED.);
#892=B_SPLINE_CURVE_WITH_KNOTS('',3,(#8038,#8039,#8040,#8041,#8042,#8043),
 .UNSPECIFIED.,.F.,.F.,(4,2,4),(0.86953884337225,0.916083505844967,0.933755015581355),
 .UNSPECIFIED.);
#893=B_SPLINE_CURVE_WITH_KNOTS('',3,(#8045,#8046,#8047,#8048),
 .UNSPECIFIED.,.F.,.F.,(4,4),(0.,0.204934148710314),.UNSPECIFIED.);
#894=B_SPLINE_CURVE_WITH_KNOTS('',3,(#8058,#8059,#8060,#8061,#8062,#8063),
 .UNSPECIFIED.,.F.,.F.,(4,2,4),(0.,0.133057629620758,0.246645101840128),
 .UNSPECIFIED.);
#895=B_SPLINE_CURVE_WITH_KNOTS('',3,(#8072,#8073,#8074,#8075),
 .UNSPECIFIED.,.F.,.F.,(4,4),(0.675445580872659,0.978943401946267),
 .UNSPECIFIED.);
#896=B_SPLINE_CURVE_WITH_KNOTS('',3,(#8140,#8141,#8142,#8143),
 .UNSPECIFIED.,.F.,.F.,(4,4),(-0.0874027338261046,0.),.UNSPECIFIED.);
#897=B_SPLINE_CURVE_WITH_KNOTS('',3,(#8238,#8239,#8240,#8241,#8242,#8243,
#8244,#8245,#8246,#8247),.UNSPECIFIED.,.F.,.F.,(4,2,2,2,4),(0.207326196269206,
0.254233905545238,0.30114161482127,0.340342106092832,0.379542597364395),
 .UNSPECIFIED.);
#898=B_SPLINE_CURVE_WITH_KNOTS('',3,(#8249,#8250,#8251,#8252,#8253,#8254,
#8255,#8256,#8257,#8258),.UNSPECIFIED.,.F.,.F.,(4,2,2,2,4),(0.383971122997661,
0.423171614269223,0.462372105540786,0.509279814816818,0.55618752409285),
 .UNSPECIFIED.);
#899=B_SPLINE_CURVE_WITH_KNOTS('',3,(#8265,#8266,#8267,#8268,#8269,#8270,
#8271,#8272,#8273,#8274,#8275,#8276),.UNSPECIFIED.,.F.,.F.,(4,2,2,2,2,4),
(0.14909196010313,0.285837031178843,0.315378838365777,0.34492064555271,
0.365850679285352,0.386780713017994),.UNSPECIFIED.);
#900=B_SPLINE_CURVE_WITH_KNOTS('',3,(#8280,#8281,#8282,#8283,#8284,#8285,
#8286,#8287,#8288,#8289,#8290,#8291),.UNSPECIFIED.,.F.,.F.,(4,2,2,2,2,4),
(1.16034213905398,1.18127217278662,1.20220220651926,1.2317440137062,1.26128582089313,
1.39803089196884),.UNSPECIFIED.);
#901=B_SPLINE_CURVE_WITH_KNOTS('',3,(#8307,#8308,#8309,#8310),
 .UNSPECIFIED.,.F.,.F.,(4,4),(0.67544558087266,0.978943401946267),
 .UNSPECIFIED.);
#902=B_SPLINE_CURVE_WITH_KNOTS('',3,(#8322,#8323,#8324,#8325,#8326,#8327),
 .UNSPECIFIED.,.F.,.F.,(4,2,4),(0.299250242946624,0.335951359784664,0.348905476926005),
 .UNSPECIFIED.);
#903=B_SPLINE_CURVE_WITH_KNOTS('',3,(#8329,#8330,#8331,#8332,#8333,#8334,
#8335,#8336,#8337,#8338,#8339,#8340),.UNSPECIFIED.,.F.,.F.,(4,2,2,2,2,4),
(-0.554395218494304,-0.553720360902657,-0.491825186575695,-0.445934503520478,
-0.410347264094597,-0.401134440796337),.UNSPECIFIED.);
#904=B_SPLINE_CURVE_WITH_KNOTS('',3,(#8343,#8344,#8345,#8346,#8347,#8348),
 .UNSPECIFIED.,.F.,.F.,(4,2,4),(0.,0.160665364857769,0.299962110565681),
 .UNSPECIFIED.);
#905=B_SPLINE_CURVE_WITH_KNOTS('',3,(#8356,#8357,#8358,#8359,#8360,#8361,
#8362,#8363),.UNSPECIFIED.,.F.,.F.,(4,2,2,4),(-0.000939222883448292,0.,
0.142488468810327,0.236735680309304),.UNSPECIFIED.);
#906=B_SPLINE_CURVE_WITH_KNOTS('',3,(#8420,#8421,#8422,#8423,#8424,#8425,
#8426,#8427),.UNSPECIFIED.,.F.,.F.,(4,2,2,4),(0.,0.31563960481554,0.41010136794315,
0.50456313107076),.UNSPECIFIED.);
#907=B_SPLINE_CURVE_WITH_KNOTS('',3,(#8434,#8435,#8436,#8437,#8438,#8439),
 .UNSPECIFIED.,.F.,.F.,(4,2,4),(-0.87978026248001,-0.788812614519523,-0.729946599347856),
 .UNSPECIFIED.);
#908=B_SPLINE_CURVE_WITH_KNOTS('',3,(#8446,#8447,#8448,#8449,#8450,#8451),
 .UNSPECIFIED.,.F.,.F.,(4,2,4),(0.,0.315639604815552,0.322874571715671),
 .UNSPECIFIED.);
#909=B_SPLINE_CURVE_WITH_KNOTS('',3,(#8455,#8456,#8457,#8458,#8459,#8460),
 .UNSPECIFIED.,.F.,.F.,(4,2,4),(-0.438226093608288,-0.375456112471114,-0.317892108291749),
 .UNSPECIFIED.);
#910=B_SPLINE_CURVE_WITH_KNOTS('',3,(#8471,#8472,#8473,#8474,#8475,#8476),
 .UNSPECIFIED.,.F.,.F.,(4,2,4),(1.35163629160772,1.37899994196449,1.69463954678005),
 .UNSPECIFIED.);
#911=B_SPLINE_CURVE_WITH_KNOTS('',3,(#8518,#8519,#8520,#8521),
 .UNSPECIFIED.,.F.,.F.,(4,4),(0.,0.0874027338261046),.UNSPECIFIED.);
#912=B_SPLINE_CURVE_WITH_KNOTS('',3,(#8525,#8526,#8527,#8528),
 .UNSPECIFIED.,.F.,.F.,(4,4),(0.,0.303497821073609),.UNSPECIFIED.);
#913=B_SPLINE_CURVE_WITH_KNOTS('',3,(#8534,#8535,#8536,#8537,#8538,#8539,
#8540,#8541,#8542,#8543),.UNSPECIFIED.,.F.,.F.,(4,2,2,2,4),(-0.000928590118141804,
0.,0.12806209643596,0.260066168452147,0.281078813616846),.UNSPECIFIED.);
#914=B_SPLINE_CURVE_WITH_KNOTS('',3,(#8610,#8611,#8612,#8613,#8614,#8615,
#8616,#8617,#8618,#8619,#8620,#8621,#8622,#8623,#8624,#8625,#8626,#8627,
#8628,#8629,#8630,#8631,#8632,#8633),.UNSPECIFIED.,.F.,.F.,(4,2,2,2,2,2,
2,2,2,2,2,4),(-0.00117502098820113,0.,0.132540287671607,0.256703023294739,
0.337137107967688,0.374204529236694,0.399885317099696,0.425862421552709,
0.464443823649209,0.565031755406347,0.800903453674914,0.802047352944534),
 .UNSPECIFIED.);
#915=B_SPLINE_CURVE_WITH_KNOTS('',3,(#8636,#8637,#8638,#8639,#8640,#8641,
#8642,#8643,#8644,#8645,#8646,#8647,#8648,#8649),.UNSPECIFIED.,.F.,.F.,
(4,2,2,2,2,2,4),(-0.161720529209697,-0.124936940478249,-0.0874326621215336,
-0.0470175389516523,-0.0237336410833997,0.,0.000476603463193104),
 .UNSPECIFIED.);
#916=B_SPLINE_CURVE_WITH_KNOTS('',3,(#8651,#8652,#8653,#8654,#8655,#8656,
#8657,#8658,#8659,#8660,#8661,#8662,#8663),.UNSPECIFIED.,.F.,.F.,(4,3,3,
3,4),(0.197115612533648,0.209272423549768,0.224128928773028,0.239099373196097,
0.242237290286518),.UNSPECIFIED.);
#917=B_SPLINE_CURVE_WITH_KNOTS('',3,(#8667,#8668,#8669,#8670),
 .UNSPECIFIED.,.F.,.F.,(4,4),(0.852597205037242,0.972242284059716),
 .UNSPECIFIED.);
#918=B_SPLINE_CURVE_WITH_KNOTS('',3,(#8673,#8674,#8675,#8676),
 .UNSPECIFIED.,.F.,.F.,(4,4),(0.888486851135302,0.978943401946269),
 .UNSPECIFIED.);
#919=B_SPLINE_CURVE_WITH_KNOTS('',3,(#8684,#8685,#8686,#8687,#8688,#8689,
#8690,#8691),.UNSPECIFIED.,.F.,.F.,(4,2,2,4),(1.19007641570928,1.3079725300566,
1.42586864440392,1.69492131555768),.UNSPECIFIED.);
#920=B_SPLINE_CURVE_WITH_KNOTS('',3,(#8695,#8696,#8697,#8698,#8699,#8700,
#8701,#8702),.UNSPECIFIED.,.F.,.F.,(4,2,2,4),(1.19007641570928,1.28453817883689,
1.3789999419645,1.69463954678005),.UNSPECIFIED.);
#921=B_SPLINE_CURVE_WITH_KNOTS('',3,(#8705,#8706,#8707,#8708,#8709,#8710,
#8711,#8712),.UNSPECIFIED.,.F.,.F.,(4,2,2,4),(0.,0.315639604815551,0.410101367943161,
0.504563131070771),.UNSPECIFIED.);
#922=B_SPLINE_CURVE_WITH_KNOTS('',3,(#8715,#8716,#8717,#8718,#8719,#8720,
#8721,#8722),.UNSPECIFIED.,.F.,.F.,(4,2,2,4),(1.19007641570928,1.28453817883689,
1.3789999419645,1.69463954678005),.UNSPECIFIED.);
#923=B_SPLINE_CURVE_WITH_KNOTS('',3,(#8727,#8728,#8729,#8730,#8731,#8732,
#8733,#8734),.UNSPECIFIED.,.F.,.F.,(4,2,2,4),(0.,0.26905267115396,0.386948785501225,
0.50484489984849),.UNSPECIFIED.);
#924=CIRCLE('',#5099,5.);
#925=CIRCLE('',#5103,5.);
#926=CIRCLE('',#5105,4.);
#927=CIRCLE('',#5106,3.);
#928=CIRCLE('',#5107,10.);
#929=CIRCLE('',#5108,4.5);
#930=CIRCLE('',#5109,4.5);
#931=CIRCLE('',#5110,10.);
#932=CIRCLE('',#5111,2.5);
#933=CIRCLE('',#5112,2.5);
#934=CIRCLE('',#5113,2.5);
#935=CIRCLE('',#5114,2.5);
#936=CIRCLE('',#5115,2.5);
#937=CIRCLE('',#5116,2.5);
#938=CIRCLE('',#5117,2.5);
#939=CIRCLE('',#5118,2.5);
#940=CIRCLE('',#5119,2.5);
#941=CIRCLE('',#5120,2.5);
#942=CIRCLE('',#5121,2.5);
#943=CIRCLE('',#5122,2.5);
#944=CIRCLE('',#5123,2.5);
#945=CIRCLE('',#5124,2.5);
#946=CIRCLE('',#5128,5.);
#947=CIRCLE('',#5131,5.);
#948=CIRCLE('',#5136,10.4);
#949=CIRCLE('',#5137,4.5);
#950=CIRCLE('',#5138,10.4);
#951=CIRCLE('',#5141,4.);
#952=CIRCLE('',#5142,4.);
#953=CIRCLE('',#5144,4.5);
#954=CIRCLE('',#5146,10.4);
#955=CIRCLE('',#5147,4.5);
#956=CIRCLE('',#5148,4.5);
#957=CIRCLE('',#5149,10.4);
#958=CIRCLE('',#5152,4.);
#959=CIRCLE('',#5154,4.5);
#960=CIRCLE('',#5156,10.3991802833415);
#961=CIRCLE('',#5157,4.5);
#962=CIRCLE('',#5158,4.5);
#963=CIRCLE('',#5160,4.);
#964=CIRCLE('',#5161,2.);
#965=CIRCLE('',#5162,10.);
#966=CIRCLE('',#5163,10.3991802833415);
#967=CIRCLE('',#5164,10.);
#968=CIRCLE('',#5165,2.);
#969=CIRCLE('',#5166,3.);
#970=CIRCLE('',#5167,2.5);
#971=CIRCLE('',#5168,2.5);
#972=CIRCLE('',#5169,2.5);
#973=CIRCLE('',#5170,2.5);
#974=CIRCLE('',#5171,2.5);
#975=CIRCLE('',#5172,2.5);
#976=CIRCLE('',#5173,2.5);
#977=CIRCLE('',#5174,2.5);
#978=CIRCLE('',#5175,2.5);
#979=CIRCLE('',#5176,2.5);
#980=CIRCLE('',#5177,2.5);
#981=CIRCLE('',#5178,2.5);
#982=CIRCLE('',#5179,2.5);
#983=CIRCLE('',#5180,2.5);
#984=CIRCLE('',#5182,4.5);
#985=CIRCLE('',#5183,4.5);
#986=CIRCLE('',#5218,0.499999999999997);
#987=CIRCLE('',#5219,0.499999999999999);
#988=CIRCLE('',#5221,3.99999999999999);
#989=CIRCLE('',#5222,3.99999999999999);
#990=CIRCLE('',#5223,4.49999999999999);
#991=CIRCLE('',#5227,5.);
#992=CIRCLE('',#5228,4.);
#993=CIRCLE('',#5232,0.999999999999996);
#994=CIRCLE('',#5234,3.99999999999999);
#995=CIRCLE('',#5235,3.99999999999999);
#996=CIRCLE('',#5236,3.99999999999999);
#997=CIRCLE('',#5237,3.99999999999999);
#998=CIRCLE('',#5239,1.);
#999=CIRCLE('',#5240,1.);
#1000=CIRCLE('',#5242,1.);
#1001=CIRCLE('',#5246,1.00000000000001);
#1002=CIRCLE('',#5248,1.);
#1003=CIRCLE('',#5251,5.);
#1004=CIRCLE('',#5252,4.);
#1005=CIRCLE('',#5259,4.);
#1006=CIRCLE('',#5261,4.);
#1007=CIRCLE('',#5262,4.);
#1008=CIRCLE('',#5263,4.);
#1009=CIRCLE('',#5265,3.);
#1010=CIRCLE('',#5266,1.);
#1011=CIRCLE('',#5269,2.99999999999999);
#1012=CIRCLE('',#5270,1.);
#1013=CIRCLE('',#5273,3.);
#1014=CIRCLE('',#5274,1.);
#1015=CIRCLE('',#5275,4.);
#1016=CIRCLE('',#5276,4.);
#1017=CIRCLE('',#5278,4.);
#1018=CIRCLE('',#5280,4.);
#1019=CIRCLE('',#5281,4.);
#1020=CIRCLE('',#5282,4.);
#1021=CIRCLE('',#5285,3.);
#1022=CIRCLE('',#5286,1.);
#1023=CIRCLE('',#5287,4.);
#1024=CIRCLE('',#5288,4.);
#1025=CIRCLE('',#5290,4.);
#1026=CIRCLE('',#5292,4.);
#1027=CIRCLE('',#5293,4.);
#1028=CIRCLE('',#5296,4.);
#1029=CIRCLE('',#5297,1.);
#1030=CIRCLE('',#5298,5.);
#1031=CIRCLE('',#5299,5.);
#1032=CIRCLE('',#5301,5.);
#1033=CIRCLE('',#5302,5.);
#1034=CIRCLE('',#5303,5.);
#1035=CIRCLE('',#5306,4.);
#1036=CIRCLE('',#5307,1.);
#1037=CIRCLE('',#5308,5.);
#1038=CIRCLE('',#5309,5.);
#1039=CIRCLE('',#5311,5.);
#1040=CIRCLE('',#5312,5.);
#1041=CIRCLE('',#5313,5.);
#1042=CIRCLE('',#5316,4.);
#1043=CIRCLE('',#5317,1.);
#1044=CIRCLE('',#5318,5.);
#1045=CIRCLE('',#5319,5.);
#1046=CIRCLE('',#5321,5.);
#1047=CIRCLE('',#5322,5.);
#1048=CIRCLE('',#5323,5.);
#1049=CIRCLE('',#5326,4.);
#1050=CIRCLE('',#5327,1.);
#1051=CIRCLE('',#5328,5.);
#1052=CIRCLE('',#5329,5.);
#1053=CIRCLE('',#5331,5.);
#1054=CIRCLE('',#5332,5.);
#1055=CIRCLE('',#5333,5.);
#1056=CIRCLE('',#5337,4.75000000000001);
#1057=CIRCLE('',#5340,4.75000000000001);
#1058=CIRCLE('',#5342,4.);
#1059=CIRCLE('',#5343,4.);
#1060=CIRCLE('',#5346,4.);
#1061=CIRCLE('',#5349,5.);
#1062=CIRCLE('',#5351,4.);
#1063=CIRCLE('',#5352,4.);
#1064=CIRCLE('',#5355,2.);
#1065=CIRCLE('',#5357,4.);
#1066=CIRCLE('',#5358,4.);
#1067=CIRCLE('',#5360,4.);
#1068=CIRCLE('',#5362,4.);
#1069=CIRCLE('',#5363,4.);
#1070=CIRCLE('',#5367,4.);
#1071=CIRCLE('',#5368,4.);
#1072=CIRCLE('',#5371,4.);
#1073=CIRCLE('',#5373,4.);
#1074=CIRCLE('',#5377,1.);
#1075=CIRCLE('',#5378,0.999999999999996);
#1076=CIRCLE('',#5380,5.);
#1077=CIRCLE('',#5385,5.);
#1078=CIRCLE('',#5387,5.);
#1079=CIRCLE('',#5391,7.);
#1080=CIRCLE('',#5393,7.);
#1081=CIRCLE('',#5395,7.);
#1082=CIRCLE('',#5397,7.);
#1083=CIRCLE('',#5399,4.);
#1084=CIRCLE('',#5400,4.);
#1085=CIRCLE('',#5407,6.);
#1086=CIRCLE('',#5408,1.99999999999999);
#1087=CIRCLE('',#5412,1.99999999999999);
#1088=CIRCLE('',#5438,1.99999999999999);
#1089=CIRCLE('',#5442,1.99999999999999);
#1090=CIRCLE('',#5444,6.);
#1091=CIRCLE('',#5470,4.5);
#1092=CIRCLE('',#5472,2.);
#1093=CIRCLE('',#5474,2.);
#1094=CIRCLE('',#5476,2.);
#1095=CIRCLE('',#5477,2.);
#1096=CIRCLE('',#5480,4.5);
#1097=CIRCLE('',#5481,2.);
#1098=CIRCLE('',#5483,2.);
#1099=CIRCLE('',#5484,2.);
#1100=CIRCLE('',#5488,2.);
#1101=CIRCLE('',#5517,3.);
#1102=CIRCLE('',#5518,3.);
#1103=CIRCLE('',#5520,1.65);
#1104=CIRCLE('',#5522,3.);
#1105=CIRCLE('',#5523,3.);
#1106=CIRCLE('',#5525,1.65);
#1107=CIRCLE('',#5527,3.);
#1108=CIRCLE('',#5528,3.);
#1109=CIRCLE('',#5530,1.65);
#1110=CIRCLE('',#5532,3.);
#1111=CIRCLE('',#5533,3.);
#1112=CIRCLE('',#5535,1.65);
#1113=CIRCLE('',#5537,1.65);
#1114=CIRCLE('',#5539,1.65);
#1115=CIRCLE('',#5541,1.65);
#1116=CIRCLE('',#5543,1.65);
#1117=CIRCLE('',#5545,1.92500000000001);
#1118=CIRCLE('',#5547,1.925);
#1119=CIRCLE('',#5549,1.925);
#1120=CIRCLE('',#5551,1.925);
#1121=CIRCLE('',#5553,4.75000000000001);
#1122=CIRCLE('',#5554,4.75000000000001);
#1123=CIRCLE('',#5555,1.925);
#1124=CIRCLE('',#5556,1.925);
#1125=CIRCLE('',#5557,2.);
#1126=CIRCLE('',#5558,2.);
#1127=CIRCLE('',#5559,2.);
#1128=CIRCLE('',#5560,2.);
#1129=CIRCLE('',#5561,1.92500000000001);
#1130=CIRCLE('',#5562,1.925);
#1131=CIRCLE('',#5577,9.84999999999999);
#1132=CIRCLE('',#5578,9.84999999999999);
#1133=CIRCLE('',#5583,2.);
#1134=CIRCLE('',#5586,2.);
#1135=CIRCLE('',#5589,2.);
#1136=CIRCLE('',#5592,2.);
#1137=ELLIPSE('',#5098,7.07106781186547,5.);
#1138=ELLIPSE('',#5100,8.52088069165791,5.);
#1139=ELLIPSE('',#5102,5.93148005822495,5.);
#1140=ELLIPSE('',#5126,7.07106781186548,5.);
#1141=ELLIPSE('',#5127,8.52088069165791,5.);
#1142=ELLIPSE('',#5130,5.93148005822495,5.);
#1143=ELLIPSE('',#5134,6.9282032302755,6.);
#1144=ELLIPSE('',#5140,5.65685424949242,4.);
#1145=ELLIPSE('',#5151,5.65685424949244,4.);
#1146=ELLIPSE('',#5224,6.36396103067901,4.5);
#1147=ELLIPSE('',#5225,6.02079728939624,4.);
#1148=ELLIPSE('',#5230,1.17700808310155,1.);
#1149=ELLIPSE('',#5241,7.07106781186557,5.);
#1150=ELLIPSE('',#5243,6.40312423743296,4.);
#1151=ELLIPSE('',#5244,7.07106781186557,5.);
#1152=ELLIPSE('',#5254,2.35401616620309,2.);
#1153=ELLIPSE('',#5256,5.65685424949239,4.);
#1154=ELLIPSE('',#5279,5.65685424949236,4.);
#1155=ELLIPSE('',#5291,6.40312423743282,4.);
#1156=ELLIPSE('',#5372,5.65685424949232,4.);
#1157=ELLIPSE('',#5382,7.07106781186545,5.);
#1158=ELLIPSE('',#5383,7.07106781186545,5.);
#1159=ELLIPSE('',#5440,6.9282032302755,6.);
#1160=LINE('',#7047,#1604);
#1161=LINE('',#7051,#1605);
#1162=LINE('',#7069,#1606);
#1163=LINE('',#7072,#1607);
#1164=LINE('',#7076,#1608);
#1165=LINE('',#7080,#1609);
#1166=LINE('',#7082,#1610);
#1167=LINE('',#7084,#1611);
#1168=LINE('',#7088,#1612);
#1169=LINE('',#7090,#1613);
#1170=LINE('',#7092,#1614);
#1171=LINE('',#7094,#1615);
#1172=LINE('',#7098,#1616);
#1173=LINE('',#7102,#1617);
#1174=LINE('',#7106,#1618);
#1175=LINE('',#7109,#1619);
#1176=LINE('',#7112,#1620);
#1177=LINE('',#7114,#1621);
#1178=LINE('',#7116,#1622);
#1179=LINE('',#7117,#1623);
#1180=LINE('',#7120,#1624);
#1181=LINE('',#7122,#1625);
#1182=LINE('',#7124,#1626);
#1183=LINE('',#7125,#1627);
#1184=LINE('',#7128,#1628);
#1185=LINE('',#7130,#1629);
#1186=LINE('',#7134,#1630);
#1187=LINE('',#7135,#1631);
#1188=LINE('',#7138,#1632);
#1189=LINE('',#7142,#1633);
#1190=LINE('',#7144,#1634);
#1191=LINE('',#7145,#1635);
#1192=LINE('',#7148,#1636);
#1193=LINE('',#7150,#1637);
#1194=LINE('',#7152,#1638);
#1195=LINE('',#7155,#1639);
#1196=LINE('',#7158,#1640);
#1197=LINE('',#7160,#1641);
#1198=LINE('',#7162,#1642);
#1199=LINE('',#7163,#1643);
#1200=LINE('',#7166,#1644);
#1201=LINE('',#7168,#1645);
#1202=LINE('',#7170,#1646);
#1203=LINE('',#7171,#1647);
#1204=LINE('',#7174,#1648);
#1205=LINE('',#7176,#1649);
#1206=LINE('',#7178,#1650);
#1207=LINE('',#7179,#1651);
#1208=LINE('',#7182,#1652);
#1209=LINE('',#7184,#1653);
#1210=LINE('',#7186,#1654);
#1211=LINE('',#7189,#1655);
#1212=LINE('',#7192,#1656);
#1213=LINE('',#7194,#1657);
#1214=LINE('',#7196,#1658);
#1215=LINE('',#7198,#1659);
#1216=LINE('',#7202,#1660);
#1217=LINE('',#7204,#1661);
#1218=LINE('',#7208,#1662);
#1219=LINE('',#7209,#1663);
#1220=LINE('',#7212,#1664);
#1221=LINE('',#7214,#1665);
#1222=LINE('',#7216,#1666);
#1223=LINE('',#7217,#1667);
#1224=LINE('',#7220,#1668);
#1225=LINE('',#7224,#1669);
#1226=LINE('',#7225,#1670);
#1227=LINE('',#7228,#1671);
#1228=LINE('',#7230,#1672);
#1229=LINE('',#7234,#1673);
#1230=LINE('',#7235,#1674);
#1231=LINE('',#7238,#1675);
#1232=LINE('',#7240,#1676);
#1233=LINE('',#7242,#1677);
#1234=LINE('',#7243,#1678);
#1235=LINE('',#7246,#1679);
#1236=LINE('',#7250,#1680);
#1237=LINE('',#7252,#1681);
#1238=LINE('',#7256,#1682);
#1239=LINE('',#7258,#1683);
#1240=LINE('',#7262,#1684);
#1241=LINE('',#7263,#1685);
#1242=LINE('',#7266,#1686);
#1243=LINE('',#7268,#1687);
#1244=LINE('',#7270,#1688);
#1245=LINE('',#7271,#1689);
#1246=LINE('',#7274,#1690);
#1247=LINE('',#7276,#1691);
#1248=LINE('',#7279,#1692);
#1249=LINE('',#7282,#1693);
#1250=LINE('',#7284,#1694);
#1251=LINE('',#7288,#1695);
#1252=LINE('',#7293,#1696);
#1253=LINE('',#7313,#1697);
#1254=LINE('',#7317,#1698);
#1255=LINE('',#7319,#1699);
#1256=LINE('',#7320,#1700);
#1257=LINE('',#7324,#1701);
#1258=LINE('',#7344,#1702);
#1259=LINE('',#7371,#1703);
#1260=LINE('',#7374,#1704);
#1261=LINE('',#7378,#1705);
#1262=LINE('',#7403,#1706);
#1263=LINE('',#7410,#1707);
#1264=LINE('',#7414,#1708);
#1265=LINE('',#7417,#1709);
#1266=LINE('',#7421,#1710);
#1267=LINE('',#7446,#1711);
#1268=LINE('',#7448,#1712);
#1269=LINE('',#7450,#1713);
#1270=LINE('',#7452,#1714);
#1271=LINE('',#7454,#1715);
#1272=LINE('',#7455,#1716);
#1273=LINE('',#7457,#1717);
#1274=LINE('',#7461,#1718);
#1275=LINE('',#7465,#1719);
#1276=LINE('',#7467,#1720);
#1277=LINE('',#7472,#1721);
#1278=LINE('',#7476,#1722);
#1279=LINE('',#7478,#1723);
#1280=LINE('',#7482,#1724);
#1281=LINE('',#7486,#1725);
#1282=LINE('',#7487,#1726);
#1283=LINE('',#7490,#1727);
#1284=LINE('',#7492,#1728);
#1285=LINE('',#7494,#1729);
#1286=LINE('',#7498,#1730);
#1287=LINE('',#7500,#1731);
#1288=LINE('',#7502,#1732);
#1289=LINE('',#7505,#1733);
#1290=LINE('',#7508,#1734);
#1291=LINE('',#7510,#1735);
#1292=LINE('',#7512,#1736);
#1293=LINE('',#7513,#1737);
#1294=LINE('',#7516,#1738);
#1295=LINE('',#7520,#1739);
#1296=LINE('',#7522,#1740);
#1297=LINE('',#7526,#1741);
#1298=LINE('',#7528,#1742);
#1299=LINE('',#7530,#1743);
#1300=LINE('',#7533,#1744);
#1301=LINE('',#7536,#1745);
#1302=LINE('',#7538,#1746);
#1303=LINE('',#7540,#1747);
#1304=LINE('',#7541,#1748);
#1305=LINE('',#7544,#1749);
#1306=LINE('',#7546,#1750);
#1307=LINE('',#7549,#1751);
#1308=LINE('',#7552,#1752);
#1309=LINE('',#7556,#1753);
#1310=LINE('',#7559,#1754);
#1311=LINE('',#7562,#1755);
#1312=LINE('',#7564,#1756);
#1313=LINE('',#7566,#1757);
#1314=LINE('',#7567,#1758);
#1315=LINE('',#7570,#1759);
#1316=LINE('',#7572,#1760);
#1317=LINE('',#7576,#1761);
#1318=LINE('',#7577,#1762);
#1319=LINE('',#7582,#1763);
#1320=LINE('',#7584,#1764);
#1321=LINE('',#7586,#1765);
#1322=LINE('',#7587,#1766);
#1323=LINE('',#7590,#1767);
#1324=LINE('',#7594,#1768);
#1325=LINE('',#7596,#1769);
#1326=LINE('',#7597,#1770);
#1327=LINE('',#7600,#1771);
#1328=LINE('',#7602,#1772);
#1329=LINE('',#7604,#1773);
#1330=LINE('',#7605,#1774);
#1331=LINE('',#7608,#1775);
#1332=LINE('',#7610,#1776);
#1333=LINE('',#7612,#1777);
#1334=LINE('',#7613,#1778);
#1335=LINE('',#7616,#1779);
#1336=LINE('',#7618,#1780);
#1337=LINE('',#7620,#1781);
#1338=LINE('',#7621,#1782);
#1339=LINE('',#7624,#1783);
#1340=LINE('',#7628,#1784);
#1341=LINE('',#7630,#1785);
#1342=LINE('',#7631,#1786);
#1343=LINE('',#7634,#1787);
#1344=LINE('',#7636,#1788);
#1345=LINE('',#7638,#1789);
#1346=LINE('',#7641,#1790);
#1347=LINE('',#7644,#1791);
#1348=LINE('',#7646,#1792);
#1349=LINE('',#7650,#1793);
#1350=LINE('',#7651,#1794);
#1351=LINE('',#7654,#1795);
#1352=LINE('',#7656,#1796);
#1353=LINE('',#7658,#1797);
#1354=LINE('',#7659,#1798);
#1355=LINE('',#7662,#1799);
#1356=LINE('',#7664,#1800);
#1357=LINE('',#7666,#1801);
#1358=LINE('',#7667,#1802);
#1359=LINE('',#7688,#1803);
#1360=LINE('',#7689,#1804);
#1361=LINE('',#7691,#1805);
#1362=LINE('',#7693,#1806);
#1363=LINE('',#7694,#1807);
#1364=LINE('',#7697,#1808);
#1365=LINE('',#7699,#1809);
#1366=LINE('',#7700,#1810);
#1367=LINE('',#7702,#1811);
#1368=LINE('',#7703,#1812);
#1369=LINE('',#7705,#1813);
#1370=LINE('',#7707,#1814);
#1371=LINE('',#7708,#1815);
#1372=LINE('',#7710,#1816);
#1373=LINE('',#7712,#1817);
#1374=LINE('',#7713,#1818);
#1375=LINE('',#7715,#1819);
#1376=LINE('',#7717,#1820);
#1377=LINE('',#7718,#1821);
#1378=LINE('',#7720,#1822);
#1379=LINE('',#7722,#1823);
#1380=LINE('',#7723,#1824);
#1381=LINE('',#7725,#1825);
#1382=LINE('',#7727,#1826);
#1383=LINE('',#7728,#1827);
#1384=LINE('',#7730,#1828);
#1385=LINE('',#7732,#1829);
#1386=LINE('',#7733,#1830);
#1387=LINE('',#7735,#1831);
#1388=LINE('',#7737,#1832);
#1389=LINE('',#7738,#1833);
#1390=LINE('',#7740,#1834);
#1391=LINE('',#7742,#1835);
#1392=LINE('',#7743,#1836);
#1393=LINE('',#7745,#1837);
#1394=LINE('',#7747,#1838);
#1395=LINE('',#7748,#1839);
#1396=LINE('',#7750,#1840);
#1397=LINE('',#7752,#1841);
#1398=LINE('',#7753,#1842);
#1399=LINE('',#7756,#1843);
#1400=LINE('',#7758,#1844);
#1401=LINE('',#7760,#1845);
#1402=LINE('',#7761,#1846);
#1403=LINE('',#7763,#1847);
#1404=LINE('',#7765,#1848);
#1405=LINE('',#7766,#1849);
#1406=LINE('',#7768,#1850);
#1407=LINE('',#7770,#1851);
#1408=LINE('',#7771,#1852);
#1409=LINE('',#7773,#1853);
#1410=LINE('',#7913,#1854);
#1411=LINE('',#7917,#1855);
#1412=LINE('',#7920,#1856);
#1413=LINE('',#7923,#1857);
#1414=LINE('',#7927,#1858);
#1415=LINE('',#7934,#1859);
#1416=LINE('',#7936,#1860);
#1417=LINE('',#7940,#1861);
#1418=LINE('',#8021,#1862);
#1419=LINE('',#8029,#1863);
#1420=LINE('',#8033,#1864);
#1421=LINE('',#8052,#1865);
#1422=LINE('',#8056,#1866);
#1423=LINE('',#8064,#1867);
#1424=LINE('',#8068,#1868);
#1425=LINE('',#8081,#1869);
#1426=LINE('',#8083,#1870);
#1427=LINE('',#8086,#1871);
#1428=LINE('',#8107,#1872);
#1429=LINE('',#8113,#1873);
#1430=LINE('',#8117,#1874);
#1431=LINE('',#8121,#1875);
#1432=LINE('',#8134,#1876);
#1433=LINE('',#8147,#1877);
#1434=LINE('',#8150,#1878);
#1435=LINE('',#8162,#1879);
#1436=LINE('',#8166,#1880);
#1437=LINE('',#8170,#1881);
#1438=LINE('',#8183,#1882);
#1439=LINE('',#8187,#1883);
#1440=LINE('',#8191,#1884);
#1441=LINE('',#8204,#1885);
#1442=LINE('',#8208,#1886);
#1443=LINE('',#8212,#1887);
#1444=LINE('',#8225,#1888);
#1445=LINE('',#8229,#1889);
#1446=LINE('',#8233,#1890);
#1447=LINE('',#8259,#1891);
#1448=LINE('',#8278,#1892);
#1449=LINE('',#8292,#1893);
#1450=LINE('',#8300,#1894);
#1451=LINE('',#8303,#1895);
#1452=LINE('',#8306,#1896);
#1453=LINE('',#8311,#1897);
#1454=LINE('',#8316,#1898);
#1455=LINE('',#8317,#1899);
#1456=LINE('',#8319,#1900);
#1457=LINE('',#8352,#1901);
#1458=LINE('',#8365,#1902);
#1459=LINE('',#8368,#1903);
#1460=LINE('',#8369,#1904);
#1461=LINE('',#8372,#1905);
#1462=LINE('',#8374,#1906);
#1463=LINE('',#8376,#1907);
#1464=LINE('',#8377,#1908);
#1465=LINE('',#8379,#1909);
#1466=LINE('',#8380,#1910);
#1467=LINE('',#8382,#1911);
#1468=LINE('',#8389,#1912);
#1469=LINE('',#8392,#1913);
#1470=LINE('',#8395,#1914);
#1471=LINE('',#8397,#1915);
#1472=LINE('',#8399,#1916);
#1473=LINE('',#8403,#1917);
#1474=LINE('',#8405,#1918);
#1475=LINE('',#8407,#1919);
#1476=LINE('',#8408,#1920);
#1477=LINE('',#8409,#1921);
#1478=LINE('',#8410,#1922);
#1479=LINE('',#8416,#1923);
#1480=LINE('',#8418,#1924);
#1481=LINE('',#8428,#1925);
#1482=LINE('',#8430,#1926);
#1483=LINE('',#8443,#1927);
#1484=LINE('',#8445,#1928);
#1485=LINE('',#8462,#1929);
#1486=LINE('',#8466,#1930);
#1487=LINE('',#8477,#1931);
#1488=LINE('',#8480,#1932);
#1489=LINE('',#8482,#1933);
#1490=LINE('',#8484,#1934);
#1491=LINE('',#8485,#1935);
#1492=LINE('',#8486,#1936);
#1493=LINE('',#8487,#1937);
#1494=LINE('',#8488,#1938);
#1495=LINE('',#8490,#1939);
#1496=LINE('',#8532,#1940);
#1497=LINE('',#8544,#1941);
#1498=LINE('',#8678,#1942);
#1499=LINE('',#8680,#1943);
#1500=LINE('',#8681,#1944);
#1501=LINE('',#8739,#1945);
#1502=LINE('',#8741,#1946);
#1503=LINE('',#8743,#1947);
#1504=LINE('',#8745,#1948);
#1505=LINE('',#8748,#1949);
#1506=LINE('',#8751,#1950);
#1507=LINE('',#8756,#1951);
#1508=LINE('',#8757,#1952);
#1509=LINE('',#8763,#1953);
#1510=LINE('',#8765,#1954);
#1511=LINE('',#8767,#1955);
#1512=LINE('',#8768,#1956);
#1513=LINE('',#8770,#1957);
#1514=LINE('',#8772,#1958);
#1515=LINE('',#8773,#1959);
#1516=LINE('',#8775,#1960);
#1517=LINE('',#8777,#1961);
#1518=LINE('',#8779,#1962);
#1519=LINE('',#8781,#1963);
#1520=LINE('',#8783,#1964);
#1521=LINE('',#8784,#1965);
#1522=LINE('',#8787,#1966);
#1523=LINE('',#8788,#1967);
#1524=LINE('',#8790,#1968);
#1525=LINE('',#8793,#1969);
#1526=LINE('',#8796,#1970);
#1527=LINE('',#8800,#1971);
#1528=LINE('',#8804,#1972);
#1529=LINE('',#8812,#1973);
#1530=LINE('',#8815,#1974);
#1531=LINE('',#8820,#1975);
#1532=LINE('',#8822,#1976);
#1533=LINE('',#8824,#1977);
#1534=LINE('',#8825,#1978);
#1535=LINE('',#8827,#1979);
#1536=LINE('',#8829,#1980);
#1537=LINE('',#8830,#1981);
#1538=LINE('',#8832,#1982);
#1539=LINE('',#8834,#1983);
#1540=LINE('',#8835,#1984);
#1541=LINE('',#8838,#1985);
#1542=LINE('',#8840,#1986);
#1543=LINE('',#8842,#1987);
#1544=LINE('',#8844,#1988);
#1545=LINE('',#8845,#1989);
#1546=LINE('',#8847,#1990);
#1547=LINE('',#8850,#1991);
#1548=LINE('',#8853,#1992);
#1549=LINE('',#8857,#1993);
#1550=LINE('',#8861,#1994);
#1551=LINE('',#8864,#1995);
#1552=LINE('',#8868,#1996);
#1553=LINE('',#8869,#1997);
#1554=LINE('',#8880,#1998);
#1555=LINE('',#8892,#1999);
#1556=LINE('',#8901,#2000);
#1557=LINE('',#8904,#2001);
#1558=LINE('',#8906,#2002);
#1559=LINE('',#8909,#2003);
#1560=LINE('',#8910,#2004);
#1561=LINE('',#8912,#2005);
#1562=LINE('',#8914,#2006);
#1563=LINE('',#8917,#2007);
#1564=LINE('',#8920,#2008);
#1565=LINE('',#8922,#2009);
#1566=LINE('',#8925,#2010);
#1567=LINE('',#8926,#2011);
#1568=LINE('',#8928,#2012);
#1569=LINE('',#8930,#2013);
#1570=LINE('',#8933,#2014);
#1571=LINE('',#8937,#2015);
#1572=LINE('',#8939,#2016);
#1573=LINE('',#8941,#2017);
#1574=LINE('',#8943,#2018);
#1575=LINE('',#8949,#2019);
#1576=LINE('',#8958,#2020);
#1577=LINE('',#8967,#2021);
#1578=LINE('',#8976,#2022);
#1579=LINE('',#8984,#2023);
#1580=LINE('',#8988,#2024);
#1581=LINE('',#8992,#2025);
#1582=LINE('',#8996,#2026);
#1583=LINE('',#9010,#2027);
#1584=LINE('',#9012,#2028);
#1585=LINE('',#9013,#2029);
#1586=LINE('',#9014,#2030);
#1587=LINE('',#9016,#2031);
#1588=LINE('',#9017,#2032);
#1589=LINE('',#9018,#2033);
#1590=LINE('',#9037,#2034);
#1591=LINE('',#9039,#2035);
#1592=LINE('',#9041,#2036);
#1593=LINE('',#9043,#2037);
#1594=LINE('',#9051,#2038);
#1595=LINE('',#9052,#2039);
#1596=LINE('',#9055,#2040);
#1597=LINE('',#9057,#2041);
#1598=LINE('',#9058,#2042);
#1599=LINE('',#9065,#2043);
#1600=LINE('',#9068,#2044);
#1601=LINE('',#9073,#2045);
#1602=LINE('',#9078,#2046);
#1603=LINE('',#9083,#2047);
#1604=VECTOR('',#5601,10.);
#1605=VECTOR('',#5604,10.);
#1606=VECTOR('',#5611,10.);
#1607=VECTOR('',#5614,10.);
#1608=VECTOR('',#5619,10.);
#1609=VECTOR('',#5622,10.);
#1610=VECTOR('',#5623,10.);
#1611=VECTOR('',#5624,10.);
#1612=VECTOR('',#5627,10.);
#1613=VECTOR('',#5628,10.);
#1614=VECTOR('',#5629,10.);
#1615=VECTOR('',#5630,10.);
#1616=VECTOR('',#5633,10.);
#1617=VECTOR('',#5636,10.);
#1618=VECTOR('',#5639,10.);
#1619=VECTOR('',#5642,10.);
#1620=VECTOR('',#5643,10.);
#1621=VECTOR('',#5644,10.);
#1622=VECTOR('',#5645,10.);
#1623=VECTOR('',#5646,10.);
#1624=VECTOR('',#5647,10.);
#1625=VECTOR('',#5648,10.);
#1626=VECTOR('',#5649,10.);
#1627=VECTOR('',#5650,10.);
#1628=VECTOR('',#5651,10.);
#1629=VECTOR('',#5652,10.);
#1630=VECTOR('',#5655,10.);
#1631=VECTOR('',#5656,10.);
#1632=VECTOR('',#5657,10.);
#1633=VECTOR('',#5660,10.);
#1634=VECTOR('',#5661,10.);
#1635=VECTOR('',#5662,10.);
#1636=VECTOR('',#5663,10.);
#1637=VECTOR('',#5664,10.);
#1638=VECTOR('',#5665,10.);
#1639=VECTOR('',#5668,10.);
#1640=VECTOR('',#5669,10.);
#1641=VECTOR('',#5670,10.);
#1642=VECTOR('',#5671,10.);
#1643=VECTOR('',#5672,10.);
#1644=VECTOR('',#5673,10.);
#1645=VECTOR('',#5674,10.);
#1646=VECTOR('',#5675,10.);
#1647=VECTOR('',#5676,10.);
#1648=VECTOR('',#5677,10.);
#1649=VECTOR('',#5678,10.);
#1650=VECTOR('',#5679,10.);
#1651=VECTOR('',#5680,10.);
#1652=VECTOR('',#5681,10.);
#1653=VECTOR('',#5682,10.);
#1654=VECTOR('',#5683,10.);
#1655=VECTOR('',#5686,10.);
#1656=VECTOR('',#5687,10.);
#1657=VECTOR('',#5688,10.);
#1658=VECTOR('',#5689,10.);
#1659=VECTOR('',#5690,10.);
#1660=VECTOR('',#5693,10.);
#1661=VECTOR('',#5694,10.);
#1662=VECTOR('',#5697,10.);
#1663=VECTOR('',#5698,10.);
#1664=VECTOR('',#5699,10.);
#1665=VECTOR('',#5700,10.);
#1666=VECTOR('',#5701,10.);
#1667=VECTOR('',#5702,10.);
#1668=VECTOR('',#5703,10.);
#1669=VECTOR('',#5706,10.);
#1670=VECTOR('',#5707,10.);
#1671=VECTOR('',#5708,10.);
#1672=VECTOR('',#5709,10.);
#1673=VECTOR('',#5712,10.);
#1674=VECTOR('',#5713,10.);
#1675=VECTOR('',#5714,10.);
#1676=VECTOR('',#5715,10.);
#1677=VECTOR('',#5716,10.);
#1678=VECTOR('',#5717,10.);
#1679=VECTOR('',#5718,10.);
#1680=VECTOR('',#5721,10.);
#1681=VECTOR('',#5722,10.);
#1682=VECTOR('',#5725,10.);
#1683=VECTOR('',#5726,10.);
#1684=VECTOR('',#5729,10.);
#1685=VECTOR('',#5730,10.);
#1686=VECTOR('',#5731,10.);
#1687=VECTOR('',#5732,10.);
#1688=VECTOR('',#5733,10.);
#1689=VECTOR('',#5734,10.);
#1690=VECTOR('',#5735,10.);
#1691=VECTOR('',#5736,10.);
#1692=VECTOR('',#5739,10.);
#1693=VECTOR('',#5740,10.);
#1694=VECTOR('',#5741,10.);
#1695=VECTOR('',#5744,10.);
#1696=VECTOR('',#5749,10.);
#1697=VECTOR('',#5760,10.);
#1698=VECTOR('',#5765,10.);
#1699=VECTOR('',#5766,10.);
#1700=VECTOR('',#5767,10.);
#1701=VECTOR('',#5772,10.);
#1702=VECTOR('',#5777,7.45);
#1703=VECTOR('',#5788,10.);
#1704=VECTOR('',#5791,10.);
#1705=VECTOR('',#5796,4.5);
#1706=VECTOR('',#5801,7.45);
#1707=VECTOR('',#5810,10.);
#1708=VECTOR('',#5813,10.);
#1709=VECTOR('',#5816,10.);
#1710=VECTOR('',#5821,4.5);
#1711=VECTOR('',#5832,10.);
#1712=VECTOR('',#5833,10.);
#1713=VECTOR('',#5834,10.);
#1714=VECTOR('',#5835,10.);
#1715=VECTOR('',#5836,10.);
#1716=VECTOR('',#5837,10.);
#1717=VECTOR('',#5838,10.);
#1718=VECTOR('',#5841,10.);
#1719=VECTOR('',#5844,10.);
#1720=VECTOR('',#5845,10.);
#1721=VECTOR('',#5850,10.);
#1722=VECTOR('',#5853,10.);
#1723=VECTOR('',#5854,10.);
#1724=VECTOR('',#5857,10.);
#1725=VECTOR('',#5860,10.);
#1726=VECTOR('',#5861,10.);
#1727=VECTOR('',#5862,10.);
#1728=VECTOR('',#5863,10.);
#1729=VECTOR('',#5864,10.);
#1730=VECTOR('',#5867,10.);
#1731=VECTOR('',#5868,10.);
#1732=VECTOR('',#5869,10.);
#1733=VECTOR('',#5872,10.);
#1734=VECTOR('',#5873,10.);
#1735=VECTOR('',#5874,10.);
#1736=VECTOR('',#5875,10.);
#1737=VECTOR('',#5876,10.);
#1738=VECTOR('',#5877,10.);
#1739=VECTOR('',#5880,10.);
#1740=VECTOR('',#5881,10.);
#1741=VECTOR('',#5884,10.);
#1742=VECTOR('',#5885,10.);
#1743=VECTOR('',#5886,10.);
#1744=VECTOR('',#5889,10.);
#1745=VECTOR('',#5890,10.);
#1746=VECTOR('',#5891,10.);
#1747=VECTOR('',#5892,10.);
#1748=VECTOR('',#5893,10.);
#1749=VECTOR('',#5894,10.);
#1750=VECTOR('',#5895,10.);
#1751=VECTOR('',#5898,10.);
#1752=VECTOR('',#5899,10.);
#1753=VECTOR('',#5902,10.);
#1754=VECTOR('',#5905,10.);
#1755=VECTOR('',#5906,10.);
#1756=VECTOR('',#5907,10.);
#1757=VECTOR('',#5908,10.);
#1758=VECTOR('',#5909,10.);
#1759=VECTOR('',#5910,10.);
#1760=VECTOR('',#5911,10.);
#1761=VECTOR('',#5914,10.);
#1762=VECTOR('',#5915,10.);
#1763=VECTOR('',#5918,10.);
#1764=VECTOR('',#5919,10.);
#1765=VECTOR('',#5920,10.);
#1766=VECTOR('',#5921,10.);
#1767=VECTOR('',#5922,10.);
#1768=VECTOR('',#5925,10.);
#1769=VECTOR('',#5926,10.);
#1770=VECTOR('',#5927,10.);
#1771=VECTOR('',#5928,10.);
#1772=VECTOR('',#5929,10.);
#1773=VECTOR('',#5930,10.);
#1774=VECTOR('',#5931,10.);
#1775=VECTOR('',#5932,10.);
#1776=VECTOR('',#5933,10.);
#1777=VECTOR('',#5934,10.);
#1778=VECTOR('',#5935,10.);
#1779=VECTOR('',#5936,10.);
#1780=VECTOR('',#5937,10.);
#1781=VECTOR('',#5938,10.);
#1782=VECTOR('',#5939,10.);
#1783=VECTOR('',#5940,10.);
#1784=VECTOR('',#5943,10.);
#1785=VECTOR('',#5944,10.);
#1786=VECTOR('',#5945,10.);
#1787=VECTOR('',#5946,10.);
#1788=VECTOR('',#5947,10.);
#1789=VECTOR('',#5948,10.);
#1790=VECTOR('',#5951,10.);
#1791=VECTOR('',#5952,10.);
#1792=VECTOR('',#5953,10.);
#1793=VECTOR('',#5956,10.);
#1794=VECTOR('',#5957,10.);
#1795=VECTOR('',#5958,10.);
#1796=VECTOR('',#5959,10.);
#1797=VECTOR('',#5960,10.);
#1798=VECTOR('',#5961,10.);
#1799=VECTOR('',#5962,10.);
#1800=VECTOR('',#5963,10.);
#1801=VECTOR('',#5964,10.);
#1802=VECTOR('',#5965,10.);
#1803=VECTOR('',#5974,10.);
#1804=VECTOR('',#5975,10.);
#1805=VECTOR('',#5978,10.);
#1806=VECTOR('',#5981,10.);
#1807=VECTOR('',#5982,10.);
#1808=VECTOR('',#5985,10.);
#1809=VECTOR('',#5986,10.);
#1810=VECTOR('',#5987,10.);
#1811=VECTOR('',#5990,10.);
#1812=VECTOR('',#5991,10.);
#1813=VECTOR('',#5994,10.);
#1814=VECTOR('',#5997,10.);
#1815=VECTOR('',#5998,10.);
#1816=VECTOR('',#6001,10.);
#1817=VECTOR('',#6004,10.);
#1818=VECTOR('',#6005,10.);
#1819=VECTOR('',#6008,10.);
#1820=VECTOR('',#6011,10.);
#1821=VECTOR('',#6012,10.);
#1822=VECTOR('',#6015,10.);
#1823=VECTOR('',#6018,10.);
#1824=VECTOR('',#6019,10.);
#1825=VECTOR('',#6022,10.);
#1826=VECTOR('',#6025,10.);
#1827=VECTOR('',#6026,10.);
#1828=VECTOR('',#6029,10.);
#1829=VECTOR('',#6032,10.);
#1830=VECTOR('',#6033,10.);
#1831=VECTOR('',#6036,10.);
#1832=VECTOR('',#6039,10.);
#1833=VECTOR('',#6040,10.);
#1834=VECTOR('',#6043,10.);
#1835=VECTOR('',#6046,10.);
#1836=VECTOR('',#6047,10.);
#1837=VECTOR('',#6050,10.);
#1838=VECTOR('',#6053,10.);
#1839=VECTOR('',#6054,10.);
#1840=VECTOR('',#6057,10.);
#1841=VECTOR('',#6060,10.);
#1842=VECTOR('',#6061,10.);
#1843=VECTOR('',#6066,10.);
#1844=VECTOR('',#6069,10.);
#1845=VECTOR('',#6072,10.);
#1846=VECTOR('',#6073,10.);
#1847=VECTOR('',#6076,10.);
#1848=VECTOR('',#6079,10.);
#1849=VECTOR('',#6080,10.);
#1850=VECTOR('',#6083,10.);
#1851=VECTOR('',#6086,10.);
#1852=VECTOR('',#6087,10.);
#1853=VECTOR('',#6090,10.);
#1854=VECTOR('',#6109,10.);
#1855=VECTOR('',#6112,10.);
#1856=VECTOR('',#6115,10.);
#1857=VECTOR('',#6118,10.);
#1858=VECTOR('',#6123,10.);
#1859=VECTOR('',#6132,4.);
#1860=VECTOR('',#6133,10.);
#1861=VECTOR('',#6136,10.);
#1862=VECTOR('',#6157,10.);
#1863=VECTOR('',#6158,10.);
#1864=VECTOR('',#6165,10.);
#1865=VECTOR('',#6174,10.);
#1866=VECTOR('',#6177,10.);
#1867=VECTOR('',#6178,10.);
#1868=VECTOR('',#6185,10.);
#1869=VECTOR('',#6196,4.);
#1870=VECTOR('',#6197,10.);
#1871=VECTOR('',#6200,10.);
#1872=VECTOR('',#6229,4.);
#1873=VECTOR('',#6234,10.);
#1874=VECTOR('',#6237,10.);
#1875=VECTOR('',#6240,10.);
#1876=VECTOR('',#6257,4.);
#1877=VECTOR('',#6264,10.);
#1878=VECTOR('',#6267,10.);
#1879=VECTOR('',#6282,5.);
#1880=VECTOR('',#6285,10.);
#1881=VECTOR('',#6288,10.);
#1882=VECTOR('',#6305,5.);
#1883=VECTOR('',#6308,10.);
#1884=VECTOR('',#6311,10.);
#1885=VECTOR('',#6328,5.);
#1886=VECTOR('',#6331,10.);
#1887=VECTOR('',#6334,10.);
#1888=VECTOR('',#6351,5.);
#1889=VECTOR('',#6354,10.);
#1890=VECTOR('',#6357,10.);
#1891=VECTOR('',#6364,10.);
#1892=VECTOR('',#6371,10.);
#1893=VECTOR('',#6372,10.);
#1894=VECTOR('',#6381,10.);
#1895=VECTOR('',#6384,10.);
#1896=VECTOR('',#6387,10.);
#1897=VECTOR('',#6388,10.);
#1898=VECTOR('',#6393,10.);
#1899=VECTOR('',#6394,10.);
#1900=VECTOR('',#6397,10.);
#1901=VECTOR('',#6404,10.);
#1902=VECTOR('',#6407,10.);
#1903=VECTOR('',#6412,10.);
#1904=VECTOR('',#6413,10.);
#1905=VECTOR('',#6416,10.);
#1906=VECTOR('',#6417,10.);
#1907=VECTOR('',#6418,10.);
#1908=VECTOR('',#6419,10.);
#1909=VECTOR('',#6420,10.);
#1910=VECTOR('',#6421,10.);
#1911=VECTOR('',#6422,10.);
#1912=VECTOR('',#6429,10.);
#1913=VECTOR('',#6432,10.);
#1914=VECTOR('',#6435,10.);
#1915=VECTOR('',#6436,10.);
#1916=VECTOR('',#6437,10.);
#1917=VECTOR('',#6440,10.);
#1918=VECTOR('',#6441,10.);
#1919=VECTOR('',#6442,10.);
#1920=VECTOR('',#6443,10.);
#1921=VECTOR('',#6444,10.);
#1922=VECTOR('',#6445,10.);
#1923=VECTOR('',#6452,10.);
#1924=VECTOR('',#6455,10.);
#1925=VECTOR('',#6456,10.);
#1926=VECTOR('',#6459,10.);
#1927=VECTOR('',#6466,10.);
#1928=VECTOR('',#6469,10.);
#1929=VECTOR('',#6472,10.);
#1930=VECTOR('',#6475,10.);
#1931=VECTOR('',#6482,10.);
#1932=VECTOR('',#6485,10.);
#1933=VECTOR('',#6486,10.);
#1934=VECTOR('',#6487,10.);
#1935=VECTOR('',#6488,10.);
#1936=VECTOR('',#6489,10.);
#1937=VECTOR('',#6490,10.);
#1938=VECTOR('',#6491,10.);
#1939=VECTOR('',#6494,10.);
#1940=VECTOR('',#6505,10.);
#1941=VECTOR('',#6506,10.);
#1942=VECTOR('',#6521,10.);
#1943=VECTOR('',#6524,10.);
#1944=VECTOR('',#6525,10.);
#1945=VECTOR('',#6548,10.);
#1946=VECTOR('',#6551,10.);
#1947=VECTOR('',#6554,10.);
#1948=VECTOR('',#6557,10.);
#1949=VECTOR('',#6562,10.);
#1950=VECTOR('',#6565,10.);
#1951=VECTOR('',#6572,10.);
#1952=VECTOR('',#6573,10.);
#1953=VECTOR('',#6582,1.99999999999999);
#1954=VECTOR('',#6585,10.);
#1955=VECTOR('',#6588,10.);
#1956=VECTOR('',#6589,10.);
#1957=VECTOR('',#6592,10.);
#1958=VECTOR('',#6595,10.);
#1959=VECTOR('',#6596,10.);
#1960=VECTOR('',#6599,10.);
#1961=VECTOR('',#6602,10.);
#1962=VECTOR('',#6605,10.);
#1963=VECTOR('',#6608,10.);
#1964=VECTOR('',#6611,10.);
#1965=VECTOR('',#6612,10.);
#1966=VECTOR('',#6617,10.);
#1967=VECTOR('',#6618,10.);
#1968=VECTOR('',#6621,10.);
#1969=VECTOR('',#6626,10.);
#1970=VECTOR('',#6631,10.);
#1971=VECTOR('',#6638,10.);
#1972=VECTOR('',#6645,10.);
#1973=VECTOR('',#6656,10.);
#1974=VECTOR('',#6659,1.99999999999999);
#1975=VECTOR('',#6666,10.);
#1976=VECTOR('',#6669,10.);
#1977=VECTOR('',#6672,10.);
#1978=VECTOR('',#6673,10.);
#1979=VECTOR('',#6676,10.);
#1980=VECTOR('',#6679,10.);
#1981=VECTOR('',#6680,10.);
#1982=VECTOR('',#6683,10.);
#1983=VECTOR('',#6686,10.);
#1984=VECTOR('',#6687,10.);
#1985=VECTOR('',#6692,10.);
#1986=VECTOR('',#6695,10.);
#1987=VECTOR('',#6698,10.);
#1988=VECTOR('',#6701,10.);
#1989=VECTOR('',#6702,10.);
#1990=VECTOR('',#6705,10.);
#1991=VECTOR('',#6710,10.);
#1992=VECTOR('',#6715,10.);
#1993=VECTOR('',#6722,10.);
#1994=VECTOR('',#6729,10.);
#1995=VECTOR('',#6734,10.);
#1996=VECTOR('',#6739,4.5);
#1997=VECTOR('',#6740,10.);
#1998=VECTOR('',#6753,2.);
#1999=VECTOR('',#6768,2.);
#2000=VECTOR('',#6783,10.);
#2001=VECTOR('',#6788,10.);
#2002=VECTOR('',#6791,10.);
#2003=VECTOR('',#6796,10.);
#2004=VECTOR('',#6797,10.);
#2005=VECTOR('',#6800,10.);
#2006=VECTOR('',#6803,10.);
#2007=VECTOR('',#6808,2.);
#2008=VECTOR('',#6813,10.);
#2009=VECTOR('',#6816,10.);
#2010=VECTOR('',#6821,10.);
#2011=VECTOR('',#6822,10.);
#2012=VECTOR('',#6825,10.);
#2013=VECTOR('',#6828,10.);
#2014=VECTOR('',#6833,10.);
#2015=VECTOR('',#6840,2.);
#2016=VECTOR('',#6843,10.);
#2017=VECTOR('',#6846,4.5);
#2018=VECTOR('',#6849,10.);
#2019=VECTOR('',#6856,3.);
#2020=VECTOR('',#6867,3.);
#2021=VECTOR('',#6878,3.);
#2022=VECTOR('',#6889,3.);
#2023=VECTOR('',#6900,1.65);
#2024=VECTOR('',#6905,1.65);
#2025=VECTOR('',#6910,1.65);
#2026=VECTOR('',#6915,1.65);
#2027=VECTOR('',#6934,10.);
#2028=VECTOR('',#6937,10.);
#2029=VECTOR('',#6938,10.);
#2030=VECTOR('',#6939,10.);
#2031=VECTOR('',#6942,10.);
#2032=VECTOR('',#6943,10.);
#2033=VECTOR('',#6944,10.);
#2034=VECTOR('',#6965,1.92500000000001);
#2035=VECTOR('',#6968,1.925);
#2036=VECTOR('',#6971,1.925);
#2037=VECTOR('',#6974,1.925);
#2038=VECTOR('',#6989,10.);
#2039=VECTOR('',#6990,10.);
#2040=VECTOR('',#6993,10.);
#2041=VECTOR('',#6994,10.);
#2042=VECTOR('',#6995,10.);
#2043=VECTOR('',#7008,10.);
#2044=VECTOR('',#7011,2.);
#2045=VECTOR('',#7018,2.);
#2046=VECTOR('',#7025,2.);
#2047=VECTOR('',#7032,2.);
#2048=VERTEX_POINT('',#7045);
#2049=VERTEX_POINT('',#7046);
#2050=VERTEX_POINT('',#7048);
#2051=VERTEX_POINT('',#7050);
#2052=VERTEX_POINT('',#7052);
#2053=VERTEX_POINT('',#7054);
#2054=VERTEX_POINT('',#7067);
#2055=VERTEX_POINT('',#7068);
#2056=VERTEX_POINT('',#7071);
#2057=VERTEX_POINT('',#7075);
#2058=VERTEX_POINT('',#7077);
#2059=VERTEX_POINT('',#7079);
#2060=VERTEX_POINT('',#7081);
#2061=VERTEX_POINT('',#7083);
#2062=VERTEX_POINT('',#7085);
#2063=VERTEX_POINT('',#7087);
#2064=VERTEX_POINT('',#7089);
#2065=VERTEX_POINT('',#7091);
#2066=VERTEX_POINT('',#7093);
#2067=VERTEX_POINT('',#7095);
#2068=VERTEX_POINT('',#7097);
#2069=VERTEX_POINT('',#7099);
#2070=VERTEX_POINT('',#7101);
#2071=VERTEX_POINT('',#7103);
#2072=VERTEX_POINT('',#7105);
#2073=VERTEX_POINT('',#7107);
#2074=VERTEX_POINT('',#7110);
#2075=VERTEX_POINT('',#7111);
#2076=VERTEX_POINT('',#7113);
#2077=VERTEX_POINT('',#7115);
#2078=VERTEX_POINT('',#7118);
#2079=VERTEX_POINT('',#7119);
#2080=VERTEX_POINT('',#7121);
#2081=VERTEX_POINT('',#7123);
#2082=VERTEX_POINT('',#7126);
#2083=VERTEX_POINT('',#7127);
#2084=VERTEX_POINT('',#7129);
#2085=VERTEX_POINT('',#7131);
#2086=VERTEX_POINT('',#7133);
#2087=VERTEX_POINT('',#7136);
#2088=VERTEX_POINT('',#7137);
#2089=VERTEX_POINT('',#7139);
#2090=VERTEX_POINT('',#7141);
#2091=VERTEX_POINT('',#7143);
#2092=VERTEX_POINT('',#7146);
#2093=VERTEX_POINT('',#7147);
#2094=VERTEX_POINT('',#7149);
#2095=VERTEX_POINT('',#7151);
#2096=VERTEX_POINT('',#7153);
#2097=VERTEX_POINT('',#7156);
#2098=VERTEX_POINT('',#7157);
#2099=VERTEX_POINT('',#7159);
#2100=VERTEX_POINT('',#7161);
#2101=VERTEX_POINT('',#7164);
#2102=VERTEX_POINT('',#7165);
#2103=VERTEX_POINT('',#7167);
#2104=VERTEX_POINT('',#7169);
#2105=VERTEX_POINT('',#7172);
#2106=VERTEX_POINT('',#7173);
#2107=VERTEX_POINT('',#7175);
#2108=VERTEX_POINT('',#7177);
#2109=VERTEX_POINT('',#7180);
#2110=VERTEX_POINT('',#7181);
#2111=VERTEX_POINT('',#7183);
#2112=VERTEX_POINT('',#7185);
#2113=VERTEX_POINT('',#7187);
#2114=VERTEX_POINT('',#7190);
#2115=VERTEX_POINT('',#7191);
#2116=VERTEX_POINT('',#7193);
#2117=VERTEX_POINT('',#7195);
#2118=VERTEX_POINT('',#7197);
#2119=VERTEX_POINT('',#7200);
#2120=VERTEX_POINT('',#7201);
#2121=VERTEX_POINT('',#7203);
#2122=VERTEX_POINT('',#7205);
#2123=VERTEX_POINT('',#7207);
#2124=VERTEX_POINT('',#7210);
#2125=VERTEX_POINT('',#7211);
#2126=VERTEX_POINT('',#7213);
#2127=VERTEX_POINT('',#7215);
#2128=VERTEX_POINT('',#7218);
#2129=VERTEX_POINT('',#7219);
#2130=VERTEX_POINT('',#7221);
#2131=VERTEX_POINT('',#7223);
#2132=VERTEX_POINT('',#7226);
#2133=VERTEX_POINT('',#7227);
#2134=VERTEX_POINT('',#7229);
#2135=VERTEX_POINT('',#7231);
#2136=VERTEX_POINT('',#7233);
#2137=VERTEX_POINT('',#7236);
#2138=VERTEX_POINT('',#7237);
#2139=VERTEX_POINT('',#7239);
#2140=VERTEX_POINT('',#7241);
#2141=VERTEX_POINT('',#7244);
#2142=VERTEX_POINT('',#7245);
#2143=VERTEX_POINT('',#7247);
#2144=VERTEX_POINT('',#7249);
#2145=VERTEX_POINT('',#7251);
#2146=VERTEX_POINT('',#7254);
#2147=VERTEX_POINT('',#7255);
#2148=VERTEX_POINT('',#7257);
#2149=VERTEX_POINT('',#7259);
#2150=VERTEX_POINT('',#7261);
#2151=VERTEX_POINT('',#7264);
#2152=VERTEX_POINT('',#7265);
#2153=VERTEX_POINT('',#7267);
#2154=VERTEX_POINT('',#7269);
#2155=VERTEX_POINT('',#7272);
#2156=VERTEX_POINT('',#7273);
#2157=VERTEX_POINT('',#7275);
#2158=VERTEX_POINT('',#7277);
#2159=VERTEX_POINT('',#7280);
#2160=VERTEX_POINT('',#7281);
#2161=VERTEX_POINT('',#7283);
#2162=VERTEX_POINT('',#7285);
#2163=VERTEX_POINT('',#7287);
#2164=VERTEX_POINT('',#7291);
#2165=VERTEX_POINT('',#7292);
#2166=VERTEX_POINT('',#7295);
#2167=VERTEX_POINT('',#7297);
#2168=VERTEX_POINT('',#7310);
#2169=VERTEX_POINT('',#7312);
#2170=VERTEX_POINT('',#7316);
#2171=VERTEX_POINT('',#7318);
#2172=VERTEX_POINT('',#7322);
#2173=VERTEX_POINT('',#7326);
#2174=VERTEX_POINT('',#7327);
#2175=VERTEX_POINT('',#7334);
#2176=VERTEX_POINT('',#7341);
#2177=VERTEX_POINT('',#7343);
#2178=VERTEX_POINT('',#7348);
#2179=VERTEX_POINT('',#7355);
#2180=VERTEX_POINT('',#7357);
#2181=VERTEX_POINT('',#7359);
#2182=VERTEX_POINT('',#7370);
#2183=VERTEX_POINT('',#7372);
#2184=VERTEX_POINT('',#7376);
#2185=VERTEX_POINT('',#7380);
#2186=VERTEX_POINT('',#7381);
#2187=VERTEX_POINT('',#7400);
#2188=VERTEX_POINT('',#7402);
#2189=VERTEX_POINT('',#7404);
#2190=VERTEX_POINT('',#7409);
#2191=VERTEX_POINT('',#7411);
#2192=VERTEX_POINT('',#7413);
#2193=VERTEX_POINT('',#7415);
#2194=VERTEX_POINT('',#7419);
#2195=VERTEX_POINT('',#7423);
#2196=VERTEX_POINT('',#7424);
#2197=VERTEX_POINT('',#7428);
#2198=VERTEX_POINT('',#7435);
#2199=VERTEX_POINT('',#7437);
#2200=VERTEX_POINT('',#7441);
#2201=VERTEX_POINT('',#7445);
#2202=VERTEX_POINT('',#7447);
#2203=VERTEX_POINT('',#7449);
#2204=VERTEX_POINT('',#7451);
#2205=VERTEX_POINT('',#7453);
#2206=VERTEX_POINT('',#7456);
#2207=VERTEX_POINT('',#7458);
#2208=VERTEX_POINT('',#7460);
#2209=VERTEX_POINT('',#7462);
#2210=VERTEX_POINT('',#7464);
#2211=VERTEX_POINT('',#7466);
#2212=VERTEX_POINT('',#7468);
#2213=VERTEX_POINT('',#7470);
#2214=VERTEX_POINT('',#7473);
#2215=VERTEX_POINT('',#7475);
#2216=VERTEX_POINT('',#7477);
#2217=VERTEX_POINT('',#7479);
#2218=VERTEX_POINT('',#7481);
#2219=VERTEX_POINT('',#7483);
#2220=VERTEX_POINT('',#7485);
#2221=VERTEX_POINT('',#7488);
#2222=VERTEX_POINT('',#7489);
#2223=VERTEX_POINT('',#7491);
#2224=VERTEX_POINT('',#7493);
#2225=VERTEX_POINT('',#7496);
#2226=VERTEX_POINT('',#7497);
#2227=VERTEX_POINT('',#7499);
#2228=VERTEX_POINT('',#7501);
#2229=VERTEX_POINT('',#7503);
#2230=VERTEX_POINT('',#7506);
#2231=VERTEX_POINT('',#7507);
#2232=VERTEX_POINT('',#7509);
#2233=VERTEX_POINT('',#7511);
#2234=VERTEX_POINT('',#7514);
#2235=VERTEX_POINT('',#7515);
#2236=VERTEX_POINT('',#7517);
#2237=VERTEX_POINT('',#7519);
#2238=VERTEX_POINT('',#7521);
#2239=VERTEX_POINT('',#7524);
#2240=VERTEX_POINT('',#7525);
#2241=VERTEX_POINT('',#7527);
#2242=VERTEX_POINT('',#7529);
#2243=VERTEX_POINT('',#7531);
#2244=VERTEX_POINT('',#7534);
#2245=VERTEX_POINT('',#7535);
#2246=VERTEX_POINT('',#7537);
#2247=VERTEX_POINT('',#7539);
#2248=VERTEX_POINT('',#7542);
#2249=VERTEX_POINT('',#7543);
#2250=VERTEX_POINT('',#7545);
#2251=VERTEX_POINT('',#7547);
#2252=VERTEX_POINT('',#7550);
#2253=VERTEX_POINT('',#7551);
#2254=VERTEX_POINT('',#7553);
#2255=VERTEX_POINT('',#7555);
#2256=VERTEX_POINT('',#7557);
#2257=VERTEX_POINT('',#7560);
#2258=VERTEX_POINT('',#7561);
#2259=VERTEX_POINT('',#7563);
#2260=VERTEX_POINT('',#7565);
#2261=VERTEX_POINT('',#7568);
#2262=VERTEX_POINT('',#7569);
#2263=VERTEX_POINT('',#7571);
#2264=VERTEX_POINT('',#7573);
#2265=VERTEX_POINT('',#7575);
#2266=VERTEX_POINT('',#7578);
#2267=VERTEX_POINT('',#7579);
#2268=VERTEX_POINT('',#7581);
#2269=VERTEX_POINT('',#7583);
#2270=VERTEX_POINT('',#7585);
#2271=VERTEX_POINT('',#7588);
#2272=VERTEX_POINT('',#7589);
#2273=VERTEX_POINT('',#7591);
#2274=VERTEX_POINT('',#7593);
#2275=VERTEX_POINT('',#7595);
#2276=VERTEX_POINT('',#7598);
#2277=VERTEX_POINT('',#7599);
#2278=VERTEX_POINT('',#7601);
#2279=VERTEX_POINT('',#7603);
#2280=VERTEX_POINT('',#7606);
#2281=VERTEX_POINT('',#7607);
#2282=VERTEX_POINT('',#7609);
#2283=VERTEX_POINT('',#7611);
#2284=VERTEX_POINT('',#7614);
#2285=VERTEX_POINT('',#7615);
#2286=VERTEX_POINT('',#7617);
#2287=VERTEX_POINT('',#7619);
#2288=VERTEX_POINT('',#7622);
#2289=VERTEX_POINT('',#7623);
#2290=VERTEX_POINT('',#7625);
#2291=VERTEX_POINT('',#7627);
#2292=VERTEX_POINT('',#7629);
#2293=VERTEX_POINT('',#7632);
#2294=VERTEX_POINT('',#7633);
#2295=VERTEX_POINT('',#7635);
#2296=VERTEX_POINT('',#7637);
#2297=VERTEX_POINT('',#7639);
#2298=VERTEX_POINT('',#7642);
#2299=VERTEX_POINT('',#7643);
#2300=VERTEX_POINT('',#7645);
#2301=VERTEX_POINT('',#7647);
#2302=VERTEX_POINT('',#7649);
#2303=VERTEX_POINT('',#7652);
#2304=VERTEX_POINT('',#7653);
#2305=VERTEX_POINT('',#7655);
#2306=VERTEX_POINT('',#7657);
#2307=VERTEX_POINT('',#7660);
#2308=VERTEX_POINT('',#7661);
#2309=VERTEX_POINT('',#7663);
#2310=VERTEX_POINT('',#7665);
#2311=VERTEX_POINT('',#7669);
#2312=VERTEX_POINT('',#7676);
#2313=VERTEX_POINT('',#7680);
#2314=VERTEX_POINT('',#7682);
#2315=VERTEX_POINT('',#7696);
#2316=VERTEX_POINT('',#7698);
#2317=VERTEX_POINT('',#7804);
#2318=VERTEX_POINT('',#7805);
#2319=VERTEX_POINT('',#7807);
#2320=VERTEX_POINT('',#7813);
#2321=VERTEX_POINT('',#7821);
#2322=VERTEX_POINT('',#7822);
#2323=VERTEX_POINT('',#7827);
#2324=VERTEX_POINT('',#7873);
#2325=VERTEX_POINT('',#7874);
#2326=VERTEX_POINT('',#7881);
#2327=VERTEX_POINT('',#7904);
#2328=VERTEX_POINT('',#7912);
#2329=VERTEX_POINT('',#7914);
#2330=VERTEX_POINT('',#7916);
#2331=VERTEX_POINT('',#7918);
#2332=VERTEX_POINT('',#7922);
#2333=VERTEX_POINT('',#7926);
#2334=VERTEX_POINT('',#7930);
#2335=VERTEX_POINT('',#7931);
#2336=VERTEX_POINT('',#7935);
#2337=VERTEX_POINT('',#7937);
#2338=VERTEX_POINT('',#7939);
#2339=VERTEX_POINT('',#7943);
#2340=VERTEX_POINT('',#7995);
#2341=VERTEX_POINT('',#7996);
#2342=VERTEX_POINT('',#8011);
#2343=VERTEX_POINT('',#8013);
#2344=VERTEX_POINT('',#8018);
#2345=VERTEX_POINT('',#8020);
#2346=VERTEX_POINT('',#8022);
#2347=VERTEX_POINT('',#8035);
#2348=VERTEX_POINT('',#8037);
#2349=VERTEX_POINT('',#8044);
#2350=VERTEX_POINT('',#8051);
#2351=VERTEX_POINT('',#8053);
#2352=VERTEX_POINT('',#8055);
#2353=VERTEX_POINT('',#8057);
#2354=VERTEX_POINT('',#8070);
#2355=VERTEX_POINT('',#8077);
#2356=VERTEX_POINT('',#8078);
#2357=VERTEX_POINT('',#8082);
#2358=VERTEX_POINT('',#8084);
#2359=VERTEX_POINT('',#8088);
#2360=VERTEX_POINT('',#8093);
#2361=VERTEX_POINT('',#8098);
#2362=VERTEX_POINT('',#8100);
#2363=VERTEX_POINT('',#8102);
#2364=VERTEX_POINT('',#8106);
#2365=VERTEX_POINT('',#8108);
#2366=VERTEX_POINT('',#8110);
#2367=VERTEX_POINT('',#8112);
#2368=VERTEX_POINT('',#8114);
#2369=VERTEX_POINT('',#8116);
#2370=VERTEX_POINT('',#8118);
#2371=VERTEX_POINT('',#8120);
#2372=VERTEX_POINT('',#8125);
#2373=VERTEX_POINT('',#8127);
#2374=VERTEX_POINT('',#8129);
#2375=VERTEX_POINT('',#8133);
#2376=VERTEX_POINT('',#8135);
#2377=VERTEX_POINT('',#8137);
#2378=VERTEX_POINT('',#8139);
#2379=VERTEX_POINT('',#8144);
#2380=VERTEX_POINT('',#8146);
#2381=VERTEX_POINT('',#8148);
#2382=VERTEX_POINT('',#8153);
#2383=VERTEX_POINT('',#8155);
#2384=VERTEX_POINT('',#8157);
#2385=VERTEX_POINT('',#8161);
#2386=VERTEX_POINT('',#8163);
#2387=VERTEX_POINT('',#8165);
#2388=VERTEX_POINT('',#8167);
#2389=VERTEX_POINT('',#8169);
#2390=VERTEX_POINT('',#8174);
#2391=VERTEX_POINT('',#8176);
#2392=VERTEX_POINT('',#8178);
#2393=VERTEX_POINT('',#8182);
#2394=VERTEX_POINT('',#8184);
#2395=VERTEX_POINT('',#8186);
#2396=VERTEX_POINT('',#8188);
#2397=VERTEX_POINT('',#8190);
#2398=VERTEX_POINT('',#8195);
#2399=VERTEX_POINT('',#8197);
#2400=VERTEX_POINT('',#8199);
#2401=VERTEX_POINT('',#8203);
#2402=VERTEX_POINT('',#8205);
#2403=VERTEX_POINT('',#8207);
#2404=VERTEX_POINT('',#8209);
#2405=VERTEX_POINT('',#8211);
#2406=VERTEX_POINT('',#8216);
#2407=VERTEX_POINT('',#8218);
#2408=VERTEX_POINT('',#8220);
#2409=VERTEX_POINT('',#8224);
#2410=VERTEX_POINT('',#8226);
#2411=VERTEX_POINT('',#8228);
#2412=VERTEX_POINT('',#8230);
#2413=VERTEX_POINT('',#8232);
#2414=VERTEX_POINT('',#8237);
#2415=VERTEX_POINT('',#8248);
#2416=VERTEX_POINT('',#8263);
#2417=VERTEX_POINT('',#8264);
#2418=VERTEX_POINT('',#8277);
#2419=VERTEX_POINT('',#8279);
#2420=VERTEX_POINT('',#8296);
#2421=VERTEX_POINT('',#8297);
#2422=VERTEX_POINT('',#8299);
#2423=VERTEX_POINT('',#8301);
#2424=VERTEX_POINT('',#8305);
#2425=VERTEX_POINT('',#8313);
#2426=VERTEX_POINT('',#8314);
#2427=VERTEX_POINT('',#8321);
#2428=VERTEX_POINT('',#8328);
#2429=VERTEX_POINT('',#8341);
#2430=VERTEX_POINT('',#8350);
#2431=VERTEX_POINT('',#8351);
#2432=VERTEX_POINT('',#8353);
#2433=VERTEX_POINT('',#8355);
#2434=VERTEX_POINT('',#8364);
#2435=VERTEX_POINT('',#8371);
#2436=VERTEX_POINT('',#8373);
#2437=VERTEX_POINT('',#8375);
#2438=VERTEX_POINT('',#8378);
#2439=VERTEX_POINT('',#8381);
#2440=VERTEX_POINT('',#8385);
#2441=VERTEX_POINT('',#8386);
#2442=VERTEX_POINT('',#8388);
#2443=VERTEX_POINT('',#8390);
#2444=VERTEX_POINT('',#8394);
#2445=VERTEX_POINT('',#8396);
#2446=VERTEX_POINT('',#8398);
#2447=VERTEX_POINT('',#8400);
#2448=VERTEX_POINT('',#8402);
#2449=VERTEX_POINT('',#8404);
#2450=VERTEX_POINT('',#8406);
#2451=VERTEX_POINT('',#8412);
#2452=VERTEX_POINT('',#8414);
#2453=VERTEX_POINT('',#8419);
#2454=VERTEX_POINT('',#8432);
#2455=VERTEX_POINT('',#8433);
#2456=VERTEX_POINT('',#8441);
#2457=VERTEX_POINT('',#8453);
#2458=VERTEX_POINT('',#8454);
#2459=VERTEX_POINT('',#8461);
#2460=VERTEX_POINT('',#8463);
#2461=VERTEX_POINT('',#8465);
#2462=VERTEX_POINT('',#8467);
#2463=VERTEX_POINT('',#8479);
#2464=VERTEX_POINT('',#8481);
#2465=VERTEX_POINT('',#8483);
#2466=VERTEX_POINT('',#8515);
#2467=VERTEX_POINT('',#8517);
#2468=VERTEX_POINT('',#8524);
#2469=VERTEX_POINT('',#8531);
#2470=VERTEX_POINT('',#8533);
#2471=VERTEX_POINT('',#8608);
#2472=VERTEX_POINT('',#8609);
#2473=VERTEX_POINT('',#8635);
#2474=VERTEX_POINT('',#8650);
#2475=VERTEX_POINT('',#8683);
#2476=VERTEX_POINT('',#8694);
#2477=VERTEX_POINT('',#8703);
#2478=VERTEX_POINT('',#8714);
#2479=VERTEX_POINT('',#8725);
#2480=VERTEX_POINT('',#8737);
#2481=VERTEX_POINT('',#8750);
#2482=VERTEX_POINT('',#8753);
#2483=VERTEX_POINT('',#8760);
#2484=VERTEX_POINT('',#8807);
#2485=VERTEX_POINT('',#8810);
#2486=VERTEX_POINT('',#8814);
#2487=VERTEX_POINT('',#8818);
#2488=VERTEX_POINT('',#8866);
#2489=VERTEX_POINT('',#8871);
#2490=VERTEX_POINT('',#8874);
#2491=VERTEX_POINT('',#8877);
#2492=VERTEX_POINT('',#8879);
#2493=VERTEX_POINT('',#8884);
#2494=VERTEX_POINT('',#8886);
#2495=VERTEX_POINT('',#8889);
#2496=VERTEX_POINT('',#8891);
#2497=VERTEX_POINT('',#8897);
#2498=VERTEX_POINT('',#8946);
#2499=VERTEX_POINT('',#8948);
#2500=VERTEX_POINT('',#8952);
#2501=VERTEX_POINT('',#8955);
#2502=VERTEX_POINT('',#8957);
#2503=VERTEX_POINT('',#8961);
#2504=VERTEX_POINT('',#8964);
#2505=VERTEX_POINT('',#8966);
#2506=VERTEX_POINT('',#8970);
#2507=VERTEX_POINT('',#8973);
#2508=VERTEX_POINT('',#8975);
#2509=VERTEX_POINT('',#8979);
#2510=VERTEX_POINT('',#8982);
#2511=VERTEX_POINT('',#8986);
#2512=VERTEX_POINT('',#8990);
#2513=VERTEX_POINT('',#8994);
#2514=VERTEX_POINT('',#8998);
#2515=VERTEX_POINT('',#9001);
#2516=VERTEX_POINT('',#9004);
#2517=VERTEX_POINT('',#9007);
#2518=VERTEX_POINT('',#9019);
#2519=VERTEX_POINT('',#9021);
#2520=VERTEX_POINT('',#9023);
#2521=VERTEX_POINT('',#9025);
#2522=VERTEX_POINT('',#9027);
#2523=VERTEX_POINT('',#9029);
#2524=VERTEX_POINT('',#9031);
#2525=VERTEX_POINT('',#9033);
#2526=VERTEX_POINT('',#9054);
#2527=VERTEX_POINT('',#9056);
#2528=VERTEX_POINT('',#9067);
#2529=VERTEX_POINT('',#9072);
#2530=VERTEX_POINT('',#9077);
#2531=VERTEX_POINT('',#9082);
#2532=EDGE_CURVE('',#2048,#2049,#1160,.T.);
#2533=EDGE_CURVE('',#2050,#2048,#1137,.T.);
#2534=EDGE_CURVE('',#2051,#2050,#1161,.T.);
#2535=EDGE_CURVE('',#2051,#2052,#924,.F.);
#2536=EDGE_CURVE('',#2052,#2053,#875,.F.);
#2537=EDGE_CURVE('',#2049,#2053,#1138,.T.);
#2538=EDGE_CURVE('',#2054,#2055,#1162,.T.);
#2539=EDGE_CURVE('',#2050,#2054,#1139,.T.);
#2540=EDGE_CURVE('',#2056,#2048,#1163,.T.);
#2541=EDGE_CURVE('',#2055,#2056,#925,.T.);
#2542=EDGE_CURVE('',#2049,#2057,#1164,.T.);
#2543=EDGE_CURVE('',#2057,#2058,#926,.T.);
#2544=EDGE_CURVE('',#2059,#2058,#1165,.T.);
#2545=EDGE_CURVE('',#2059,#2060,#1166,.T.);
#2546=EDGE_CURVE('',#2060,#2061,#1167,.T.);
#2547=EDGE_CURVE('',#2061,#2062,#927,.T.);
#2548=EDGE_CURVE('',#2062,#2063,#1168,.T.);
#2549=EDGE_CURVE('',#2063,#2064,#1169,.T.);
#2550=EDGE_CURVE('',#2064,#2065,#1170,.T.);
#2551=EDGE_CURVE('',#2065,#2066,#1171,.T.);
#2552=EDGE_CURVE('',#2066,#2067,#928,.T.);
#2553=EDGE_CURVE('',#2067,#2068,#1172,.T.);
#2554=EDGE_CURVE('',#2069,#2068,#929,.T.);
#2555=EDGE_CURVE('',#2070,#2069,#1173,.T.);
#2556=EDGE_CURVE('',#2071,#2070,#930,.T.);
#2557=EDGE_CURVE('',#2072,#2071,#1174,.T.);
#2558=EDGE_CURVE('',#2072,#2073,#931,.T.);
#2559=EDGE_CURVE('',#2056,#2073,#1175,.T.);
#2560=EDGE_CURVE('',#2074,#2075,#1176,.T.);
#2561=EDGE_CURVE('',#2075,#2076,#1177,.T.);
#2562=EDGE_CURVE('',#2076,#2077,#1178,.T.);
#2563=EDGE_CURVE('',#2077,#2074,#1179,.T.);
#2564=EDGE_CURVE('',#2078,#2079,#1180,.T.);
#2565=EDGE_CURVE('',#2079,#2080,#1181,.T.);
#2566=EDGE_CURVE('',#2080,#2081,#1182,.T.);
#2567=EDGE_CURVE('',#2081,#2078,#1183,.T.);
#2568=EDGE_CURVE('',#2082,#2083,#1184,.T.);
#2569=EDGE_CURVE('',#2083,#2084,#1185,.T.);
#2570=EDGE_CURVE('',#2084,#2085,#932,.T.);
#2571=EDGE_CURVE('',#2085,#2086,#1186,.T.);
#2572=EDGE_CURVE('',#2086,#2082,#1187,.T.);
#2573=EDGE_CURVE('',#2087,#2088,#1188,.T.);
#2574=EDGE_CURVE('',#2088,#2089,#933,.T.);
#2575=EDGE_CURVE('',#2089,#2090,#1189,.T.);
#2576=EDGE_CURVE('',#2090,#2091,#1190,.T.);
#2577=EDGE_CURVE('',#2091,#2087,#1191,.T.);
#2578=EDGE_CURVE('',#2092,#2093,#1192,.T.);
#2579=EDGE_CURVE('',#2093,#2094,#1193,.T.);
#2580=EDGE_CURVE('',#2094,#2095,#1194,.T.);
#2581=EDGE_CURVE('',#2095,#2096,#934,.T.);
#2582=EDGE_CURVE('',#2096,#2092,#1195,.T.);
#2583=EDGE_CURVE('',#2097,#2098,#1196,.T.);
#2584=EDGE_CURVE('',#2098,#2099,#1197,.T.);
#2585=EDGE_CURVE('',#2099,#2100,#1198,.T.);
#2586=EDGE_CURVE('',#2100,#2097,#1199,.T.);
#2587=EDGE_CURVE('',#2101,#2102,#1200,.T.);
#2588=EDGE_CURVE('',#2103,#2101,#1201,.T.);
#2589=EDGE_CURVE('',#2104,#2103,#1202,.T.);
#2590=EDGE_CURVE('',#2102,#2104,#1203,.T.);
#2591=EDGE_CURVE('',#2105,#2106,#1204,.T.);
#2592=EDGE_CURVE('',#2107,#2105,#1205,.T.);
#2593=EDGE_CURVE('',#2108,#2107,#1206,.T.);
#2594=EDGE_CURVE('',#2106,#2108,#1207,.T.);
#2595=EDGE_CURVE('',#2109,#2110,#1208,.T.);
#2596=EDGE_CURVE('',#2111,#2109,#1209,.T.);
#2597=EDGE_CURVE('',#2112,#2111,#1210,.T.);
#2598=EDGE_CURVE('',#2112,#2113,#935,.T.);
#2599=EDGE_CURVE('',#2110,#2113,#1211,.T.);
#2600=EDGE_CURVE('',#2114,#2115,#1212,.T.);
#2601=EDGE_CURVE('',#2116,#2114,#1213,.T.);
#2602=EDGE_CURVE('',#2117,#2116,#1214,.T.);
#2603=EDGE_CURVE('',#2118,#2117,#1215,.T.);
#2604=EDGE_CURVE('',#2118,#2115,#936,.T.);
#2605=EDGE_CURVE('',#2119,#2120,#1216,.T.);
#2606=EDGE_CURVE('',#2121,#2119,#1217,.T.);
#2607=EDGE_CURVE('',#2121,#2122,#937,.T.);
#2608=EDGE_CURVE('',#2123,#2122,#1218,.T.);
#2609=EDGE_CURVE('',#2120,#2123,#1219,.T.);
#2610=EDGE_CURVE('',#2124,#2125,#1220,.T.);
#2611=EDGE_CURVE('',#2126,#2124,#1221,.T.);
#2612=EDGE_CURVE('',#2127,#2126,#1222,.T.);
#2613=EDGE_CURVE('',#2125,#2127,#1223,.T.);
#2614=EDGE_CURVE('',#2128,#2129,#1224,.T.);
#2615=EDGE_CURVE('',#2128,#2130,#938,.T.);
#2616=EDGE_CURVE('',#2131,#2130,#1225,.T.);
#2617=EDGE_CURVE('',#2129,#2131,#1226,.T.);
#2618=EDGE_CURVE('',#2132,#2133,#1227,.T.);
#2619=EDGE_CURVE('',#2134,#2132,#1228,.T.);
#2620=EDGE_CURVE('',#2134,#2135,#939,.T.);
#2621=EDGE_CURVE('',#2136,#2135,#1229,.T.);
#2622=EDGE_CURVE('',#2133,#2136,#1230,.T.);
#2623=EDGE_CURVE('',#2137,#2138,#1231,.T.);
#2624=EDGE_CURVE('',#2139,#2137,#1232,.T.);
#2625=EDGE_CURVE('',#2140,#2139,#1233,.T.);
#2626=EDGE_CURVE('',#2138,#2140,#1234,.T.);
#2627=EDGE_CURVE('',#2141,#2142,#1235,.T.);
#2628=EDGE_CURVE('',#2141,#2143,#940,.T.);
#2629=EDGE_CURVE('',#2144,#2143,#1236,.T.);
#2630=EDGE_CURVE('',#2145,#2144,#1237,.T.);
#2631=EDGE_CURVE('',#2145,#2142,#941,.T.);
#2632=EDGE_CURVE('',#2146,#2147,#1238,.T.);
#2633=EDGE_CURVE('',#2148,#2146,#1239,.T.);
#2634=EDGE_CURVE('',#2148,#2149,#942,.T.);
#2635=EDGE_CURVE('',#2150,#2149,#1240,.T.);
#2636=EDGE_CURVE('',#2147,#2150,#1241,.T.);
#2637=EDGE_CURVE('',#2151,#2152,#1242,.T.);
#2638=EDGE_CURVE('',#2153,#2151,#1243,.T.);
#2639=EDGE_CURVE('',#2154,#2153,#1244,.T.);
#2640=EDGE_CURVE('',#2152,#2154,#1245,.T.);
#2641=EDGE_CURVE('',#2155,#2156,#1246,.T.);
#2642=EDGE_CURVE('',#2157,#2155,#1247,.T.);
#2643=EDGE_CURVE('',#2157,#2158,#943,.T.);
#2644=EDGE_CURVE('',#2156,#2158,#1248,.T.);
#2645=EDGE_CURVE('',#2159,#2160,#1249,.T.);
#2646=EDGE_CURVE('',#2161,#2159,#1250,.T.);
#2647=EDGE_CURVE('',#2161,#2162,#944,.T.);
#2648=EDGE_CURVE('',#2163,#2162,#1251,.T.);
#2649=EDGE_CURVE('',#2163,#2160,#945,.T.);
#2650=EDGE_CURVE('',#2164,#2165,#1252,.T.);
#2651=EDGE_CURVE('',#2064,#2164,#1140,.T.);
#2652=EDGE_CURVE('',#2063,#2166,#1141,.F.);
#2653=EDGE_CURVE('',#2166,#2167,#876,.F.);
#2654=EDGE_CURVE('',#2165,#2167,#946,.T.);
#2655=EDGE_CURVE('',#2168,#2164,#1142,.T.);
#2656=EDGE_CURVE('',#2169,#2168,#1253,.T.);
#2657=EDGE_CURVE('',#2065,#2169,#947,.T.);
#2658=EDGE_CURVE('',#2170,#2165,#1254,.T.);
#2659=EDGE_CURVE('',#2170,#2171,#1255,.T.);
#2660=EDGE_CURVE('',#2171,#2168,#1256,.T.);
#2661=EDGE_CURVE('',#2172,#2171,#1143,.T.);
#2662=EDGE_CURVE('',#2169,#2172,#1257,.T.);
#2663=EDGE_CURVE('',#2173,#2174,#877,.T.);
#2664=EDGE_CURVE('',#2174,#2175,#878,.T.);
#2665=EDGE_CURVE('',#2176,#2175,#948,.T.);
#2666=EDGE_CURVE('',#2176,#2177,#1258,.T.);
#2667=EDGE_CURVE('',#2177,#2177,#949,.T.);
#2668=EDGE_CURVE('',#2173,#2176,#950,.T.);
#2669=EDGE_CURVE('',#2174,#2178,#879,.F.);
#2670=EDGE_CURVE('',#2178,#2179,#1144,.F.);
#2671=EDGE_CURVE('',#2179,#2180,#951,.F.);
#2672=EDGE_CURVE('',#2180,#2181,#880,.T.);
#2673=EDGE_CURVE('',#2182,#2181,#1259,.T.);
#2674=EDGE_CURVE('',#2183,#2182,#952,.T.);
#2675=EDGE_CURVE('',#2175,#2183,#1260,.T.);
#2676=EDGE_CURVE('',#2184,#2184,#953,.T.);
#2677=EDGE_CURVE('',#2184,#2177,#1261,.T.);
#2678=EDGE_CURVE('',#2185,#2186,#881,.T.);
#2679=EDGE_CURVE('',#2187,#2186,#954,.T.);
#2680=EDGE_CURVE('',#2187,#2188,#1262,.T.);
#2681=EDGE_CURVE('',#2189,#2188,#955,.T.);
#2682=EDGE_CURVE('',#2188,#2189,#956,.T.);
#2683=EDGE_CURVE('',#2185,#2187,#957,.T.);
#2684=EDGE_CURVE('',#2185,#2190,#1263,.T.);
#2685=EDGE_CURVE('',#2190,#2191,#1145,.T.);
#2686=EDGE_CURVE('',#2192,#2191,#1264,.T.);
#2687=EDGE_CURVE('',#2193,#2192,#958,.T.);
#2688=EDGE_CURVE('',#2193,#2186,#1265,.T.);
#2689=EDGE_CURVE('',#2194,#2194,#959,.T.);
#2690=EDGE_CURVE('',#2194,#2189,#1266,.T.);
#2691=EDGE_CURVE('',#2195,#2196,#41,.F.);
#2692=EDGE_CURVE('',#2197,#2196,#882,.F.);
#2693=EDGE_CURVE('',#2198,#2197,#960,.T.);
#2694=EDGE_CURVE('',#2199,#2198,#42,.T.);
#2695=EDGE_CURVE('',#2200,#2199,#961,.T.);
#2696=EDGE_CURVE('',#2195,#2200,#962,.T.);
#2697=EDGE_CURVE('',#2201,#2183,#1267,.F.);
#2698=EDGE_CURVE('',#2202,#2201,#1268,.F.);
#2699=EDGE_CURVE('',#2202,#2203,#1269,.T.);
#2700=EDGE_CURVE('',#2204,#2203,#1270,.F.);
#2701=EDGE_CURVE('',#2205,#2204,#1271,.F.);
#2702=EDGE_CURVE('',#2205,#2190,#1272,.T.);
#2703=EDGE_CURVE('',#2193,#2206,#1273,.F.);
#2704=EDGE_CURVE('',#2206,#2207,#963,.T.);
#2705=EDGE_CURVE('',#2207,#2208,#1274,.T.);
#2706=EDGE_CURVE('',#2208,#2209,#964,.T.);
#2707=EDGE_CURVE('',#2209,#2210,#1275,.T.);
#2708=EDGE_CURVE('',#2210,#2211,#1276,.T.);
#2709=EDGE_CURVE('',#2211,#2212,#965,.T.);
#2710=EDGE_CURVE('',#2212,#2213,#966,.T.);
#2711=EDGE_CURVE('',#2198,#2213,#1277,.T.);
#2712=EDGE_CURVE('',#2197,#2214,#967,.T.);
#2713=EDGE_CURVE('',#2214,#2215,#1278,.T.);
#2714=EDGE_CURVE('',#2215,#2216,#1279,.T.);
#2715=EDGE_CURVE('',#2216,#2217,#968,.T.);
#2716=EDGE_CURVE('',#2217,#2218,#1280,.T.);
#2717=EDGE_CURVE('',#2218,#2219,#969,.T.);
#2718=EDGE_CURVE('',#2219,#2220,#1281,.F.);
#2719=EDGE_CURVE('',#2173,#2220,#1282,.T.);
#2720=EDGE_CURVE('',#2221,#2222,#1283,.T.);
#2721=EDGE_CURVE('',#2223,#2221,#1284,.T.);
#2722=EDGE_CURVE('',#2224,#2223,#1285,.T.);
#2723=EDGE_CURVE('',#2224,#2222,#970,.T.);
#2724=EDGE_CURVE('',#2225,#2226,#1286,.T.);
#2725=EDGE_CURVE('',#2227,#2225,#1287,.T.);
#2726=EDGE_CURVE('',#2228,#2227,#1288,.T.);
#2727=EDGE_CURVE('',#2228,#2229,#971,.T.);
#2728=EDGE_CURVE('',#2226,#2229,#1289,.T.);
#2729=EDGE_CURVE('',#2230,#2231,#1290,.T.);
#2730=EDGE_CURVE('',#2232,#2230,#1291,.T.);
#2731=EDGE_CURVE('',#2233,#2232,#1292,.T.);
#2732=EDGE_CURVE('',#2231,#2233,#1293,.T.);
#2733=EDGE_CURVE('',#2234,#2235,#1294,.T.);
#2734=EDGE_CURVE('',#2234,#2236,#972,.T.);
#2735=EDGE_CURVE('',#2237,#2236,#1295,.T.);
#2736=EDGE_CURVE('',#2238,#2237,#1296,.T.);
#2737=EDGE_CURVE('',#2238,#2235,#973,.T.);
#2738=EDGE_CURVE('',#2239,#2240,#1297,.T.);
#2739=EDGE_CURVE('',#2241,#2239,#1298,.T.);
#2740=EDGE_CURVE('',#2242,#2241,#1299,.T.);
#2741=EDGE_CURVE('',#2242,#2243,#974,.T.);
#2742=EDGE_CURVE('',#2240,#2243,#1300,.T.);
#2743=EDGE_CURVE('',#2244,#2245,#1301,.T.);
#2744=EDGE_CURVE('',#2246,#2244,#1302,.T.);
#2745=EDGE_CURVE('',#2247,#2246,#1303,.T.);
#2746=EDGE_CURVE('',#2245,#2247,#1304,.T.);
#2747=EDGE_CURVE('',#2248,#2249,#1305,.T.);
#2748=EDGE_CURVE('',#2250,#2248,#1306,.T.);
#2749=EDGE_CURVE('',#2250,#2251,#975,.T.);
#2750=EDGE_CURVE('',#2249,#2251,#1307,.T.);
#2751=EDGE_CURVE('',#2252,#2253,#1308,.T.);
#2752=EDGE_CURVE('',#2252,#2254,#976,.T.);
#2753=EDGE_CURVE('',#2255,#2254,#1309,.T.);
#2754=EDGE_CURVE('',#2255,#2256,#977,.T.);
#2755=EDGE_CURVE('',#2253,#2256,#1310,.T.);
#2756=EDGE_CURVE('',#2257,#2258,#1311,.T.);
#2757=EDGE_CURVE('',#2258,#2259,#1312,.T.);
#2758=EDGE_CURVE('',#2259,#2260,#1313,.T.);
#2759=EDGE_CURVE('',#2260,#2257,#1314,.T.);
#2760=EDGE_CURVE('',#2261,#2262,#1315,.T.);
#2761=EDGE_CURVE('',#2262,#2263,#1316,.T.);
#2762=EDGE_CURVE('',#2263,#2264,#978,.T.);
#2763=EDGE_CURVE('',#2264,#2265,#1317,.T.);
#2764=EDGE_CURVE('',#2265,#2261,#1318,.T.);
#2765=EDGE_CURVE('',#2266,#2267,#979,.T.);
#2766=EDGE_CURVE('',#2267,#2268,#1319,.T.);
#2767=EDGE_CURVE('',#2268,#2269,#1320,.T.);
#2768=EDGE_CURVE('',#2269,#2270,#1321,.T.);
#2769=EDGE_CURVE('',#2270,#2266,#1322,.T.);
#2770=EDGE_CURVE('',#2271,#2272,#1323,.T.);
#2771=EDGE_CURVE('',#2272,#2273,#980,.T.);
#2772=EDGE_CURVE('',#2273,#2274,#1324,.T.);
#2773=EDGE_CURVE('',#2274,#2275,#1325,.T.);
#2774=EDGE_CURVE('',#2275,#2271,#1326,.T.);
#2775=EDGE_CURVE('',#2276,#2277,#1327,.T.);
#2776=EDGE_CURVE('',#2277,#2278,#1328,.T.);
#2777=EDGE_CURVE('',#2278,#2279,#1329,.T.);
#2778=EDGE_CURVE('',#2279,#2276,#1330,.T.);
#2779=EDGE_CURVE('',#2280,#2281,#1331,.T.);
#2780=EDGE_CURVE('',#2281,#2282,#1332,.T.);
#2781=EDGE_CURVE('',#2282,#2283,#1333,.T.);
#2782=EDGE_CURVE('',#2283,#2280,#1334,.T.);
#2783=EDGE_CURVE('',#2284,#2285,#1335,.T.);
#2784=EDGE_CURVE('',#2285,#2286,#1336,.T.);
#2785=EDGE_CURVE('',#2286,#2287,#1337,.T.);
#2786=EDGE_CURVE('',#2287,#2284,#1338,.T.);
#2787=EDGE_CURVE('',#2288,#2289,#1339,.T.);
#2788=EDGE_CURVE('',#2289,#2290,#981,.T.);
#2789=EDGE_CURVE('',#2290,#2291,#1340,.T.);
#2790=EDGE_CURVE('',#2291,#2292,#1341,.T.);
#2791=EDGE_CURVE('',#2292,#2288,#1342,.T.);
#2792=EDGE_CURVE('',#2293,#2294,#1343,.T.);
#2793=EDGE_CURVE('',#2294,#2295,#1344,.T.);
#2794=EDGE_CURVE('',#2295,#2296,#1345,.T.);
#2795=EDGE_CURVE('',#2296,#2297,#982,.T.);
#2796=EDGE_CURVE('',#2297,#2293,#1346,.T.);
#2797=EDGE_CURVE('',#2298,#2299,#1347,.T.);
#2798=EDGE_CURVE('',#2299,#2300,#1348,.T.);
#2799=EDGE_CURVE('',#2300,#2301,#983,.T.);
#2800=EDGE_CURVE('',#2301,#2302,#1349,.T.);
#2801=EDGE_CURVE('',#2302,#2298,#1350,.T.);
#2802=EDGE_CURVE('',#2303,#2304,#1351,.T.);
#2803=EDGE_CURVE('',#2304,#2305,#1352,.T.);
#2804=EDGE_CURVE('',#2305,#2306,#1353,.T.);
#2805=EDGE_CURVE('',#2306,#2303,#1354,.T.);
#2806=EDGE_CURVE('',#2307,#2308,#1355,.T.);
#2807=EDGE_CURVE('',#2308,#2309,#1356,.T.);
#2808=EDGE_CURVE('',#2309,#2310,#1357,.T.);
#2809=EDGE_CURVE('',#2310,#2307,#1358,.T.);
#2810=EDGE_CURVE('',#2212,#2311,#883,.T.);
#2811=EDGE_CURVE('',#2312,#2311,#43,.T.);
#2812=EDGE_CURVE('',#2313,#2312,#984,.T.);
#2813=EDGE_CURVE('',#2314,#2313,#985,.T.);
#2814=EDGE_CURVE('',#2213,#2314,#44,.T.);
#2815=EDGE_CURVE('',#2214,#2066,#1359,.T.);
#2816=EDGE_CURVE('',#2067,#2196,#1360,.T.);
#2817=EDGE_CURVE('',#2068,#2195,#1361,.T.);
#2818=EDGE_CURVE('',#2311,#2072,#1362,.T.);
#2819=EDGE_CURVE('',#2073,#2211,#1363,.T.);
#2820=EDGE_CURVE('',#2210,#2315,#1364,.T.);
#2821=EDGE_CURVE('',#2315,#2316,#1365,.T.);
#2822=EDGE_CURVE('',#2316,#2055,#1366,.T.);
#2823=EDGE_CURVE('',#2251,#2157,#1367,.T.);
#2824=EDGE_CURVE('',#2158,#2250,#1368,.T.);
#2825=EDGE_CURVE('',#2156,#2248,#1369,.T.);
#2826=EDGE_CURVE('',#2222,#2128,#1370,.T.);
#2827=EDGE_CURVE('',#2130,#2224,#1371,.T.);
#2828=EDGE_CURVE('',#2131,#2223,#1372,.T.);
#2829=EDGE_CURVE('',#2235,#2141,#1373,.T.);
#2830=EDGE_CURVE('',#2143,#2238,#1374,.T.);
#2831=EDGE_CURVE('',#2144,#2237,#1375,.T.);
#2832=EDGE_CURVE('',#2256,#2161,#1376,.T.);
#2833=EDGE_CURVE('',#2162,#2255,#1377,.T.);
#2834=EDGE_CURVE('',#2254,#2163,#1378,.T.);
#2835=EDGE_CURVE('',#2297,#2088,#1379,.T.);
#2836=EDGE_CURVE('',#2089,#2296,#1380,.T.);
#2837=EDGE_CURVE('',#2090,#2295,#1381,.T.);
#2838=EDGE_CURVE('',#2267,#2118,#1382,.T.);
#2839=EDGE_CURVE('',#2115,#2266,#1383,.T.);
#2840=EDGE_CURVE('',#2114,#2270,#1384,.T.);
#2841=EDGE_CURVE('',#2273,#2112,#1385,.T.);
#2842=EDGE_CURVE('',#2113,#2272,#1386,.T.);
#2843=EDGE_CURVE('',#2110,#2271,#1387,.T.);
#2844=EDGE_CURVE('',#2301,#2084,#1388,.T.);
#2845=EDGE_CURVE('',#2085,#2300,#1389,.T.);
#2846=EDGE_CURVE('',#2086,#2299,#1390,.T.);
#2847=EDGE_CURVE('',#2290,#2095,#1391,.T.);
#2848=EDGE_CURVE('',#2096,#2289,#1392,.T.);
#2849=EDGE_CURVE('',#2092,#2288,#1393,.T.);
#2850=EDGE_CURVE('',#2264,#2121,#1394,.T.);
#2851=EDGE_CURVE('',#2122,#2263,#1395,.T.);
#2852=EDGE_CURVE('',#2123,#2262,#1396,.T.);
#2853=EDGE_CURVE('',#2236,#2145,#1397,.T.);
#2854=EDGE_CURVE('',#2142,#2234,#1398,.T.);
#2855=EDGE_CURVE('',#2160,#2252,#1399,.T.);
#2856=EDGE_CURVE('',#2159,#2253,#1400,.T.);
#2857=EDGE_CURVE('',#2243,#2148,#1401,.T.);
#2858=EDGE_CURVE('',#2149,#2242,#1402,.T.);
#2859=EDGE_CURVE('',#2150,#2241,#1403,.T.);
#2860=EDGE_CURVE('',#2229,#2134,#1404,.T.);
#2861=EDGE_CURVE('',#2135,#2228,#1405,.T.);
#2862=EDGE_CURVE('',#2136,#2227,#1406,.T.);
#2863=EDGE_CURVE('',#2219,#2061,#1407,.T.);
#2864=EDGE_CURVE('',#2062,#2218,#1408,.T.);
#2865=EDGE_CURVE('',#2166,#2217,#1409,.T.);
#2866=EDGE_CURVE('',#2317,#2318,#986,.T.);
#2867=EDGE_CURVE('',#2319,#2317,#884,.T.);
#2868=EDGE_CURVE('',#2320,#2319,#987,.T.);
#2869=EDGE_CURVE('',#2318,#2320,#885,.T.);
#2870=EDGE_CURVE('',#2321,#2322,#886,.T.);
#2871=EDGE_CURVE('',#2323,#2321,#988,.T.);
#2872=EDGE_CURVE('',#2317,#2323,#989,.T.);
#2873=EDGE_CURVE('',#2322,#2318,#990,.T.);
#2874=EDGE_CURVE('',#2324,#2325,#887,.T.);
#2875=EDGE_CURVE('',#2325,#2326,#888,.T.);
#2876=EDGE_CURVE('',#2327,#2326,#889,.T.);
#2877=EDGE_CURVE('',#2320,#2327,#1146,.T.);
#2878=EDGE_CURVE('',#2324,#2319,#1147,.T.);
#2879=EDGE_CURVE('',#2318,#2328,#1410,.T.);
#2880=EDGE_CURVE('',#2328,#2329,#991,.T.);
#2881=EDGE_CURVE('',#2330,#2329,#1411,.T.);
#2882=EDGE_CURVE('',#2330,#2331,#992,.T.);
#2883=EDGE_CURVE('',#2322,#2331,#1412,.T.);
#2884=EDGE_CURVE('',#2332,#2325,#1413,.T.);
#2885=EDGE_CURVE('',#2326,#2332,#1148,.T.);
#2886=EDGE_CURVE('',#2333,#2320,#1414,.T.);
#2887=EDGE_CURVE('',#2328,#2333,#993,.T.);
#2888=EDGE_CURVE('',#2334,#2335,#994,.T.);
#2889=EDGE_CURVE('',#2335,#2334,#995,.T.);
#2890=EDGE_CURVE('',#2334,#2323,#1415,.T.);
#2891=EDGE_CURVE('',#2336,#2321,#1416,.T.);
#2892=EDGE_CURVE('',#2337,#2336,#996,.T.);
#2893=EDGE_CURVE('',#2337,#2338,#1417,.T.);
#2894=EDGE_CURVE('',#2338,#2324,#997,.T.);
#2895=EDGE_CURVE('',#2339,#2333,#998,.T.);
#2896=EDGE_CURVE('',#2328,#2339,#999,.T.);
#2897=EDGE_CURVE('',#2340,#2341,#890,.T.);
#2898=EDGE_CURVE('',#2342,#2341,#1149,.T.);
#2899=EDGE_CURVE('',#2343,#2342,#1000,.T.);
#2900=EDGE_CURVE('',#2339,#2343,#1150,.T.);
#2901=EDGE_CURVE('',#2340,#2333,#1151,.T.);
#2902=EDGE_CURVE('',#2342,#2344,#1001,.T.);
#2903=EDGE_CURVE('',#2345,#2342,#1418,.T.);
#2904=EDGE_CURVE('',#2346,#2345,#891,.T.);
#2905=EDGE_CURVE('',#2344,#2346,#1419,.T.);
#2906=EDGE_CURVE('',#2343,#2344,#1002,.T.);
#2907=EDGE_CURVE('',#2332,#2338,#1420,.T.);
#2908=EDGE_CURVE('',#2347,#2344,#1003,.T.);
#2909=EDGE_CURVE('',#2347,#2348,#892,.F.);
#2910=EDGE_CURVE('',#2349,#2348,#893,.T.);
#2911=EDGE_CURVE('',#2343,#2349,#1004,.T.);
#2912=EDGE_CURVE('',#2350,#2340,#1421,.T.);
#2913=EDGE_CURVE('',#2351,#2350,#1152,.T.);
#2914=EDGE_CURVE('',#2351,#2352,#1422,.T.);
#2915=EDGE_CURVE('',#2352,#2353,#894,.T.);
#2916=EDGE_CURVE('',#2341,#2353,#1423,.T.);
#2917=EDGE_CURVE('',#2353,#2345,#1153,.T.);
#2918=EDGE_CURVE('',#2327,#2350,#1424,.F.);
#2919=EDGE_CURVE('',#2354,#2339,#1005,.T.);
#2920=EDGE_CURVE('',#2329,#2354,#895,.T.);
#2921=EDGE_CURVE('',#2355,#2356,#1006,.T.);
#2922=EDGE_CURVE('',#2356,#2355,#1007,.T.);
#2923=EDGE_CURVE('',#2355,#2349,#1425,.T.);
#2924=EDGE_CURVE('',#2357,#2349,#1426,.T.);
#2925=EDGE_CURVE('',#2358,#2357,#1008,.T.);
#2926=EDGE_CURVE('',#2358,#2354,#1427,.T.);
#2927=EDGE_CURVE('',#2359,#2359,#1009,.T.);
#2928=EDGE_CURVE('',#2359,#2356,#1010,.T.);
#2929=EDGE_CURVE('',#2360,#2360,#1011,.T.);
#2930=EDGE_CURVE('',#2360,#2335,#1012,.T.);
#2931=EDGE_CURVE('',#2361,#2361,#1013,.T.);
#2932=EDGE_CURVE('',#2361,#2362,#1014,.T.);
#2933=EDGE_CURVE('',#2363,#2362,#1015,.T.);
#2934=EDGE_CURVE('',#2362,#2363,#1016,.T.);
#2935=EDGE_CURVE('',#2363,#2364,#1428,.T.);
#2936=EDGE_CURVE('',#2364,#2365,#1017,.T.);
#2937=EDGE_CURVE('',#2366,#2365,#1154,.T.);
#2938=EDGE_CURVE('',#2367,#2366,#1429,.T.);
#2939=EDGE_CURVE('',#2367,#2368,#1018,.T.);
#2940=EDGE_CURVE('',#2369,#2368,#1430,.T.);
#2941=EDGE_CURVE('',#2370,#2369,#1019,.T.);
#2942=EDGE_CURVE('',#2370,#2371,#1431,.T.);
#2943=EDGE_CURVE('',#2371,#2364,#1020,.T.);
#2944=EDGE_CURVE('',#2372,#2372,#1021,.T.);
#2945=EDGE_CURVE('',#2372,#2373,#1022,.T.);
#2946=EDGE_CURVE('',#2374,#2373,#1023,.T.);
#2947=EDGE_CURVE('',#2373,#2374,#1024,.T.);
#2948=EDGE_CURVE('',#2374,#2375,#1432,.T.);
#2949=EDGE_CURVE('',#2375,#2376,#1025,.T.);
#2950=EDGE_CURVE('',#2376,#2377,#1155,.T.);
#2951=EDGE_CURVE('',#2377,#2378,#896,.T.);
#2952=EDGE_CURVE('',#2378,#2379,#1026,.T.);
#2953=EDGE_CURVE('',#2380,#2379,#1433,.T.);
#2954=EDGE_CURVE('',#2381,#2380,#1027,.T.);
#2955=EDGE_CURVE('',#2381,#2375,#1434,.T.);
#2956=EDGE_CURVE('',#2382,#2382,#1028,.T.);
#2957=EDGE_CURVE('',#2382,#2383,#1029,.T.);
#2958=EDGE_CURVE('',#2384,#2383,#1030,.T.);
#2959=EDGE_CURVE('',#2383,#2384,#1031,.T.);
#2960=EDGE_CURVE('',#2384,#2385,#1435,.T.);
#2961=EDGE_CURVE('',#2385,#2386,#1032,.T.);
#2962=EDGE_CURVE('',#2387,#2386,#1436,.T.);
#2963=EDGE_CURVE('',#2388,#2387,#1033,.T.);
#2964=EDGE_CURVE('',#2388,#2389,#1437,.T.);
#2965=EDGE_CURVE('',#2389,#2385,#1034,.T.);
#2966=EDGE_CURVE('',#2390,#2390,#1035,.T.);
#2967=EDGE_CURVE('',#2390,#2391,#1036,.T.);
#2968=EDGE_CURVE('',#2392,#2391,#1037,.T.);
#2969=EDGE_CURVE('',#2391,#2392,#1038,.T.);
#2970=EDGE_CURVE('',#2392,#2393,#1438,.T.);
#2971=EDGE_CURVE('',#2394,#2393,#1039,.T.);
#2972=EDGE_CURVE('',#2394,#2395,#1439,.T.);
#2973=EDGE_CURVE('',#2395,#2396,#1040,.T.);
#2974=EDGE_CURVE('',#2397,#2396,#1440,.T.);
#2975=EDGE_CURVE('',#2393,#2397,#1041,.T.);
#2976=EDGE_CURVE('',#2398,#2398,#1042,.T.);
#2977=EDGE_CURVE('',#2398,#2399,#1043,.T.);
#2978=EDGE_CURVE('',#2400,#2399,#1044,.T.);
#2979=EDGE_CURVE('',#2399,#2400,#1045,.T.);
#2980=EDGE_CURVE('',#2400,#2401,#1441,.T.);
#2981=EDGE_CURVE('',#2402,#2401,#1046,.T.);
#2982=EDGE_CURVE('',#2402,#2403,#1442,.T.);
#2983=EDGE_CURVE('',#2403,#2404,#1047,.T.);
#2984=EDGE_CURVE('',#2405,#2404,#1443,.T.);
#2985=EDGE_CURVE('',#2401,#2405,#1048,.T.);
#2986=EDGE_CURVE('',#2406,#2406,#1049,.T.);
#2987=EDGE_CURVE('',#2406,#2407,#1050,.T.);
#2988=EDGE_CURVE('',#2408,#2407,#1051,.T.);
#2989=EDGE_CURVE('',#2407,#2408,#1052,.T.);
#2990=EDGE_CURVE('',#2408,#2409,#1444,.T.);
#2991=EDGE_CURVE('',#2409,#2410,#1053,.T.);
#2992=EDGE_CURVE('',#2411,#2410,#1445,.T.);
#2993=EDGE_CURVE('',#2412,#2411,#1054,.T.);
#2994=EDGE_CURVE('',#2412,#2413,#1446,.T.);
#2995=EDGE_CURVE('',#2413,#2409,#1055,.T.);
#2996=EDGE_CURVE('',#2203,#2414,#897,.F.);
#2997=EDGE_CURVE('',#2415,#2202,#898,.F.);
#2998=EDGE_CURVE('',#2414,#2415,#1447,.T.);
#2999=EDGE_CURVE('',#2415,#2414,#1056,.T.);
#3000=EDGE_CURVE('',#2416,#2417,#899,.F.);
#3001=EDGE_CURVE('',#2418,#2416,#1448,.T.);
#3002=EDGE_CURVE('',#2419,#2418,#900,.F.);
#3003=EDGE_CURVE('',#2417,#2419,#1449,.T.);
#3004=EDGE_CURVE('',#2419,#2417,#1057,.T.);
#3005=EDGE_CURVE('',#2420,#2421,#1058,.T.);
#3006=EDGE_CURVE('',#2422,#2420,#1450,.T.);
#3007=EDGE_CURVE('',#2423,#2422,#1059,.T.);
#3008=EDGE_CURVE('',#2421,#2423,#1451,.T.);
#3009=EDGE_CURVE('',#2423,#2424,#1452,.T.);
#3010=EDGE_CURVE('',#2424,#2371,#901,.T.);
#3011=EDGE_CURVE('',#2421,#2370,#1453,.T.);
#3012=EDGE_CURVE('',#2425,#2426,#1060,.T.);
#3013=EDGE_CURVE('',#2331,#2425,#1454,.T.);
#3014=EDGE_CURVE('',#2426,#2330,#1455,.T.);
#3015=EDGE_CURVE('',#2426,#2358,#1456,.T.);
#3016=EDGE_CURVE('',#2367,#2427,#902,.T.);
#3017=EDGE_CURVE('',#2428,#2427,#903,.T.);
#3018=EDGE_CURVE('',#2429,#2428,#1061,.T.);
#3019=EDGE_CURVE('',#2368,#2429,#904,.T.);
#3020=EDGE_CURVE('',#2430,#2431,#1457,.T.);
#3021=EDGE_CURVE('',#2432,#2430,#1062,.T.);
#3022=EDGE_CURVE('',#2433,#2432,#905,.T.);
#3023=EDGE_CURVE('',#2434,#2433,#1458,.T.);
#3024=EDGE_CURVE('',#2431,#2434,#1063,.T.);
#3025=EDGE_CURVE('',#2428,#2432,#1459,.T.);
#3026=EDGE_CURVE('',#2433,#2427,#1460,.T.);
#3027=EDGE_CURVE('',#2435,#2060,#1461,.T.);
#3028=EDGE_CURVE('',#2436,#2435,#1462,.T.);
#3029=EDGE_CURVE('',#2437,#2436,#1463,.T.);
#3030=EDGE_CURVE('',#2351,#2437,#1464,.T.);
#3031=EDGE_CURVE('',#2438,#2351,#1465,.T.);
#3032=EDGE_CURVE('',#2434,#2438,#1466,.T.);
#3033=EDGE_CURVE('',#2439,#2366,#1467,.F.);
#3034=EDGE_CURVE('',#2439,#2220,#1064,.T.);
#3035=EDGE_CURVE('',#2440,#2441,#1065,.T.);
#3036=EDGE_CURVE('',#2442,#2440,#1468,.T.);
#3037=EDGE_CURVE('',#2443,#2442,#1066,.T.);
#3038=EDGE_CURVE('',#2441,#2443,#1469,.T.);
#3039=EDGE_CURVE('',#2444,#2443,#1470,.T.);
#3040=EDGE_CURVE('',#2444,#2445,#1471,.T.);
#3041=EDGE_CURVE('',#2445,#2446,#1472,.T.);
#3042=EDGE_CURVE('',#2446,#2447,#1067,.T.);
#3043=EDGE_CURVE('',#2447,#2448,#1473,.T.);
#3044=EDGE_CURVE('',#2449,#2448,#1474,.T.);
#3045=EDGE_CURVE('',#2450,#2449,#1475,.T.);
#3046=EDGE_CURVE('',#2450,#2059,#1476,.F.);
#3047=EDGE_CURVE('',#2058,#2206,#1477,.T.);
#3048=EDGE_CURVE('',#2192,#2441,#1478,.T.);
#3049=EDGE_CURVE('',#2445,#2451,#1068,.T.);
#3050=EDGE_CURVE('',#2452,#2444,#1069,.T.);
#3051=EDGE_CURVE('',#2451,#2452,#1479,.T.);
#3052=EDGE_CURVE('',#2397,#2452,#1480,.T.);
#3053=EDGE_CURVE('',#2396,#2453,#906,.T.);
#3054=EDGE_CURVE('',#2453,#2451,#1481,.T.);
#3055=EDGE_CURVE('',#2207,#2057,#1482,.T.);
#3056=EDGE_CURVE('',#2454,#2455,#907,.F.);
#3057=EDGE_CURVE('',#2191,#2455,#1070,.T.);
#3058=EDGE_CURVE('',#2456,#2205,#1071,.T.);
#3059=EDGE_CURVE('',#2454,#2456,#1483,.T.);
#3060=EDGE_CURVE('',#2411,#2456,#1484,.T.);
#3061=EDGE_CURVE('',#2410,#2454,#908,.T.);
#3062=EDGE_CURVE('',#2457,#2458,#909,.T.);
#3063=EDGE_CURVE('',#2459,#2457,#1485,.T.);
#3064=EDGE_CURVE('',#2460,#2459,#1072,.T.);
#3065=EDGE_CURVE('',#2461,#2460,#1486,.T.);
#3066=EDGE_CURVE('',#2461,#2462,#1156,.F.);
#3067=EDGE_CURVE('',#2462,#2458,#1073,.F.);
#3068=EDGE_CURVE('',#2457,#2389,#910,.T.);
#3069=EDGE_CURVE('',#2388,#2459,#1487,.T.);
#3070=EDGE_CURVE('',#2418,#2463,#1488,.T.);
#3071=EDGE_CURVE('',#2464,#2416,#1489,.T.);
#3072=EDGE_CURVE('',#2464,#2465,#1490,.T.);
#3073=EDGE_CURVE('',#2465,#2352,#1491,.T.);
#3074=EDGE_CURVE('',#2448,#2437,#1492,.T.);
#3075=EDGE_CURVE('',#2461,#2447,#1493,.T.);
#3076=EDGE_CURVE('',#2460,#2463,#1494,.T.);
#3077=EDGE_CURVE('',#2462,#2446,#1495,.T.);
#3078=EDGE_CURVE('',#2377,#2466,#1074,.T.);
#3079=EDGE_CURVE('',#2466,#2467,#911,.F.);
#3080=EDGE_CURVE('',#2467,#2378,#1075,.T.);
#3081=EDGE_CURVE('',#2379,#2468,#912,.T.);
#3082=EDGE_CURVE('',#2468,#2467,#1076,.T.);
#3083=EDGE_CURVE('',#2469,#2466,#1496,.T.);
#3084=EDGE_CURVE('',#2470,#2469,#913,.T.);
#3085=EDGE_CURVE('',#2467,#2470,#1497,.T.);
#3086=EDGE_CURVE('',#2471,#2472,#914,.T.);
#3087=EDGE_CURVE('',#2466,#2472,#1157,.T.);
#3088=EDGE_CURVE('',#2473,#2376,#915,.T.);
#3089=EDGE_CURVE('',#2473,#2474,#916,.T.);
#3090=EDGE_CURVE('',#2471,#2474,#1158,.T.);
#3091=EDGE_CURVE('',#2470,#2424,#1077,.T.);
#3092=EDGE_CURVE('',#2469,#2365,#917,.T.);
#3093=EDGE_CURVE('',#2473,#2180,#1078,.T.);
#3094=EDGE_CURVE('',#2375,#2181,#918,.F.);
#3095=EDGE_CURVE('',#2468,#2422,#1498,.T.);
#3096=EDGE_CURVE('',#2179,#2474,#1499,.T.);
#3097=EDGE_CURVE('',#2178,#2471,#1500,.T.);
#3098=EDGE_CURVE('',#2475,#2395,#919,.T.);
#3099=EDGE_CURVE('',#2453,#2475,#1079,.T.);
#3100=EDGE_CURVE('',#2476,#2403,#920,.T.);
#3101=EDGE_CURVE('',#2477,#2476,#1080,.T.);
#3102=EDGE_CURVE('',#2404,#2477,#921,.T.);
#3103=EDGE_CURVE('',#2478,#2413,#922,.T.);
#3104=EDGE_CURVE('',#2455,#2478,#1081,.T.);
#3105=EDGE_CURVE('',#2479,#2458,#1082,.T.);
#3106=EDGE_CURVE('',#2386,#2479,#923,.T.);
#3107=EDGE_CURVE('',#2346,#2347,#1083,.T.);
#3108=EDGE_CURVE('',#2480,#2465,#1084,.T.);
#3109=EDGE_CURVE('',#2348,#2480,#1501,.T.);
#3110=EDGE_CURVE('',#2357,#2480,#1502,.T.);
#3111=EDGE_CURVE('',#2182,#2381,#1503,.T.);
#3112=EDGE_CURVE('',#2472,#2439,#1504,.T.);
#3113=EDGE_CURVE('',#2167,#2216,#1505,.T.);
#3114=EDGE_CURVE('',#2481,#2215,#1506,.T.);
#3115=EDGE_CURVE('',#2481,#2170,#1085,.T.);
#3116=EDGE_CURVE('',#2482,#2482,#1086,.T.);
#3117=EDGE_CURVE('',#2053,#2208,#1507,.T.);
#3118=EDGE_CURVE('',#2052,#2209,#1508,.T.);
#3119=EDGE_CURVE('',#2483,#2483,#1087,.T.);
#3120=EDGE_CURVE('',#2483,#2482,#1509,.T.);
#3121=EDGE_CURVE('',#2481,#2172,#1510,.T.);
#3122=EDGE_CURVE('',#2076,#2309,#1511,.T.);
#3123=EDGE_CURVE('',#2075,#2310,#1512,.T.);
#3124=EDGE_CURVE('',#2074,#2307,#1513,.T.);
#3125=EDGE_CURVE('',#2080,#2305,#1514,.T.);
#3126=EDGE_CURVE('',#2079,#2306,#1515,.T.);
#3127=EDGE_CURVE('',#2078,#2303,#1516,.T.);
#3128=EDGE_CURVE('',#2083,#2302,#1517,.T.);
#3129=EDGE_CURVE('',#2082,#2298,#1518,.T.);
#3130=EDGE_CURVE('',#2087,#2293,#1519,.T.);
#3131=EDGE_CURVE('',#2094,#2291,#1520,.T.);
#3132=EDGE_CURVE('',#2093,#2292,#1521,.T.);
#3133=EDGE_CURVE('',#2099,#2286,#1522,.T.);
#3134=EDGE_CURVE('',#2098,#2287,#1523,.T.);
#3135=EDGE_CURVE('',#2097,#2284,#1524,.T.);
#3136=EDGE_CURVE('',#2077,#2308,#1525,.T.);
#3137=EDGE_CURVE('',#2081,#2304,#1526,.T.);
#3138=EDGE_CURVE('',#2091,#2294,#1527,.T.);
#3139=EDGE_CURVE('',#2100,#2285,#1528,.T.);
#3140=EDGE_CURVE('',#2484,#2484,#1088,.T.);
#3141=EDGE_CURVE('',#2485,#2316,#1159,.T.);
#3142=EDGE_CURVE('',#2054,#2485,#1529,.T.);
#3143=EDGE_CURVE('',#2484,#2486,#1530,.T.);
#3144=EDGE_CURVE('',#2486,#2486,#1089,.T.);
#3145=EDGE_CURVE('',#2315,#2487,#1090,.T.);
#3146=EDGE_CURVE('',#2487,#2485,#1531,.T.);
#3147=EDGE_CURVE('',#2487,#2051,#1532,.T.);
#3148=EDGE_CURVE('',#2103,#2282,#1533,.T.);
#3149=EDGE_CURVE('',#2101,#2283,#1534,.T.);
#3150=EDGE_CURVE('',#2102,#2280,#1535,.T.);
#3151=EDGE_CURVE('',#2107,#2278,#1536,.T.);
#3152=EDGE_CURVE('',#2105,#2279,#1537,.T.);
#3153=EDGE_CURVE('',#2106,#2276,#1538,.T.);
#3154=EDGE_CURVE('',#2111,#2274,#1539,.T.);
#3155=EDGE_CURVE('',#2109,#2275,#1540,.T.);
#3156=EDGE_CURVE('',#2116,#2269,#1541,.T.);
#3157=EDGE_CURVE('',#2119,#2265,#1542,.T.);
#3158=EDGE_CURVE('',#2120,#2261,#1543,.T.);
#3159=EDGE_CURVE('',#2126,#2259,#1544,.T.);
#3160=EDGE_CURVE('',#2124,#2260,#1545,.T.);
#3161=EDGE_CURVE('',#2125,#2257,#1546,.T.);
#3162=EDGE_CURVE('',#2104,#2281,#1547,.T.);
#3163=EDGE_CURVE('',#2108,#2277,#1548,.T.);
#3164=EDGE_CURVE('',#2117,#2268,#1549,.T.);
#3165=EDGE_CURVE('',#2127,#2258,#1550,.T.);
#3166=EDGE_CURVE('',#2071,#2312,#1551,.T.);
#3167=EDGE_CURVE('',#2488,#2488,#1091,.T.);
#3168=EDGE_CURVE('',#2488,#2313,#1552,.T.);
#3169=EDGE_CURVE('',#2070,#2314,#1553,.T.);
#3170=EDGE_CURVE('',#2489,#2489,#1092,.T.);
#3171=EDGE_CURVE('',#2490,#2490,#1093,.T.);
#3172=EDGE_CURVE('',#2491,#2491,#1094,.T.);
#3173=EDGE_CURVE('',#2491,#2492,#1554,.T.);
#3174=EDGE_CURVE('',#2492,#2492,#1095,.T.);
#3175=EDGE_CURVE('',#2493,#2493,#1096,.T.);
#3176=EDGE_CURVE('',#2494,#2494,#1097,.T.);
#3177=EDGE_CURVE('',#2495,#2495,#1098,.T.);
#3178=EDGE_CURVE('',#2495,#2496,#1555,.T.);
#3179=EDGE_CURVE('',#2496,#2496,#1099,.T.);
#3180=EDGE_CURVE('',#2497,#2497,#1100,.T.);
#3181=EDGE_CURVE('',#2129,#2221,#1556,.T.);
#3182=EDGE_CURVE('',#2133,#2225,#1557,.T.);
#3183=EDGE_CURVE('',#2132,#2226,#1558,.T.);
#3184=EDGE_CURVE('',#2140,#2232,#1559,.T.);
#3185=EDGE_CURVE('',#2138,#2230,#1560,.T.);
#3186=EDGE_CURVE('',#2139,#2233,#1561,.T.);
#3187=EDGE_CURVE('',#2137,#2231,#1562,.T.);
#3188=EDGE_CURVE('',#2497,#2489,#1563,.T.);
#3189=EDGE_CURVE('',#2147,#2239,#1564,.T.);
#3190=EDGE_CURVE('',#2146,#2240,#1565,.T.);
#3191=EDGE_CURVE('',#2154,#2246,#1566,.T.);
#3192=EDGE_CURVE('',#2152,#2244,#1567,.T.);
#3193=EDGE_CURVE('',#2153,#2247,#1568,.T.);
#3194=EDGE_CURVE('',#2151,#2245,#1569,.T.);
#3195=EDGE_CURVE('',#2155,#2249,#1570,.T.);
#3196=EDGE_CURVE('',#2494,#2490,#1571,.T.);
#3197=EDGE_CURVE('',#2069,#2199,#1572,.T.);
#3198=EDGE_CURVE('',#2493,#2200,#1573,.T.);
#3199=EDGE_CURVE('',#2429,#2430,#1574,.T.);
#3200=EDGE_CURVE('',#2498,#2498,#1101,.T.);
#3201=EDGE_CURVE('',#2498,#2499,#1575,.T.);
#3202=EDGE_CURVE('',#2499,#2499,#1102,.T.);
#3203=EDGE_CURVE('',#2500,#2500,#1103,.T.);
#3204=EDGE_CURVE('',#2501,#2501,#1104,.T.);
#3205=EDGE_CURVE('',#2501,#2502,#1576,.T.);
#3206=EDGE_CURVE('',#2502,#2502,#1105,.T.);
#3207=EDGE_CURVE('',#2503,#2503,#1106,.T.);
#3208=EDGE_CURVE('',#2504,#2504,#1107,.T.);
#3209=EDGE_CURVE('',#2504,#2505,#1577,.T.);
#3210=EDGE_CURVE('',#2505,#2505,#1108,.T.);
#3211=EDGE_CURVE('',#2506,#2506,#1109,.T.);
#3212=EDGE_CURVE('',#2507,#2507,#1110,.T.);
#3213=EDGE_CURVE('',#2507,#2508,#1578,.T.);
#3214=EDGE_CURVE('',#2508,#2508,#1111,.T.);
#3215=EDGE_CURVE('',#2509,#2509,#1112,.T.);
#3216=EDGE_CURVE('',#2510,#2510,#1113,.T.);
#3217=EDGE_CURVE('',#2510,#2500,#1579,.T.);
#3218=EDGE_CURVE('',#2511,#2511,#1114,.T.);
#3219=EDGE_CURVE('',#2511,#2509,#1580,.T.);
#3220=EDGE_CURVE('',#2512,#2512,#1115,.T.);
#3221=EDGE_CURVE('',#2512,#2506,#1581,.T.);
#3222=EDGE_CURVE('',#2513,#2513,#1116,.T.);
#3223=EDGE_CURVE('',#2513,#2503,#1582,.T.);
#3224=EDGE_CURVE('',#2514,#2514,#1117,.T.);
#3225=EDGE_CURVE('',#2515,#2515,#1118,.T.);
#3226=EDGE_CURVE('',#2516,#2516,#1119,.T.);
#3227=EDGE_CURVE('',#2517,#2517,#1120,.T.);
#3228=EDGE_CURVE('',#2425,#2336,#1583,.T.);
#3229=EDGE_CURVE('',#2463,#2464,#1121,.T.);
#3230=EDGE_CURVE('',#2387,#2394,#1584,.T.);
#3231=EDGE_CURVE('',#2402,#2442,#1585,.T.);
#3232=EDGE_CURVE('',#2405,#2412,#1586,.T.);
#3233=EDGE_CURVE('',#2201,#2204,#1122,.T.);
#3234=EDGE_CURVE('',#2420,#2380,#1587,.T.);
#3235=EDGE_CURVE('',#2431,#2369,#1588,.T.);
#3236=EDGE_CURVE('',#2438,#2337,#1589,.T.);
#3237=EDGE_CURVE('',#2518,#2518,#1123,.T.);
#3238=EDGE_CURVE('',#2519,#2519,#1124,.T.);
#3239=EDGE_CURVE('',#2520,#2520,#1125,.T.);
#3240=EDGE_CURVE('',#2521,#2521,#1126,.T.);
#3241=EDGE_CURVE('',#2522,#2522,#1127,.T.);
#3242=EDGE_CURVE('',#2523,#2523,#1128,.T.);
#3243=EDGE_CURVE('',#2524,#2524,#1129,.T.);
#3244=EDGE_CURVE('',#2525,#2525,#1130,.T.);
#3245=EDGE_CURVE('',#2514,#2524,#1590,.T.);
#3246=EDGE_CURVE('',#2517,#2519,#1591,.T.);
#3247=EDGE_CURVE('',#2516,#2525,#1592,.T.);
#3248=EDGE_CURVE('',#2515,#2518,#1593,.T.);
#3249=EDGE_CURVE('',#2477,#2478,#1594,.T.);
#3250=EDGE_CURVE('',#2440,#2476,#1595,.T.);
#3251=EDGE_CURVE('',#2526,#2436,#1596,.T.);
#3252=EDGE_CURVE('',#2435,#2527,#1597,.T.);
#3253=EDGE_CURVE('',#2527,#2526,#1598,.T.);
#3254=EDGE_CURVE('',#2526,#2449,#1131,.T.);
#3255=EDGE_CURVE('',#2527,#2450,#1132,.T.);
#3256=EDGE_CURVE('',#2479,#2475,#1599,.T.);
#3257=EDGE_CURVE('',#2523,#2528,#1600,.T.);
#3258=EDGE_CURVE('',#2528,#2528,#1133,.T.);
#3259=EDGE_CURVE('',#2522,#2529,#1601,.T.);
#3260=EDGE_CURVE('',#2529,#2529,#1134,.T.);
#3261=EDGE_CURVE('',#2521,#2530,#1602,.T.);
#3262=EDGE_CURVE('',#2530,#2530,#1135,.T.);
#3263=EDGE_CURVE('',#2520,#2531,#1603,.T.);
#3264=EDGE_CURVE('',#2531,#2531,#1136,.T.);
#3265=ORIENTED_EDGE('',*,*,#2532,.F.);
#3266=ORIENTED_EDGE('',*,*,#2533,.F.);
#3267=ORIENTED_EDGE('',*,*,#2534,.F.);
#3268=ORIENTED_EDGE('',*,*,#2535,.T.);
#3269=ORIENTED_EDGE('',*,*,#2536,.T.);
#3270=ORIENTED_EDGE('',*,*,#2537,.F.);
#3271=ORIENTED_EDGE('',*,*,#2538,.F.);
#3272=ORIENTED_EDGE('',*,*,#2539,.F.);
#3273=ORIENTED_EDGE('',*,*,#2533,.T.);
#3274=ORIENTED_EDGE('',*,*,#2540,.F.);
#3275=ORIENTED_EDGE('',*,*,#2541,.F.);
#3276=ORIENTED_EDGE('',*,*,#2532,.T.);
#3277=ORIENTED_EDGE('',*,*,#2542,.T.);
#3278=ORIENTED_EDGE('',*,*,#2543,.T.);
#3279=ORIENTED_EDGE('',*,*,#2544,.F.);
#3280=ORIENTED_EDGE('',*,*,#2545,.T.);
#3281=ORIENTED_EDGE('',*,*,#2546,.T.);
#3282=ORIENTED_EDGE('',*,*,#2547,.T.);
#3283=ORIENTED_EDGE('',*,*,#2548,.T.);
#3284=ORIENTED_EDGE('',*,*,#2549,.T.);
#3285=ORIENTED_EDGE('',*,*,#2550,.T.);
#3286=ORIENTED_EDGE('',*,*,#2551,.T.);
#3287=ORIENTED_EDGE('',*,*,#2552,.T.);
#3288=ORIENTED_EDGE('',*,*,#2553,.T.);
#3289=ORIENTED_EDGE('',*,*,#2554,.F.);
#3290=ORIENTED_EDGE('',*,*,#2555,.F.);
#3291=ORIENTED_EDGE('',*,*,#2556,.F.);
#3292=ORIENTED_EDGE('',*,*,#2557,.F.);
#3293=ORIENTED_EDGE('',*,*,#2558,.T.);
#3294=ORIENTED_EDGE('',*,*,#2559,.F.);
#3295=ORIENTED_EDGE('',*,*,#2540,.T.);
#3296=ORIENTED_EDGE('',*,*,#2560,.T.);
#3297=ORIENTED_EDGE('',*,*,#2561,.T.);
#3298=ORIENTED_EDGE('',*,*,#2562,.T.);
#3299=ORIENTED_EDGE('',*,*,#2563,.T.);
#3300=ORIENTED_EDGE('',*,*,#2564,.T.);
#3301=ORIENTED_EDGE('',*,*,#2565,.T.);
#3302=ORIENTED_EDGE('',*,*,#2566,.T.);
#3303=ORIENTED_EDGE('',*,*,#2567,.T.);
#3304=ORIENTED_EDGE('',*,*,#2568,.T.);
#3305=ORIENTED_EDGE('',*,*,#2569,.T.);
#3306=ORIENTED_EDGE('',*,*,#2570,.T.);
#3307=ORIENTED_EDGE('',*,*,#2571,.T.);
#3308=ORIENTED_EDGE('',*,*,#2572,.T.);
#3309=ORIENTED_EDGE('',*,*,#2573,.T.);
#3310=ORIENTED_EDGE('',*,*,#2574,.T.);
#3311=ORIENTED_EDGE('',*,*,#2575,.T.);
#3312=ORIENTED_EDGE('',*,*,#2576,.T.);
#3313=ORIENTED_EDGE('',*,*,#2577,.T.);
#3314=ORIENTED_EDGE('',*,*,#2578,.T.);
#3315=ORIENTED_EDGE('',*,*,#2579,.T.);
#3316=ORIENTED_EDGE('',*,*,#2580,.T.);
#3317=ORIENTED_EDGE('',*,*,#2581,.T.);
#3318=ORIENTED_EDGE('',*,*,#2582,.T.);
#3319=ORIENTED_EDGE('',*,*,#2583,.T.);
#3320=ORIENTED_EDGE('',*,*,#2584,.T.);
#3321=ORIENTED_EDGE('',*,*,#2585,.T.);
#3322=ORIENTED_EDGE('',*,*,#2586,.T.);
#3323=ORIENTED_EDGE('',*,*,#2587,.F.);
#3324=ORIENTED_EDGE('',*,*,#2588,.F.);
#3325=ORIENTED_EDGE('',*,*,#2589,.F.);
#3326=ORIENTED_EDGE('',*,*,#2590,.F.);
#3327=ORIENTED_EDGE('',*,*,#2591,.F.);
#3328=ORIENTED_EDGE('',*,*,#2592,.F.);
#3329=ORIENTED_EDGE('',*,*,#2593,.F.);
#3330=ORIENTED_EDGE('',*,*,#2594,.F.);
#3331=ORIENTED_EDGE('',*,*,#2595,.F.);
#3332=ORIENTED_EDGE('',*,*,#2596,.F.);
#3333=ORIENTED_EDGE('',*,*,#2597,.F.);
#3334=ORIENTED_EDGE('',*,*,#2598,.T.);
#3335=ORIENTED_EDGE('',*,*,#2599,.F.);
#3336=ORIENTED_EDGE('',*,*,#2600,.F.);
#3337=ORIENTED_EDGE('',*,*,#2601,.F.);
#3338=ORIENTED_EDGE('',*,*,#2602,.F.);
#3339=ORIENTED_EDGE('',*,*,#2603,.F.);
#3340=ORIENTED_EDGE('',*,*,#2604,.T.);
#3341=ORIENTED_EDGE('',*,*,#2605,.F.);
#3342=ORIENTED_EDGE('',*,*,#2606,.F.);
#3343=ORIENTED_EDGE('',*,*,#2607,.T.);
#3344=ORIENTED_EDGE('',*,*,#2608,.F.);
#3345=ORIENTED_EDGE('',*,*,#2609,.F.);
#3346=ORIENTED_EDGE('',*,*,#2610,.F.);
#3347=ORIENTED_EDGE('',*,*,#2611,.F.);
#3348=ORIENTED_EDGE('',*,*,#2612,.F.);
#3349=ORIENTED_EDGE('',*,*,#2613,.F.);
#3350=ORIENTED_EDGE('',*,*,#2614,.F.);
#3351=ORIENTED_EDGE('',*,*,#2615,.T.);
#3352=ORIENTED_EDGE('',*,*,#2616,.F.);
#3353=ORIENTED_EDGE('',*,*,#2617,.F.);
#3354=ORIENTED_EDGE('',*,*,#2618,.F.);
#3355=ORIENTED_EDGE('',*,*,#2619,.F.);
#3356=ORIENTED_EDGE('',*,*,#2620,.T.);
#3357=ORIENTED_EDGE('',*,*,#2621,.F.);
#3358=ORIENTED_EDGE('',*,*,#2622,.F.);
#3359=ORIENTED_EDGE('',*,*,#2623,.F.);
#3360=ORIENTED_EDGE('',*,*,#2624,.F.);
#3361=ORIENTED_EDGE('',*,*,#2625,.F.);
#3362=ORIENTED_EDGE('',*,*,#2626,.F.);
#3363=ORIENTED_EDGE('',*,*,#2627,.F.);
#3364=ORIENTED_EDGE('',*,*,#2628,.T.);
#3365=ORIENTED_EDGE('',*,*,#2629,.F.);
#3366=ORIENTED_EDGE('',*,*,#2630,.F.);
#3367=ORIENTED_EDGE('',*,*,#2631,.T.);
#3368=ORIENTED_EDGE('',*,*,#2632,.F.);
#3369=ORIENTED_EDGE('',*,*,#2633,.F.);
#3370=ORIENTED_EDGE('',*,*,#2634,.T.);
#3371=ORIENTED_EDGE('',*,*,#2635,.F.);
#3372=ORIENTED_EDGE('',*,*,#2636,.F.);
#3373=ORIENTED_EDGE('',*,*,#2637,.F.);
#3374=ORIENTED_EDGE('',*,*,#2638,.F.);
#3375=ORIENTED_EDGE('',*,*,#2639,.F.);
#3376=ORIENTED_EDGE('',*,*,#2640,.F.);
#3377=ORIENTED_EDGE('',*,*,#2641,.F.);
#3378=ORIENTED_EDGE('',*,*,#2642,.F.);
#3379=ORIENTED_EDGE('',*,*,#2643,.T.);
#3380=ORIENTED_EDGE('',*,*,#2644,.F.);
#3381=ORIENTED_EDGE('',*,*,#2645,.F.);
#3382=ORIENTED_EDGE('',*,*,#2646,.F.);
#3383=ORIENTED_EDGE('',*,*,#2647,.T.);
#3384=ORIENTED_EDGE('',*,*,#2648,.F.);
#3385=ORIENTED_EDGE('',*,*,#2649,.T.);
#3386=ORIENTED_EDGE('',*,*,#2650,.F.);
#3387=ORIENTED_EDGE('',*,*,#2651,.F.);
#3388=ORIENTED_EDGE('',*,*,#2549,.F.);
#3389=ORIENTED_EDGE('',*,*,#2652,.T.);
#3390=ORIENTED_EDGE('',*,*,#2653,.T.);
#3391=ORIENTED_EDGE('',*,*,#2654,.F.);
#3392=ORIENTED_EDGE('',*,*,#2550,.F.);
#3393=ORIENTED_EDGE('',*,*,#2651,.T.);
#3394=ORIENTED_EDGE('',*,*,#2655,.F.);
#3395=ORIENTED_EDGE('',*,*,#2656,.F.);
#3396=ORIENTED_EDGE('',*,*,#2657,.F.);
#3397=ORIENTED_EDGE('',*,*,#2650,.T.);
#3398=ORIENTED_EDGE('',*,*,#2658,.F.);
#3399=ORIENTED_EDGE('',*,*,#2659,.T.);
#3400=ORIENTED_EDGE('',*,*,#2660,.T.);
#3401=ORIENTED_EDGE('',*,*,#2655,.T.);
#3402=ORIENTED_EDGE('',*,*,#2656,.T.);
#3403=ORIENTED_EDGE('',*,*,#2660,.F.);
#3404=ORIENTED_EDGE('',*,*,#2661,.F.);
#3405=ORIENTED_EDGE('',*,*,#2662,.F.);
#3406=ORIENTED_EDGE('',*,*,#2663,.T.);
#3407=ORIENTED_EDGE('',*,*,#2664,.T.);
#3408=ORIENTED_EDGE('',*,*,#2665,.F.);
#3409=ORIENTED_EDGE('',*,*,#2666,.T.);
#3410=ORIENTED_EDGE('',*,*,#2667,.F.);
#3411=ORIENTED_EDGE('',*,*,#2666,.F.);
#3412=ORIENTED_EDGE('',*,*,#2668,.F.);
#3413=ORIENTED_EDGE('',*,*,#2664,.F.);
#3414=ORIENTED_EDGE('',*,*,#2669,.T.);
#3415=ORIENTED_EDGE('',*,*,#2670,.T.);
#3416=ORIENTED_EDGE('',*,*,#2671,.T.);
#3417=ORIENTED_EDGE('',*,*,#2672,.T.);
#3418=ORIENTED_EDGE('',*,*,#2673,.F.);
#3419=ORIENTED_EDGE('',*,*,#2674,.F.);
#3420=ORIENTED_EDGE('',*,*,#2675,.F.);
#3421=ORIENTED_EDGE('',*,*,#2676,.T.);
#3422=ORIENTED_EDGE('',*,*,#2677,.T.);
#3423=ORIENTED_EDGE('',*,*,#2667,.T.);
#3424=ORIENTED_EDGE('',*,*,#2677,.F.);
#3425=ORIENTED_EDGE('',*,*,#2678,.T.);
#3426=ORIENTED_EDGE('',*,*,#2679,.F.);
#3427=ORIENTED_EDGE('',*,*,#2680,.T.);
#3428=ORIENTED_EDGE('',*,*,#2681,.F.);
#3429=ORIENTED_EDGE('',*,*,#2682,.F.);
#3430=ORIENTED_EDGE('',*,*,#2680,.F.);
#3431=ORIENTED_EDGE('',*,*,#2683,.F.);
#3432=ORIENTED_EDGE('',*,*,#2678,.F.);
#3433=ORIENTED_EDGE('',*,*,#2684,.T.);
#3434=ORIENTED_EDGE('',*,*,#2685,.T.);
#3435=ORIENTED_EDGE('',*,*,#2686,.F.);
#3436=ORIENTED_EDGE('',*,*,#2687,.F.);
#3437=ORIENTED_EDGE('',*,*,#2688,.T.);
#3438=ORIENTED_EDGE('',*,*,#2689,.T.);
#3439=ORIENTED_EDGE('',*,*,#2690,.T.);
#3440=ORIENTED_EDGE('',*,*,#2681,.T.);
#3441=ORIENTED_EDGE('',*,*,#2682,.T.);
#3442=ORIENTED_EDGE('',*,*,#2690,.F.);
#3443=ORIENTED_EDGE('',*,*,#2691,.T.);
#3444=ORIENTED_EDGE('',*,*,#2692,.F.);
#3445=ORIENTED_EDGE('',*,*,#2693,.F.);
#3446=ORIENTED_EDGE('',*,*,#2694,.F.);
#3447=ORIENTED_EDGE('',*,*,#2695,.F.);
#3448=ORIENTED_EDGE('',*,*,#2696,.F.);
#3449=ORIENTED_EDGE('',*,*,#2668,.T.);
#3450=ORIENTED_EDGE('',*,*,#2665,.T.);
#3451=ORIENTED_EDGE('',*,*,#2675,.T.);
#3452=ORIENTED_EDGE('',*,*,#2697,.F.);
#3453=ORIENTED_EDGE('',*,*,#2698,.F.);
#3454=ORIENTED_EDGE('',*,*,#2699,.T.);
#3455=ORIENTED_EDGE('',*,*,#2700,.F.);
#3456=ORIENTED_EDGE('',*,*,#2701,.F.);
#3457=ORIENTED_EDGE('',*,*,#2702,.T.);
#3458=ORIENTED_EDGE('',*,*,#2684,.F.);
#3459=ORIENTED_EDGE('',*,*,#2683,.T.);
#3460=ORIENTED_EDGE('',*,*,#2679,.T.);
#3461=ORIENTED_EDGE('',*,*,#2688,.F.);
#3462=ORIENTED_EDGE('',*,*,#2703,.T.);
#3463=ORIENTED_EDGE('',*,*,#2704,.T.);
#3464=ORIENTED_EDGE('',*,*,#2705,.T.);
#3465=ORIENTED_EDGE('',*,*,#2706,.T.);
#3466=ORIENTED_EDGE('',*,*,#2707,.T.);
#3467=ORIENTED_EDGE('',*,*,#2708,.T.);
#3468=ORIENTED_EDGE('',*,*,#2709,.T.);
#3469=ORIENTED_EDGE('',*,*,#2710,.T.);
#3470=ORIENTED_EDGE('',*,*,#2711,.F.);
#3471=ORIENTED_EDGE('',*,*,#2693,.T.);
#3472=ORIENTED_EDGE('',*,*,#2712,.T.);
#3473=ORIENTED_EDGE('',*,*,#2713,.T.);
#3474=ORIENTED_EDGE('',*,*,#2714,.T.);
#3475=ORIENTED_EDGE('',*,*,#2715,.T.);
#3476=ORIENTED_EDGE('',*,*,#2716,.T.);
#3477=ORIENTED_EDGE('',*,*,#2717,.T.);
#3478=ORIENTED_EDGE('',*,*,#2718,.T.);
#3479=ORIENTED_EDGE('',*,*,#2719,.F.);
#3480=ORIENTED_EDGE('',*,*,#2720,.F.);
#3481=ORIENTED_EDGE('',*,*,#2721,.F.);
#3482=ORIENTED_EDGE('',*,*,#2722,.F.);
#3483=ORIENTED_EDGE('',*,*,#2723,.T.);
#3484=ORIENTED_EDGE('',*,*,#2724,.F.);
#3485=ORIENTED_EDGE('',*,*,#2725,.F.);
#3486=ORIENTED_EDGE('',*,*,#2726,.F.);
#3487=ORIENTED_EDGE('',*,*,#2727,.T.);
#3488=ORIENTED_EDGE('',*,*,#2728,.F.);
#3489=ORIENTED_EDGE('',*,*,#2729,.F.);
#3490=ORIENTED_EDGE('',*,*,#2730,.F.);
#3491=ORIENTED_EDGE('',*,*,#2731,.F.);
#3492=ORIENTED_EDGE('',*,*,#2732,.F.);
#3493=ORIENTED_EDGE('',*,*,#2733,.F.);
#3494=ORIENTED_EDGE('',*,*,#2734,.T.);
#3495=ORIENTED_EDGE('',*,*,#2735,.F.);
#3496=ORIENTED_EDGE('',*,*,#2736,.F.);
#3497=ORIENTED_EDGE('',*,*,#2737,.T.);
#3498=ORIENTED_EDGE('',*,*,#2738,.F.);
#3499=ORIENTED_EDGE('',*,*,#2739,.F.);
#3500=ORIENTED_EDGE('',*,*,#2740,.F.);
#3501=ORIENTED_EDGE('',*,*,#2741,.T.);
#3502=ORIENTED_EDGE('',*,*,#2742,.F.);
#3503=ORIENTED_EDGE('',*,*,#2743,.F.);
#3504=ORIENTED_EDGE('',*,*,#2744,.F.);
#3505=ORIENTED_EDGE('',*,*,#2745,.F.);
#3506=ORIENTED_EDGE('',*,*,#2746,.F.);
#3507=ORIENTED_EDGE('',*,*,#2747,.F.);
#3508=ORIENTED_EDGE('',*,*,#2748,.F.);
#3509=ORIENTED_EDGE('',*,*,#2749,.T.);
#3510=ORIENTED_EDGE('',*,*,#2750,.F.);
#3511=ORIENTED_EDGE('',*,*,#2751,.F.);
#3512=ORIENTED_EDGE('',*,*,#2752,.T.);
#3513=ORIENTED_EDGE('',*,*,#2753,.F.);
#3514=ORIENTED_EDGE('',*,*,#2754,.T.);
#3515=ORIENTED_EDGE('',*,*,#2755,.F.);
#3516=ORIENTED_EDGE('',*,*,#2756,.T.);
#3517=ORIENTED_EDGE('',*,*,#2757,.T.);
#3518=ORIENTED_EDGE('',*,*,#2758,.T.);
#3519=ORIENTED_EDGE('',*,*,#2759,.T.);
#3520=ORIENTED_EDGE('',*,*,#2760,.T.);
#3521=ORIENTED_EDGE('',*,*,#2761,.T.);
#3522=ORIENTED_EDGE('',*,*,#2762,.T.);
#3523=ORIENTED_EDGE('',*,*,#2763,.T.);
#3524=ORIENTED_EDGE('',*,*,#2764,.T.);
#3525=ORIENTED_EDGE('',*,*,#2765,.T.);
#3526=ORIENTED_EDGE('',*,*,#2766,.T.);
#3527=ORIENTED_EDGE('',*,*,#2767,.T.);
#3528=ORIENTED_EDGE('',*,*,#2768,.T.);
#3529=ORIENTED_EDGE('',*,*,#2769,.T.);
#3530=ORIENTED_EDGE('',*,*,#2770,.T.);
#3531=ORIENTED_EDGE('',*,*,#2771,.T.);
#3532=ORIENTED_EDGE('',*,*,#2772,.T.);
#3533=ORIENTED_EDGE('',*,*,#2773,.T.);
#3534=ORIENTED_EDGE('',*,*,#2774,.T.);
#3535=ORIENTED_EDGE('',*,*,#2775,.T.);
#3536=ORIENTED_EDGE('',*,*,#2776,.T.);
#3537=ORIENTED_EDGE('',*,*,#2777,.T.);
#3538=ORIENTED_EDGE('',*,*,#2778,.T.);
#3539=ORIENTED_EDGE('',*,*,#2779,.T.);
#3540=ORIENTED_EDGE('',*,*,#2780,.T.);
#3541=ORIENTED_EDGE('',*,*,#2781,.T.);
#3542=ORIENTED_EDGE('',*,*,#2782,.T.);
#3543=ORIENTED_EDGE('',*,*,#2783,.T.);
#3544=ORIENTED_EDGE('',*,*,#2784,.T.);
#3545=ORIENTED_EDGE('',*,*,#2785,.T.);
#3546=ORIENTED_EDGE('',*,*,#2786,.T.);
#3547=ORIENTED_EDGE('',*,*,#2787,.T.);
#3548=ORIENTED_EDGE('',*,*,#2788,.T.);
#3549=ORIENTED_EDGE('',*,*,#2789,.T.);
#3550=ORIENTED_EDGE('',*,*,#2790,.T.);
#3551=ORIENTED_EDGE('',*,*,#2791,.T.);
#3552=ORIENTED_EDGE('',*,*,#2792,.T.);
#3553=ORIENTED_EDGE('',*,*,#2793,.T.);
#3554=ORIENTED_EDGE('',*,*,#2794,.T.);
#3555=ORIENTED_EDGE('',*,*,#2795,.T.);
#3556=ORIENTED_EDGE('',*,*,#2796,.T.);
#3557=ORIENTED_EDGE('',*,*,#2797,.T.);
#3558=ORIENTED_EDGE('',*,*,#2798,.T.);
#3559=ORIENTED_EDGE('',*,*,#2799,.T.);
#3560=ORIENTED_EDGE('',*,*,#2800,.T.);
#3561=ORIENTED_EDGE('',*,*,#2801,.T.);
#3562=ORIENTED_EDGE('',*,*,#2802,.T.);
#3563=ORIENTED_EDGE('',*,*,#2803,.T.);
#3564=ORIENTED_EDGE('',*,*,#2804,.T.);
#3565=ORIENTED_EDGE('',*,*,#2805,.T.);
#3566=ORIENTED_EDGE('',*,*,#2806,.T.);
#3567=ORIENTED_EDGE('',*,*,#2807,.T.);
#3568=ORIENTED_EDGE('',*,*,#2808,.T.);
#3569=ORIENTED_EDGE('',*,*,#2809,.T.);
#3570=ORIENTED_EDGE('',*,*,#2810,.T.);
#3571=ORIENTED_EDGE('',*,*,#2811,.F.);
#3572=ORIENTED_EDGE('',*,*,#2812,.F.);
#3573=ORIENTED_EDGE('',*,*,#2813,.F.);
#3574=ORIENTED_EDGE('',*,*,#2814,.F.);
#3575=ORIENTED_EDGE('',*,*,#2710,.F.);
#3576=ORIENTED_EDGE('',*,*,#2552,.F.);
#3577=ORIENTED_EDGE('',*,*,#2815,.F.);
#3578=ORIENTED_EDGE('',*,*,#2712,.F.);
#3579=ORIENTED_EDGE('',*,*,#2692,.T.);
#3580=ORIENTED_EDGE('',*,*,#2816,.F.);
#3581=ORIENTED_EDGE('',*,*,#2816,.T.);
#3582=ORIENTED_EDGE('',*,*,#2691,.F.);
#3583=ORIENTED_EDGE('',*,*,#2817,.F.);
#3584=ORIENTED_EDGE('',*,*,#2553,.F.);
#3585=ORIENTED_EDGE('',*,*,#2558,.F.);
#3586=ORIENTED_EDGE('',*,*,#2818,.F.);
#3587=ORIENTED_EDGE('',*,*,#2810,.F.);
#3588=ORIENTED_EDGE('',*,*,#2709,.F.);
#3589=ORIENTED_EDGE('',*,*,#2819,.F.);
#3590=ORIENTED_EDGE('',*,*,#2819,.T.);
#3591=ORIENTED_EDGE('',*,*,#2708,.F.);
#3592=ORIENTED_EDGE('',*,*,#2820,.T.);
#3593=ORIENTED_EDGE('',*,*,#2821,.T.);
#3594=ORIENTED_EDGE('',*,*,#2822,.T.);
#3595=ORIENTED_EDGE('',*,*,#2541,.T.);
#3596=ORIENTED_EDGE('',*,*,#2559,.T.);
#3597=ORIENTED_EDGE('',*,*,#2643,.F.);
#3598=ORIENTED_EDGE('',*,*,#2823,.F.);
#3599=ORIENTED_EDGE('',*,*,#2749,.F.);
#3600=ORIENTED_EDGE('',*,*,#2824,.F.);
#3601=ORIENTED_EDGE('',*,*,#2824,.T.);
#3602=ORIENTED_EDGE('',*,*,#2748,.T.);
#3603=ORIENTED_EDGE('',*,*,#2825,.F.);
#3604=ORIENTED_EDGE('',*,*,#2644,.T.);
#3605=ORIENTED_EDGE('',*,*,#2615,.F.);
#3606=ORIENTED_EDGE('',*,*,#2826,.F.);
#3607=ORIENTED_EDGE('',*,*,#2723,.F.);
#3608=ORIENTED_EDGE('',*,*,#2827,.F.);
#3609=ORIENTED_EDGE('',*,*,#2827,.T.);
#3610=ORIENTED_EDGE('',*,*,#2722,.T.);
#3611=ORIENTED_EDGE('',*,*,#2828,.F.);
#3612=ORIENTED_EDGE('',*,*,#2616,.T.);
#3613=ORIENTED_EDGE('',*,*,#2628,.F.);
#3614=ORIENTED_EDGE('',*,*,#2829,.F.);
#3615=ORIENTED_EDGE('',*,*,#2737,.F.);
#3616=ORIENTED_EDGE('',*,*,#2830,.F.);
#3617=ORIENTED_EDGE('',*,*,#2830,.T.);
#3618=ORIENTED_EDGE('',*,*,#2736,.T.);
#3619=ORIENTED_EDGE('',*,*,#2831,.F.);
#3620=ORIENTED_EDGE('',*,*,#2629,.T.);
#3621=ORIENTED_EDGE('',*,*,#2647,.F.);
#3622=ORIENTED_EDGE('',*,*,#2832,.F.);
#3623=ORIENTED_EDGE('',*,*,#2754,.F.);
#3624=ORIENTED_EDGE('',*,*,#2833,.F.);
#3625=ORIENTED_EDGE('',*,*,#2833,.T.);
#3626=ORIENTED_EDGE('',*,*,#2753,.T.);
#3627=ORIENTED_EDGE('',*,*,#2834,.T.);
#3628=ORIENTED_EDGE('',*,*,#2648,.T.);
#3629=ORIENTED_EDGE('',*,*,#2574,.F.);
#3630=ORIENTED_EDGE('',*,*,#2835,.F.);
#3631=ORIENTED_EDGE('',*,*,#2795,.F.);
#3632=ORIENTED_EDGE('',*,*,#2836,.F.);
#3633=ORIENTED_EDGE('',*,*,#2836,.T.);
#3634=ORIENTED_EDGE('',*,*,#2794,.F.);
#3635=ORIENTED_EDGE('',*,*,#2837,.F.);
#3636=ORIENTED_EDGE('',*,*,#2575,.F.);
#3637=ORIENTED_EDGE('',*,*,#2604,.F.);
#3638=ORIENTED_EDGE('',*,*,#2838,.F.);
#3639=ORIENTED_EDGE('',*,*,#2765,.F.);
#3640=ORIENTED_EDGE('',*,*,#2839,.F.);
#3641=ORIENTED_EDGE('',*,*,#2839,.T.);
#3642=ORIENTED_EDGE('',*,*,#2769,.F.);
#3643=ORIENTED_EDGE('',*,*,#2840,.F.);
#3644=ORIENTED_EDGE('',*,*,#2600,.T.);
#3645=ORIENTED_EDGE('',*,*,#2598,.F.);
#3646=ORIENTED_EDGE('',*,*,#2841,.F.);
#3647=ORIENTED_EDGE('',*,*,#2771,.F.);
#3648=ORIENTED_EDGE('',*,*,#2842,.F.);
#3649=ORIENTED_EDGE('',*,*,#2842,.T.);
#3650=ORIENTED_EDGE('',*,*,#2770,.F.);
#3651=ORIENTED_EDGE('',*,*,#2843,.F.);
#3652=ORIENTED_EDGE('',*,*,#2599,.T.);
#3653=ORIENTED_EDGE('',*,*,#2570,.F.);
#3654=ORIENTED_EDGE('',*,*,#2844,.F.);
#3655=ORIENTED_EDGE('',*,*,#2799,.F.);
#3656=ORIENTED_EDGE('',*,*,#2845,.F.);
#3657=ORIENTED_EDGE('',*,*,#2845,.T.);
#3658=ORIENTED_EDGE('',*,*,#2798,.F.);
#3659=ORIENTED_EDGE('',*,*,#2846,.F.);
#3660=ORIENTED_EDGE('',*,*,#2571,.F.);
#3661=ORIENTED_EDGE('',*,*,#2581,.F.);
#3662=ORIENTED_EDGE('',*,*,#2847,.F.);
#3663=ORIENTED_EDGE('',*,*,#2788,.F.);
#3664=ORIENTED_EDGE('',*,*,#2848,.F.);
#3665=ORIENTED_EDGE('',*,*,#2848,.T.);
#3666=ORIENTED_EDGE('',*,*,#2787,.F.);
#3667=ORIENTED_EDGE('',*,*,#2849,.F.);
#3668=ORIENTED_EDGE('',*,*,#2582,.F.);
#3669=ORIENTED_EDGE('',*,*,#2607,.F.);
#3670=ORIENTED_EDGE('',*,*,#2850,.F.);
#3671=ORIENTED_EDGE('',*,*,#2762,.F.);
#3672=ORIENTED_EDGE('',*,*,#2851,.F.);
#3673=ORIENTED_EDGE('',*,*,#2851,.T.);
#3674=ORIENTED_EDGE('',*,*,#2761,.F.);
#3675=ORIENTED_EDGE('',*,*,#2852,.F.);
#3676=ORIENTED_EDGE('',*,*,#2608,.T.);
#3677=ORIENTED_EDGE('',*,*,#2631,.F.);
#3678=ORIENTED_EDGE('',*,*,#2853,.F.);
#3679=ORIENTED_EDGE('',*,*,#2734,.F.);
#3680=ORIENTED_EDGE('',*,*,#2854,.F.);
#3681=ORIENTED_EDGE('',*,*,#2829,.T.);
#3682=ORIENTED_EDGE('',*,*,#2627,.T.);
#3683=ORIENTED_EDGE('',*,*,#2854,.T.);
#3684=ORIENTED_EDGE('',*,*,#2733,.T.);
#3685=ORIENTED_EDGE('',*,*,#2649,.F.);
#3686=ORIENTED_EDGE('',*,*,#2834,.F.);
#3687=ORIENTED_EDGE('',*,*,#2752,.F.);
#3688=ORIENTED_EDGE('',*,*,#2855,.F.);
#3689=ORIENTED_EDGE('',*,*,#2855,.T.);
#3690=ORIENTED_EDGE('',*,*,#2751,.T.);
#3691=ORIENTED_EDGE('',*,*,#2856,.F.);
#3692=ORIENTED_EDGE('',*,*,#2645,.T.);
#3693=ORIENTED_EDGE('',*,*,#2634,.F.);
#3694=ORIENTED_EDGE('',*,*,#2857,.F.);
#3695=ORIENTED_EDGE('',*,*,#2741,.F.);
#3696=ORIENTED_EDGE('',*,*,#2858,.F.);
#3697=ORIENTED_EDGE('',*,*,#2858,.T.);
#3698=ORIENTED_EDGE('',*,*,#2740,.T.);
#3699=ORIENTED_EDGE('',*,*,#2859,.F.);
#3700=ORIENTED_EDGE('',*,*,#2635,.T.);
#3701=ORIENTED_EDGE('',*,*,#2620,.F.);
#3702=ORIENTED_EDGE('',*,*,#2860,.F.);
#3703=ORIENTED_EDGE('',*,*,#2727,.F.);
#3704=ORIENTED_EDGE('',*,*,#2861,.F.);
#3705=ORIENTED_EDGE('',*,*,#2861,.T.);
#3706=ORIENTED_EDGE('',*,*,#2726,.T.);
#3707=ORIENTED_EDGE('',*,*,#2862,.F.);
#3708=ORIENTED_EDGE('',*,*,#2621,.T.);
#3709=ORIENTED_EDGE('',*,*,#2547,.F.);
#3710=ORIENTED_EDGE('',*,*,#2863,.F.);
#3711=ORIENTED_EDGE('',*,*,#2717,.F.);
#3712=ORIENTED_EDGE('',*,*,#2864,.F.);
#3713=ORIENTED_EDGE('',*,*,#2864,.T.);
#3714=ORIENTED_EDGE('',*,*,#2716,.F.);
#3715=ORIENTED_EDGE('',*,*,#2865,.F.);
#3716=ORIENTED_EDGE('',*,*,#2652,.F.);
#3717=ORIENTED_EDGE('',*,*,#2548,.F.);
#3718=ORIENTED_EDGE('',*,*,#2866,.F.);
#3719=ORIENTED_EDGE('',*,*,#2867,.F.);
#3720=ORIENTED_EDGE('',*,*,#2868,.F.);
#3721=ORIENTED_EDGE('',*,*,#2869,.F.);
#3722=ORIENTED_EDGE('',*,*,#2870,.F.);
#3723=ORIENTED_EDGE('',*,*,#2871,.F.);
#3724=ORIENTED_EDGE('',*,*,#2872,.F.);
#3725=ORIENTED_EDGE('',*,*,#2866,.T.);
#3726=ORIENTED_EDGE('',*,*,#2873,.F.);
#3727=ORIENTED_EDGE('',*,*,#2874,.T.);
#3728=ORIENTED_EDGE('',*,*,#2875,.T.);
#3729=ORIENTED_EDGE('',*,*,#2876,.F.);
#3730=ORIENTED_EDGE('',*,*,#2877,.F.);
#3731=ORIENTED_EDGE('',*,*,#2868,.T.);
#3732=ORIENTED_EDGE('',*,*,#2878,.F.);
#3733=ORIENTED_EDGE('',*,*,#2873,.T.);
#3734=ORIENTED_EDGE('',*,*,#2879,.T.);
#3735=ORIENTED_EDGE('',*,*,#2880,.T.);
#3736=ORIENTED_EDGE('',*,*,#2881,.F.);
#3737=ORIENTED_EDGE('',*,*,#2882,.T.);
#3738=ORIENTED_EDGE('',*,*,#2883,.F.);
#3739=ORIENTED_EDGE('',*,*,#2875,.F.);
#3740=ORIENTED_EDGE('',*,*,#2884,.F.);
#3741=ORIENTED_EDGE('',*,*,#2885,.F.);
#3742=ORIENTED_EDGE('',*,*,#2869,.T.);
#3743=ORIENTED_EDGE('',*,*,#2886,.F.);
#3744=ORIENTED_EDGE('',*,*,#2887,.F.);
#3745=ORIENTED_EDGE('',*,*,#2879,.F.);
#3746=ORIENTED_EDGE('',*,*,#2888,.T.);
#3747=ORIENTED_EDGE('',*,*,#2889,.T.);
#3748=ORIENTED_EDGE('',*,*,#2890,.T.);
#3749=ORIENTED_EDGE('',*,*,#2871,.T.);
#3750=ORIENTED_EDGE('',*,*,#2891,.F.);
#3751=ORIENTED_EDGE('',*,*,#2892,.F.);
#3752=ORIENTED_EDGE('',*,*,#2893,.T.);
#3753=ORIENTED_EDGE('',*,*,#2894,.T.);
#3754=ORIENTED_EDGE('',*,*,#2878,.T.);
#3755=ORIENTED_EDGE('',*,*,#2867,.T.);
#3756=ORIENTED_EDGE('',*,*,#2872,.T.);
#3757=ORIENTED_EDGE('',*,*,#2890,.F.);
#3758=ORIENTED_EDGE('',*,*,#2895,.F.);
#3759=ORIENTED_EDGE('',*,*,#2896,.F.);
#3760=ORIENTED_EDGE('',*,*,#2887,.T.);
#3761=ORIENTED_EDGE('',*,*,#2897,.T.);
#3762=ORIENTED_EDGE('',*,*,#2898,.F.);
#3763=ORIENTED_EDGE('',*,*,#2899,.F.);
#3764=ORIENTED_EDGE('',*,*,#2900,.F.);
#3765=ORIENTED_EDGE('',*,*,#2895,.T.);
#3766=ORIENTED_EDGE('',*,*,#2901,.F.);
#3767=ORIENTED_EDGE('',*,*,#2902,.F.);
#3768=ORIENTED_EDGE('',*,*,#2903,.F.);
#3769=ORIENTED_EDGE('',*,*,#2904,.F.);
#3770=ORIENTED_EDGE('',*,*,#2905,.F.);
#3771=ORIENTED_EDGE('',*,*,#2902,.T.);
#3772=ORIENTED_EDGE('',*,*,#2906,.F.);
#3773=ORIENTED_EDGE('',*,*,#2899,.T.);
#3774=ORIENTED_EDGE('',*,*,#2874,.F.);
#3775=ORIENTED_EDGE('',*,*,#2894,.F.);
#3776=ORIENTED_EDGE('',*,*,#2907,.F.);
#3777=ORIENTED_EDGE('',*,*,#2884,.T.);
#3778=ORIENTED_EDGE('',*,*,#2906,.T.);
#3779=ORIENTED_EDGE('',*,*,#2908,.F.);
#3780=ORIENTED_EDGE('',*,*,#2909,.T.);
#3781=ORIENTED_EDGE('',*,*,#2910,.F.);
#3782=ORIENTED_EDGE('',*,*,#2911,.F.);
#3783=ORIENTED_EDGE('',*,*,#2897,.F.);
#3784=ORIENTED_EDGE('',*,*,#2912,.F.);
#3785=ORIENTED_EDGE('',*,*,#2913,.F.);
#3786=ORIENTED_EDGE('',*,*,#2914,.T.);
#3787=ORIENTED_EDGE('',*,*,#2915,.T.);
#3788=ORIENTED_EDGE('',*,*,#2916,.F.);
#3789=ORIENTED_EDGE('',*,*,#2898,.T.);
#3790=ORIENTED_EDGE('',*,*,#2916,.T.);
#3791=ORIENTED_EDGE('',*,*,#2917,.T.);
#3792=ORIENTED_EDGE('',*,*,#2903,.T.);
#3793=ORIENTED_EDGE('',*,*,#2877,.T.);
#3794=ORIENTED_EDGE('',*,*,#2918,.T.);
#3795=ORIENTED_EDGE('',*,*,#2912,.T.);
#3796=ORIENTED_EDGE('',*,*,#2901,.T.);
#3797=ORIENTED_EDGE('',*,*,#2886,.T.);
#3798=ORIENTED_EDGE('',*,*,#2896,.T.);
#3799=ORIENTED_EDGE('',*,*,#2919,.F.);
#3800=ORIENTED_EDGE('',*,*,#2920,.F.);
#3801=ORIENTED_EDGE('',*,*,#2880,.F.);
#3802=ORIENTED_EDGE('',*,*,#2921,.T.);
#3803=ORIENTED_EDGE('',*,*,#2922,.T.);
#3804=ORIENTED_EDGE('',*,*,#2923,.T.);
#3805=ORIENTED_EDGE('',*,*,#2924,.F.);
#3806=ORIENTED_EDGE('',*,*,#2925,.F.);
#3807=ORIENTED_EDGE('',*,*,#2926,.T.);
#3808=ORIENTED_EDGE('',*,*,#2919,.T.);
#3809=ORIENTED_EDGE('',*,*,#2900,.T.);
#3810=ORIENTED_EDGE('',*,*,#2911,.T.);
#3811=ORIENTED_EDGE('',*,*,#2923,.F.);
#3812=ORIENTED_EDGE('',*,*,#2927,.F.);
#3813=ORIENTED_EDGE('',*,*,#2928,.T.);
#3814=ORIENTED_EDGE('',*,*,#2921,.F.);
#3815=ORIENTED_EDGE('',*,*,#2922,.F.);
#3816=ORIENTED_EDGE('',*,*,#2928,.F.);
#3817=ORIENTED_EDGE('',*,*,#2927,.T.);
#3818=ORIENTED_EDGE('',*,*,#2929,.F.);
#3819=ORIENTED_EDGE('',*,*,#2930,.T.);
#3820=ORIENTED_EDGE('',*,*,#2888,.F.);
#3821=ORIENTED_EDGE('',*,*,#2889,.F.);
#3822=ORIENTED_EDGE('',*,*,#2930,.F.);
#3823=ORIENTED_EDGE('',*,*,#2929,.T.);
#3824=ORIENTED_EDGE('',*,*,#2931,.F.);
#3825=ORIENTED_EDGE('',*,*,#2932,.T.);
#3826=ORIENTED_EDGE('',*,*,#2933,.F.);
#3827=ORIENTED_EDGE('',*,*,#2934,.F.);
#3828=ORIENTED_EDGE('',*,*,#2932,.F.);
#3829=ORIENTED_EDGE('',*,*,#2933,.T.);
#3830=ORIENTED_EDGE('',*,*,#2934,.T.);
#3831=ORIENTED_EDGE('',*,*,#2935,.T.);
#3832=ORIENTED_EDGE('',*,*,#2936,.T.);
#3833=ORIENTED_EDGE('',*,*,#2937,.F.);
#3834=ORIENTED_EDGE('',*,*,#2938,.F.);
#3835=ORIENTED_EDGE('',*,*,#2939,.T.);
#3836=ORIENTED_EDGE('',*,*,#2940,.F.);
#3837=ORIENTED_EDGE('',*,*,#2941,.F.);
#3838=ORIENTED_EDGE('',*,*,#2942,.T.);
#3839=ORIENTED_EDGE('',*,*,#2943,.T.);
#3840=ORIENTED_EDGE('',*,*,#2935,.F.);
#3841=ORIENTED_EDGE('',*,*,#2931,.T.);
#3842=ORIENTED_EDGE('',*,*,#2944,.F.);
#3843=ORIENTED_EDGE('',*,*,#2945,.T.);
#3844=ORIENTED_EDGE('',*,*,#2946,.F.);
#3845=ORIENTED_EDGE('',*,*,#2947,.F.);
#3846=ORIENTED_EDGE('',*,*,#2945,.F.);
#3847=ORIENTED_EDGE('',*,*,#2946,.T.);
#3848=ORIENTED_EDGE('',*,*,#2947,.T.);
#3849=ORIENTED_EDGE('',*,*,#2948,.T.);
#3850=ORIENTED_EDGE('',*,*,#2949,.T.);
#3851=ORIENTED_EDGE('',*,*,#2950,.T.);
#3852=ORIENTED_EDGE('',*,*,#2951,.T.);
#3853=ORIENTED_EDGE('',*,*,#2952,.T.);
#3854=ORIENTED_EDGE('',*,*,#2953,.F.);
#3855=ORIENTED_EDGE('',*,*,#2954,.F.);
#3856=ORIENTED_EDGE('',*,*,#2955,.T.);
#3857=ORIENTED_EDGE('',*,*,#2948,.F.);
#3858=ORIENTED_EDGE('',*,*,#2944,.T.);
#3859=ORIENTED_EDGE('',*,*,#2956,.F.);
#3860=ORIENTED_EDGE('',*,*,#2957,.T.);
#3861=ORIENTED_EDGE('',*,*,#2958,.F.);
#3862=ORIENTED_EDGE('',*,*,#2959,.F.);
#3863=ORIENTED_EDGE('',*,*,#2957,.F.);
#3864=ORIENTED_EDGE('',*,*,#2958,.T.);
#3865=ORIENTED_EDGE('',*,*,#2959,.T.);
#3866=ORIENTED_EDGE('',*,*,#2960,.T.);
#3867=ORIENTED_EDGE('',*,*,#2961,.T.);
#3868=ORIENTED_EDGE('',*,*,#2962,.F.);
#3869=ORIENTED_EDGE('',*,*,#2963,.F.);
#3870=ORIENTED_EDGE('',*,*,#2964,.T.);
#3871=ORIENTED_EDGE('',*,*,#2965,.T.);
#3872=ORIENTED_EDGE('',*,*,#2960,.F.);
#3873=ORIENTED_EDGE('',*,*,#2956,.T.);
#3874=ORIENTED_EDGE('',*,*,#2966,.F.);
#3875=ORIENTED_EDGE('',*,*,#2967,.T.);
#3876=ORIENTED_EDGE('',*,*,#2968,.F.);
#3877=ORIENTED_EDGE('',*,*,#2969,.F.);
#3878=ORIENTED_EDGE('',*,*,#2967,.F.);
#3879=ORIENTED_EDGE('',*,*,#2968,.T.);
#3880=ORIENTED_EDGE('',*,*,#2969,.T.);
#3881=ORIENTED_EDGE('',*,*,#2970,.T.);
#3882=ORIENTED_EDGE('',*,*,#2971,.F.);
#3883=ORIENTED_EDGE('',*,*,#2972,.T.);
#3884=ORIENTED_EDGE('',*,*,#2973,.T.);
#3885=ORIENTED_EDGE('',*,*,#2974,.F.);
#3886=ORIENTED_EDGE('',*,*,#2975,.F.);
#3887=ORIENTED_EDGE('',*,*,#2970,.F.);
#3888=ORIENTED_EDGE('',*,*,#2966,.T.);
#3889=ORIENTED_EDGE('',*,*,#2976,.F.);
#3890=ORIENTED_EDGE('',*,*,#2977,.T.);
#3891=ORIENTED_EDGE('',*,*,#2978,.F.);
#3892=ORIENTED_EDGE('',*,*,#2979,.F.);
#3893=ORIENTED_EDGE('',*,*,#2977,.F.);
#3894=ORIENTED_EDGE('',*,*,#2978,.T.);
#3895=ORIENTED_EDGE('',*,*,#2979,.T.);
#3896=ORIENTED_EDGE('',*,*,#2980,.T.);
#3897=ORIENTED_EDGE('',*,*,#2981,.F.);
#3898=ORIENTED_EDGE('',*,*,#2982,.T.);
#3899=ORIENTED_EDGE('',*,*,#2983,.T.);
#3900=ORIENTED_EDGE('',*,*,#2984,.F.);
#3901=ORIENTED_EDGE('',*,*,#2985,.F.);
#3902=ORIENTED_EDGE('',*,*,#2980,.F.);
#3903=ORIENTED_EDGE('',*,*,#2976,.T.);
#3904=ORIENTED_EDGE('',*,*,#2986,.F.);
#3905=ORIENTED_EDGE('',*,*,#2987,.T.);
#3906=ORIENTED_EDGE('',*,*,#2988,.F.);
#3907=ORIENTED_EDGE('',*,*,#2989,.F.);
#3908=ORIENTED_EDGE('',*,*,#2987,.F.);
#3909=ORIENTED_EDGE('',*,*,#2988,.T.);
#3910=ORIENTED_EDGE('',*,*,#2989,.T.);
#3911=ORIENTED_EDGE('',*,*,#2990,.T.);
#3912=ORIENTED_EDGE('',*,*,#2991,.T.);
#3913=ORIENTED_EDGE('',*,*,#2992,.F.);
#3914=ORIENTED_EDGE('',*,*,#2993,.F.);
#3915=ORIENTED_EDGE('',*,*,#2994,.T.);
#3916=ORIENTED_EDGE('',*,*,#2995,.T.);
#3917=ORIENTED_EDGE('',*,*,#2990,.F.);
#3918=ORIENTED_EDGE('',*,*,#2986,.T.);
#3919=ORIENTED_EDGE('',*,*,#2996,.F.);
#3920=ORIENTED_EDGE('',*,*,#2699,.F.);
#3921=ORIENTED_EDGE('',*,*,#2997,.F.);
#3922=ORIENTED_EDGE('',*,*,#2998,.F.);
#3923=ORIENTED_EDGE('',*,*,#2998,.T.);
#3924=ORIENTED_EDGE('',*,*,#2999,.T.);
#3925=ORIENTED_EDGE('',*,*,#3000,.F.);
#3926=ORIENTED_EDGE('',*,*,#3001,.F.);
#3927=ORIENTED_EDGE('',*,*,#3002,.F.);
#3928=ORIENTED_EDGE('',*,*,#3003,.F.);
#3929=ORIENTED_EDGE('',*,*,#3003,.T.);
#3930=ORIENTED_EDGE('',*,*,#3004,.T.);
#3931=ORIENTED_EDGE('',*,*,#3005,.F.);
#3932=ORIENTED_EDGE('',*,*,#3006,.F.);
#3933=ORIENTED_EDGE('',*,*,#3007,.F.);
#3934=ORIENTED_EDGE('',*,*,#3008,.F.);
#3935=ORIENTED_EDGE('',*,*,#3008,.T.);
#3936=ORIENTED_EDGE('',*,*,#3009,.T.);
#3937=ORIENTED_EDGE('',*,*,#3010,.T.);
#3938=ORIENTED_EDGE('',*,*,#2942,.F.);
#3939=ORIENTED_EDGE('',*,*,#3011,.F.);
#3940=ORIENTED_EDGE('',*,*,#3012,.F.);
#3941=ORIENTED_EDGE('',*,*,#3013,.F.);
#3942=ORIENTED_EDGE('',*,*,#2882,.F.);
#3943=ORIENTED_EDGE('',*,*,#3014,.F.);
#3944=ORIENTED_EDGE('',*,*,#3014,.T.);
#3945=ORIENTED_EDGE('',*,*,#2881,.T.);
#3946=ORIENTED_EDGE('',*,*,#2920,.T.);
#3947=ORIENTED_EDGE('',*,*,#2926,.F.);
#3948=ORIENTED_EDGE('',*,*,#3015,.F.);
#3949=ORIENTED_EDGE('',*,*,#2939,.F.);
#3950=ORIENTED_EDGE('',*,*,#3016,.T.);
#3951=ORIENTED_EDGE('',*,*,#3017,.F.);
#3952=ORIENTED_EDGE('',*,*,#3018,.F.);
#3953=ORIENTED_EDGE('',*,*,#3019,.F.);
#3954=ORIENTED_EDGE('',*,*,#3020,.F.);
#3955=ORIENTED_EDGE('',*,*,#3021,.F.);
#3956=ORIENTED_EDGE('',*,*,#3022,.F.);
#3957=ORIENTED_EDGE('',*,*,#3023,.F.);
#3958=ORIENTED_EDGE('',*,*,#3024,.F.);
#3959=ORIENTED_EDGE('',*,*,#3025,.F.);
#3960=ORIENTED_EDGE('',*,*,#3017,.T.);
#3961=ORIENTED_EDGE('',*,*,#3026,.F.);
#3962=ORIENTED_EDGE('',*,*,#3022,.T.);
#3963=ORIENTED_EDGE('',*,*,#2863,.T.);
#3964=ORIENTED_EDGE('',*,*,#2546,.F.);
#3965=ORIENTED_EDGE('',*,*,#3027,.F.);
#3966=ORIENTED_EDGE('',*,*,#3028,.F.);
#3967=ORIENTED_EDGE('',*,*,#3029,.F.);
#3968=ORIENTED_EDGE('',*,*,#3030,.F.);
#3969=ORIENTED_EDGE('',*,*,#3031,.F.);
#3970=ORIENTED_EDGE('',*,*,#3032,.F.);
#3971=ORIENTED_EDGE('',*,*,#3023,.T.);
#3972=ORIENTED_EDGE('',*,*,#3026,.T.);
#3973=ORIENTED_EDGE('',*,*,#3016,.F.);
#3974=ORIENTED_EDGE('',*,*,#2938,.T.);
#3975=ORIENTED_EDGE('',*,*,#3033,.F.);
#3976=ORIENTED_EDGE('',*,*,#3034,.T.);
#3977=ORIENTED_EDGE('',*,*,#2718,.F.);
#3978=ORIENTED_EDGE('',*,*,#3035,.F.);
#3979=ORIENTED_EDGE('',*,*,#3036,.F.);
#3980=ORIENTED_EDGE('',*,*,#3037,.F.);
#3981=ORIENTED_EDGE('',*,*,#3038,.F.);
#3982=ORIENTED_EDGE('',*,*,#3038,.T.);
#3983=ORIENTED_EDGE('',*,*,#3039,.F.);
#3984=ORIENTED_EDGE('',*,*,#3040,.T.);
#3985=ORIENTED_EDGE('',*,*,#3041,.T.);
#3986=ORIENTED_EDGE('',*,*,#3042,.T.);
#3987=ORIENTED_EDGE('',*,*,#3043,.T.);
#3988=ORIENTED_EDGE('',*,*,#3044,.F.);
#3989=ORIENTED_EDGE('',*,*,#3045,.F.);
#3990=ORIENTED_EDGE('',*,*,#3046,.T.);
#3991=ORIENTED_EDGE('',*,*,#2544,.T.);
#3992=ORIENTED_EDGE('',*,*,#3047,.T.);
#3993=ORIENTED_EDGE('',*,*,#2703,.F.);
#3994=ORIENTED_EDGE('',*,*,#2687,.T.);
#3995=ORIENTED_EDGE('',*,*,#3048,.T.);
#3996=ORIENTED_EDGE('',*,*,#3049,.F.);
#3997=ORIENTED_EDGE('',*,*,#3040,.F.);
#3998=ORIENTED_EDGE('',*,*,#3050,.F.);
#3999=ORIENTED_EDGE('',*,*,#3051,.F.);
#4000=ORIENTED_EDGE('',*,*,#3051,.T.);
#4001=ORIENTED_EDGE('',*,*,#3052,.F.);
#4002=ORIENTED_EDGE('',*,*,#2974,.T.);
#4003=ORIENTED_EDGE('',*,*,#3053,.T.);
#4004=ORIENTED_EDGE('',*,*,#3054,.T.);
#4005=ORIENTED_EDGE('',*,*,#2543,.F.);
#4006=ORIENTED_EDGE('',*,*,#3055,.F.);
#4007=ORIENTED_EDGE('',*,*,#2704,.F.);
#4008=ORIENTED_EDGE('',*,*,#3047,.F.);
#4009=ORIENTED_EDGE('',*,*,#3056,.T.);
#4010=ORIENTED_EDGE('',*,*,#3057,.F.);
#4011=ORIENTED_EDGE('',*,*,#2685,.F.);
#4012=ORIENTED_EDGE('',*,*,#2702,.F.);
#4013=ORIENTED_EDGE('',*,*,#3058,.F.);
#4014=ORIENTED_EDGE('',*,*,#3059,.F.);
#4015=ORIENTED_EDGE('',*,*,#3059,.T.);
#4016=ORIENTED_EDGE('',*,*,#3060,.F.);
#4017=ORIENTED_EDGE('',*,*,#2992,.T.);
#4018=ORIENTED_EDGE('',*,*,#3061,.T.);
#4019=ORIENTED_EDGE('',*,*,#3062,.F.);
#4020=ORIENTED_EDGE('',*,*,#3063,.F.);
#4021=ORIENTED_EDGE('',*,*,#3064,.F.);
#4022=ORIENTED_EDGE('',*,*,#3065,.F.);
#4023=ORIENTED_EDGE('',*,*,#3066,.T.);
#4024=ORIENTED_EDGE('',*,*,#3067,.T.);
#4025=ORIENTED_EDGE('',*,*,#3063,.T.);
#4026=ORIENTED_EDGE('',*,*,#3068,.T.);
#4027=ORIENTED_EDGE('',*,*,#2964,.F.);
#4028=ORIENTED_EDGE('',*,*,#3069,.T.);
#4029=ORIENTED_EDGE('',*,*,#3070,.F.);
#4030=ORIENTED_EDGE('',*,*,#3001,.T.);
#4031=ORIENTED_EDGE('',*,*,#3071,.F.);
#4032=ORIENTED_EDGE('',*,*,#3072,.T.);
#4033=ORIENTED_EDGE('',*,*,#3073,.T.);
#4034=ORIENTED_EDGE('',*,*,#2914,.F.);
#4035=ORIENTED_EDGE('',*,*,#3030,.T.);
#4036=ORIENTED_EDGE('',*,*,#3074,.F.);
#4037=ORIENTED_EDGE('',*,*,#3043,.F.);
#4038=ORIENTED_EDGE('',*,*,#3075,.F.);
#4039=ORIENTED_EDGE('',*,*,#3065,.T.);
#4040=ORIENTED_EDGE('',*,*,#3076,.T.);
#4041=ORIENTED_EDGE('',*,*,#3042,.F.);
#4042=ORIENTED_EDGE('',*,*,#3077,.F.);
#4043=ORIENTED_EDGE('',*,*,#3066,.F.);
#4044=ORIENTED_EDGE('',*,*,#3075,.T.);
#4045=ORIENTED_EDGE('',*,*,#2951,.F.);
#4046=ORIENTED_EDGE('',*,*,#3078,.T.);
#4047=ORIENTED_EDGE('',*,*,#3079,.T.);
#4048=ORIENTED_EDGE('',*,*,#3080,.T.);
#4049=ORIENTED_EDGE('',*,*,#3081,.F.);
#4050=ORIENTED_EDGE('',*,*,#2952,.F.);
#4051=ORIENTED_EDGE('',*,*,#3080,.F.);
#4052=ORIENTED_EDGE('',*,*,#3082,.F.);
#4053=ORIENTED_EDGE('',*,*,#3083,.F.);
#4054=ORIENTED_EDGE('',*,*,#3084,.F.);
#4055=ORIENTED_EDGE('',*,*,#3085,.F.);
#4056=ORIENTED_EDGE('',*,*,#3079,.F.);
#4057=ORIENTED_EDGE('',*,*,#3086,.T.);
#4058=ORIENTED_EDGE('',*,*,#3087,.F.);
#4059=ORIENTED_EDGE('',*,*,#3078,.F.);
#4060=ORIENTED_EDGE('',*,*,#2950,.F.);
#4061=ORIENTED_EDGE('',*,*,#3088,.F.);
#4062=ORIENTED_EDGE('',*,*,#3089,.T.);
#4063=ORIENTED_EDGE('',*,*,#3090,.F.);
#4064=ORIENTED_EDGE('',*,*,#3091,.F.);
#4065=ORIENTED_EDGE('',*,*,#3084,.T.);
#4066=ORIENTED_EDGE('',*,*,#3092,.T.);
#4067=ORIENTED_EDGE('',*,*,#2936,.F.);
#4068=ORIENTED_EDGE('',*,*,#2943,.F.);
#4069=ORIENTED_EDGE('',*,*,#3010,.F.);
#4070=ORIENTED_EDGE('',*,*,#3093,.F.);
#4071=ORIENTED_EDGE('',*,*,#3088,.T.);
#4072=ORIENTED_EDGE('',*,*,#2949,.F.);
#4073=ORIENTED_EDGE('',*,*,#3094,.T.);
#4074=ORIENTED_EDGE('',*,*,#2672,.F.);
#4075=ORIENTED_EDGE('',*,*,#3091,.T.);
#4076=ORIENTED_EDGE('',*,*,#3009,.F.);
#4077=ORIENTED_EDGE('',*,*,#3007,.T.);
#4078=ORIENTED_EDGE('',*,*,#3095,.F.);
#4079=ORIENTED_EDGE('',*,*,#3082,.T.);
#4080=ORIENTED_EDGE('',*,*,#3085,.T.);
#4081=ORIENTED_EDGE('',*,*,#3090,.T.);
#4082=ORIENTED_EDGE('',*,*,#3096,.F.);
#4083=ORIENTED_EDGE('',*,*,#2670,.F.);
#4084=ORIENTED_EDGE('',*,*,#3097,.T.);
#4085=ORIENTED_EDGE('',*,*,#3098,.F.);
#4086=ORIENTED_EDGE('',*,*,#3099,.F.);
#4087=ORIENTED_EDGE('',*,*,#3053,.F.);
#4088=ORIENTED_EDGE('',*,*,#2973,.F.);
#4089=ORIENTED_EDGE('',*,*,#3100,.F.);
#4090=ORIENTED_EDGE('',*,*,#3101,.F.);
#4091=ORIENTED_EDGE('',*,*,#3102,.F.);
#4092=ORIENTED_EDGE('',*,*,#2983,.F.);
#4093=ORIENTED_EDGE('',*,*,#3103,.F.);
#4094=ORIENTED_EDGE('',*,*,#3104,.F.);
#4095=ORIENTED_EDGE('',*,*,#3056,.F.);
#4096=ORIENTED_EDGE('',*,*,#3061,.F.);
#4097=ORIENTED_EDGE('',*,*,#2991,.F.);
#4098=ORIENTED_EDGE('',*,*,#2995,.F.);
#4099=ORIENTED_EDGE('',*,*,#3068,.F.);
#4100=ORIENTED_EDGE('',*,*,#3062,.T.);
#4101=ORIENTED_EDGE('',*,*,#3105,.F.);
#4102=ORIENTED_EDGE('',*,*,#3106,.F.);
#4103=ORIENTED_EDGE('',*,*,#2961,.F.);
#4104=ORIENTED_EDGE('',*,*,#2965,.F.);
#4105=ORIENTED_EDGE('',*,*,#3107,.F.);
#4106=ORIENTED_EDGE('',*,*,#2904,.T.);
#4107=ORIENTED_EDGE('',*,*,#2917,.F.);
#4108=ORIENTED_EDGE('',*,*,#2915,.F.);
#4109=ORIENTED_EDGE('',*,*,#3073,.F.);
#4110=ORIENTED_EDGE('',*,*,#3108,.F.);
#4111=ORIENTED_EDGE('',*,*,#3109,.F.);
#4112=ORIENTED_EDGE('',*,*,#2909,.F.);
#4113=ORIENTED_EDGE('',*,*,#3109,.T.);
#4114=ORIENTED_EDGE('',*,*,#3110,.F.);
#4115=ORIENTED_EDGE('',*,*,#2924,.T.);
#4116=ORIENTED_EDGE('',*,*,#2910,.T.);
#4117=ORIENTED_EDGE('',*,*,#2673,.T.);
#4118=ORIENTED_EDGE('',*,*,#3094,.F.);
#4119=ORIENTED_EDGE('',*,*,#2955,.F.);
#4120=ORIENTED_EDGE('',*,*,#3111,.F.);
#4121=ORIENTED_EDGE('',*,*,#2663,.F.);
#4122=ORIENTED_EDGE('',*,*,#2719,.T.);
#4123=ORIENTED_EDGE('',*,*,#3034,.F.);
#4124=ORIENTED_EDGE('',*,*,#3112,.F.);
#4125=ORIENTED_EDGE('',*,*,#3086,.F.);
#4126=ORIENTED_EDGE('',*,*,#3097,.F.);
#4127=ORIENTED_EDGE('',*,*,#2669,.F.);
#4128=ORIENTED_EDGE('',*,*,#3092,.F.);
#4129=ORIENTED_EDGE('',*,*,#3083,.T.);
#4130=ORIENTED_EDGE('',*,*,#3087,.T.);
#4131=ORIENTED_EDGE('',*,*,#3112,.T.);
#4132=ORIENTED_EDGE('',*,*,#3033,.T.);
#4133=ORIENTED_EDGE('',*,*,#2937,.T.);
#4134=ORIENTED_EDGE('',*,*,#2715,.F.);
#4135=ORIENTED_EDGE('',*,*,#3113,.F.);
#4136=ORIENTED_EDGE('',*,*,#2653,.F.);
#4137=ORIENTED_EDGE('',*,*,#2865,.T.);
#4138=ORIENTED_EDGE('',*,*,#3113,.T.);
#4139=ORIENTED_EDGE('',*,*,#2714,.F.);
#4140=ORIENTED_EDGE('',*,*,#3114,.F.);
#4141=ORIENTED_EDGE('',*,*,#3115,.T.);
#4142=ORIENTED_EDGE('',*,*,#2658,.T.);
#4143=ORIENTED_EDGE('',*,*,#2654,.T.);
#4144=ORIENTED_EDGE('',*,*,#3116,.T.);
#4145=ORIENTED_EDGE('',*,*,#2706,.F.);
#4146=ORIENTED_EDGE('',*,*,#3117,.F.);
#4147=ORIENTED_EDGE('',*,*,#2536,.F.);
#4148=ORIENTED_EDGE('',*,*,#3118,.T.);
#4149=ORIENTED_EDGE('',*,*,#3055,.T.);
#4150=ORIENTED_EDGE('',*,*,#2542,.F.);
#4151=ORIENTED_EDGE('',*,*,#2537,.T.);
#4152=ORIENTED_EDGE('',*,*,#3117,.T.);
#4153=ORIENTED_EDGE('',*,*,#2705,.F.);
#4154=ORIENTED_EDGE('',*,*,#3119,.T.);
#4155=ORIENTED_EDGE('',*,*,#3119,.F.);
#4156=ORIENTED_EDGE('',*,*,#3120,.T.);
#4157=ORIENTED_EDGE('',*,*,#3116,.F.);
#4158=ORIENTED_EDGE('',*,*,#3120,.F.);
#4159=ORIENTED_EDGE('',*,*,#3115,.F.);
#4160=ORIENTED_EDGE('',*,*,#3121,.T.);
#4161=ORIENTED_EDGE('',*,*,#2661,.T.);
#4162=ORIENTED_EDGE('',*,*,#2659,.F.);
#4163=ORIENTED_EDGE('',*,*,#2808,.F.);
#4164=ORIENTED_EDGE('',*,*,#3122,.F.);
#4165=ORIENTED_EDGE('',*,*,#2561,.F.);
#4166=ORIENTED_EDGE('',*,*,#3123,.T.);
#4167=ORIENTED_EDGE('',*,*,#2809,.F.);
#4168=ORIENTED_EDGE('',*,*,#3123,.F.);
#4169=ORIENTED_EDGE('',*,*,#2560,.F.);
#4170=ORIENTED_EDGE('',*,*,#3124,.T.);
#4171=ORIENTED_EDGE('',*,*,#2804,.F.);
#4172=ORIENTED_EDGE('',*,*,#3125,.F.);
#4173=ORIENTED_EDGE('',*,*,#2565,.F.);
#4174=ORIENTED_EDGE('',*,*,#3126,.T.);
#4175=ORIENTED_EDGE('',*,*,#2805,.F.);
#4176=ORIENTED_EDGE('',*,*,#3126,.F.);
#4177=ORIENTED_EDGE('',*,*,#2564,.F.);
#4178=ORIENTED_EDGE('',*,*,#3127,.T.);
#4179=ORIENTED_EDGE('',*,*,#2844,.T.);
#4180=ORIENTED_EDGE('',*,*,#2569,.F.);
#4181=ORIENTED_EDGE('',*,*,#3128,.T.);
#4182=ORIENTED_EDGE('',*,*,#2800,.F.);
#4183=ORIENTED_EDGE('',*,*,#2801,.F.);
#4184=ORIENTED_EDGE('',*,*,#3128,.F.);
#4185=ORIENTED_EDGE('',*,*,#2568,.F.);
#4186=ORIENTED_EDGE('',*,*,#3129,.T.);
#4187=ORIENTED_EDGE('',*,*,#2835,.T.);
#4188=ORIENTED_EDGE('',*,*,#2573,.F.);
#4189=ORIENTED_EDGE('',*,*,#3130,.T.);
#4190=ORIENTED_EDGE('',*,*,#2796,.F.);
#4191=ORIENTED_EDGE('',*,*,#2790,.F.);
#4192=ORIENTED_EDGE('',*,*,#3131,.F.);
#4193=ORIENTED_EDGE('',*,*,#2579,.F.);
#4194=ORIENTED_EDGE('',*,*,#3132,.T.);
#4195=ORIENTED_EDGE('',*,*,#2791,.F.);
#4196=ORIENTED_EDGE('',*,*,#3132,.F.);
#4197=ORIENTED_EDGE('',*,*,#2578,.F.);
#4198=ORIENTED_EDGE('',*,*,#2849,.T.);
#4199=ORIENTED_EDGE('',*,*,#2785,.F.);
#4200=ORIENTED_EDGE('',*,*,#3133,.F.);
#4201=ORIENTED_EDGE('',*,*,#2584,.F.);
#4202=ORIENTED_EDGE('',*,*,#3134,.T.);
#4203=ORIENTED_EDGE('',*,*,#2786,.F.);
#4204=ORIENTED_EDGE('',*,*,#3134,.F.);
#4205=ORIENTED_EDGE('',*,*,#2583,.F.);
#4206=ORIENTED_EDGE('',*,*,#3135,.T.);
#4207=ORIENTED_EDGE('',*,*,#2815,.T.);
#4208=ORIENTED_EDGE('',*,*,#2551,.F.);
#4209=ORIENTED_EDGE('',*,*,#2657,.T.);
#4210=ORIENTED_EDGE('',*,*,#2662,.T.);
#4211=ORIENTED_EDGE('',*,*,#3121,.F.);
#4212=ORIENTED_EDGE('',*,*,#3114,.T.);
#4213=ORIENTED_EDGE('',*,*,#2713,.F.);
#4214=ORIENTED_EDGE('',*,*,#2806,.F.);
#4215=ORIENTED_EDGE('',*,*,#3124,.F.);
#4216=ORIENTED_EDGE('',*,*,#2563,.F.);
#4217=ORIENTED_EDGE('',*,*,#3136,.T.);
#4218=ORIENTED_EDGE('',*,*,#2807,.F.);
#4219=ORIENTED_EDGE('',*,*,#3136,.F.);
#4220=ORIENTED_EDGE('',*,*,#2562,.F.);
#4221=ORIENTED_EDGE('',*,*,#3122,.T.);
#4222=ORIENTED_EDGE('',*,*,#2802,.F.);
#4223=ORIENTED_EDGE('',*,*,#3127,.F.);
#4224=ORIENTED_EDGE('',*,*,#2567,.F.);
#4225=ORIENTED_EDGE('',*,*,#3137,.T.);
#4226=ORIENTED_EDGE('',*,*,#2803,.F.);
#4227=ORIENTED_EDGE('',*,*,#3137,.F.);
#4228=ORIENTED_EDGE('',*,*,#2566,.F.);
#4229=ORIENTED_EDGE('',*,*,#3125,.T.);
#4230=ORIENTED_EDGE('',*,*,#2797,.F.);
#4231=ORIENTED_EDGE('',*,*,#3129,.F.);
#4232=ORIENTED_EDGE('',*,*,#2572,.F.);
#4233=ORIENTED_EDGE('',*,*,#2846,.T.);
#4234=ORIENTED_EDGE('',*,*,#2792,.F.);
#4235=ORIENTED_EDGE('',*,*,#3130,.F.);
#4236=ORIENTED_EDGE('',*,*,#2577,.F.);
#4237=ORIENTED_EDGE('',*,*,#3138,.T.);
#4238=ORIENTED_EDGE('',*,*,#2793,.F.);
#4239=ORIENTED_EDGE('',*,*,#3138,.F.);
#4240=ORIENTED_EDGE('',*,*,#2576,.F.);
#4241=ORIENTED_EDGE('',*,*,#2837,.T.);
#4242=ORIENTED_EDGE('',*,*,#2847,.T.);
#4243=ORIENTED_EDGE('',*,*,#2580,.F.);
#4244=ORIENTED_EDGE('',*,*,#3131,.T.);
#4245=ORIENTED_EDGE('',*,*,#2789,.F.);
#4246=ORIENTED_EDGE('',*,*,#2783,.F.);
#4247=ORIENTED_EDGE('',*,*,#3135,.F.);
#4248=ORIENTED_EDGE('',*,*,#2586,.F.);
#4249=ORIENTED_EDGE('',*,*,#3139,.T.);
#4250=ORIENTED_EDGE('',*,*,#2784,.F.);
#4251=ORIENTED_EDGE('',*,*,#3139,.F.);
#4252=ORIENTED_EDGE('',*,*,#2585,.F.);
#4253=ORIENTED_EDGE('',*,*,#3133,.T.);
#4254=ORIENTED_EDGE('',*,*,#3140,.F.);
#4255=ORIENTED_EDGE('',*,*,#2538,.T.);
#4256=ORIENTED_EDGE('',*,*,#2822,.F.);
#4257=ORIENTED_EDGE('',*,*,#3141,.F.);
#4258=ORIENTED_EDGE('',*,*,#3142,.F.);
#4259=ORIENTED_EDGE('',*,*,#3140,.T.);
#4260=ORIENTED_EDGE('',*,*,#3143,.T.);
#4261=ORIENTED_EDGE('',*,*,#3144,.T.);
#4262=ORIENTED_EDGE('',*,*,#3143,.F.);
#4263=ORIENTED_EDGE('',*,*,#3145,.T.);
#4264=ORIENTED_EDGE('',*,*,#3146,.T.);
#4265=ORIENTED_EDGE('',*,*,#3141,.T.);
#4266=ORIENTED_EDGE('',*,*,#2821,.F.);
#4267=ORIENTED_EDGE('',*,*,#2534,.T.);
#4268=ORIENTED_EDGE('',*,*,#2539,.T.);
#4269=ORIENTED_EDGE('',*,*,#3142,.T.);
#4270=ORIENTED_EDGE('',*,*,#3146,.F.);
#4271=ORIENTED_EDGE('',*,*,#3147,.T.);
#4272=ORIENTED_EDGE('',*,*,#2781,.F.);
#4273=ORIENTED_EDGE('',*,*,#3148,.F.);
#4274=ORIENTED_EDGE('',*,*,#2588,.T.);
#4275=ORIENTED_EDGE('',*,*,#3149,.T.);
#4276=ORIENTED_EDGE('',*,*,#2782,.F.);
#4277=ORIENTED_EDGE('',*,*,#3149,.F.);
#4278=ORIENTED_EDGE('',*,*,#2587,.T.);
#4279=ORIENTED_EDGE('',*,*,#3150,.T.);
#4280=ORIENTED_EDGE('',*,*,#2777,.F.);
#4281=ORIENTED_EDGE('',*,*,#3151,.F.);
#4282=ORIENTED_EDGE('',*,*,#2592,.T.);
#4283=ORIENTED_EDGE('',*,*,#3152,.T.);
#4284=ORIENTED_EDGE('',*,*,#2778,.F.);
#4285=ORIENTED_EDGE('',*,*,#3152,.F.);
#4286=ORIENTED_EDGE('',*,*,#2591,.T.);
#4287=ORIENTED_EDGE('',*,*,#3153,.T.);
#4288=ORIENTED_EDGE('',*,*,#2773,.F.);
#4289=ORIENTED_EDGE('',*,*,#3154,.F.);
#4290=ORIENTED_EDGE('',*,*,#2596,.T.);
#4291=ORIENTED_EDGE('',*,*,#3155,.T.);
#4292=ORIENTED_EDGE('',*,*,#2774,.F.);
#4293=ORIENTED_EDGE('',*,*,#3155,.F.);
#4294=ORIENTED_EDGE('',*,*,#2595,.T.);
#4295=ORIENTED_EDGE('',*,*,#2843,.T.);
#4296=ORIENTED_EDGE('',*,*,#2768,.F.);
#4297=ORIENTED_EDGE('',*,*,#3156,.F.);
#4298=ORIENTED_EDGE('',*,*,#2601,.T.);
#4299=ORIENTED_EDGE('',*,*,#2840,.T.);
#4300=ORIENTED_EDGE('',*,*,#2850,.T.);
#4301=ORIENTED_EDGE('',*,*,#2606,.T.);
#4302=ORIENTED_EDGE('',*,*,#3157,.T.);
#4303=ORIENTED_EDGE('',*,*,#2763,.F.);
#4304=ORIENTED_EDGE('',*,*,#2764,.F.);
#4305=ORIENTED_EDGE('',*,*,#3157,.F.);
#4306=ORIENTED_EDGE('',*,*,#2605,.T.);
#4307=ORIENTED_EDGE('',*,*,#3158,.T.);
#4308=ORIENTED_EDGE('',*,*,#2758,.F.);
#4309=ORIENTED_EDGE('',*,*,#3159,.F.);
#4310=ORIENTED_EDGE('',*,*,#2611,.T.);
#4311=ORIENTED_EDGE('',*,*,#3160,.T.);
#4312=ORIENTED_EDGE('',*,*,#2759,.F.);
#4313=ORIENTED_EDGE('',*,*,#3160,.F.);
#4314=ORIENTED_EDGE('',*,*,#2610,.T.);
#4315=ORIENTED_EDGE('',*,*,#3161,.T.);
#4316=ORIENTED_EDGE('',*,*,#3118,.F.);
#4317=ORIENTED_EDGE('',*,*,#2535,.F.);
#4318=ORIENTED_EDGE('',*,*,#3147,.F.);
#4319=ORIENTED_EDGE('',*,*,#3145,.F.);
#4320=ORIENTED_EDGE('',*,*,#2820,.F.);
#4321=ORIENTED_EDGE('',*,*,#2707,.F.);
#4322=ORIENTED_EDGE('',*,*,#3144,.F.);
#4323=ORIENTED_EDGE('',*,*,#2779,.F.);
#4324=ORIENTED_EDGE('',*,*,#3150,.F.);
#4325=ORIENTED_EDGE('',*,*,#2590,.T.);
#4326=ORIENTED_EDGE('',*,*,#3162,.T.);
#4327=ORIENTED_EDGE('',*,*,#2780,.F.);
#4328=ORIENTED_EDGE('',*,*,#3162,.F.);
#4329=ORIENTED_EDGE('',*,*,#2589,.T.);
#4330=ORIENTED_EDGE('',*,*,#3148,.T.);
#4331=ORIENTED_EDGE('',*,*,#2775,.F.);
#4332=ORIENTED_EDGE('',*,*,#3153,.F.);
#4333=ORIENTED_EDGE('',*,*,#2594,.T.);
#4334=ORIENTED_EDGE('',*,*,#3163,.T.);
#4335=ORIENTED_EDGE('',*,*,#2776,.F.);
#4336=ORIENTED_EDGE('',*,*,#3163,.F.);
#4337=ORIENTED_EDGE('',*,*,#2593,.T.);
#4338=ORIENTED_EDGE('',*,*,#3151,.T.);
#4339=ORIENTED_EDGE('',*,*,#2841,.T.);
#4340=ORIENTED_EDGE('',*,*,#2597,.T.);
#4341=ORIENTED_EDGE('',*,*,#3154,.T.);
#4342=ORIENTED_EDGE('',*,*,#2772,.F.);
#4343=ORIENTED_EDGE('',*,*,#2838,.T.);
#4344=ORIENTED_EDGE('',*,*,#2603,.T.);
#4345=ORIENTED_EDGE('',*,*,#3164,.T.);
#4346=ORIENTED_EDGE('',*,*,#2766,.F.);
#4347=ORIENTED_EDGE('',*,*,#2767,.F.);
#4348=ORIENTED_EDGE('',*,*,#3164,.F.);
#4349=ORIENTED_EDGE('',*,*,#2602,.T.);
#4350=ORIENTED_EDGE('',*,*,#3156,.T.);
#4351=ORIENTED_EDGE('',*,*,#2760,.F.);
#4352=ORIENTED_EDGE('',*,*,#3158,.F.);
#4353=ORIENTED_EDGE('',*,*,#2609,.T.);
#4354=ORIENTED_EDGE('',*,*,#2852,.T.);
#4355=ORIENTED_EDGE('',*,*,#2756,.F.);
#4356=ORIENTED_EDGE('',*,*,#3161,.F.);
#4357=ORIENTED_EDGE('',*,*,#2613,.T.);
#4358=ORIENTED_EDGE('',*,*,#3165,.T.);
#4359=ORIENTED_EDGE('',*,*,#2757,.F.);
#4360=ORIENTED_EDGE('',*,*,#3165,.F.);
#4361=ORIENTED_EDGE('',*,*,#2612,.T.);
#4362=ORIENTED_EDGE('',*,*,#3159,.T.);
#4363=ORIENTED_EDGE('',*,*,#2818,.T.);
#4364=ORIENTED_EDGE('',*,*,#2557,.T.);
#4365=ORIENTED_EDGE('',*,*,#3166,.T.);
#4366=ORIENTED_EDGE('',*,*,#2811,.T.);
#4367=ORIENTED_EDGE('',*,*,#3167,.T.);
#4368=ORIENTED_EDGE('',*,*,#3168,.T.);
#4369=ORIENTED_EDGE('',*,*,#2812,.T.);
#4370=ORIENTED_EDGE('',*,*,#3166,.F.);
#4371=ORIENTED_EDGE('',*,*,#2556,.T.);
#4372=ORIENTED_EDGE('',*,*,#3169,.T.);
#4373=ORIENTED_EDGE('',*,*,#2813,.T.);
#4374=ORIENTED_EDGE('',*,*,#3168,.F.);
#4375=ORIENTED_EDGE('',*,*,#3170,.T.);
#4376=ORIENTED_EDGE('',*,*,#3171,.T.);
#4377=ORIENTED_EDGE('',*,*,#3172,.T.);
#4378=ORIENTED_EDGE('',*,*,#3173,.T.);
#4379=ORIENTED_EDGE('',*,*,#3174,.T.);
#4380=ORIENTED_EDGE('',*,*,#3173,.F.);
#4381=ORIENTED_EDGE('',*,*,#2676,.F.);
#4382=ORIENTED_EDGE('',*,*,#3172,.F.);
#4383=ORIENTED_EDGE('',*,*,#3175,.F.);
#4384=ORIENTED_EDGE('',*,*,#3176,.F.);
#4385=ORIENTED_EDGE('',*,*,#3177,.T.);
#4386=ORIENTED_EDGE('',*,*,#3178,.T.);
#4387=ORIENTED_EDGE('',*,*,#3179,.T.);
#4388=ORIENTED_EDGE('',*,*,#3178,.F.);
#4389=ORIENTED_EDGE('',*,*,#2689,.F.);
#4390=ORIENTED_EDGE('',*,*,#3177,.F.);
#4391=ORIENTED_EDGE('',*,*,#3174,.F.);
#4392=ORIENTED_EDGE('',*,*,#3167,.F.);
#4393=ORIENTED_EDGE('',*,*,#3180,.F.);
#4394=ORIENTED_EDGE('',*,*,#3179,.F.);
#4395=ORIENTED_EDGE('',*,*,#2617,.T.);
#4396=ORIENTED_EDGE('',*,*,#2828,.T.);
#4397=ORIENTED_EDGE('',*,*,#2721,.T.);
#4398=ORIENTED_EDGE('',*,*,#3181,.F.);
#4399=ORIENTED_EDGE('',*,*,#2826,.T.);
#4400=ORIENTED_EDGE('',*,*,#2614,.T.);
#4401=ORIENTED_EDGE('',*,*,#3181,.T.);
#4402=ORIENTED_EDGE('',*,*,#2720,.T.);
#4403=ORIENTED_EDGE('',*,*,#2622,.T.);
#4404=ORIENTED_EDGE('',*,*,#2862,.T.);
#4405=ORIENTED_EDGE('',*,*,#2725,.T.);
#4406=ORIENTED_EDGE('',*,*,#3182,.F.);
#4407=ORIENTED_EDGE('',*,*,#2860,.T.);
#4408=ORIENTED_EDGE('',*,*,#2619,.T.);
#4409=ORIENTED_EDGE('',*,*,#3183,.T.);
#4410=ORIENTED_EDGE('',*,*,#2728,.T.);
#4411=ORIENTED_EDGE('',*,*,#2618,.T.);
#4412=ORIENTED_EDGE('',*,*,#3182,.T.);
#4413=ORIENTED_EDGE('',*,*,#2724,.T.);
#4414=ORIENTED_EDGE('',*,*,#3183,.F.);
#4415=ORIENTED_EDGE('',*,*,#2626,.T.);
#4416=ORIENTED_EDGE('',*,*,#3184,.T.);
#4417=ORIENTED_EDGE('',*,*,#2730,.T.);
#4418=ORIENTED_EDGE('',*,*,#3185,.F.);
#4419=ORIENTED_EDGE('',*,*,#2625,.T.);
#4420=ORIENTED_EDGE('',*,*,#3186,.T.);
#4421=ORIENTED_EDGE('',*,*,#2731,.T.);
#4422=ORIENTED_EDGE('',*,*,#3184,.F.);
#4423=ORIENTED_EDGE('',*,*,#2624,.T.);
#4424=ORIENTED_EDGE('',*,*,#3187,.T.);
#4425=ORIENTED_EDGE('',*,*,#2732,.T.);
#4426=ORIENTED_EDGE('',*,*,#3186,.F.);
#4427=ORIENTED_EDGE('',*,*,#2623,.T.);
#4428=ORIENTED_EDGE('',*,*,#3185,.T.);
#4429=ORIENTED_EDGE('',*,*,#2729,.T.);
#4430=ORIENTED_EDGE('',*,*,#3187,.F.);
#4431=ORIENTED_EDGE('',*,*,#3180,.T.);
#4432=ORIENTED_EDGE('',*,*,#3188,.T.);
#4433=ORIENTED_EDGE('',*,*,#3170,.F.);
#4434=ORIENTED_EDGE('',*,*,#3188,.F.);
#4435=ORIENTED_EDGE('',*,*,#2853,.T.);
#4436=ORIENTED_EDGE('',*,*,#2630,.T.);
#4437=ORIENTED_EDGE('',*,*,#2831,.T.);
#4438=ORIENTED_EDGE('',*,*,#2735,.T.);
#4439=ORIENTED_EDGE('',*,*,#2636,.T.);
#4440=ORIENTED_EDGE('',*,*,#2859,.T.);
#4441=ORIENTED_EDGE('',*,*,#2739,.T.);
#4442=ORIENTED_EDGE('',*,*,#3189,.F.);
#4443=ORIENTED_EDGE('',*,*,#2857,.T.);
#4444=ORIENTED_EDGE('',*,*,#2633,.T.);
#4445=ORIENTED_EDGE('',*,*,#3190,.T.);
#4446=ORIENTED_EDGE('',*,*,#2742,.T.);
#4447=ORIENTED_EDGE('',*,*,#2632,.T.);
#4448=ORIENTED_EDGE('',*,*,#3189,.T.);
#4449=ORIENTED_EDGE('',*,*,#2738,.T.);
#4450=ORIENTED_EDGE('',*,*,#3190,.F.);
#4451=ORIENTED_EDGE('',*,*,#2640,.T.);
#4452=ORIENTED_EDGE('',*,*,#3191,.T.);
#4453=ORIENTED_EDGE('',*,*,#2744,.T.);
#4454=ORIENTED_EDGE('',*,*,#3192,.F.);
#4455=ORIENTED_EDGE('',*,*,#2639,.T.);
#4456=ORIENTED_EDGE('',*,*,#3193,.T.);
#4457=ORIENTED_EDGE('',*,*,#2745,.T.);
#4458=ORIENTED_EDGE('',*,*,#3191,.F.);
#4459=ORIENTED_EDGE('',*,*,#2638,.T.);
#4460=ORIENTED_EDGE('',*,*,#3194,.T.);
#4461=ORIENTED_EDGE('',*,*,#2746,.T.);
#4462=ORIENTED_EDGE('',*,*,#3193,.F.);
#4463=ORIENTED_EDGE('',*,*,#2637,.T.);
#4464=ORIENTED_EDGE('',*,*,#3192,.T.);
#4465=ORIENTED_EDGE('',*,*,#2743,.T.);
#4466=ORIENTED_EDGE('',*,*,#3194,.F.);
#4467=ORIENTED_EDGE('',*,*,#2823,.T.);
#4468=ORIENTED_EDGE('',*,*,#2642,.T.);
#4469=ORIENTED_EDGE('',*,*,#3195,.T.);
#4470=ORIENTED_EDGE('',*,*,#2750,.T.);
#4471=ORIENTED_EDGE('',*,*,#2641,.T.);
#4472=ORIENTED_EDGE('',*,*,#2825,.T.);
#4473=ORIENTED_EDGE('',*,*,#2747,.T.);
#4474=ORIENTED_EDGE('',*,*,#3195,.F.);
#4475=ORIENTED_EDGE('',*,*,#2832,.T.);
#4476=ORIENTED_EDGE('',*,*,#2646,.T.);
#4477=ORIENTED_EDGE('',*,*,#2856,.T.);
#4478=ORIENTED_EDGE('',*,*,#2755,.T.);
#4479=ORIENTED_EDGE('',*,*,#3176,.T.);
#4480=ORIENTED_EDGE('',*,*,#3196,.T.);
#4481=ORIENTED_EDGE('',*,*,#3171,.F.);
#4482=ORIENTED_EDGE('',*,*,#3196,.F.);
#4483=ORIENTED_EDGE('',*,*,#2555,.T.);
#4484=ORIENTED_EDGE('',*,*,#3197,.T.);
#4485=ORIENTED_EDGE('',*,*,#2694,.T.);
#4486=ORIENTED_EDGE('',*,*,#2711,.T.);
#4487=ORIENTED_EDGE('',*,*,#2814,.T.);
#4488=ORIENTED_EDGE('',*,*,#3169,.F.);
#4489=ORIENTED_EDGE('',*,*,#3175,.T.);
#4490=ORIENTED_EDGE('',*,*,#3198,.T.);
#4491=ORIENTED_EDGE('',*,*,#2695,.T.);
#4492=ORIENTED_EDGE('',*,*,#3197,.F.);
#4493=ORIENTED_EDGE('',*,*,#2554,.T.);
#4494=ORIENTED_EDGE('',*,*,#2817,.T.);
#4495=ORIENTED_EDGE('',*,*,#2696,.T.);
#4496=ORIENTED_EDGE('',*,*,#3198,.F.);
#4497=ORIENTED_EDGE('',*,*,#3018,.T.);
#4498=ORIENTED_EDGE('',*,*,#3025,.T.);
#4499=ORIENTED_EDGE('',*,*,#3021,.T.);
#4500=ORIENTED_EDGE('',*,*,#3199,.F.);
#4501=ORIENTED_EDGE('',*,*,#3089,.F.);
#4502=ORIENTED_EDGE('',*,*,#3093,.T.);
#4503=ORIENTED_EDGE('',*,*,#2671,.F.);
#4504=ORIENTED_EDGE('',*,*,#3096,.T.);
#4505=ORIENTED_EDGE('',*,*,#3200,.T.);
#4506=ORIENTED_EDGE('',*,*,#3201,.T.);
#4507=ORIENTED_EDGE('',*,*,#3202,.F.);
#4508=ORIENTED_EDGE('',*,*,#3201,.F.);
#4509=ORIENTED_EDGE('',*,*,#3202,.T.);
#4510=ORIENTED_EDGE('',*,*,#3203,.T.);
#4511=ORIENTED_EDGE('',*,*,#3204,.T.);
#4512=ORIENTED_EDGE('',*,*,#3205,.T.);
#4513=ORIENTED_EDGE('',*,*,#3206,.F.);
#4514=ORIENTED_EDGE('',*,*,#3205,.F.);
#4515=ORIENTED_EDGE('',*,*,#3206,.T.);
#4516=ORIENTED_EDGE('',*,*,#3207,.T.);
#4517=ORIENTED_EDGE('',*,*,#3208,.T.);
#4518=ORIENTED_EDGE('',*,*,#3209,.T.);
#4519=ORIENTED_EDGE('',*,*,#3210,.F.);
#4520=ORIENTED_EDGE('',*,*,#3209,.F.);
#4521=ORIENTED_EDGE('',*,*,#3210,.T.);
#4522=ORIENTED_EDGE('',*,*,#3211,.T.);
#4523=ORIENTED_EDGE('',*,*,#3212,.T.);
#4524=ORIENTED_EDGE('',*,*,#3213,.T.);
#4525=ORIENTED_EDGE('',*,*,#3214,.F.);
#4526=ORIENTED_EDGE('',*,*,#3213,.F.);
#4527=ORIENTED_EDGE('',*,*,#3214,.T.);
#4528=ORIENTED_EDGE('',*,*,#3215,.T.);
#4529=ORIENTED_EDGE('',*,*,#3216,.T.);
#4530=ORIENTED_EDGE('',*,*,#3217,.T.);
#4531=ORIENTED_EDGE('',*,*,#3203,.F.);
#4532=ORIENTED_EDGE('',*,*,#3217,.F.);
#4533=ORIENTED_EDGE('',*,*,#3218,.T.);
#4534=ORIENTED_EDGE('',*,*,#3219,.T.);
#4535=ORIENTED_EDGE('',*,*,#3215,.F.);
#4536=ORIENTED_EDGE('',*,*,#3219,.F.);
#4537=ORIENTED_EDGE('',*,*,#3220,.T.);
#4538=ORIENTED_EDGE('',*,*,#3221,.T.);
#4539=ORIENTED_EDGE('',*,*,#3211,.F.);
#4540=ORIENTED_EDGE('',*,*,#3221,.F.);
#4541=ORIENTED_EDGE('',*,*,#3222,.T.);
#4542=ORIENTED_EDGE('',*,*,#3223,.T.);
#4543=ORIENTED_EDGE('',*,*,#3207,.F.);
#4544=ORIENTED_EDGE('',*,*,#3223,.F.);
#4545=ORIENTED_EDGE('',*,*,#3224,.F.);
#4546=ORIENTED_EDGE('',*,*,#3225,.F.);
#4547=ORIENTED_EDGE('',*,*,#3226,.F.);
#4548=ORIENTED_EDGE('',*,*,#3227,.F.);
#4549=ORIENTED_EDGE('',*,*,#3228,.F.);
#4550=ORIENTED_EDGE('',*,*,#3012,.T.);
#4551=ORIENTED_EDGE('',*,*,#3015,.T.);
#4552=ORIENTED_EDGE('',*,*,#2925,.T.);
#4553=ORIENTED_EDGE('',*,*,#3110,.T.);
#4554=ORIENTED_EDGE('',*,*,#3108,.T.);
#4555=ORIENTED_EDGE('',*,*,#3072,.F.);
#4556=ORIENTED_EDGE('',*,*,#3229,.F.);
#4557=ORIENTED_EDGE('',*,*,#3076,.F.);
#4558=ORIENTED_EDGE('',*,*,#3064,.T.);
#4559=ORIENTED_EDGE('',*,*,#3069,.F.);
#4560=ORIENTED_EDGE('',*,*,#2963,.T.);
#4561=ORIENTED_EDGE('',*,*,#3230,.T.);
#4562=ORIENTED_EDGE('',*,*,#2971,.T.);
#4563=ORIENTED_EDGE('',*,*,#2975,.T.);
#4564=ORIENTED_EDGE('',*,*,#3052,.T.);
#4565=ORIENTED_EDGE('',*,*,#3050,.T.);
#4566=ORIENTED_EDGE('',*,*,#3039,.T.);
#4567=ORIENTED_EDGE('',*,*,#3037,.T.);
#4568=ORIENTED_EDGE('',*,*,#3231,.F.);
#4569=ORIENTED_EDGE('',*,*,#2981,.T.);
#4570=ORIENTED_EDGE('',*,*,#2985,.T.);
#4571=ORIENTED_EDGE('',*,*,#3232,.T.);
#4572=ORIENTED_EDGE('',*,*,#2993,.T.);
#4573=ORIENTED_EDGE('',*,*,#3060,.T.);
#4574=ORIENTED_EDGE('',*,*,#3058,.T.);
#4575=ORIENTED_EDGE('',*,*,#2701,.T.);
#4576=ORIENTED_EDGE('',*,*,#3233,.F.);
#4577=ORIENTED_EDGE('',*,*,#2697,.T.);
#4578=ORIENTED_EDGE('',*,*,#2674,.T.);
#4579=ORIENTED_EDGE('',*,*,#3111,.T.);
#4580=ORIENTED_EDGE('',*,*,#2954,.T.);
#4581=ORIENTED_EDGE('',*,*,#3234,.F.);
#4582=ORIENTED_EDGE('',*,*,#3005,.T.);
#4583=ORIENTED_EDGE('',*,*,#3011,.T.);
#4584=ORIENTED_EDGE('',*,*,#2941,.T.);
#4585=ORIENTED_EDGE('',*,*,#3235,.F.);
#4586=ORIENTED_EDGE('',*,*,#3024,.T.);
#4587=ORIENTED_EDGE('',*,*,#3032,.T.);
#4588=ORIENTED_EDGE('',*,*,#3236,.T.);
#4589=ORIENTED_EDGE('',*,*,#2892,.T.);
#4590=ORIENTED_EDGE('',*,*,#3200,.F.);
#4591=ORIENTED_EDGE('',*,*,#3204,.F.);
#4592=ORIENTED_EDGE('',*,*,#3208,.F.);
#4593=ORIENTED_EDGE('',*,*,#3212,.F.);
#4594=ORIENTED_EDGE('',*,*,#3237,.T.);
#4595=ORIENTED_EDGE('',*,*,#3238,.T.);
#4596=ORIENTED_EDGE('',*,*,#3239,.F.);
#4597=ORIENTED_EDGE('',*,*,#3240,.F.);
#4598=ORIENTED_EDGE('',*,*,#3241,.F.);
#4599=ORIENTED_EDGE('',*,*,#3242,.F.);
#4600=ORIENTED_EDGE('',*,*,#3243,.T.);
#4601=ORIENTED_EDGE('',*,*,#3244,.T.);
#4602=ORIENTED_EDGE('',*,*,#2905,.T.);
#4603=ORIENTED_EDGE('',*,*,#3107,.T.);
#4604=ORIENTED_EDGE('',*,*,#2908,.T.);
#4605=ORIENTED_EDGE('',*,*,#3224,.T.);
#4606=ORIENTED_EDGE('',*,*,#3245,.T.);
#4607=ORIENTED_EDGE('',*,*,#3243,.F.);
#4608=ORIENTED_EDGE('',*,*,#3245,.F.);
#4609=ORIENTED_EDGE('',*,*,#3227,.T.);
#4610=ORIENTED_EDGE('',*,*,#3246,.T.);
#4611=ORIENTED_EDGE('',*,*,#3238,.F.);
#4612=ORIENTED_EDGE('',*,*,#3246,.F.);
#4613=ORIENTED_EDGE('',*,*,#3226,.T.);
#4614=ORIENTED_EDGE('',*,*,#3247,.T.);
#4615=ORIENTED_EDGE('',*,*,#3244,.F.);
#4616=ORIENTED_EDGE('',*,*,#3247,.F.);
#4617=ORIENTED_EDGE('',*,*,#3225,.T.);
#4618=ORIENTED_EDGE('',*,*,#3248,.T.);
#4619=ORIENTED_EDGE('',*,*,#3237,.F.);
#4620=ORIENTED_EDGE('',*,*,#3248,.F.);
#4621=ORIENTED_EDGE('',*,*,#3013,.T.);
#4622=ORIENTED_EDGE('',*,*,#3228,.T.);
#4623=ORIENTED_EDGE('',*,*,#2891,.T.);
#4624=ORIENTED_EDGE('',*,*,#2870,.T.);
#4625=ORIENTED_EDGE('',*,*,#2883,.T.);
#4626=ORIENTED_EDGE('',*,*,#3236,.F.);
#4627=ORIENTED_EDGE('',*,*,#3031,.T.);
#4628=ORIENTED_EDGE('',*,*,#2913,.T.);
#4629=ORIENTED_EDGE('',*,*,#2918,.F.);
#4630=ORIENTED_EDGE('',*,*,#2876,.T.);
#4631=ORIENTED_EDGE('',*,*,#2885,.T.);
#4632=ORIENTED_EDGE('',*,*,#2907,.T.);
#4633=ORIENTED_EDGE('',*,*,#2893,.F.);
#4634=ORIENTED_EDGE('',*,*,#3020,.T.);
#4635=ORIENTED_EDGE('',*,*,#3235,.T.);
#4636=ORIENTED_EDGE('',*,*,#2940,.T.);
#4637=ORIENTED_EDGE('',*,*,#3019,.T.);
#4638=ORIENTED_EDGE('',*,*,#3199,.T.);
#4639=ORIENTED_EDGE('',*,*,#3006,.T.);
#4640=ORIENTED_EDGE('',*,*,#3234,.T.);
#4641=ORIENTED_EDGE('',*,*,#2953,.T.);
#4642=ORIENTED_EDGE('',*,*,#3081,.T.);
#4643=ORIENTED_EDGE('',*,*,#3095,.T.);
#4644=ORIENTED_EDGE('',*,*,#3233,.T.);
#4645=ORIENTED_EDGE('',*,*,#2700,.T.);
#4646=ORIENTED_EDGE('',*,*,#2996,.T.);
#4647=ORIENTED_EDGE('',*,*,#2999,.F.);
#4648=ORIENTED_EDGE('',*,*,#2997,.T.);
#4649=ORIENTED_EDGE('',*,*,#2698,.T.);
#4650=ORIENTED_EDGE('',*,*,#3229,.T.);
#4651=ORIENTED_EDGE('',*,*,#3071,.T.);
#4652=ORIENTED_EDGE('',*,*,#3000,.T.);
#4653=ORIENTED_EDGE('',*,*,#3004,.F.);
#4654=ORIENTED_EDGE('',*,*,#3002,.T.);
#4655=ORIENTED_EDGE('',*,*,#3070,.T.);
#4656=ORIENTED_EDGE('',*,*,#3048,.F.);
#4657=ORIENTED_EDGE('',*,*,#2686,.T.);
#4658=ORIENTED_EDGE('',*,*,#3057,.T.);
#4659=ORIENTED_EDGE('',*,*,#3104,.T.);
#4660=ORIENTED_EDGE('',*,*,#3249,.F.);
#4661=ORIENTED_EDGE('',*,*,#3101,.T.);
#4662=ORIENTED_EDGE('',*,*,#3250,.F.);
#4663=ORIENTED_EDGE('',*,*,#3035,.T.);
#4664=ORIENTED_EDGE('',*,*,#3251,.T.);
#4665=ORIENTED_EDGE('',*,*,#3028,.T.);
#4666=ORIENTED_EDGE('',*,*,#3252,.T.);
#4667=ORIENTED_EDGE('',*,*,#3253,.T.);
#4668=ORIENTED_EDGE('',*,*,#3254,.F.);
#4669=ORIENTED_EDGE('',*,*,#3253,.F.);
#4670=ORIENTED_EDGE('',*,*,#3255,.T.);
#4671=ORIENTED_EDGE('',*,*,#3045,.T.);
#4672=ORIENTED_EDGE('',*,*,#3044,.T.);
#4673=ORIENTED_EDGE('',*,*,#3074,.T.);
#4674=ORIENTED_EDGE('',*,*,#3029,.T.);
#4675=ORIENTED_EDGE('',*,*,#3251,.F.);
#4676=ORIENTED_EDGE('',*,*,#3254,.T.);
#4677=ORIENTED_EDGE('',*,*,#2545,.F.);
#4678=ORIENTED_EDGE('',*,*,#3046,.F.);
#4679=ORIENTED_EDGE('',*,*,#3255,.F.);
#4680=ORIENTED_EDGE('',*,*,#3252,.F.);
#4681=ORIENTED_EDGE('',*,*,#3027,.T.);
#4682=ORIENTED_EDGE('',*,*,#3216,.F.);
#4683=ORIENTED_EDGE('',*,*,#3218,.F.);
#4684=ORIENTED_EDGE('',*,*,#3220,.F.);
#4685=ORIENTED_EDGE('',*,*,#3222,.F.);
#4686=ORIENTED_EDGE('',*,*,#3077,.T.);
#4687=ORIENTED_EDGE('',*,*,#3041,.F.);
#4688=ORIENTED_EDGE('',*,*,#3049,.T.);
#4689=ORIENTED_EDGE('',*,*,#3054,.F.);
#4690=ORIENTED_EDGE('',*,*,#3099,.T.);
#4691=ORIENTED_EDGE('',*,*,#3256,.F.);
#4692=ORIENTED_EDGE('',*,*,#3105,.T.);
#4693=ORIENTED_EDGE('',*,*,#3067,.F.);
#4694=ORIENTED_EDGE('',*,*,#3242,.T.);
#4695=ORIENTED_EDGE('',*,*,#3257,.T.);
#4696=ORIENTED_EDGE('',*,*,#3258,.F.);
#4697=ORIENTED_EDGE('',*,*,#3257,.F.);
#4698=ORIENTED_EDGE('',*,*,#3258,.T.);
#4699=ORIENTED_EDGE('',*,*,#3241,.T.);
#4700=ORIENTED_EDGE('',*,*,#3259,.T.);
#4701=ORIENTED_EDGE('',*,*,#3260,.F.);
#4702=ORIENTED_EDGE('',*,*,#3259,.F.);
#4703=ORIENTED_EDGE('',*,*,#3260,.T.);
#4704=ORIENTED_EDGE('',*,*,#3240,.T.);
#4705=ORIENTED_EDGE('',*,*,#3261,.T.);
#4706=ORIENTED_EDGE('',*,*,#3262,.F.);
#4707=ORIENTED_EDGE('',*,*,#3261,.F.);
#4708=ORIENTED_EDGE('',*,*,#3262,.T.);
#4709=ORIENTED_EDGE('',*,*,#3239,.T.);
#4710=ORIENTED_EDGE('',*,*,#3263,.T.);
#4711=ORIENTED_EDGE('',*,*,#3264,.F.);
#4712=ORIENTED_EDGE('',*,*,#3263,.F.);
#4713=ORIENTED_EDGE('',*,*,#3264,.T.);
#4714=ORIENTED_EDGE('',*,*,#3232,.F.);
#4715=ORIENTED_EDGE('',*,*,#2984,.T.);
#4716=ORIENTED_EDGE('',*,*,#3102,.T.);
#4717=ORIENTED_EDGE('',*,*,#3249,.T.);
#4718=ORIENTED_EDGE('',*,*,#3103,.T.);
#4719=ORIENTED_EDGE('',*,*,#2994,.F.);
#4720=ORIENTED_EDGE('',*,*,#3036,.T.);
#4721=ORIENTED_EDGE('',*,*,#3250,.T.);
#4722=ORIENTED_EDGE('',*,*,#3100,.T.);
#4723=ORIENTED_EDGE('',*,*,#2982,.F.);
#4724=ORIENTED_EDGE('',*,*,#3231,.T.);
#4725=ORIENTED_EDGE('',*,*,#3230,.F.);
#4726=ORIENTED_EDGE('',*,*,#2962,.T.);
#4727=ORIENTED_EDGE('',*,*,#3106,.T.);
#4728=ORIENTED_EDGE('',*,*,#3256,.T.);
#4729=ORIENTED_EDGE('',*,*,#3098,.T.);
#4730=ORIENTED_EDGE('',*,*,#2972,.F.);
#4731=CYLINDRICAL_SURFACE('',#5097,5.);
#4732=CYLINDRICAL_SURFACE('',#5101,5.);
#4733=CYLINDRICAL_SURFACE('',#5125,5.);
#4734=CYLINDRICAL_SURFACE('',#5129,5.);
#4735=CYLINDRICAL_SURFACE('',#5139,4.);
#4736=CYLINDRICAL_SURFACE('',#5143,4.5);
#4737=CYLINDRICAL_SURFACE('',#5150,4.);
#4738=CYLINDRICAL_SURFACE('',#5153,4.5);
#4739=CYLINDRICAL_SURFACE('',#5184,10.);
#4740=CYLINDRICAL_SURFACE('',#5186,10.);
#4741=CYLINDRICAL_SURFACE('',#5188,2.5);
#4742=CYLINDRICAL_SURFACE('',#5190,2.5);
#4743=CYLINDRICAL_SURFACE('',#5192,2.5);
#4744=CYLINDRICAL_SURFACE('',#5194,2.5);
#4745=CYLINDRICAL_SURFACE('',#5196,2.5);
#4746=CYLINDRICAL_SURFACE('',#5198,2.5);
#4747=CYLINDRICAL_SURFACE('',#5200,2.5);
#4748=CYLINDRICAL_SURFACE('',#5202,2.5);
#4749=CYLINDRICAL_SURFACE('',#5204,2.5);
#4750=CYLINDRICAL_SURFACE('',#5206,2.5);
#4751=CYLINDRICAL_SURFACE('',#5208,2.5);
#4752=CYLINDRICAL_SURFACE('',#5210,2.5);
#4753=CYLINDRICAL_SURFACE('',#5212,2.5);
#4754=CYLINDRICAL_SURFACE('',#5214,2.5);
#4755=CYLINDRICAL_SURFACE('',#5216,3.);
#4756=CYLINDRICAL_SURFACE('',#5229,1.);
#4757=CYLINDRICAL_SURFACE('',#5231,1.);
#4758=CYLINDRICAL_SURFACE('',#5233,3.99999999999999);
#4759=CYLINDRICAL_SURFACE('',#5245,1.);
#4760=CYLINDRICAL_SURFACE('',#5253,2.);
#4761=CYLINDRICAL_SURFACE('',#5260,4.);
#4762=CYLINDRICAL_SURFACE('',#5277,4.);
#4763=CYLINDRICAL_SURFACE('',#5289,4.);
#4764=CYLINDRICAL_SURFACE('',#5300,5.);
#4765=CYLINDRICAL_SURFACE('',#5310,5.);
#4766=CYLINDRICAL_SURFACE('',#5320,5.);
#4767=CYLINDRICAL_SURFACE('',#5330,5.);
#4768=CYLINDRICAL_SURFACE('',#5335,1.);
#4769=CYLINDRICAL_SURFACE('',#5338,1.);
#4770=CYLINDRICAL_SURFACE('',#5341,4.);
#4771=CYLINDRICAL_SURFACE('',#5345,4.);
#4772=CYLINDRICAL_SURFACE('',#5350,4.);
#4773=CYLINDRICAL_SURFACE('',#5353,0.5);
#4774=CYLINDRICAL_SURFACE('',#5356,4.);
#4775=CYLINDRICAL_SURFACE('',#5361,4.);
#4776=CYLINDRICAL_SURFACE('',#5365,4.);
#4777=CYLINDRICAL_SURFACE('',#5366,4.);
#4778=CYLINDRICAL_SURFACE('',#5370,4.);
#4779=CYLINDRICAL_SURFACE('',#5376,4.);
#4780=CYLINDRICAL_SURFACE('',#5381,2.);
#4781=CYLINDRICAL_SURFACE('',#5398,4.);
#4782=CYLINDRICAL_SURFACE('',#5403,2.);
#4783=CYLINDRICAL_SURFACE('',#5405,2.);
#4784=CYLINDRICAL_SURFACE('',#5409,2.);
#4785=CYLINDRICAL_SURFACE('',#5413,1.99999999999999);
#4786=CYLINDRICAL_SURFACE('',#5414,6.);
#4787=CYLINDRICAL_SURFACE('',#5441,1.99999999999999);
#4788=CYLINDRICAL_SURFACE('',#5443,6.);
#4789=CYLINDRICAL_SURFACE('',#5469,4.5);
#4790=CYLINDRICAL_SURFACE('',#5475,2.);
#4791=CYLINDRICAL_SURFACE('',#5482,2.);
#4792=CYLINDRICAL_SURFACE('',#5499,2.);
#4793=CYLINDRICAL_SURFACE('',#5511,2.);
#4794=CYLINDRICAL_SURFACE('',#5513,4.5);
#4795=CYLINDRICAL_SURFACE('',#5516,3.);
#4796=CYLINDRICAL_SURFACE('',#5521,3.);
#4797=CYLINDRICAL_SURFACE('',#5526,3.);
#4798=CYLINDRICAL_SURFACE('',#5531,3.);
#4799=CYLINDRICAL_SURFACE('',#5536,1.65);
#4800=CYLINDRICAL_SURFACE('',#5538,1.65);
#4801=CYLINDRICAL_SURFACE('',#5540,1.65);
#4802=CYLINDRICAL_SURFACE('',#5542,1.65);
#4803=CYLINDRICAL_SURFACE('',#5564,1.92500000000001);
#4804=CYLINDRICAL_SURFACE('',#5565,1.925);
#4805=CYLINDRICAL_SURFACE('',#5566,1.925);
#4806=CYLINDRICAL_SURFACE('',#5567,1.925);
#4807=CYLINDRICAL_SURFACE('',#5572,4.75000000000001);
#4808=CYLINDRICAL_SURFACE('',#5573,4.75000000000001);
#4809=CYLINDRICAL_SURFACE('',#5576,9.84999999999999);
#4810=CYLINDRICAL_SURFACE('',#5582,2.);
#4811=CYLINDRICAL_SURFACE('',#5585,2.);
#4812=CYLINDRICAL_SURFACE('',#5588,2.);
#4813=CYLINDRICAL_SURFACE('',#5591,2.);
#4814=ADVANCED_FACE('',(#271),#4731,.F.);
#4815=ADVANCED_FACE('',(#272),#4732,.F.);
#4816=ADVANCED_FACE('',(#273,#49,#50,#51,#52,#53,#54,#55,#56,#57,#58,#59,
#60,#61,#62,#63,#64,#65,#66,#67,#68),#115,.F.);
#4817=ADVANCED_FACE('',(#274),#4733,.F.);
#4818=ADVANCED_FACE('',(#275),#4734,.F.);
#4819=ADVANCED_FACE('',(#276),#116,.T.);
#4820=ADVANCED_FACE('',(#277),#117,.F.);
#4821=ADVANCED_FACE('',(#278),#45,.T.);
#4822=ADVANCED_FACE('',(#279),#4735,.F.);
#4823=ADVANCED_FACE('',(#280),#4736,.T.);
#4824=ADVANCED_FACE('',(#281),#46,.T.);
#4825=ADVANCED_FACE('',(#282),#4737,.F.);
#4826=ADVANCED_FACE('',(#283),#4738,.T.);
#4827=ADVANCED_FACE('',(#284),#47,.T.);
#4828=ADVANCED_FACE('',(#285,#69,#70,#71,#72,#73,#74,#75,#76,#77,#78,#79,
#80,#81,#82,#83,#84,#85,#86,#87,#88),#118,.F.);
#4829=ADVANCED_FACE('',(#286),#48,.T.);
#4830=ADVANCED_FACE('',(#287),#4739,.F.);
#4831=ADVANCED_FACE('',(#288),#119,.F.);
#4832=ADVANCED_FACE('',(#289),#4740,.F.);
#4833=ADVANCED_FACE('',(#290),#120,.F.);
#4834=ADVANCED_FACE('',(#291),#4741,.F.);
#4835=ADVANCED_FACE('',(#292),#121,.F.);
#4836=ADVANCED_FACE('',(#293),#4742,.F.);
#4837=ADVANCED_FACE('',(#294),#122,.F.);
#4838=ADVANCED_FACE('',(#295),#4743,.F.);
#4839=ADVANCED_FACE('',(#296),#123,.F.);
#4840=ADVANCED_FACE('',(#297),#4744,.F.);
#4841=ADVANCED_FACE('',(#298),#124,.F.);
#4842=ADVANCED_FACE('',(#299),#4745,.F.);
#4843=ADVANCED_FACE('',(#300),#125,.F.);
#4844=ADVANCED_FACE('',(#301),#4746,.F.);
#4845=ADVANCED_FACE('',(#302),#126,.F.);
#4846=ADVANCED_FACE('',(#303),#4747,.F.);
#4847=ADVANCED_FACE('',(#304),#127,.F.);
#4848=ADVANCED_FACE('',(#305),#4748,.F.);
#4849=ADVANCED_FACE('',(#306),#128,.F.);
#4850=ADVANCED_FACE('',(#307),#4749,.F.);
#4851=ADVANCED_FACE('',(#308),#129,.F.);
#4852=ADVANCED_FACE('',(#309),#4750,.F.);
#4853=ADVANCED_FACE('',(#310),#130,.F.);
#4854=ADVANCED_FACE('',(#311),#4751,.F.);
#4855=ADVANCED_FACE('',(#312),#131,.F.);
#4856=ADVANCED_FACE('',(#313),#4752,.F.);
#4857=ADVANCED_FACE('',(#314),#132,.F.);
#4858=ADVANCED_FACE('',(#315),#4753,.F.);
#4859=ADVANCED_FACE('',(#316),#133,.F.);
#4860=ADVANCED_FACE('',(#317),#4754,.F.);
#4861=ADVANCED_FACE('',(#318),#134,.F.);
#4862=ADVANCED_FACE('',(#319),#4755,.F.);
#4863=ADVANCED_FACE('',(#320),#135,.F.);
#4864=ADVANCED_FACE('',(#321),#36,.F.);
#4865=ADVANCED_FACE('',(#322),#17,.F.);
#4866=ADVANCED_FACE('',(#323),#37,.F.);
#4867=ADVANCED_FACE('',(#324),#136,.F.);
#4868=ADVANCED_FACE('',(#325),#4756,.F.);
#4869=ADVANCED_FACE('',(#326),#4757,.F.);
#4870=ADVANCED_FACE('',(#327),#4758,.T.);
#4871=ADVANCED_FACE('',(#328),#15,.F.);
#4872=ADVANCED_FACE('',(#329),#38,.F.);
#4873=ADVANCED_FACE('',(#330),#4759,.F.);
#4874=ADVANCED_FACE('',(#331),#16,.F.);
#4875=ADVANCED_FACE('',(#332),#137,.F.);
#4876=ADVANCED_FACE('',(#333),#18,.F.);
#4877=ADVANCED_FACE('',(#334),#4760,.F.);
#4878=ADVANCED_FACE('',(#335),#138,.F.);
#4879=ADVANCED_FACE('',(#336),#139,.F.);
#4880=ADVANCED_FACE('',(#337),#19,.F.);
#4881=ADVANCED_FACE('',(#338),#4761,.T.);
#4882=ADVANCED_FACE('',(#339),#20,.T.);
#4883=ADVANCED_FACE('',(#340),#140,.F.);
#4884=ADVANCED_FACE('',(#341),#21,.T.);
#4885=ADVANCED_FACE('',(#342),#141,.F.);
#4886=ADVANCED_FACE('',(#343),#22,.T.);
#4887=ADVANCED_FACE('',(#344),#4762,.T.);
#4888=ADVANCED_FACE('',(#345),#142,.F.);
#4889=ADVANCED_FACE('',(#346),#23,.T.);
#4890=ADVANCED_FACE('',(#347),#4763,.T.);
#4891=ADVANCED_FACE('',(#348),#143,.F.);
#4892=ADVANCED_FACE('',(#349),#24,.T.);
#4893=ADVANCED_FACE('',(#350),#4764,.T.);
#4894=ADVANCED_FACE('',(#351),#144,.F.);
#4895=ADVANCED_FACE('',(#352),#25,.T.);
#4896=ADVANCED_FACE('',(#353),#4765,.T.);
#4897=ADVANCED_FACE('',(#354),#145,.F.);
#4898=ADVANCED_FACE('',(#355),#26,.T.);
#4899=ADVANCED_FACE('',(#356),#4766,.T.);
#4900=ADVANCED_FACE('',(#357),#146,.F.);
#4901=ADVANCED_FACE('',(#358),#27,.T.);
#4902=ADVANCED_FACE('',(#359),#4767,.T.);
#4903=ADVANCED_FACE('',(#360),#147,.F.);
#4904=ADVANCED_FACE('',(#361),#4768,.T.);
#4905=ADVANCED_FACE('',(#362),#148,.F.);
#4906=ADVANCED_FACE('',(#363),#4769,.T.);
#4907=ADVANCED_FACE('',(#364),#149,.F.);
#4908=ADVANCED_FACE('',(#365),#4770,.F.);
#4909=ADVANCED_FACE('',(#366),#150,.F.);
#4910=ADVANCED_FACE('',(#367),#4771,.F.);
#4911=ADVANCED_FACE('',(#368),#151,.F.);
#4912=ADVANCED_FACE('',(#369),#28,.F.);
#4913=ADVANCED_FACE('',(#370),#4772,.F.);
#4914=ADVANCED_FACE('',(#371),#4773,.F.);
#4915=ADVANCED_FACE('',(#372),#152,.F.);
#4916=ADVANCED_FACE('',(#373),#4774,.F.);
#4917=ADVANCED_FACE('',(#374),#153,.F.);
#4918=ADVANCED_FACE('',(#375),#4775,.F.);
#4919=ADVANCED_FACE('',(#376),#154,.F.);
#4920=ADVANCED_FACE('',(#377),#4776,.F.);
#4921=ADVANCED_FACE('',(#378),#4777,.F.);
#4922=ADVANCED_FACE('',(#379),#155,.F.);
#4923=ADVANCED_FACE('',(#380),#4778,.F.);
#4924=ADVANCED_FACE('',(#381),#156,.F.);
#4925=ADVANCED_FACE('',(#382),#157,.F.);
#4926=ADVANCED_FACE('',(#383),#4779,.F.);
#4927=ADVANCED_FACE('',(#384),#39,.F.);
#4928=ADVANCED_FACE('',(#385),#29,.F.);
#4929=ADVANCED_FACE('',(#386),#4780,.F.);
#4930=ADVANCED_FACE('',(#387),#40,.F.);
#4931=ADVANCED_FACE('',(#388),#30,.F.);
#4932=ADVANCED_FACE('',(#389),#31,.F.);
#4933=ADVANCED_FACE('',(#390),#158,.F.);
#4934=ADVANCED_FACE('',(#391),#159,.F.);
#4935=ADVANCED_FACE('',(#392),#32,.F.);
#4936=ADVANCED_FACE('',(#393),#33,.F.);
#4937=ADVANCED_FACE('',(#394),#34,.F.);
#4938=ADVANCED_FACE('',(#395),#35,.F.);
#4939=ADVANCED_FACE('',(#396),#4781,.F.);
#4940=ADVANCED_FACE('',(#397),#160,.F.);
#4941=ADVANCED_FACE('',(#398),#161,.F.);
#4942=ADVANCED_FACE('',(#399),#4782,.F.);
#4943=ADVANCED_FACE('',(#400),#162,.F.);
#4944=ADVANCED_FACE('',(#401),#4783,.T.);
#4945=ADVANCED_FACE('',(#402,#89),#163,.F.);
#4946=ADVANCED_FACE('',(#403),#4784,.T.);
#4947=ADVANCED_FACE('',(#404),#164,.F.);
#4948=ADVANCED_FACE('',(#405),#165,.T.);
#4949=ADVANCED_FACE('',(#406),#4785,.F.);
#4950=ADVANCED_FACE('',(#407),#4786,.T.);
#4951=ADVANCED_FACE('',(#408),#166,.F.);
#4952=ADVANCED_FACE('',(#409),#167,.F.);
#4953=ADVANCED_FACE('',(#410),#168,.F.);
#4954=ADVANCED_FACE('',(#411),#169,.F.);
#4955=ADVANCED_FACE('',(#412),#170,.F.);
#4956=ADVANCED_FACE('',(#413),#171,.F.);
#4957=ADVANCED_FACE('',(#414),#172,.F.);
#4958=ADVANCED_FACE('',(#415),#173,.F.);
#4959=ADVANCED_FACE('',(#416),#174,.F.);
#4960=ADVANCED_FACE('',(#417),#175,.F.);
#4961=ADVANCED_FACE('',(#418),#176,.F.);
#4962=ADVANCED_FACE('',(#419),#177,.F.);
#4963=ADVANCED_FACE('',(#420),#178,.F.);
#4964=ADVANCED_FACE('',(#421),#179,.F.);
#4965=ADVANCED_FACE('',(#422),#180,.F.);
#4966=ADVANCED_FACE('',(#423),#181,.F.);
#4967=ADVANCED_FACE('',(#424),#182,.F.);
#4968=ADVANCED_FACE('',(#425),#183,.F.);
#4969=ADVANCED_FACE('',(#426),#184,.F.);
#4970=ADVANCED_FACE('',(#427),#185,.F.);
#4971=ADVANCED_FACE('',(#428),#186,.F.);
#4972=ADVANCED_FACE('',(#429),#187,.F.);
#4973=ADVANCED_FACE('',(#430),#188,.T.);
#4974=ADVANCED_FACE('',(#431),#189,.F.);
#4975=ADVANCED_FACE('',(#432),#4787,.F.);
#4976=ADVANCED_FACE('',(#433),#4788,.T.);
#4977=ADVANCED_FACE('',(#434),#190,.F.);
#4978=ADVANCED_FACE('',(#435),#191,.F.);
#4979=ADVANCED_FACE('',(#436),#192,.F.);
#4980=ADVANCED_FACE('',(#437),#193,.F.);
#4981=ADVANCED_FACE('',(#438),#194,.F.);
#4982=ADVANCED_FACE('',(#439),#195,.F.);
#4983=ADVANCED_FACE('',(#440),#196,.F.);
#4984=ADVANCED_FACE('',(#441),#197,.F.);
#4985=ADVANCED_FACE('',(#442),#198,.F.);
#4986=ADVANCED_FACE('',(#443),#199,.F.);
#4987=ADVANCED_FACE('',(#444),#200,.F.);
#4988=ADVANCED_FACE('',(#445),#201,.F.);
#4989=ADVANCED_FACE('',(#446,#90),#202,.F.);
#4990=ADVANCED_FACE('',(#447),#203,.F.);
#4991=ADVANCED_FACE('',(#448),#204,.F.);
#4992=ADVANCED_FACE('',(#449),#205,.F.);
#4993=ADVANCED_FACE('',(#450),#206,.F.);
#4994=ADVANCED_FACE('',(#451),#207,.F.);
#4995=ADVANCED_FACE('',(#452),#208,.F.);
#4996=ADVANCED_FACE('',(#453),#209,.F.);
#4997=ADVANCED_FACE('',(#454),#210,.F.);
#4998=ADVANCED_FACE('',(#455),#211,.F.);
#4999=ADVANCED_FACE('',(#456),#212,.F.);
#5000=ADVANCED_FACE('',(#457),#213,.F.);
#5001=ADVANCED_FACE('',(#458),#4789,.T.);
#5002=ADVANCED_FACE('',(#459),#214,.F.);
#5003=ADVANCED_FACE('',(#460),#215,.F.);
#5004=ADVANCED_FACE('',(#461),#4790,.F.);
#5005=ADVANCED_FACE('',(#462,#91),#216,.T.);
#5006=ADVANCED_FACE('',(#463,#92),#217,.T.);
#5007=ADVANCED_FACE('',(#464),#4791,.F.);
#5008=ADVANCED_FACE('',(#465,#93),#218,.T.);
#5009=ADVANCED_FACE('',(#466),#219,.F.);
#5010=ADVANCED_FACE('',(#467,#94),#220,.T.);
#5011=ADVANCED_FACE('',(#468),#221,.F.);
#5012=ADVANCED_FACE('',(#469),#222,.F.);
#5013=ADVANCED_FACE('',(#470),#223,.F.);
#5014=ADVANCED_FACE('',(#471),#224,.F.);
#5015=ADVANCED_FACE('',(#472),#225,.F.);
#5016=ADVANCED_FACE('',(#473),#226,.F.);
#5017=ADVANCED_FACE('',(#474),#227,.F.);
#5018=ADVANCED_FACE('',(#475),#228,.F.);
#5019=ADVANCED_FACE('',(#476),#229,.F.);
#5020=ADVANCED_FACE('',(#477),#230,.F.);
#5021=ADVANCED_FACE('',(#478),#4792,.F.);
#5022=ADVANCED_FACE('',(#479),#231,.F.);
#5023=ADVANCED_FACE('',(#480),#232,.F.);
#5024=ADVANCED_FACE('',(#481),#233,.F.);
#5025=ADVANCED_FACE('',(#482),#234,.F.);
#5026=ADVANCED_FACE('',(#483),#235,.F.);
#5027=ADVANCED_FACE('',(#484),#236,.F.);
#5028=ADVANCED_FACE('',(#485),#237,.F.);
#5029=ADVANCED_FACE('',(#486),#238,.F.);
#5030=ADVANCED_FACE('',(#487),#239,.F.);
#5031=ADVANCED_FACE('',(#488),#240,.F.);
#5032=ADVANCED_FACE('',(#489),#241,.F.);
#5033=ADVANCED_FACE('',(#490),#4793,.F.);
#5034=ADVANCED_FACE('',(#491),#242,.F.);
#5035=ADVANCED_FACE('',(#492),#4794,.T.);
#5036=ADVANCED_FACE('',(#493),#243,.F.);
#5037=ADVANCED_FACE('',(#494),#244,.F.);
#5038=ADVANCED_FACE('',(#495),#4795,.F.);
#5039=ADVANCED_FACE('',(#496,#95),#245,.T.);
#5040=ADVANCED_FACE('',(#497),#4796,.F.);
#5041=ADVANCED_FACE('',(#498,#96),#246,.T.);
#5042=ADVANCED_FACE('',(#499),#4797,.F.);
#5043=ADVANCED_FACE('',(#500,#97),#247,.T.);
#5044=ADVANCED_FACE('',(#501),#4798,.F.);
#5045=ADVANCED_FACE('',(#502,#98),#248,.T.);
#5046=ADVANCED_FACE('',(#503),#4799,.F.);
#5047=ADVANCED_FACE('',(#504),#4800,.F.);
#5048=ADVANCED_FACE('',(#505),#4801,.F.);
#5049=ADVANCED_FACE('',(#506),#4802,.F.);
#5050=ADVANCED_FACE('',(#507),#249,.T.);
#5051=ADVANCED_FACE('',(#508),#250,.T.);
#5052=ADVANCED_FACE('',(#509),#251,.T.);
#5053=ADVANCED_FACE('',(#510),#252,.T.);
#5054=ADVANCED_FACE('',(#511,#99,#100,#101,#102,#103,#104,#105,#106,#107,
#108,#109,#110),#253,.T.);
#5055=ADVANCED_FACE('',(#512),#254,.F.);
#5056=ADVANCED_FACE('',(#513),#4803,.F.);
#5057=ADVANCED_FACE('',(#514),#4804,.F.);
#5058=ADVANCED_FACE('',(#515),#4805,.F.);
#5059=ADVANCED_FACE('',(#516),#4806,.F.);
#5060=ADVANCED_FACE('',(#517),#255,.F.);
#5061=ADVANCED_FACE('',(#518),#256,.F.);
#5062=ADVANCED_FACE('',(#519),#257,.F.);
#5063=ADVANCED_FACE('',(#520),#258,.F.);
#5064=ADVANCED_FACE('',(#521),#4807,.F.);
#5065=ADVANCED_FACE('',(#522),#4808,.F.);
#5066=ADVANCED_FACE('',(#523),#259,.F.);
#5067=ADVANCED_FACE('',(#524),#260,.F.);
#5068=ADVANCED_FACE('',(#525),#4809,.T.);
#5069=ADVANCED_FACE('',(#526),#261,.F.);
#5070=ADVANCED_FACE('',(#527,#111,#112,#113,#114),#262,.T.);
#5071=ADVANCED_FACE('',(#528),#263,.F.);
#5072=ADVANCED_FACE('',(#529),#4810,.F.);
#5073=ADVANCED_FACE('',(#530),#264,.T.);
#5074=ADVANCED_FACE('',(#531),#4811,.F.);
#5075=ADVANCED_FACE('',(#532),#265,.T.);
#5076=ADVANCED_FACE('',(#533),#4812,.F.);
#5077=ADVANCED_FACE('',(#534),#266,.T.);
#5078=ADVANCED_FACE('',(#535),#4813,.F.);
#5079=ADVANCED_FACE('',(#536),#267,.T.);
#5080=ADVANCED_FACE('',(#537),#268,.F.);
#5081=ADVANCED_FACE('',(#538),#269,.F.);
#5082=ADVANCED_FACE('',(#539),#270,.F.);
#5083=CLOSED_SHELL('',(#4814,#4815,#4816,#4817,#4818,#4819,#4820,#4821,
#4822,#4823,#4824,#4825,#4826,#4827,#4828,#4829,#4830,#4831,#4832,#4833,
#4834,#4835,#4836,#4837,#4838,#4839,#4840,#4841,#4842,#4843,#4844,#4845,
#4846,#4847,#4848,#4849,#4850,#4851,#4852,#4853,#4854,#4855,#4856,#4857,
#4858,#4859,#4860,#4861,#4862,#4863,#4864,#4865,#4866,#4867,#4868,#4869,
#4870,#4871,#4872,#4873,#4874,#4875,#4876,#4877,#4878,#4879,#4880,#4881,
#4882,#4883,#4884,#4885,#4886,#4887,#4888,#4889,#4890,#4891,#4892,#4893,
#4894,#4895,#4896,#4897,#4898,#4899,#4900,#4901,#4902,#4903,#4904,#4905,
#4906,#4907,#4908,#4909,#4910,#4911,#4912,#4913,#4914,#4915,#4916,#4917,
#4918,#4919,#4920,#4921,#4922,#4923,#4924,#4925,#4926,#4927,#4928,#4929,
#4930,#4931,#4932,#4933,#4934,#4935,#4936,#4937,#4938,#4939,#4940,#4941,
#4942,#4943,#4944,#4945,#4946,#4947,#4948,#4949,#4950,#4951,#4952,#4953,
#4954,#4955,#4956,#4957,#4958,#4959,#4960,#4961,#4962,#4963,#4964,#4965,
#4966,#4967,#4968,#4969,#4970,#4971,#4972,#4973,#4974,#4975,#4976,#4977,
#4978,#4979,#4980,#4981,#4982,#4983,#4984,#4985,#4986,#4987,#4988,#4989,
#4990,#4991,#4992,#4993,#4994,#4995,#4996,#4997,#4998,#4999,#5000,#5001,
#5002,#5003,#5004,#5005,#5006,#5007,#5008,#5009,#5010,#5011,#5012,#5013,
#5014,#5015,#5016,#5017,#5018,#5019,#5020,#5021,#5022,#5023,#5024,#5025,
#5026,#5027,#5028,#5029,#5030,#5031,#5032,#5033,#5034,#5035,#5036,#5037,
#5038,#5039,#5040,#5041,#5042,#5043,#5044,#5045,#5046,#5047,#5048,#5049,
#5050,#5051,#5052,#5053,#5054,#5055,#5056,#5057,#5058,#5059,#5060,#5061,
#5062,#5063,#5064,#5065,#5066,#5067,#5068,#5069,#5070,#5071,#5072,#5073,
#5074,#5075,#5076,#5077,#5078,#5079,#5080,#5081,#5082));
#5084=DERIVED_UNIT_ELEMENT(#5086,1.);
#5085=DERIVED_UNIT_ELEMENT(#9094,-3.);
#5086=(
MASS_UNIT()
NAMED_UNIT(*)
SI_UNIT(.KILO.,.GRAM.)
);
#5087=DERIVED_UNIT((#5084,#5085));
#5088=MEASURE_REPRESENTATION_ITEM('density measure',
POSITIVE_RATIO_MEASURE(7850.),#5087);
#5089=PROPERTY_DEFINITION_REPRESENTATION(#5094,#5091);
#5090=PROPERTY_DEFINITION_REPRESENTATION(#5095,#5092);
#5091=REPRESENTATION('material name',(#5093),#9091);
#5092=REPRESENTATION('density',(#5088),#9091);
#5093=DESCRIPTIVE_REPRESENTATION_ITEM('Steel','Steel');
#5094=PROPERTY_DEFINITION('material property','material name',#9101);
#5095=PROPERTY_DEFINITION('material property','density of part',#9101);
#5096=AXIS2_PLACEMENT_3D('',#7043,#5597,#5598);
#5097=AXIS2_PLACEMENT_3D('',#7044,#5599,#5600);
#5098=AXIS2_PLACEMENT_3D('',#7049,#5602,#5603);
#5099=AXIS2_PLACEMENT_3D('',#7053,#5605,#5606);
#5100=AXIS2_PLACEMENT_3D('',#7065,#5607,#5608);
#5101=AXIS2_PLACEMENT_3D('',#7066,#5609,#5610);
#5102=AXIS2_PLACEMENT_3D('',#7070,#5612,#5613);
#5103=AXIS2_PLACEMENT_3D('',#7073,#5615,#5616);
#5104=AXIS2_PLACEMENT_3D('',#7074,#5617,#5618);
#5105=AXIS2_PLACEMENT_3D('',#7078,#5620,#5621);
#5106=AXIS2_PLACEMENT_3D('',#7086,#5625,#5626);
#5107=AXIS2_PLACEMENT_3D('',#7096,#5631,#5632);
#5108=AXIS2_PLACEMENT_3D('',#7100,#5634,#5635);
#5109=AXIS2_PLACEMENT_3D('',#7104,#5637,#5638);
#5110=AXIS2_PLACEMENT_3D('',#7108,#5640,#5641);
#5111=AXIS2_PLACEMENT_3D('',#7132,#5653,#5654);
#5112=AXIS2_PLACEMENT_3D('',#7140,#5658,#5659);
#5113=AXIS2_PLACEMENT_3D('',#7154,#5666,#5667);
#5114=AXIS2_PLACEMENT_3D('',#7188,#5684,#5685);
#5115=AXIS2_PLACEMENT_3D('',#7199,#5691,#5692);
#5116=AXIS2_PLACEMENT_3D('',#7206,#5695,#5696);
#5117=AXIS2_PLACEMENT_3D('',#7222,#5704,#5705);
#5118=AXIS2_PLACEMENT_3D('',#7232,#5710,#5711);
#5119=AXIS2_PLACEMENT_3D('',#7248,#5719,#5720);
#5120=AXIS2_PLACEMENT_3D('',#7253,#5723,#5724);
#5121=AXIS2_PLACEMENT_3D('',#7260,#5727,#5728);
#5122=AXIS2_PLACEMENT_3D('',#7278,#5737,#5738);
#5123=AXIS2_PLACEMENT_3D('',#7286,#5742,#5743);
#5124=AXIS2_PLACEMENT_3D('',#7289,#5745,#5746);
#5125=AXIS2_PLACEMENT_3D('',#7290,#5747,#5748);
#5126=AXIS2_PLACEMENT_3D('',#7294,#5750,#5751);
#5127=AXIS2_PLACEMENT_3D('',#7296,#5752,#5753);
#5128=AXIS2_PLACEMENT_3D('',#7308,#5754,#5755);
#5129=AXIS2_PLACEMENT_3D('',#7309,#5756,#5757);
#5130=AXIS2_PLACEMENT_3D('',#7311,#5758,#5759);
#5131=AXIS2_PLACEMENT_3D('',#7314,#5761,#5762);
#5132=AXIS2_PLACEMENT_3D('',#7315,#5763,#5764);
#5133=AXIS2_PLACEMENT_3D('',#7321,#5768,#5769);
#5134=AXIS2_PLACEMENT_3D('',#7323,#5770,#5771);
#5135=AXIS2_PLACEMENT_3D('',#7325,#5773,#5774);
#5136=AXIS2_PLACEMENT_3D('',#7342,#5775,#5776);
#5137=AXIS2_PLACEMENT_3D('',#7345,#5778,#5779);
#5138=AXIS2_PLACEMENT_3D('',#7346,#5780,#5781);
#5139=AXIS2_PLACEMENT_3D('',#7347,#5782,#5783);
#5140=AXIS2_PLACEMENT_3D('',#7356,#5784,#5785);
#5141=AXIS2_PLACEMENT_3D('',#7358,#5786,#5787);
#5142=AXIS2_PLACEMENT_3D('',#7373,#5789,#5790);
#5143=AXIS2_PLACEMENT_3D('',#7375,#5792,#5793);
#5144=AXIS2_PLACEMENT_3D('',#7377,#5794,#5795);
#5145=AXIS2_PLACEMENT_3D('',#7379,#5797,#5798);
#5146=AXIS2_PLACEMENT_3D('',#7401,#5799,#5800);
#5147=AXIS2_PLACEMENT_3D('',#7405,#5802,#5803);
#5148=AXIS2_PLACEMENT_3D('',#7406,#5804,#5805);
#5149=AXIS2_PLACEMENT_3D('',#7407,#5806,#5807);
#5150=AXIS2_PLACEMENT_3D('',#7408,#5808,#5809);
#5151=AXIS2_PLACEMENT_3D('',#7412,#5811,#5812);
#5152=AXIS2_PLACEMENT_3D('',#7416,#5814,#5815);
#5153=AXIS2_PLACEMENT_3D('',#7418,#5817,#5818);
#5154=AXIS2_PLACEMENT_3D('',#7420,#5819,#5820);
#5155=AXIS2_PLACEMENT_3D('',#7422,#5822,#5823);
#5156=AXIS2_PLACEMENT_3D('',#7436,#5824,#5825);
#5157=AXIS2_PLACEMENT_3D('',#7442,#5826,#5827);
#5158=AXIS2_PLACEMENT_3D('',#7443,#5828,#5829);
#5159=AXIS2_PLACEMENT_3D('',#7444,#5830,#5831);
#5160=AXIS2_PLACEMENT_3D('',#7459,#5839,#5840);
#5161=AXIS2_PLACEMENT_3D('',#7463,#5842,#5843);
#5162=AXIS2_PLACEMENT_3D('',#7469,#5846,#5847);
#5163=AXIS2_PLACEMENT_3D('',#7471,#5848,#5849);
#5164=AXIS2_PLACEMENT_3D('',#7474,#5851,#5852);
#5165=AXIS2_PLACEMENT_3D('',#7480,#5855,#5856);
#5166=AXIS2_PLACEMENT_3D('',#7484,#5858,#5859);
#5167=AXIS2_PLACEMENT_3D('',#7495,#5865,#5866);
#5168=AXIS2_PLACEMENT_3D('',#7504,#5870,#5871);
#5169=AXIS2_PLACEMENT_3D('',#7518,#5878,#5879);
#5170=AXIS2_PLACEMENT_3D('',#7523,#5882,#5883);
#5171=AXIS2_PLACEMENT_3D('',#7532,#5887,#5888);
#5172=AXIS2_PLACEMENT_3D('',#7548,#5896,#5897);
#5173=AXIS2_PLACEMENT_3D('',#7554,#5900,#5901);
#5174=AXIS2_PLACEMENT_3D('',#7558,#5903,#5904);
#5175=AXIS2_PLACEMENT_3D('',#7574,#5912,#5913);
#5176=AXIS2_PLACEMENT_3D('',#7580,#5916,#5917);
#5177=AXIS2_PLACEMENT_3D('',#7592,#5923,#5924);
#5178=AXIS2_PLACEMENT_3D('',#7626,#5941,#5942);
#5179=AXIS2_PLACEMENT_3D('',#7640,#5949,#5950);
#5180=AXIS2_PLACEMENT_3D('',#7648,#5954,#5955);
#5181=AXIS2_PLACEMENT_3D('',#7668,#5966,#5967);
#5182=AXIS2_PLACEMENT_3D('',#7681,#5968,#5969);
#5183=AXIS2_PLACEMENT_3D('',#7683,#5970,#5971);
#5184=AXIS2_PLACEMENT_3D('',#7687,#5972,#5973);
#5185=AXIS2_PLACEMENT_3D('',#7690,#5976,#5977);
#5186=AXIS2_PLACEMENT_3D('',#7692,#5979,#5980);
#5187=AXIS2_PLACEMENT_3D('',#7695,#5983,#5984);
#5188=AXIS2_PLACEMENT_3D('',#7701,#5988,#5989);
#5189=AXIS2_PLACEMENT_3D('',#7704,#5992,#5993);
#5190=AXIS2_PLACEMENT_3D('',#7706,#5995,#5996);
#5191=AXIS2_PLACEMENT_3D('',#7709,#5999,#6000);
#5192=AXIS2_PLACEMENT_3D('',#7711,#6002,#6003);
#5193=AXIS2_PLACEMENT_3D('',#7714,#6006,#6007);
#5194=AXIS2_PLACEMENT_3D('',#7716,#6009,#6010);
#5195=AXIS2_PLACEMENT_3D('',#7719,#6013,#6014);
#5196=AXIS2_PLACEMENT_3D('',#7721,#6016,#6017);
#5197=AXIS2_PLACEMENT_3D('',#7724,#6020,#6021);
#5198=AXIS2_PLACEMENT_3D('',#7726,#6023,#6024);
#5199=AXIS2_PLACEMENT_3D('',#7729,#6027,#6028);
#5200=AXIS2_PLACEMENT_3D('',#7731,#6030,#6031);
#5201=AXIS2_PLACEMENT_3D('',#7734,#6034,#6035);
#5202=AXIS2_PLACEMENT_3D('',#7736,#6037,#6038);
#5203=AXIS2_PLACEMENT_3D('',#7739,#6041,#6042);
#5204=AXIS2_PLACEMENT_3D('',#7741,#6044,#6045);
#5205=AXIS2_PLACEMENT_3D('',#7744,#6048,#6049);
#5206=AXIS2_PLACEMENT_3D('',#7746,#6051,#6052);
#5207=AXIS2_PLACEMENT_3D('',#7749,#6055,#6056);
#5208=AXIS2_PLACEMENT_3D('',#7751,#6058,#6059);
#5209=AXIS2_PLACEMENT_3D('',#7754,#6062,#6063);
#5210=AXIS2_PLACEMENT_3D('',#7755,#6064,#6065);
#5211=AXIS2_PLACEMENT_3D('',#7757,#6067,#6068);
#5212=AXIS2_PLACEMENT_3D('',#7759,#6070,#6071);
#5213=AXIS2_PLACEMENT_3D('',#7762,#6074,#6075);
#5214=AXIS2_PLACEMENT_3D('',#7764,#6077,#6078);
#5215=AXIS2_PLACEMENT_3D('',#7767,#6081,#6082);
#5216=AXIS2_PLACEMENT_3D('',#7769,#6084,#6085);
#5217=AXIS2_PLACEMENT_3D('',#7772,#6088,#6089);
#5218=AXIS2_PLACEMENT_3D('',#7806,#6091,#6092);
#5219=AXIS2_PLACEMENT_3D('',#7814,#6093,#6094);
#5220=AXIS2_PLACEMENT_3D('',#7820,#6095,#6096);
#5221=AXIS2_PLACEMENT_3D('',#7828,#6097,#6098);
#5222=AXIS2_PLACEMENT_3D('',#7829,#6099,#6100);
#5223=AXIS2_PLACEMENT_3D('',#7830,#6101,#6102);
#5224=AXIS2_PLACEMENT_3D('',#7909,#6103,#6104);
#5225=AXIS2_PLACEMENT_3D('',#7910,#6105,#6106);
#5226=AXIS2_PLACEMENT_3D('',#7911,#6107,#6108);
#5227=AXIS2_PLACEMENT_3D('',#7915,#6110,#6111);
#5228=AXIS2_PLACEMENT_3D('',#7919,#6113,#6114);
#5229=AXIS2_PLACEMENT_3D('',#7921,#6116,#6117);
#5230=AXIS2_PLACEMENT_3D('',#7924,#6119,#6120);
#5231=AXIS2_PLACEMENT_3D('',#7925,#6121,#6122);
#5232=AXIS2_PLACEMENT_3D('',#7928,#6124,#6125);
#5233=AXIS2_PLACEMENT_3D('',#7929,#6126,#6127);
#5234=AXIS2_PLACEMENT_3D('',#7932,#6128,#6129);
#5235=AXIS2_PLACEMENT_3D('',#7933,#6130,#6131);
#5236=AXIS2_PLACEMENT_3D('',#7938,#6134,#6135);
#5237=AXIS2_PLACEMENT_3D('',#7941,#6137,#6138);
#5238=AXIS2_PLACEMENT_3D('',#7942,#6139,#6140);
#5239=AXIS2_PLACEMENT_3D('',#7944,#6141,#6142);
#5240=AXIS2_PLACEMENT_3D('',#7945,#6143,#6144);
#5241=AXIS2_PLACEMENT_3D('',#8012,#6145,#6146);
#5242=AXIS2_PLACEMENT_3D('',#8014,#6147,#6148);
#5243=AXIS2_PLACEMENT_3D('',#8015,#6149,#6150);
#5244=AXIS2_PLACEMENT_3D('',#8016,#6151,#6152);
#5245=AXIS2_PLACEMENT_3D('',#8017,#6153,#6154);
#5246=AXIS2_PLACEMENT_3D('',#8019,#6155,#6156);
#5247=AXIS2_PLACEMENT_3D('',#8030,#6159,#6160);
#5248=AXIS2_PLACEMENT_3D('',#8031,#6161,#6162);
#5249=AXIS2_PLACEMENT_3D('',#8032,#6163,#6164);
#5250=AXIS2_PLACEMENT_3D('',#8034,#6166,#6167);
#5251=AXIS2_PLACEMENT_3D('',#8036,#6168,#6169);
#5252=AXIS2_PLACEMENT_3D('',#8049,#6170,#6171);
#5253=AXIS2_PLACEMENT_3D('',#8050,#6172,#6173);
#5254=AXIS2_PLACEMENT_3D('',#8054,#6175,#6176);
#5255=AXIS2_PLACEMENT_3D('',#8065,#6179,#6180);
#5256=AXIS2_PLACEMENT_3D('',#8066,#6181,#6182);
#5257=AXIS2_PLACEMENT_3D('',#8067,#6183,#6184);
#5258=AXIS2_PLACEMENT_3D('',#8069,#6186,#6187);
#5259=AXIS2_PLACEMENT_3D('',#8071,#6188,#6189);
#5260=AXIS2_PLACEMENT_3D('',#8076,#6190,#6191);
#5261=AXIS2_PLACEMENT_3D('',#8079,#6192,#6193);
#5262=AXIS2_PLACEMENT_3D('',#8080,#6194,#6195);
#5263=AXIS2_PLACEMENT_3D('',#8085,#6198,#6199);
#5264=AXIS2_PLACEMENT_3D('',#8087,#6201,#6202);
#5265=AXIS2_PLACEMENT_3D('',#8089,#6203,#6204);
#5266=AXIS2_PLACEMENT_3D('',#8090,#6205,#6206);
#5267=AXIS2_PLACEMENT_3D('',#8091,#6207,#6208);
#5268=AXIS2_PLACEMENT_3D('',#8092,#6209,#6210);
#5269=AXIS2_PLACEMENT_3D('',#8094,#6211,#6212);
#5270=AXIS2_PLACEMENT_3D('',#8095,#6213,#6214);
#5271=AXIS2_PLACEMENT_3D('',#8096,#6215,#6216);
#5272=AXIS2_PLACEMENT_3D('',#8097,#6217,#6218);
#5273=AXIS2_PLACEMENT_3D('',#8099,#6219,#6220);
#5274=AXIS2_PLACEMENT_3D('',#8101,#6221,#6222);
#5275=AXIS2_PLACEMENT_3D('',#8103,#6223,#6224);
#5276=AXIS2_PLACEMENT_3D('',#8104,#6225,#6226);
#5277=AXIS2_PLACEMENT_3D('',#8105,#6227,#6228);
#5278=AXIS2_PLACEMENT_3D('',#8109,#6230,#6231);
#5279=AXIS2_PLACEMENT_3D('',#8111,#6232,#6233);
#5280=AXIS2_PLACEMENT_3D('',#8115,#6235,#6236);
#5281=AXIS2_PLACEMENT_3D('',#8119,#6238,#6239);
#5282=AXIS2_PLACEMENT_3D('',#8122,#6241,#6242);
#5283=AXIS2_PLACEMENT_3D('',#8123,#6243,#6244);
#5284=AXIS2_PLACEMENT_3D('',#8124,#6245,#6246);
#5285=AXIS2_PLACEMENT_3D('',#8126,#6247,#6248);
#5286=AXIS2_PLACEMENT_3D('',#8128,#6249,#6250);
#5287=AXIS2_PLACEMENT_3D('',#8130,#6251,#6252);
#5288=AXIS2_PLACEMENT_3D('',#8131,#6253,#6254);
#5289=AXIS2_PLACEMENT_3D('',#8132,#6255,#6256);
#5290=AXIS2_PLACEMENT_3D('',#8136,#6258,#6259);
#5291=AXIS2_PLACEMENT_3D('',#8138,#6260,#6261);
#5292=AXIS2_PLACEMENT_3D('',#8145,#6262,#6263);
#5293=AXIS2_PLACEMENT_3D('',#8149,#6265,#6266);
#5294=AXIS2_PLACEMENT_3D('',#8151,#6268,#6269);
#5295=AXIS2_PLACEMENT_3D('',#8152,#6270,#6271);
#5296=AXIS2_PLACEMENT_3D('',#8154,#6272,#6273);
#5297=AXIS2_PLACEMENT_3D('',#8156,#6274,#6275);
#5298=AXIS2_PLACEMENT_3D('',#8158,#6276,#6277);
#5299=AXIS2_PLACEMENT_3D('',#8159,#6278,#6279);
#5300=AXIS2_PLACEMENT_3D('',#8160,#6280,#6281);
#5301=AXIS2_PLACEMENT_3D('',#8164,#6283,#6284);
#5302=AXIS2_PLACEMENT_3D('',#8168,#6286,#6287);
#5303=AXIS2_PLACEMENT_3D('',#8171,#6289,#6290);
#5304=AXIS2_PLACEMENT_3D('',#8172,#6291,#6292);
#5305=AXIS2_PLACEMENT_3D('',#8173,#6293,#6294);
#5306=AXIS2_PLACEMENT_3D('',#8175,#6295,#6296);
#5307=AXIS2_PLACEMENT_3D('',#8177,#6297,#6298);
#5308=AXIS2_PLACEMENT_3D('',#8179,#6299,#6300);
#5309=AXIS2_PLACEMENT_3D('',#8180,#6301,#6302);
#5310=AXIS2_PLACEMENT_3D('',#8181,#6303,#6304);
#5311=AXIS2_PLACEMENT_3D('',#8185,#6306,#6307);
#5312=AXIS2_PLACEMENT_3D('',#8189,#6309,#6310);
#5313=AXIS2_PLACEMENT_3D('',#8192,#6312,#6313);
#5314=AXIS2_PLACEMENT_3D('',#8193,#6314,#6315);
#5315=AXIS2_PLACEMENT_3D('',#8194,#6316,#6317);
#5316=AXIS2_PLACEMENT_3D('',#8196,#6318,#6319);
#5317=AXIS2_PLACEMENT_3D('',#8198,#6320,#6321);
#5318=AXIS2_PLACEMENT_3D('',#8200,#6322,#6323);
#5319=AXIS2_PLACEMENT_3D('',#8201,#6324,#6325);
#5320=AXIS2_PLACEMENT_3D('',#8202,#6326,#6327);
#5321=AXIS2_PLACEMENT_3D('',#8206,#6329,#6330);
#5322=AXIS2_PLACEMENT_3D('',#8210,#6332,#6333);
#5323=AXIS2_PLACEMENT_3D('',#8213,#6335,#6336);
#5324=AXIS2_PLACEMENT_3D('',#8214,#6337,#6338);
#5325=AXIS2_PLACEMENT_3D('',#8215,#6339,#6340);
#5326=AXIS2_PLACEMENT_3D('',#8217,#6341,#6342);
#5327=AXIS2_PLACEMENT_3D('',#8219,#6343,#6344);
#5328=AXIS2_PLACEMENT_3D('',#8221,#6345,#6346);
#5329=AXIS2_PLACEMENT_3D('',#8222,#6347,#6348);
#5330=AXIS2_PLACEMENT_3D('',#8223,#6349,#6350);
#5331=AXIS2_PLACEMENT_3D('',#8227,#6352,#6353);
#5332=AXIS2_PLACEMENT_3D('',#8231,#6355,#6356);
#5333=AXIS2_PLACEMENT_3D('',#8234,#6358,#6359);
#5334=AXIS2_PLACEMENT_3D('',#8235,#6360,#6361);
#5335=AXIS2_PLACEMENT_3D('',#8236,#6362,#6363);
#5336=AXIS2_PLACEMENT_3D('',#8260,#6365,#6366);
#5337=AXIS2_PLACEMENT_3D('',#8261,#6367,#6368);
#5338=AXIS2_PLACEMENT_3D('',#8262,#6369,#6370);
#5339=AXIS2_PLACEMENT_3D('',#8293,#6373,#6374);
#5340=AXIS2_PLACEMENT_3D('',#8294,#6375,#6376);
#5341=AXIS2_PLACEMENT_3D('',#8295,#6377,#6378);
#5342=AXIS2_PLACEMENT_3D('',#8298,#6379,#6380);
#5343=AXIS2_PLACEMENT_3D('',#8302,#6382,#6383);
#5344=AXIS2_PLACEMENT_3D('',#8304,#6385,#6386);
#5345=AXIS2_PLACEMENT_3D('',#8312,#6389,#6390);
#5346=AXIS2_PLACEMENT_3D('',#8315,#6391,#6392);
#5347=AXIS2_PLACEMENT_3D('',#8318,#6395,#6396);
#5348=AXIS2_PLACEMENT_3D('',#8320,#6398,#6399);
#5349=AXIS2_PLACEMENT_3D('',#8342,#6400,#6401);
#5350=AXIS2_PLACEMENT_3D('',#8349,#6402,#6403);
#5351=AXIS2_PLACEMENT_3D('',#8354,#6405,#6406);
#5352=AXIS2_PLACEMENT_3D('',#8366,#6408,#6409);
#5353=AXIS2_PLACEMENT_3D('',#8367,#6410,#6411);
#5354=AXIS2_PLACEMENT_3D('',#8370,#6414,#6415);
#5355=AXIS2_PLACEMENT_3D('',#8383,#6423,#6424);
#5356=AXIS2_PLACEMENT_3D('',#8384,#6425,#6426);
#5357=AXIS2_PLACEMENT_3D('',#8387,#6427,#6428);
#5358=AXIS2_PLACEMENT_3D('',#8391,#6430,#6431);
#5359=AXIS2_PLACEMENT_3D('',#8393,#6433,#6434);
#5360=AXIS2_PLACEMENT_3D('',#8401,#6438,#6439);
#5361=AXIS2_PLACEMENT_3D('',#8411,#6446,#6447);
#5362=AXIS2_PLACEMENT_3D('',#8413,#6448,#6449);
#5363=AXIS2_PLACEMENT_3D('',#8415,#6450,#6451);
#5364=AXIS2_PLACEMENT_3D('',#8417,#6453,#6454);
#5365=AXIS2_PLACEMENT_3D('',#8429,#6457,#6458);
#5366=AXIS2_PLACEMENT_3D('',#8431,#6460,#6461);
#5367=AXIS2_PLACEMENT_3D('',#8440,#6462,#6463);
#5368=AXIS2_PLACEMENT_3D('',#8442,#6464,#6465);
#5369=AXIS2_PLACEMENT_3D('',#8444,#6467,#6468);
#5370=AXIS2_PLACEMENT_3D('',#8452,#6470,#6471);
#5371=AXIS2_PLACEMENT_3D('',#8464,#6473,#6474);
#5372=AXIS2_PLACEMENT_3D('',#8468,#6476,#6477);
#5373=AXIS2_PLACEMENT_3D('',#8469,#6478,#6479);
#5374=AXIS2_PLACEMENT_3D('',#8470,#6480,#6481);
#5375=AXIS2_PLACEMENT_3D('',#8478,#6483,#6484);
#5376=AXIS2_PLACEMENT_3D('',#8489,#6492,#6493);
#5377=AXIS2_PLACEMENT_3D('',#8516,#6495,#6496);
#5378=AXIS2_PLACEMENT_3D('',#8522,#6497,#6498);
#5379=AXIS2_PLACEMENT_3D('',#8523,#6499,#6500);
#5380=AXIS2_PLACEMENT_3D('',#8529,#6501,#6502);
#5381=AXIS2_PLACEMENT_3D('',#8530,#6503,#6504);
#5382=AXIS2_PLACEMENT_3D('',#8634,#6507,#6508);
#5383=AXIS2_PLACEMENT_3D('',#8664,#6509,#6510);
#5384=AXIS2_PLACEMENT_3D('',#8665,#6511,#6512);
#5385=AXIS2_PLACEMENT_3D('',#8666,#6513,#6514);
#5386=AXIS2_PLACEMENT_3D('',#8671,#6515,#6516);
#5387=AXIS2_PLACEMENT_3D('',#8672,#6517,#6518);
#5388=AXIS2_PLACEMENT_3D('',#8677,#6519,#6520);
#5389=AXIS2_PLACEMENT_3D('',#8679,#6522,#6523);
#5390=AXIS2_PLACEMENT_3D('',#8682,#6526,#6527);
#5391=AXIS2_PLACEMENT_3D('',#8692,#6528,#6529);
#5392=AXIS2_PLACEMENT_3D('',#8693,#6530,#6531);
#5393=AXIS2_PLACEMENT_3D('',#8704,#6532,#6533);
#5394=AXIS2_PLACEMENT_3D('',#8713,#6534,#6535);
#5395=AXIS2_PLACEMENT_3D('',#8723,#6536,#6537);
#5396=AXIS2_PLACEMENT_3D('',#8724,#6538,#6539);
#5397=AXIS2_PLACEMENT_3D('',#8726,#6540,#6541);
#5398=AXIS2_PLACEMENT_3D('',#8735,#6542,#6543);
#5399=AXIS2_PLACEMENT_3D('',#8736,#6544,#6545);
#5400=AXIS2_PLACEMENT_3D('',#8738,#6546,#6547);
#5401=AXIS2_PLACEMENT_3D('',#8740,#6549,#6550);
#5402=AXIS2_PLACEMENT_3D('',#8742,#6552,#6553);
#5403=AXIS2_PLACEMENT_3D('',#8744,#6555,#6556);
#5404=AXIS2_PLACEMENT_3D('',#8746,#6558,#6559);
#5405=AXIS2_PLACEMENT_3D('',#8747,#6560,#6561);
#5406=AXIS2_PLACEMENT_3D('',#8749,#6563,#6564);
#5407=AXIS2_PLACEMENT_3D('',#8752,#6566,#6567);
#5408=AXIS2_PLACEMENT_3D('',#8754,#6568,#6569);
#5409=AXIS2_PLACEMENT_3D('',#8755,#6570,#6571);
#5410=AXIS2_PLACEMENT_3D('',#8758,#6574,#6575);
#5411=AXIS2_PLACEMENT_3D('',#8759,#6576,#6577);
#5412=AXIS2_PLACEMENT_3D('',#8761,#6578,#6579);
#5413=AXIS2_PLACEMENT_3D('',#8762,#6580,#6581);
#5414=AXIS2_PLACEMENT_3D('',#8764,#6583,#6584);
#5415=AXIS2_PLACEMENT_3D('',#8766,#6586,#6587);
#5416=AXIS2_PLACEMENT_3D('',#8769,#6590,#6591);
#5417=AXIS2_PLACEMENT_3D('',#8771,#6593,#6594);
#5418=AXIS2_PLACEMENT_3D('',#8774,#6597,#6598);
#5419=AXIS2_PLACEMENT_3D('',#8776,#6600,#6601);
#5420=AXIS2_PLACEMENT_3D('',#8778,#6603,#6604);
#5421=AXIS2_PLACEMENT_3D('',#8780,#6606,#6607);
#5422=AXIS2_PLACEMENT_3D('',#8782,#6609,#6610);
#5423=AXIS2_PLACEMENT_3D('',#8785,#6613,#6614);
#5424=AXIS2_PLACEMENT_3D('',#8786,#6615,#6616);
#5425=AXIS2_PLACEMENT_3D('',#8789,#6619,#6620);
#5426=AXIS2_PLACEMENT_3D('',#8791,#6622,#6623);
#5427=AXIS2_PLACEMENT_3D('',#8792,#6624,#6625);
#5428=AXIS2_PLACEMENT_3D('',#8794,#6627,#6628);
#5429=AXIS2_PLACEMENT_3D('',#8795,#6629,#6630);
#5430=AXIS2_PLACEMENT_3D('',#8797,#6632,#6633);
#5431=AXIS2_PLACEMENT_3D('',#8798,#6634,#6635);
#5432=AXIS2_PLACEMENT_3D('',#8799,#6636,#6637);
#5433=AXIS2_PLACEMENT_3D('',#8801,#6639,#6640);
#5434=AXIS2_PLACEMENT_3D('',#8802,#6641,#6642);
#5435=AXIS2_PLACEMENT_3D('',#8803,#6643,#6644);
#5436=AXIS2_PLACEMENT_3D('',#8805,#6646,#6647);
#5437=AXIS2_PLACEMENT_3D('',#8806,#6648,#6649);
#5438=AXIS2_PLACEMENT_3D('',#8808,#6650,#6651);
#5439=AXIS2_PLACEMENT_3D('',#8809,#6652,#6653);
#5440=AXIS2_PLACEMENT_3D('',#8811,#6654,#6655);
#5441=AXIS2_PLACEMENT_3D('',#8813,#6657,#6658);
#5442=AXIS2_PLACEMENT_3D('',#8816,#6660,#6661);
#5443=AXIS2_PLACEMENT_3D('',#8817,#6662,#6663);
#5444=AXIS2_PLACEMENT_3D('',#8819,#6664,#6665);
#5445=AXIS2_PLACEMENT_3D('',#8821,#6667,#6668);
#5446=AXIS2_PLACEMENT_3D('',#8823,#6670,#6671);
#5447=AXIS2_PLACEMENT_3D('',#8826,#6674,#6675);
#5448=AXIS2_PLACEMENT_3D('',#8828,#6677,#6678);
#5449=AXIS2_PLACEMENT_3D('',#8831,#6681,#6682);
#5450=AXIS2_PLACEMENT_3D('',#8833,#6684,#6685);
#5451=AXIS2_PLACEMENT_3D('',#8836,#6688,#6689);
#5452=AXIS2_PLACEMENT_3D('',#8837,#6690,#6691);
#5453=AXIS2_PLACEMENT_3D('',#8839,#6693,#6694);
#5454=AXIS2_PLACEMENT_3D('',#8841,#6696,#6697);
#5455=AXIS2_PLACEMENT_3D('',#8843,#6699,#6700);
#5456=AXIS2_PLACEMENT_3D('',#8846,#6703,#6704);
#5457=AXIS2_PLACEMENT_3D('',#8848,#6706,#6707);
#5458=AXIS2_PLACEMENT_3D('',#8849,#6708,#6709);
#5459=AXIS2_PLACEMENT_3D('',#8851,#6711,#6712);
#5460=AXIS2_PLACEMENT_3D('',#8852,#6713,#6714);
#5461=AXIS2_PLACEMENT_3D('',#8854,#6716,#6717);
#5462=AXIS2_PLACEMENT_3D('',#8855,#6718,#6719);
#5463=AXIS2_PLACEMENT_3D('',#8856,#6720,#6721);
#5464=AXIS2_PLACEMENT_3D('',#8858,#6723,#6724);
#5465=AXIS2_PLACEMENT_3D('',#8859,#6725,#6726);
#5466=AXIS2_PLACEMENT_3D('',#8860,#6727,#6728);
#5467=AXIS2_PLACEMENT_3D('',#8862,#6730,#6731);
#5468=AXIS2_PLACEMENT_3D('',#8863,#6732,#6733);
#5469=AXIS2_PLACEMENT_3D('',#8865,#6735,#6736);
#5470=AXIS2_PLACEMENT_3D('',#8867,#6737,#6738);
#5471=AXIS2_PLACEMENT_3D('',#8870,#6741,#6742);
#5472=AXIS2_PLACEMENT_3D('',#8872,#6743,#6744);
#5473=AXIS2_PLACEMENT_3D('',#8873,#6745,#6746);
#5474=AXIS2_PLACEMENT_3D('',#8875,#6747,#6748);
#5475=AXIS2_PLACEMENT_3D('',#8876,#6749,#6750);
#5476=AXIS2_PLACEMENT_3D('',#8878,#6751,#6752);
#5477=AXIS2_PLACEMENT_3D('',#8881,#6754,#6755);
#5478=AXIS2_PLACEMENT_3D('',#8882,#6756,#6757);
#5479=AXIS2_PLACEMENT_3D('',#8883,#6758,#6759);
#5480=AXIS2_PLACEMENT_3D('',#8885,#6760,#6761);
#5481=AXIS2_PLACEMENT_3D('',#8887,#6762,#6763);
#5482=AXIS2_PLACEMENT_3D('',#8888,#6764,#6765);
#5483=AXIS2_PLACEMENT_3D('',#8890,#6766,#6767);
#5484=AXIS2_PLACEMENT_3D('',#8893,#6769,#6770);
#5485=AXIS2_PLACEMENT_3D('',#8894,#6771,#6772);
#5486=AXIS2_PLACEMENT_3D('',#8895,#6773,#6774);
#5487=AXIS2_PLACEMENT_3D('',#8896,#6775,#6776);
#5488=AXIS2_PLACEMENT_3D('',#8898,#6777,#6778);
#5489=AXIS2_PLACEMENT_3D('',#8899,#6779,#6780);
#5490=AXIS2_PLACEMENT_3D('',#8900,#6781,#6782);
#5491=AXIS2_PLACEMENT_3D('',#8902,#6784,#6785);
#5492=AXIS2_PLACEMENT_3D('',#8903,#6786,#6787);
#5493=AXIS2_PLACEMENT_3D('',#8905,#6789,#6790);
#5494=AXIS2_PLACEMENT_3D('',#8907,#6792,#6793);
#5495=AXIS2_PLACEMENT_3D('',#8908,#6794,#6795);
#5496=AXIS2_PLACEMENT_3D('',#8911,#6798,#6799);
#5497=AXIS2_PLACEMENT_3D('',#8913,#6801,#6802);
#5498=AXIS2_PLACEMENT_3D('',#8915,#6804,#6805);
#5499=AXIS2_PLACEMENT_3D('',#8916,#6806,#6807);
#5500=AXIS2_PLACEMENT_3D('',#8918,#6809,#6810);
#5501=AXIS2_PLACEMENT_3D('',#8919,#6811,#6812);
#5502=AXIS2_PLACEMENT_3D('',#8921,#6814,#6815);
#5503=AXIS2_PLACEMENT_3D('',#8923,#6817,#6818);
#5504=AXIS2_PLACEMENT_3D('',#8924,#6819,#6820);
#5505=AXIS2_PLACEMENT_3D('',#8927,#6823,#6824);
#5506=AXIS2_PLACEMENT_3D('',#8929,#6826,#6827);
#5507=AXIS2_PLACEMENT_3D('',#8931,#6829,#6830);
#5508=AXIS2_PLACEMENT_3D('',#8932,#6831,#6832);
#5509=AXIS2_PLACEMENT_3D('',#8934,#6834,#6835);
#5510=AXIS2_PLACEMENT_3D('',#8935,#6836,#6837);
#5511=AXIS2_PLACEMENT_3D('',#8936,#6838,#6839);
#5512=AXIS2_PLACEMENT_3D('',#8938,#6841,#6842);
#5513=AXIS2_PLACEMENT_3D('',#8940,#6844,#6845);
#5514=AXIS2_PLACEMENT_3D('',#8942,#6847,#6848);
#5515=AXIS2_PLACEMENT_3D('',#8944,#6850,#6851);
#5516=AXIS2_PLACEMENT_3D('',#8945,#6852,#6853);
#5517=AXIS2_PLACEMENT_3D('',#8947,#6854,#6855);
#5518=AXIS2_PLACEMENT_3D('',#8950,#6857,#6858);
#5519=AXIS2_PLACEMENT_3D('',#8951,#6859,#6860);
#5520=AXIS2_PLACEMENT_3D('',#8953,#6861,#6862);
#5521=AXIS2_PLACEMENT_3D('',#8954,#6863,#6864);
#5522=AXIS2_PLACEMENT_3D('',#8956,#6865,#6866);
#5523=AXIS2_PLACEMENT_3D('',#8959,#6868,#6869);
#5524=AXIS2_PLACEMENT_3D('',#8960,#6870,#6871);
#5525=AXIS2_PLACEMENT_3D('',#8962,#6872,#6873);
#5526=AXIS2_PLACEMENT_3D('',#8963,#6874,#6875);
#5527=AXIS2_PLACEMENT_3D('',#8965,#6876,#6877);
#5528=AXIS2_PLACEMENT_3D('',#8968,#6879,#6880);
#5529=AXIS2_PLACEMENT_3D('',#8969,#6881,#6882);
#5530=AXIS2_PLACEMENT_3D('',#8971,#6883,#6884);
#5531=AXIS2_PLACEMENT_3D('',#8972,#6885,#6886);
#5532=AXIS2_PLACEMENT_3D('',#8974,#6887,#6888);
#5533=AXIS2_PLACEMENT_3D('',#8977,#6890,#6891);
#5534=AXIS2_PLACEMENT_3D('',#8978,#6892,#6893);
#5535=AXIS2_PLACEMENT_3D('',#8980,#6894,#6895);
#5536=AXIS2_PLACEMENT_3D('',#8981,#6896,#6897);
#5537=AXIS2_PLACEMENT_3D('',#8983,#6898,#6899);
#5538=AXIS2_PLACEMENT_3D('',#8985,#6901,#6902);
#5539=AXIS2_PLACEMENT_3D('',#8987,#6903,#6904);
#5540=AXIS2_PLACEMENT_3D('',#8989,#6906,#6907);
#5541=AXIS2_PLACEMENT_3D('',#8991,#6908,#6909);
#5542=AXIS2_PLACEMENT_3D('',#8993,#6911,#6912);
#5543=AXIS2_PLACEMENT_3D('',#8995,#6913,#6914);
#5544=AXIS2_PLACEMENT_3D('',#8997,#6916,#6917);
#5545=AXIS2_PLACEMENT_3D('',#8999,#6918,#6919);
#5546=AXIS2_PLACEMENT_3D('',#9000,#6920,#6921);
#5547=AXIS2_PLACEMENT_3D('',#9002,#6922,#6923);
#5548=AXIS2_PLACEMENT_3D('',#9003,#6924,#6925);
#5549=AXIS2_PLACEMENT_3D('',#9005,#6926,#6927);
#5550=AXIS2_PLACEMENT_3D('',#9006,#6928,#6929);
#5551=AXIS2_PLACEMENT_3D('',#9008,#6930,#6931);
#5552=AXIS2_PLACEMENT_3D('',#9009,#6932,#6933);
#5553=AXIS2_PLACEMENT_3D('',#9011,#6935,#6936);
#5554=AXIS2_PLACEMENT_3D('',#9015,#6940,#6941);
#5555=AXIS2_PLACEMENT_3D('',#9020,#6945,#6946);
#5556=AXIS2_PLACEMENT_3D('',#9022,#6947,#6948);
#5557=AXIS2_PLACEMENT_3D('',#9024,#6949,#6950);
#5558=AXIS2_PLACEMENT_3D('',#9026,#6951,#6952);
#5559=AXIS2_PLACEMENT_3D('',#9028,#6953,#6954);
#5560=AXIS2_PLACEMENT_3D('',#9030,#6955,#6956);
#5561=AXIS2_PLACEMENT_3D('',#9032,#6957,#6958);
#5562=AXIS2_PLACEMENT_3D('',#9034,#6959,#6960);
#5563=AXIS2_PLACEMENT_3D('',#9035,#6961,#6962);
#5564=AXIS2_PLACEMENT_3D('',#9036,#6963,#6964);
#5565=AXIS2_PLACEMENT_3D('',#9038,#6966,#6967);
#5566=AXIS2_PLACEMENT_3D('',#9040,#6969,#6970);
#5567=AXIS2_PLACEMENT_3D('',#9042,#6972,#6973);
#5568=AXIS2_PLACEMENT_3D('',#9044,#6975,#6976);
#5569=AXIS2_PLACEMENT_3D('',#9045,#6977,#6978);
#5570=AXIS2_PLACEMENT_3D('',#9046,#6979,#6980);
#5571=AXIS2_PLACEMENT_3D('',#9047,#6981,#6982);
#5572=AXIS2_PLACEMENT_3D('',#9048,#6983,#6984);
#5573=AXIS2_PLACEMENT_3D('',#9049,#6985,#6986);
#5574=AXIS2_PLACEMENT_3D('',#9050,#6987,#6988);
#5575=AXIS2_PLACEMENT_3D('',#9053,#6991,#6992);
#5576=AXIS2_PLACEMENT_3D('',#9059,#6996,#6997);
#5577=AXIS2_PLACEMENT_3D('',#9060,#6998,#6999);
#5578=AXIS2_PLACEMENT_3D('',#9061,#7000,#7001);
#5579=AXIS2_PLACEMENT_3D('',#9062,#7002,#7003);
#5580=AXIS2_PLACEMENT_3D('',#9063,#7004,#7005);
#5581=AXIS2_PLACEMENT_3D('',#9064,#7006,#7007);
#5582=AXIS2_PLACEMENT_3D('',#9066,#7009,#7010);
#5583=AXIS2_PLACEMENT_3D('',#9069,#7012,#7013);
#5584=AXIS2_PLACEMENT_3D('',#9070,#7014,#7015);
#5585=AXIS2_PLACEMENT_3D('',#9071,#7016,#7017);
#5586=AXIS2_PLACEMENT_3D('',#9074,#7019,#7020);
#5587=AXIS2_PLACEMENT_3D('',#9075,#7021,#7022);
#5588=AXIS2_PLACEMENT_3D('',#9076,#7023,#7024);
#5589=AXIS2_PLACEMENT_3D('',#9079,#7026,#7027);
#5590=AXIS2_PLACEMENT_3D('',#9080,#7028,#7029);
#5591=AXIS2_PLACEMENT_3D('',#9081,#7030,#7031);
#5592=AXIS2_PLACEMENT_3D('',#9084,#7033,#7034);
#5593=AXIS2_PLACEMENT_3D('',#9085,#7035,#7036);
#5594=AXIS2_PLACEMENT_3D('',#9086,#7037,#7038);
#5595=AXIS2_PLACEMENT_3D('',#9087,#7039,#7040);
#5596=AXIS2_PLACEMENT_3D('',#9088,#7041,#7042);
#5597=DIRECTION('axis',(0.,0.,1.));
#5598=DIRECTION('refdir',(1.,0.,0.));
#5599=DIRECTION('center_axis',(-1.,0.,-8.08876775084042E-16));
#5600=DIRECTION('ref_axis',(-3.88776018848471E-16,0.876919710379085,0.480636891581016));
#5601=DIRECTION('',(-1.,0.,-8.08876775084042E-16));
#5602=DIRECTION('center_axis',(-0.707106781186547,0.,-0.707106781186548));
#5603=DIRECTION('ref_axis',(-0.707106781186548,0.,0.707106781186547));
#5604=DIRECTION('',(1.,0.,8.08876775084042E-16));
#5605=DIRECTION('center_axis',(1.,0.,8.08876775084042E-16));
#5606=DIRECTION('ref_axis',(-3.88776018848471E-16,0.876919710379085,0.480636891581016));
#5607=DIRECTION('center_axis',(0.586793804646869,0.,0.80973639588946));
#5608=DIRECTION('ref_axis',(-0.80973639588946,0.,0.586793804646869));
#5609=DIRECTION('center_axis',(8.08876775084042E-16,0.,-1.));
#5610=DIRECTION('ref_axis',(-0.499999999999998,0.86602540378444,-4.04438387542019E-16));
#5611=DIRECTION('',(-8.08876775084042E-16,0.,1.));
#5612=DIRECTION('center_axis',(-6.81850707701869E-16,0.537976356902677,
0.842959927525457));
#5613=DIRECTION('ref_axis',(4.35156580642899E-16,0.842959927525457,-0.537976356902677));
#5614=DIRECTION('',(8.08876775084042E-16,0.,-1.));
#5615=DIRECTION('center_axis',(1.07185088834172E-15,0.,-1.));
#5616=DIRECTION('ref_axis',(-0.499999999999998,0.86602540378444,-4.04438387542019E-16));
#5617=DIRECTION('center_axis',(0.,1.,0.));
#5618=DIRECTION('ref_axis',(-1.,0.,-8.08876775084042E-16));
#5619=DIRECTION('',(0.80973639588946,5.69060277634888E-31,-0.586793804646869));
#5620=DIRECTION('center_axis',(0.,1.,0.));
#5621=DIRECTION('ref_axis',(0.890728298822616,0.,0.454536134621406));
#5622=DIRECTION('',(-8.08876775084042E-16,0.,1.));
#5623=DIRECTION('',(1.,6.17157119060201E-14,8.08876775084042E-16));
#5624=DIRECTION('',(-2.67304567939865E-16,-1.73303106282951E-13,1.));
#5625=DIRECTION('center_axis',(0.,1.,0.));
#5626=DIRECTION('ref_axis',(-0.890728298822619,-3.32379103285155E-14,0.4545361346214));
#5627=DIRECTION('',(0.809736395889454,0.,0.586793804646878));
#5628=DIRECTION('',(-1.,0.,0.));
#5629=DIRECTION('',(9.86076131526265E-32,0.,1.));
#5630=DIRECTION('',(-1.,7.02772260853856E-31,2.62974113257683E-16));
#5631=DIRECTION('center_axis',(0.,1.,0.));
#5632=DIRECTION('ref_axis',(-0.382683432365091,0.,-0.923879532511286));
#5633=DIRECTION('',(-0.707106781186546,4.96935031279562E-31,0.707106781186549));
#5634=DIRECTION('center_axis',(-7.02772260853856E-31,1.,-5.68456159977989E-46));
#5635=DIRECTION('ref_axis',(-1.,-7.02772260853856E-31,-8.08876775084042E-16));
#5636=DIRECTION('',(1.,7.02772260853856E-31,8.08876775084042E-16));
#5637=DIRECTION('center_axis',(-7.02772260853856E-31,1.,-5.68456159977989E-46));
#5638=DIRECTION('ref_axis',(-1.,-7.02772260853856E-31,-8.08876775084042E-16));
#5639=DIRECTION('',(0.707106781186546,4.96935031279562E-31,0.707106781186549));
#5640=DIRECTION('center_axis',(0.,1.,0.));
#5641=DIRECTION('ref_axis',(0.382683432365091,0.,-0.923879532511286));
#5642=DIRECTION('',(1.,7.02772260853856E-31,1.07185088834172E-15));
#5643=DIRECTION('',(0.809736395888865,-5.69060277634471E-31,0.58679380464769));
#5644=DIRECTION('',(0.809736395888435,-5.69060277634169E-31,-0.586793804648283));
#5645=DIRECTION('',(-0.809736395890104,5.69060277635342E-31,-0.58679380464598));
#5646=DIRECTION('',(-0.809736395889123,5.69060277634652E-31,0.586793804647333));
#5647=DIRECTION('',(0.809736395889467,-5.69060277634894E-31,0.586793804646859));
#5648=DIRECTION('',(0.809736395889211,-5.69060277634714E-31,-0.586793804647213));
#5649=DIRECTION('',(-0.809736395889301,5.69060277634777E-31,-0.586793804647089));
#5650=DIRECTION('',(-0.80973639588999,5.69060277635261E-31,0.586793804646138));
#5651=DIRECTION('',(0.80973639589044,-5.69060277635578E-31,-0.586793804645517));
#5652=DIRECTION('',(-0.809736395889303,5.69060277634779E-31,-0.586793804647085));
#5653=DIRECTION('center_axis',(0.,1.,0.));
#5654=DIRECTION('ref_axis',(3.86908359670378E-13,0.,-1.));
#5655=DIRECTION('',(-0.809736395889752,5.69060277635094E-31,0.586793804646467));
#5656=DIRECTION('',(0.809736395889123,-5.69060277634653E-31,0.586793804647333));
#5657=DIRECTION('',(-0.809736395889591,5.69060277634981E-31,-0.586793804646688));
#5658=DIRECTION('center_axis',(0.,1.,0.));
#5659=DIRECTION('ref_axis',(2.50896041832197E-13,0.,-1.));
#5660=DIRECTION('',(-0.809736395889886,5.69060277635188E-31,0.586793804646282));
#5661=DIRECTION('',(0.809736395889735,-5.69060277635082E-31,0.58679380464649));
#5662=DIRECTION('',(0.809736395889842,-5.69060277635158E-31,-0.586793804646341));
#5663=DIRECTION('',(-0.809736395889938,5.69060277635225E-31,0.58679380464621));
#5664=DIRECTION('',(0.809736395889357,-5.69060277634817E-31,0.586793804647011));
#5665=DIRECTION('',(0.809736395889706,-5.69060277635062E-31,-0.58679380464653));
#5666=DIRECTION('center_axis',(0.,1.,0.));
#5667=DIRECTION('ref_axis',(1.,0.,1.94551272862699E-13));
#5668=DIRECTION('',(-0.809736395889485,5.69060277634907E-31,-0.586793804646834));
#5669=DIRECTION('',(0.809736395890204,-5.69060277635412E-31,-0.586793804645842));
#5670=DIRECTION('',(-0.809736395889498,5.69060277634916E-31,-0.586793804646816));
#5671=DIRECTION('',(-0.809736395890253,5.69060277635446E-31,0.586793804645774));
#5672=DIRECTION('',(0.809736395888891,-5.69060277634489E-31,0.586793804647654));
#5673=DIRECTION('',(-0.809736395888865,-5.69060277634471E-31,0.586793804647689));
#5674=DIRECTION('',(0.809736395889123,5.69060277634652E-31,0.586793804647334));
#5675=DIRECTION('',(0.809736395890105,5.69060277635342E-31,-0.586793804645979));
#5676=DIRECTION('',(-0.809736395888435,-5.69060277634169E-31,-0.586793804648283));
#5677=DIRECTION('',(-0.809736395889468,-5.69060277634894E-31,0.586793804646858));
#5678=DIRECTION('',(0.809736395889989,5.69060277635261E-31,0.586793804646139));
#5679=DIRECTION('',(0.809736395889301,5.69060277634777E-31,-0.586793804647088));
#5680=DIRECTION('',(-0.809736395889211,-5.69060277634714E-31,-0.586793804647213));
#5681=DIRECTION('',(-0.809736395890439,-5.69060277635578E-31,-0.586793804645517));
#5682=DIRECTION('',(-0.809736395889124,-5.69060277634653E-31,0.586793804647333));
#5683=DIRECTION('',(0.809736395889751,5.69060277635094E-31,0.586793804646467));
#5684=DIRECTION('center_axis',(0.,1.,0.));
#5685=DIRECTION('ref_axis',(-3.76515617872587E-13,0.,-1.));
#5686=DIRECTION('',(0.809736395889304,5.69060277634779E-31,-0.586793804647085));
#5687=DIRECTION('',(0.809736395889592,5.69060277634981E-31,-0.586793804646687));
#5688=DIRECTION('',(-0.809736395889842,-5.69060277635158E-31,-0.586793804646342));
#5689=DIRECTION('',(-0.809736395889735,-5.69060277635082E-31,0.586793804646489));
#5690=DIRECTION('',(0.809736395889885,5.69060277635188E-31,0.586793804646282));
#5691=DIRECTION('center_axis',(0.,1.,0.));
#5692=DIRECTION('ref_axis',(-2.49278288282029E-13,0.,-1.));
#5693=DIRECTION('',(0.809736395889937,5.69060277635225E-31,0.58679380464621));
#5694=DIRECTION('',(0.809736395889486,5.69060277634907E-31,-0.586793804646834));
#5695=DIRECTION('center_axis',(0.,1.,0.));
#5696=DIRECTION('ref_axis',(-1.,0.,1.92933519312531E-13));
#5697=DIRECTION('',(-0.809736395889705,-5.69060277635062E-31,-0.58679380464653));
#5698=DIRECTION('',(-0.809736395889358,-5.69060277634817E-31,0.58679380464701));
#5699=DIRECTION('',(-0.809736395890204,-5.69060277635412E-31,-0.586793804645842));
#5700=DIRECTION('',(-0.809736395888892,-5.69060277634489E-31,0.586793804647653));
#5701=DIRECTION('',(0.809736395890253,5.69060277635446E-31,0.586793804645775));
#5702=DIRECTION('',(0.809736395889499,5.69060277634916E-31,-0.586793804646816));
#5703=DIRECTION('',(-4.04438387542021E-16,2.84228079988995E-46,1.));
#5704=DIRECTION('center_axis',(0.,1.,0.));
#5705=DIRECTION('ref_axis',(0.392670288696578,0.,-0.919679316052582));
#5706=DIRECTION('',(0.722261485085266,5.07585336801036E-31,-0.691620088749905));
#5707=DIRECTION('',(-0.722261485085775,-5.07585336801394E-31,-0.691620088749374));
#5708=DIRECTION('',(-0.722261485086792,-5.07585336802108E-31,0.691620088748311));
#5709=DIRECTION('',(0.72226148508639,5.07585336801826E-31,0.691620088748731));
#5710=DIRECTION('center_axis',(0.,1.,0.));
#5711=DIRECTION('ref_axis',(-0.392670288697155,0.,-0.919679316052336));
#5712=DIRECTION('',(3.3895108941806E-13,2.3763696726923E-43,-1.));
#5713=DIRECTION('',(-0.722261485085982,-5.07585336801539E-31,-0.691620088749157));
#5714=DIRECTION('',(-0.722261485088469,-5.07585336803287E-31,0.69162008874656));
#5715=DIRECTION('',(0.722261485084553,5.07585336800536E-31,0.691620088750649));
#5716=DIRECTION('',(0.722261485087356,5.07585336802505E-31,-0.691620088747722));
#5717=DIRECTION('',(-0.722261485085316,-5.07585336801071E-31,-0.691620088749853));
#5718=DIRECTION('',(1.,7.02772260853856E-31,1.16136201184886E-12));
#5719=DIRECTION('center_axis',(0.,1.,0.));
#5720=DIRECTION('ref_axis',(-0.927971304805616,0.,-0.372651656989958));
#5721=DIRECTION('',(-0.722261485086078,-5.07585336801607E-31,-0.691620088749056));
#5722=DIRECTION('',(-0.722261485086843,-5.07585336802144E-31,0.691620088748258));
#5723=DIRECTION('center_axis',(0.,1.,0.));
#5724=DIRECTION('ref_axis',(0.927971304806258,0.,-0.372651656988361));
#5725=DIRECTION('',(-0.722261485088214,-5.07585336803108E-31,0.691620088746826));
#5726=DIRECTION('',(-1.03299908309801E-12,-7.25394644928774E-43,1.));
#5727=DIRECTION('center_axis',(0.,1.,0.));
#5728=DIRECTION('ref_axis',(0.392670288698436,0.,-0.919679316051789));
#5729=DIRECTION('',(0.722261485087356,5.07585336802505E-31,-0.691620088747722));
#5730=DIRECTION('',(-0.722261485086078,-5.07585336801607E-31,-0.691620088749056));
#5731=DIRECTION('',(-0.722261485086063,-5.07585336801596E-31,0.691620088749072));
#5732=DIRECTION('',(0.72226148508639,5.07585336801826E-31,0.691620088748731));
#5733=DIRECTION('',(0.722261485085266,5.07585336801036E-31,-0.691620088749905));
#5734=DIRECTION('',(-0.722261485087724,-5.07585336802764E-31,-0.691620088747338));
#5735=DIRECTION('',(-0.722261485086843,-5.07585336802144E-31,0.691620088748258));
#5736=DIRECTION('',(0.722261485084553,5.07585336800536E-31,0.691620088750649));
#5737=DIRECTION('center_axis',(0.,1.,0.));
#5738=DIRECTION('ref_axis',(-0.392670288695433,0.,-0.919679316053072));
#5739=DIRECTION('',(1.43459847176284E-12,1.00762755525828E-42,-1.));
#5740=DIRECTION('',(-0.722261485085775,-5.07585336801394E-31,-0.691620088749374));
#5741=DIRECTION('',(-0.722261485086792,-5.07585336802108E-31,0.691620088748311));
#5742=DIRECTION('center_axis',(0.,1.,0.));
#5743=DIRECTION('ref_axis',(0.927971304806075,0.,-0.372651656988816));
#5744=DIRECTION('',(1.,7.02772260853856E-31,2.36206368145852E-13));
#5745=DIRECTION('center_axis',(0.,1.,0.));
#5746=DIRECTION('ref_axis',(-0.927971304805702,0.,-0.372651656989746));
#5747=DIRECTION('center_axis',(-1.,0.,0.));
#5748=DIRECTION('ref_axis',(-3.88776018848471E-16,0.876919710379085,0.480636891581016));
#5749=DIRECTION('',(1.,0.,0.));
#5750=DIRECTION('center_axis',(0.707106781186547,0.,-0.707106781186548));
#5751=DIRECTION('ref_axis',(-0.707106781186548,0.,-0.707106781186547));
#5752=DIRECTION('center_axis',(-0.58679380464687,0.,0.809736395889459));
#5753=DIRECTION('ref_axis',(0.809736395889459,0.,0.58679380464687));
#5754=DIRECTION('center_axis',(-1.,0.,0.));
#5755=DIRECTION('ref_axis',(-3.88776018848471E-16,0.876919710379085,0.480636891581016));
#5756=DIRECTION('center_axis',(9.86076131526265E-32,0.,1.));
#5757=DIRECTION('ref_axis',(0.499999999999998,0.86602540378444,4.04438387542019E-16));
#5758=DIRECTION('center_axis',(0.,0.537976356902677,0.842959927525457));
#5759=DIRECTION('ref_axis',(1.54394524530364E-16,0.842959927525457,-0.537976356902677));
#5760=DIRECTION('',(-9.86076131526265E-32,0.,-1.));
#5761=DIRECTION('center_axis',(-2.62974113257683E-16,0.,-1.));
#5762=DIRECTION('ref_axis',(0.499999999999998,0.86602540378444,4.04438387542019E-16));
#5763=DIRECTION('center_axis',(0.,-0.537976356902677,-0.842959927525457));
#5764=DIRECTION('ref_axis',(5.91645678915759E-31,-0.842959927525457,0.537976356902677));
#5765=DIRECTION('',(-5.91645678915759E-31,0.842959927525457,-0.537976356902677));
#5766=DIRECTION('',(-1.,0.,0.));
#5767=DIRECTION('',(-0.437608698231199,0.757960499170514,-0.483729789169098));
#5768=DIRECTION('center_axis',(0.866025403784439,0.5,0.));
#5769=DIRECTION('ref_axis',(-9.86076131526265E-32,0.,-1.));
#5770=DIRECTION('center_axis',(0.866025403784439,0.5,0.));
#5771=DIRECTION('ref_axis',(-0.5,0.866025403784439,0.));
#5772=DIRECTION('',(0.5,-0.866025403784439,-1.31487056628842E-16));
#5773=DIRECTION('center_axis',(8.70699492322628E-30,-1.,-1.07643032800906E-14));
#5774=DIRECTION('ref_axis',(-1.,6.88267903893117E-31,-8.08876775084042E-16));
#5775=DIRECTION('center_axis',(8.59294914613792E-30,-1.,-1.18423789293268E-14));
#5776=DIRECTION('ref_axis',(-1.,9.86076131539178E-31,-8.08876775084042E-16));
#5777=DIRECTION('',(-0.76604444311897,0.642787609686549,6.39333860415644E-15));
#5778=DIRECTION('center_axis',(-8.59294914613792E-30,1.,1.18423789293268E-14));
#5779=DIRECTION('ref_axis',(-1.,0.,-8.08876775084042E-16));
#5780=DIRECTION('center_axis',(8.59294914613792E-30,-1.,-1.18423789293268E-14));
#5781=DIRECTION('ref_axis',(-1.,9.86076131539178E-31,-8.08876775084042E-16));
#5782=DIRECTION('center_axis',(8.08876775085128E-16,1.18423789293268E-14,
-1.));
#5783=DIRECTION('ref_axis',(0.707106781186515,-0.707106781186581,-1.19887774166634E-14));
#5784=DIRECTION('center_axis',(5.71962252806235E-16,-0.707106781186544,
-0.707106781186551));
#5785=DIRECTION('ref_axis',(-5.71962252806229E-16,-0.707106781186551,0.707106781186544));
#5786=DIRECTION('center_axis',(8.08876775084044E-16,-5.55111512312576E-16,
-1.));
#5787=DIRECTION('ref_axis',(0.707106781186515,-0.707106781186581,-1.19887774166634E-14));
#5788=DIRECTION('',(-8.08876775085128E-16,-1.18423789293268E-14,1.));
#5789=DIRECTION('center_axis',(-6.97854472623087E-16,-3.65124597223599E-14,
1.));
#5790=DIRECTION('ref_axis',(0.707106781186515,-0.707106781186581,-1.19887774166634E-14));
#5791=DIRECTION('',(8.08876775085128E-16,1.18423789293268E-14,-1.));
#5792=DIRECTION('center_axis',(0.,-1.,0.));
#5793=DIRECTION('ref_axis',(-1.,0.,-8.08876775084042E-16));
#5794=DIRECTION('center_axis',(-2.789186305159E-16,-1.,-1.1842378929335E-14));
#5795=DIRECTION('ref_axis',(-1.,0.,-8.08876775084042E-16));
#5796=DIRECTION('',(0.,-1.,0.));
#5797=DIRECTION('center_axis',(8.70699492322628E-30,-1.,-1.07643032800906E-14));
#5798=DIRECTION('ref_axis',(1.,-6.88267903893117E-31,8.08876775084042E-16));
#5799=DIRECTION('center_axis',(8.59294914613792E-30,-1.,-1.18423789293268E-14));
#5800=DIRECTION('ref_axis',(1.,-9.86076131539178E-31,8.08876775084042E-16));
#5801=DIRECTION('',(0.76604444311897,0.642787609686549,7.44498294654463E-15));
#5802=DIRECTION('center_axis',(-8.59294914613792E-30,1.,1.18423789293268E-14));
#5803=DIRECTION('ref_axis',(1.,0.,8.08876775084042E-16));
#5804=DIRECTION('center_axis',(-8.59294914613792E-30,1.,1.18423789293268E-14));
#5805=DIRECTION('ref_axis',(1.,0.,8.08876775084042E-16));
#5806=DIRECTION('center_axis',(8.59294914613792E-30,-1.,-1.18423789293268E-14));
#5807=DIRECTION('ref_axis',(1.,-9.86076131539178E-31,8.08876775084042E-16));
#5808=DIRECTION('center_axis',(1.,3.28692043809785E-31,6.97854472623087E-16));
#5809=DIRECTION('ref_axis',(5.71962252806247E-16,-0.707106781186529,-0.707106781186566));
#5810=DIRECTION('',(1.,3.28692043809785E-31,6.97854472623087E-16));
#5811=DIRECTION('center_axis',(0.707106781186541,9.42055475210276E-15,-0.707106781186554));
#5812=DIRECTION('ref_axis',(-0.707106781186554,7.35980840008012E-15,-0.707106781186541));
#5813=DIRECTION('',(1.,3.28692043809785E-31,6.97854472623087E-16));
#5814=DIRECTION('center_axis',(1.,2.1785329758026E-15,7.1635818969869E-16));
#5815=DIRECTION('ref_axis',(5.71962252806247E-16,-0.707106781186529,-0.707106781186566));
#5816=DIRECTION('',(1.,3.28692043809785E-31,6.97854472623087E-16));
#5817=DIRECTION('center_axis',(0.,-1.,0.));
#5818=DIRECTION('ref_axis',(-1.,0.,-8.08876775084042E-16));
#5819=DIRECTION('center_axis',(-2.789186305159E-16,-1.,-1.1842378929335E-14));
#5820=DIRECTION('ref_axis',(-1.,0.,-8.08876775084042E-16));
#5821=DIRECTION('',(0.,-1.,0.));
#5822=DIRECTION('center_axis',(1.01595722642083E-29,-1.,-1.25600988644441E-14));
#5823=DIRECTION('ref_axis',(-0.382683432365068,1.16040182671782E-14,-0.923879532511296));
#5824=DIRECTION('center_axis',(8.59294914613792E-30,-1.,-1.18423789293268E-14));
#5825=DIRECTION('ref_axis',(-1.,9.86076131539178E-31,-8.08876775084042E-16));
#5826=DIRECTION('center_axis',(-8.59294914613792E-30,1.,1.18423789293268E-14));
#5827=DIRECTION('ref_axis',(-1.,0.,-8.08876775084042E-16));
#5828=DIRECTION('center_axis',(-8.59294914613792E-30,1.,1.18423789293268E-14));
#5829=DIRECTION('ref_axis',(-1.,0.,-8.08876775084042E-16));
#5830=DIRECTION('center_axis',(8.59294914613792E-30,-1.,-1.18423789293268E-14));
#5831=DIRECTION('ref_axis',(1.,0.,7.25610048236007E-16));
#5832=DIRECTION('',(-1.,-3.28692043809785E-31,-6.97854472623087E-16));
#5833=DIRECTION('',(-8.08876775084042E-16,-1.31581988103722E-14,1.));
#5834=DIRECTION('',(-1.,-1.75162308040602E-46,-7.25610048236007E-16));
#5835=DIRECTION('',(8.08876775084042E-16,1.31581988103722E-14,-1.));
#5836=DIRECTION('',(-1.,-3.28692043809785E-31,-6.97854472623087E-16));
#5837=DIRECTION('',(1.91575133940458E-14,-1.18423789293268E-14,1.));
#5838=DIRECTION('',(7.16358189698664E-16,1.18423789293268E-14,-1.));
#5839=DIRECTION('center_axis',(8.59294914613792E-30,-1.,-1.18423789293268E-14));
#5840=DIRECTION('ref_axis',(0.890728298822616,0.,0.454536134621406));
#5841=DIRECTION('',(-0.80973639588946,-6.94903458800962E-15,0.586793804646869));
#5842=DIRECTION('center_axis',(-8.59294914613792E-30,1.,1.18423789293268E-14));
#5843=DIRECTION('ref_axis',(-0.890728298822618,0.,-0.454536134621402));
#5844=DIRECTION('',(-8.08876775084042E-16,-1.18423789293268E-14,1.));
#5845=DIRECTION('',(1.,-4.10031522934037E-30,1.07185088834172E-15));
#5846=DIRECTION('center_axis',(8.59294914613792E-30,-1.,-1.18423789293268E-14));
#5847=DIRECTION('ref_axis',(0.382683432365091,0.,-0.923879532511286));
#5848=DIRECTION('center_axis',(8.59294914613792E-30,-1.,-1.18423789293268E-14));
#5849=DIRECTION('ref_axis',(1.,-9.86076131539178E-31,8.08876775084042E-16));
#5850=DIRECTION('',(-1.,-7.02772260853856E-31,-8.08876775084042E-16));
#5851=DIRECTION('center_axis',(8.59294914613792E-30,-1.,-1.18423789293268E-14));
#5852=DIRECTION('ref_axis',(-0.382683432365091,0.,-0.923879532511286));
#5853=DIRECTION('',(1.,1.17071882439391E-29,-2.62974113257683E-16));
#5854=DIRECTION('',(0.,1.18423789293268E-14,-1.));
#5855=DIRECTION('center_axis',(-8.59294914613792E-30,1.,1.18423789293268E-14));
#5856=DIRECTION('ref_axis',(0.890728298822615,0.,-0.454536134621408));
#5857=DIRECTION('',(-0.809736395889459,6.94903458800962E-15,-0.58679380464687));
#5858=DIRECTION('center_axis',(8.59294914613792E-30,-1.,-1.18423789293268E-14));
#5859=DIRECTION('ref_axis',(-0.890728298822619,-3.32379103285155E-14,0.4545361346214));
#5860=DIRECTION('',(-8.08876775083311E-16,-1.18423789293268E-14,1.));
#5861=DIRECTION('',(1.,-9.86076131539209E-31,8.08876775084044E-16));
#5862=DIRECTION('',(4.04438387542021E-16,-2.84228079988995E-46,-1.));
#5863=DIRECTION('',(0.722261485085775,5.07585336801394E-31,0.691620088749374));
#5864=DIRECTION('',(-0.722261485085266,-5.07585336801036E-31,0.691620088749905));
#5865=DIRECTION('center_axis',(8.59294914613792E-30,-1.,-1.18423789293268E-14));
#5866=DIRECTION('ref_axis',(0.392670288696578,0.,-0.919679316052582));
#5867=DIRECTION('',(0.722261485086792,5.07585336802108E-31,-0.691620088748311));
#5868=DIRECTION('',(0.722261485085982,5.07585336801539E-31,0.691620088749157));
#5869=DIRECTION('',(-3.3895108941806E-13,-2.3763696726923E-43,1.));
#5870=DIRECTION('center_axis',(8.59294914613792E-30,-1.,-1.18423789293268E-14));
#5871=DIRECTION('ref_axis',(-0.392670288697155,0.,-0.919679316052336));
#5872=DIRECTION('',(-0.72226148508639,-5.07585336801826E-31,-0.691620088748731));
#5873=DIRECTION('',(0.722261485088469,5.07585336803287E-31,-0.69162008874656));
#5874=DIRECTION('',(0.722261485085316,5.07585336801071E-31,0.691620088749853));
#5875=DIRECTION('',(-0.722261485087356,-5.07585336802505E-31,0.691620088747722));
#5876=DIRECTION('',(-0.722261485084553,-5.07585336800536E-31,-0.691620088750649));
#5877=DIRECTION('',(-1.,-7.02772260853856E-31,-1.16136201184886E-12));
#5878=DIRECTION('center_axis',(8.59294914613792E-30,-1.,-1.18423789293268E-14));
#5879=DIRECTION('ref_axis',(0.927971304806258,0.,-0.372651656988361));
#5880=DIRECTION('',(0.722261485086843,5.07585336802144E-31,-0.691620088748258));
#5881=DIRECTION('',(0.722261485086078,5.07585336801607E-31,0.691620088749056));
#5882=DIRECTION('center_axis',(8.59294914613792E-30,-1.,-1.18423789293268E-14));
#5883=DIRECTION('ref_axis',(-0.927971304805616,0.,-0.372651656989958));
#5884=DIRECTION('',(0.722261485088214,5.07585336803108E-31,-0.691620088746826));
#5885=DIRECTION('',(0.722261485086078,5.07585336801607E-31,0.691620088749056));
#5886=DIRECTION('',(-0.722261485087356,-5.07585336802505E-31,0.691620088747722));
#5887=DIRECTION('center_axis',(8.59294914613792E-30,-1.,-1.18423789293268E-14));
#5888=DIRECTION('ref_axis',(0.392670288698436,0.,-0.919679316051789));
#5889=DIRECTION('',(1.03299908309801E-12,7.25394644928774E-43,-1.));
#5890=DIRECTION('',(0.722261485086063,5.07585336801596E-31,-0.691620088749072));
#5891=DIRECTION('',(0.722261485087724,5.07585336802764E-31,0.691620088747338));
#5892=DIRECTION('',(-0.722261485085266,-5.07585336801036E-31,0.691620088749905));
#5893=DIRECTION('',(-0.72226148508639,-5.07585336801826E-31,-0.691620088748731));
#5894=DIRECTION('',(0.722261485086843,5.07585336802144E-31,-0.691620088748258));
#5895=DIRECTION('',(-1.43459847176284E-12,-1.00762755525828E-42,1.));
#5896=DIRECTION('center_axis',(8.59294914613792E-30,-1.,-1.18423789293268E-14));
#5897=DIRECTION('ref_axis',(-0.392670288695433,0.,-0.919679316053072));
#5898=DIRECTION('',(-0.722261485084553,-5.07585336800536E-31,-0.691620088750649));
#5899=DIRECTION('',(0.722261485085775,5.07585336801394E-31,0.691620088749374));
#5900=DIRECTION('center_axis',(8.59294914613792E-30,-1.,-1.18423789293268E-14));
#5901=DIRECTION('ref_axis',(-0.927971304805702,0.,-0.372651656989746));
#5902=DIRECTION('',(-1.,-7.02772260853856E-31,-2.36206368145852E-13));
#5903=DIRECTION('center_axis',(8.59294914613792E-30,-1.,-1.18423789293268E-14));
#5904=DIRECTION('ref_axis',(0.927971304806075,0.,-0.372651656988816));
#5905=DIRECTION('',(0.722261485086792,5.07585336802108E-31,-0.691620088748311));
#5906=DIRECTION('',(0.809736395889499,6.94903458800899E-15,-0.586793804646816));
#5907=DIRECTION('',(0.809736395890253,-6.94903458799665E-15,0.586793804645775));
#5908=DIRECTION('',(-0.809736395888892,-6.94903458801891E-15,0.586793804647653));
#5909=DIRECTION('',(-0.809736395890204,6.94903458799745E-15,-0.586793804645842));
#5910=DIRECTION('',(-0.809736395889358,-6.94903458801129E-15,0.58679380464701));
#5911=DIRECTION('',(-0.809736395889705,6.94903458800559E-15,-0.58679380464653));
#5912=DIRECTION('center_axis',(8.59294914613792E-30,-1.,-1.18423789293268E-14));
#5913=DIRECTION('ref_axis',(-1.,0.,1.92933519312531E-13));
#5914=DIRECTION('',(0.809736395889486,6.9490345880092E-15,-0.586793804646834));
#5915=DIRECTION('',(0.809736395889937,-6.9490345880018E-15,0.58679380464621));
#5916=DIRECTION('center_axis',(8.59294914613792E-30,-1.,-1.18423789293268E-14));
#5917=DIRECTION('ref_axis',(-2.49278288282029E-13,0.,-1.));
#5918=DIRECTION('',(0.809736395889885,-6.94903458800266E-15,0.586793804646282));
#5919=DIRECTION('',(-0.809736395889735,-6.94903458800512E-15,0.586793804646489));
#5920=DIRECTION('',(-0.809736395889842,6.94903458800336E-15,-0.586793804646342));
#5921=DIRECTION('',(0.809736395889592,6.94903458800746E-15,-0.586793804646687));
#5922=DIRECTION('',(0.809736395889304,6.94903458801217E-15,-0.586793804647085));
#5923=DIRECTION('center_axis',(8.59294914613792E-30,-1.,-1.18423789293268E-14));
#5924=DIRECTION('ref_axis',(-3.76515617872587E-13,0.,-1.));
#5925=DIRECTION('',(0.809736395889751,-6.94903458800485E-15,0.586793804646467));
#5926=DIRECTION('',(-0.809736395889124,-6.94903458801511E-15,0.586793804647333));
#5927=DIRECTION('',(-0.809736395890439,6.9490345879936E-15,-0.586793804645517));
#5928=DIRECTION('',(-0.809736395889211,6.94903458801368E-15,-0.586793804647213));
#5929=DIRECTION('',(0.809736395889301,6.94903458801221E-15,-0.586793804647088));
#5930=DIRECTION('',(0.809736395889989,-6.94903458800096E-15,0.586793804646139));
#5931=DIRECTION('',(-0.809736395889468,-6.94903458800949E-15,0.586793804646858));
#5932=DIRECTION('',(-0.809736395888435,6.94903458802636E-15,-0.586793804648283));
#5933=DIRECTION('',(0.809736395890105,6.94903458799908E-15,-0.586793804645979));
#5934=DIRECTION('',(0.809736395889123,-6.94903458801511E-15,0.586793804647334));
#5935=DIRECTION('',(-0.809736395888866,-6.94903458801933E-15,0.586793804647689));
#5936=DIRECTION('',(-0.809736395888891,6.9490345880189E-15,-0.586793804647654));
#5937=DIRECTION('',(0.809736395890253,6.94903458799665E-15,-0.586793804645774));
#5938=DIRECTION('',(0.809736395889498,-6.94903458800898E-15,0.586793804646816));
#5939=DIRECTION('',(-0.809736395890204,-6.94903458799745E-15,0.586793804645842));
#5940=DIRECTION('',(0.809736395889485,-6.94903458800919E-15,0.586793804646834));
#5941=DIRECTION('center_axis',(8.59294914613792E-30,-1.,-1.18423789293268E-14));
#5942=DIRECTION('ref_axis',(1.,0.,1.94551272862699E-13));
#5943=DIRECTION('',(-0.809736395889706,-6.9490345880056E-15,0.58679380464653));
#5944=DIRECTION('',(-0.809736395889357,6.94903458801128E-15,-0.586793804647011));
#5945=DIRECTION('',(0.809736395889938,6.94903458800181E-15,-0.58679380464621));
#5946=DIRECTION('',(-0.809736395889842,-6.94903458800337E-15,0.586793804646341));
#5947=DIRECTION('',(-0.809736395889735,6.94903458800511E-15,-0.58679380464649));
#5948=DIRECTION('',(0.809736395889886,6.94903458800266E-15,-0.586793804646282));
#5949=DIRECTION('center_axis',(8.59294914613792E-30,-1.,-1.18423789293268E-14));
#5950=DIRECTION('ref_axis',(2.50896041832197E-13,0.,-1.));
#5951=DIRECTION('',(0.809736395889591,-6.94903458800746E-15,0.586793804646688));
#5952=DIRECTION('',(-0.809736395889123,6.9490345880151E-15,-0.586793804647333));
#5953=DIRECTION('',(0.809736395889752,6.94903458800485E-15,-0.586793804646467));
#5954=DIRECTION('center_axis',(8.59294914613792E-30,-1.,-1.18423789293268E-14));
#5955=DIRECTION('ref_axis',(3.86908359670378E-13,0.,-1.));
#5956=DIRECTION('',(0.809736395889303,-6.94903458801217E-15,0.586793804647085));
#5957=DIRECTION('',(-0.80973639589044,-6.94903458799361E-15,0.586793804645517));
#5958=DIRECTION('',(0.80973639588999,6.94903458800096E-15,-0.586793804646138));
#5959=DIRECTION('',(0.809736395889301,-6.94903458801221E-15,0.586793804647089));
#5960=DIRECTION('',(-0.809736395889211,-6.94903458801369E-15,0.586793804647213));
#5961=DIRECTION('',(-0.809736395889467,6.94903458800948E-15,-0.586793804646859));
#5962=DIRECTION('',(0.809736395889123,6.94903458801512E-15,-0.586793804647333));
#5963=DIRECTION('',(0.809736395890104,-6.94903458799907E-15,0.58679380464598));
#5964=DIRECTION('',(-0.809736395888435,-6.94903458802636E-15,0.586793804648283));
#5965=DIRECTION('',(-0.809736395888865,6.94903458801932E-15,-0.58679380464769));
#5966=DIRECTION('center_axis',(1.01595722642083E-29,-1.,-1.25600988644441E-14));
#5967=DIRECTION('ref_axis',(0.38268343236509,1.16040182671781E-14,-0.923879532511287));
#5968=DIRECTION('center_axis',(-8.59294914613792E-30,1.,1.18423789293268E-14));
#5969=DIRECTION('ref_axis',(1.,0.,8.08876775084042E-16));
#5970=DIRECTION('center_axis',(-8.59294914613792E-30,1.,1.18423789293268E-14));
#5971=DIRECTION('ref_axis',(1.,0.,8.08876775084042E-16));
#5972=DIRECTION('center_axis',(0.,-1.,0.));
#5973=DIRECTION('ref_axis',(-0.382683432365091,0.,-0.923879532511286));
#5974=DIRECTION('',(0.,-1.,0.));
#5975=DIRECTION('',(0.,1.,0.));
#5976=DIRECTION('center_axis',(-0.707106781186549,0.,-0.707106781186546));
#5977=DIRECTION('ref_axis',(-0.707106781186546,4.96935031279562E-31,0.707106781186549));
#5978=DIRECTION('',(0.,1.,0.));
#5979=DIRECTION('center_axis',(0.,-1.,0.));
#5980=DIRECTION('ref_axis',(0.382683432365091,0.,-0.923879532511286));
#5981=DIRECTION('',(0.,-1.,0.));
#5982=DIRECTION('',(0.,1.,0.));
#5983=DIRECTION('center_axis',(1.07185088834172E-15,0.,-1.));
#5984=DIRECTION('ref_axis',(-1.,-7.02772260853856E-31,-1.07185088834172E-15));
#5985=DIRECTION('',(2.36347864409251E-31,-1.,-1.16101754209167E-15));
#5986=DIRECTION('',(1.,0.,8.08876775084042E-16));
#5987=DIRECTION('',(0.5,0.866025403784439,5.35925444170862E-16));
#5988=DIRECTION('center_axis',(0.,-1.,0.));
#5989=DIRECTION('ref_axis',(-0.392670288695433,0.,-0.919679316053072));
#5990=DIRECTION('',(0.,-1.,0.));
#5991=DIRECTION('',(0.,1.,0.));
#5992=DIRECTION('center_axis',(-1.,0.,-1.43459847176284E-12));
#5993=DIRECTION('ref_axis',(-1.43459847176284E-12,-1.00762755525828E-42,
1.));
#5994=DIRECTION('',(0.,1.,0.));
#5995=DIRECTION('center_axis',(0.,-1.,0.));
#5996=DIRECTION('ref_axis',(0.392670288696578,0.,-0.919679316052582));
#5997=DIRECTION('',(0.,-1.,0.));
#5998=DIRECTION('',(0.,1.,0.));
#5999=DIRECTION('center_axis',(-0.691620088749905,0.,-0.722261485085266));
#6000=DIRECTION('ref_axis',(-0.722261485085266,-5.07585336801036E-31,0.691620088749905));
#6001=DIRECTION('',(0.,1.,0.));
#6002=DIRECTION('center_axis',(0.,-1.,0.));
#6003=DIRECTION('ref_axis',(-0.927971304805616,0.,-0.372651656989958));
#6004=DIRECTION('',(0.,-1.,0.));
#6005=DIRECTION('',(0.,1.,0.));
#6006=DIRECTION('center_axis',(-0.691620088749056,0.,0.722261485086078));
#6007=DIRECTION('ref_axis',(0.722261485086078,5.07585336801607E-31,0.691620088749056));
#6008=DIRECTION('',(0.,1.,0.));
#6009=DIRECTION('center_axis',(0.,-1.,0.));
#6010=DIRECTION('ref_axis',(0.927971304806075,0.,-0.372651656988816));
#6011=DIRECTION('',(0.,-1.,0.));
#6012=DIRECTION('',(0.,1.,0.));
#6013=DIRECTION('center_axis',(2.36206368145852E-13,0.,-1.));
#6014=DIRECTION('ref_axis',(-1.,-7.02772260853856E-31,-2.36206368145852E-13));
#6015=DIRECTION('',(0.,-1.,0.));
#6016=DIRECTION('center_axis',(0.,-1.,0.));
#6017=DIRECTION('ref_axis',(2.50896041832197E-13,0.,-1.));
#6018=DIRECTION('',(0.,-1.,0.));
#6019=DIRECTION('',(0.,1.,0.));
#6020=DIRECTION('center_axis',(-0.586793804646282,0.,-0.809736395889886));
#6021=DIRECTION('ref_axis',(-0.809736395889886,5.69060277635188E-31,0.586793804646282));
#6022=DIRECTION('',(0.,1.,0.));
#6023=DIRECTION('center_axis',(0.,-1.,0.));
#6024=DIRECTION('ref_axis',(-2.49278288282029E-13,0.,-1.));
#6025=DIRECTION('',(0.,-1.,0.));
#6026=DIRECTION('',(0.,1.,0.));
#6027=DIRECTION('center_axis',(-0.586793804646687,0.,-0.809736395889592));
#6028=DIRECTION('ref_axis',(-0.809736395889592,-5.69060277634981E-31,0.586793804646687));
#6029=DIRECTION('',(0.,1.,0.));
#6030=DIRECTION('center_axis',(0.,-1.,0.));
#6031=DIRECTION('ref_axis',(-3.76515617872587E-13,0.,-1.));
#6032=DIRECTION('',(0.,-1.,0.));
#6033=DIRECTION('',(0.,1.,0.));
#6034=DIRECTION('center_axis',(-0.586793804647085,0.,-0.809736395889304));
#6035=DIRECTION('ref_axis',(-0.809736395889304,-5.69060277634779E-31,0.586793804647085));
#6036=DIRECTION('',(0.,1.,0.));
#6037=DIRECTION('center_axis',(0.,-1.,0.));
#6038=DIRECTION('ref_axis',(3.86908359670378E-13,0.,-1.));
#6039=DIRECTION('',(0.,-1.,0.));
#6040=DIRECTION('',(0.,1.,0.));
#6041=DIRECTION('center_axis',(-0.586793804646467,0.,-0.809736395889752));
#6042=DIRECTION('ref_axis',(-0.809736395889752,5.69060277635094E-31,0.586793804646467));
#6043=DIRECTION('',(0.,1.,0.));
#6044=DIRECTION('center_axis',(0.,-1.,0.));
#6045=DIRECTION('ref_axis',(1.,0.,1.94551272862699E-13));
#6046=DIRECTION('',(0.,-1.,0.));
#6047=DIRECTION('',(0.,1.,0.));
#6048=DIRECTION('center_axis',(0.586793804646834,0.,-0.809736395889485));
#6049=DIRECTION('ref_axis',(-0.809736395889485,5.69060277634907E-31,-0.586793804646834));
#6050=DIRECTION('',(0.,1.,0.));
#6051=DIRECTION('center_axis',(0.,-1.,0.));
#6052=DIRECTION('ref_axis',(-1.,0.,1.92933519312531E-13));
#6053=DIRECTION('',(0.,-1.,0.));
#6054=DIRECTION('',(0.,1.,0.));
#6055=DIRECTION('center_axis',(-0.586793804646531,0.,0.809736395889705));
#6056=DIRECTION('ref_axis',(0.809736395889705,5.69060277635062E-31,0.58679380464653));
#6057=DIRECTION('',(0.,1.,0.));
#6058=DIRECTION('center_axis',(0.,-1.,0.));
#6059=DIRECTION('ref_axis',(0.927971304806258,0.,-0.372651656988361));
#6060=DIRECTION('',(0.,-1.,0.));
#6061=DIRECTION('',(0.,1.,0.));
#6062=DIRECTION('center_axis',(1.16136201184886E-12,0.,-1.));
#6063=DIRECTION('ref_axis',(-1.,-7.02772260853856E-31,-1.16136201184886E-12));
#6064=DIRECTION('center_axis',(0.,-1.,0.));
#6065=DIRECTION('ref_axis',(-0.927971304805702,0.,-0.372651656989746));
#6066=DIRECTION('',(0.,1.,0.));
#6067=DIRECTION('center_axis',(-0.691620088749374,0.,0.722261485085775));
#6068=DIRECTION('ref_axis',(0.722261485085775,5.07585336801394E-31,0.691620088749374));
#6069=DIRECTION('',(0.,1.,0.));
#6070=DIRECTION('center_axis',(0.,-1.,0.));
#6071=DIRECTION('ref_axis',(0.392670288698436,0.,-0.919679316051789));
#6072=DIRECTION('',(0.,-1.,0.));
#6073=DIRECTION('',(0.,1.,0.));
#6074=DIRECTION('center_axis',(-0.691620088747722,0.,-0.722261485087356));
#6075=DIRECTION('ref_axis',(-0.722261485087356,-5.07585336802505E-31,0.691620088747722));
#6076=DIRECTION('',(0.,1.,0.));
#6077=DIRECTION('center_axis',(0.,-1.,0.));
#6078=DIRECTION('ref_axis',(-0.392670288697155,0.,-0.919679316052336));
#6079=DIRECTION('',(0.,-1.,0.));
#6080=DIRECTION('',(0.,1.,0.));
#6081=DIRECTION('center_axis',(-1.,0.,-3.3895108941806E-13));
#6082=DIRECTION('ref_axis',(-3.3895108941806E-13,-2.3763696726923E-43,1.));
#6083=DIRECTION('',(0.,1.,0.));
#6084=DIRECTION('center_axis',(6.17157119060201E-14,-1.,4.47236873378327E-14));
#6085=DIRECTION('ref_axis',(-0.890728298822619,-3.32379103285155E-14,0.4545361346214));
#6086=DIRECTION('',(6.17157119060201E-14,-1.,4.47236873378327E-14));
#6087=DIRECTION('',(-6.17157119060201E-14,1.,-4.47236873378327E-14));
#6088=DIRECTION('center_axis',(-0.58679380464687,0.,0.809736395889459));
#6089=DIRECTION('ref_axis',(0.809736395889459,-5.69060277634888E-31,0.58679380464687));
#6090=DIRECTION('',(0.,1.,0.));
#6091=DIRECTION('center_axis',(0.796853180513719,0.604172995676876,-9.37296181371072E-13));
#6092=DIRECTION('ref_axis',(0.604172995676876,-0.796853180513719,4.88701504335976E-16));
#6093=DIRECTION('center_axis',(-0.788175184074065,-0.435189543332416,-0.43518954558208));
#6094=DIRECTION('ref_axis',(1.25378875634774E-9,0.707106781878829,-0.707106780494266));
#6095=DIRECTION('center_axis',(8.08876775084044E-16,-5.55111512312576E-16,
-1.));
#6096=DIRECTION('ref_axis',(-0.986987345587802,0.160797946658357,0.));
#6097=DIRECTION('center_axis',(-8.08876775084044E-16,5.55111512312576E-16,
1.));
#6098=DIRECTION('ref_axis',(-0.997777974131261,-0.0666266788795289,-7.72384960445647E-16));
#6099=DIRECTION('center_axis',(-8.08876775084044E-16,5.55111512312576E-16,
1.));
#6100=DIRECTION('ref_axis',(-0.997777974131261,-0.0666266788795289,-7.72384960445647E-16));
#6101=DIRECTION('center_axis',(8.08876775084044E-16,-5.55111512312576E-16,
-1.));
#6102=DIRECTION('ref_axis',(-0.997777974131261,-0.0666266788795289,-7.70094193492006E-16));
#6103=DIRECTION('center_axis',(5.71962252806227E-16,0.707106781186557,-0.707106781186538));
#6104=DIRECTION('ref_axis',(-5.71962252806239E-16,0.707106781186538,0.707106781186557));
#6105=DIRECTION('center_axis',(-5.37388479435192E-16,-0.747409318683668,
0.66436383882991));
#6106=DIRECTION('ref_axis',(-6.04562039364606E-16,0.66436383882991,0.747409318683668));
#6107=DIRECTION('center_axis',(8.08876775084044E-16,-5.55111512312576E-16,
-1.));
#6108=DIRECTION('ref_axis',(1.,-4.73827727805135E-46,8.08876775084044E-16));
#6109=DIRECTION('',(-1.,9.86076131539209E-31,-8.08876775084044E-16));
#6110=DIRECTION('center_axis',(8.08876775084044E-16,-5.55111512312576E-16,
-1.));
#6111=DIRECTION('ref_axis',(0.583095189484598,0.812403840463547,2.06774319490567E-17));
#6112=DIRECTION('',(-0.94741754258619,-0.319999999999913,-5.88708362565192E-16));
#6113=DIRECTION('center_axis',(8.08876775084044E-16,-5.55111512312576E-16,
-1.));
#6114=DIRECTION('ref_axis',(8.90599403945891E-14,1.,7.20385173755522E-29));
#6115=DIRECTION('',(-0.947417542586132,0.320000000000085,-9.43979730445192E-16));
#6116=DIRECTION('center_axis',(1.,-9.86076131539209E-31,8.08876775084044E-16));
#6117=DIRECTION('ref_axis',(7.47304696823877E-16,0.382683432365103,-0.923879532511281));
#6118=DIRECTION('',(-1.,9.86076131539209E-31,-8.08876775084044E-16));
#6119=DIRECTION('center_axis',(-0.849611837299273,-0.527408500046172,-6.87231283027864E-16));
#6120=DIRECTION('ref_axis',(-0.527408500046172,0.849611837299273,-5.44515814639726E-16));
#6121=DIRECTION('center_axis',(1.,-9.86076131539209E-31,8.08876775084044E-16));
#6122=DIRECTION('ref_axis',(7.47304696823877E-16,0.382683432365103,-0.923879532511281));
#6123=DIRECTION('',(1.,-9.86076131539209E-31,8.08876775084044E-16));
#6124=DIRECTION('center_axis',(1.,0.,8.08876775084042E-16));
#6125=DIRECTION('ref_axis',(8.08876775084042E-16,0.,-1.));
#6126=DIRECTION('center_axis',(8.08876775084042E-16,0.,-1.));
#6127=DIRECTION('ref_axis',(1.,-4.73827727805135E-46,8.08876775084042E-16));
#6128=DIRECTION('center_axis',(8.08876775084042E-16,0.,-1.));
#6129=DIRECTION('ref_axis',(1.,1.77635683940025E-14,8.08876775084042E-16));
#6130=DIRECTION('center_axis',(8.08876775084042E-16,0.,-1.));
#6131=DIRECTION('ref_axis',(1.,1.77635683940025E-14,8.08876775084042E-16));
#6132=DIRECTION('',(8.08876775084042E-16,0.,-1.));
#6133=DIRECTION('',(-8.08876775084042E-16,0.,1.));
#6134=DIRECTION('center_axis',(8.08876775084044E-16,-5.55111512312576E-16,
-1.));
#6135=DIRECTION('ref_axis',(1.,-4.73827727805135E-46,8.08876775084044E-16));
#6136=DIRECTION('',(-8.08876775084042E-16,0.,1.));
#6137=DIRECTION('center_axis',(-8.08876775084044E-16,5.55111512312576E-16,
1.));
#6138=DIRECTION('ref_axis',(1.,-4.73827727805135E-46,8.08876775084042E-16));
#6139=DIRECTION('center_axis',(0.00206226689142851,-0.999985113741893,0.00505166802957998));
#6140=DIRECTION('ref_axis',(-0.377948173122771,-0.00545639941833548,-0.925810675105093));
#6141=DIRECTION('center_axis',(0.588382307832401,-0.571754431478149,-0.571754431478162));
#6142=DIRECTION('ref_axis',(-0.696900464235515,-0.717167862462007,-5.63706600065395E-16));
#6143=DIRECTION('center_axis',(-0.717167862462009,0.696900464235513,-9.66957898415299E-16));
#6144=DIRECTION('ref_axis',(-0.696900464235513,-0.717167862462009,-5.63706600065393E-16));
#6145=DIRECTION('center_axis',(5.71962252806227E-16,0.707106781186557,-0.707106781186538));
#6146=DIRECTION('ref_axis',(-5.71962252806239E-16,0.707106781186538,0.707106781186557));
#6147=DIRECTION('center_axis',(0.588382307832391,0.571754431478153,0.571754431478168));
#6148=DIRECTION('ref_axis',(0.696900464235515,-0.717167862462007,1.83272749940678E-14));
#6149=DIRECTION('center_axis',(-5.05301315476786E-16,-0.780868809443039,
0.624695047554414));
#6150=DIRECTION('ref_axis',(-6.31626644346E-16,0.624695047554414,0.780868809443039));
#6151=DIRECTION('center_axis',(5.71962252806227E-16,0.707106781186557,-0.707106781186538));
#6152=DIRECTION('ref_axis',(-5.71962252806239E-16,0.707106781186538,0.707106781186557));
#6153=DIRECTION('center_axis',(1.,-9.86076131539209E-31,8.08876775084044E-16));
#6154=DIRECTION('ref_axis',(7.47304696823877E-16,0.382683432365103,-0.923879532511281));
#6155=DIRECTION('center_axis',(-1.,0.,-8.08876775084042E-16));
#6156=DIRECTION('ref_axis',(5.71962252806224E-16,0.707106781186556,-0.707106781186539));
#6157=DIRECTION('',(1.,-9.86076131539209E-31,8.08876775084044E-16));
#6158=DIRECTION('',(-1.,9.86076131539209E-31,-8.08876775084044E-16));
#6159=DIRECTION('center_axis',(-0.0020622668914214,-0.999985113741894,0.00505166802955156));
#6160=DIRECTION('ref_axis',(0.377948173122771,-0.00545639941833548,-0.925810675105093));
#6161=DIRECTION('center_axis',(0.717167862462005,0.696900464235517,1.9324295714907E-16));
#6162=DIRECTION('ref_axis',(0.696900464235517,-0.717167862462005,5.63706600065396E-16));
#6163=DIRECTION('center_axis',(8.08876775084044E-16,-5.55111512312576E-16,
-1.));
#6164=DIRECTION('ref_axis',(1.,-4.73827727805135E-46,8.08876775084044E-16));
#6165=DIRECTION('',(0.527408500046172,-0.849611837299273,8.98237798551132E-16));
#6166=DIRECTION('center_axis',(8.08876775084044E-16,-5.55111512312576E-16,
-1.));
#6167=DIRECTION('ref_axis',(1.,0.,0.));
#6168=DIRECTION('center_axis',(8.08876775084044E-16,-5.55111512312576E-16,
-1.));
#6169=DIRECTION('ref_axis',(0.583095189484598,0.812403840463547,2.06774319490567E-17));
#6170=DIRECTION('center_axis',(-8.08876775084044E-16,5.55111512312576E-16,
1.));
#6171=DIRECTION('ref_axis',(0.583095189484598,0.812403840463547,2.06240526833509E-17));
#6172=DIRECTION('center_axis',(-1.,9.86076131539209E-31,-8.08876775084044E-16));
#6173=DIRECTION('ref_axis',(3.09543740649557E-16,0.923879532511291,-0.382683432365079));
#6174=DIRECTION('',(-1.,9.86076131539209E-31,-8.08876775084044E-16));
#6175=DIRECTION('center_axis',(-0.849611837299273,-0.527408500046172,-6.87231283027864E-16));
#6176=DIRECTION('ref_axis',(-0.527408500046172,0.849611837299273,-4.85562150654493E-16));
#6177=DIRECTION('',(-1.,9.86076131539209E-31,-8.08876775084044E-16));
#6178=DIRECTION('',(-1.,9.86076131539209E-31,-8.08876775084044E-16));
#6179=DIRECTION('center_axis',(5.71962252806227E-16,0.707106781186557,-0.707106781186538));
#6180=DIRECTION('ref_axis',(-1.,0.,-8.08876775084045E-16));
#6181=DIRECTION('center_axis',(5.71962252806227E-16,0.707106781186557,-0.707106781186538));
#6182=DIRECTION('ref_axis',(-5.22896863472371E-16,0.707106781186538,0.707106781186557));
#6183=DIRECTION('center_axis',(5.71962252806227E-16,0.707106781186557,-0.707106781186538));
#6184=DIRECTION('ref_axis',(-1.,0.,-8.08876775084045E-16));
#6185=DIRECTION('',(0.401930250702647,-0.64747666891174,-0.647476668911757));
#6186=DIRECTION('center_axis',(8.08876775084044E-16,-5.55111512312576E-16,
-1.));
#6187=DIRECTION('ref_axis',(1.,0.,0.));
#6188=DIRECTION('center_axis',(-8.08876775084044E-16,5.55111512312576E-16,
1.));
#6189=DIRECTION('ref_axis',(0.583095189484598,0.812403840463547,2.06240526833509E-17));
#6190=DIRECTION('center_axis',(8.08876775084042E-16,0.,-1.));
#6191=DIRECTION('ref_axis',(1.,-4.73827727805135E-46,8.08876775084042E-16));
#6192=DIRECTION('center_axis',(8.08876775084042E-16,0.,-1.));
#6193=DIRECTION('ref_axis',(1.,1.77635683940025E-14,8.08876775084042E-16));
#6194=DIRECTION('center_axis',(8.08876775084042E-16,0.,-1.));
#6195=DIRECTION('ref_axis',(1.,1.77635683940025E-14,8.08876775084042E-16));
#6196=DIRECTION('',(8.08876775084042E-16,0.,-1.));
#6197=DIRECTION('',(-8.08876775084042E-16,0.,1.));
#6198=DIRECTION('center_axis',(8.08876775084044E-16,-5.55111512312576E-16,
-1.));
#6199=DIRECTION('ref_axis',(1.,-4.73827727805135E-46,8.08876775084044E-16));
#6200=DIRECTION('',(-8.08876775084042E-16,0.,1.));
#6201=DIRECTION('center_axis',(-8.08876775084042E-16,0.,1.));
#6202=DIRECTION('ref_axis',(-1.,0.,0.));
#6203=DIRECTION('center_axis',(-8.08876775084042E-16,0.,1.));
#6204=DIRECTION('ref_axis',(1.,1.77635683940025E-14,8.08876775084042E-16));
#6205=DIRECTION('center_axis',(0.,1.,0.));
#6206=DIRECTION('ref_axis',(1.,0.,0.));
#6207=DIRECTION('center_axis',(8.08876775084042E-16,0.,-1.));
#6208=DIRECTION('ref_axis',(1.,0.,8.08876775084042E-16));
#6209=DIRECTION('center_axis',(-8.08876775084042E-16,0.,1.));
#6210=DIRECTION('ref_axis',(-1.,0.,0.));
#6211=DIRECTION('center_axis',(-8.08876775084042E-16,0.,1.));
#6212=DIRECTION('ref_axis',(1.,1.77635683940025E-14,8.08876775084042E-16));
#6213=DIRECTION('center_axis',(0.,1.,0.));
#6214=DIRECTION('ref_axis',(1.,0.,0.));
#6215=DIRECTION('center_axis',(8.08876775084042E-16,0.,-1.));
#6216=DIRECTION('ref_axis',(1.,0.,8.08876775084042E-16));
#6217=DIRECTION('center_axis',(-8.08876775084042E-16,9.86076131526265E-32,
1.));
#6218=DIRECTION('ref_axis',(-1.,0.,0.));
#6219=DIRECTION('center_axis',(-8.08876775084042E-16,9.86076131526265E-32,
1.));
#6220=DIRECTION('ref_axis',(1.,1.77635683940025E-14,8.08876775084042E-16));
#6221=DIRECTION('center_axis',(0.,1.,-9.86076131526265E-32));
#6222=DIRECTION('ref_axis',(1.,0.,0.));
#6223=DIRECTION('center_axis',(8.08876775084042E-16,-9.86076131526265E-32,
-1.));
#6224=DIRECTION('ref_axis',(1.,1.77635683940025E-14,8.08876775084042E-16));
#6225=DIRECTION('center_axis',(8.08876775084042E-16,-9.86076131526265E-32,
-1.));
#6226=DIRECTION('ref_axis',(1.,1.77635683940025E-14,8.08876775084042E-16));
#6227=DIRECTION('center_axis',(8.08876775084042E-16,0.,-1.));
#6228=DIRECTION('ref_axis',(1.,-4.73827727805135E-46,8.08876775084042E-16));
#6229=DIRECTION('',(8.08876775084042E-16,0.,-1.));
#6230=DIRECTION('center_axis',(-8.08876775084044E-16,5.55111512312576E-16,
1.));
#6231=DIRECTION('ref_axis',(-0.974567043838294,0.224096133532661,-9.27082525601252E-16));
#6232=DIRECTION('center_axis',(5.71962252806235E-16,-0.707106781186544,
-0.707106781186551));
#6233=DIRECTION('ref_axis',(-5.71962252806229E-16,-0.707106781186551,0.707106781186544));
#6234=DIRECTION('',(-8.08876775084042E-16,0.,1.));
#6235=DIRECTION('center_axis',(-8.08876775084044E-16,5.55111512312576E-16,
1.));
#6236=DIRECTION('ref_axis',(0.590613221561492,-0.806954783440036,9.28761421732627E-16));
#6237=DIRECTION('',(-8.08876775084042E-16,0.,1.));
#6238=DIRECTION('center_axis',(8.08876775084044E-16,-5.55111512312576E-16,
-1.));
#6239=DIRECTION('ref_axis',(1.,-4.73827727805135E-46,8.08876775084044E-16));
#6240=DIRECTION('',(-8.08876775084042E-16,0.,1.));
#6241=DIRECTION('center_axis',(-8.08876775084044E-16,5.55111512312576E-16,
1.));
#6242=DIRECTION('ref_axis',(-0.974567043838294,0.224096133532661,-9.27082525601252E-16));
#6243=DIRECTION('center_axis',(8.08876775084042E-16,-9.86076131526265E-32,
-1.));
#6244=DIRECTION('ref_axis',(1.,0.,8.08876775084042E-16));
#6245=DIRECTION('center_axis',(-8.08876775084042E-16,0.,1.));
#6246=DIRECTION('ref_axis',(-1.,0.,0.));
#6247=DIRECTION('center_axis',(-8.08876775084042E-16,0.,1.));
#6248=DIRECTION('ref_axis',(1.,1.77635683940025E-14,8.08876775084042E-16));
#6249=DIRECTION('center_axis',(0.,1.,0.));
#6250=DIRECTION('ref_axis',(1.,0.,0.));
#6251=DIRECTION('center_axis',(8.08876775084042E-16,0.,-1.));
#6252=DIRECTION('ref_axis',(1.,1.77635683940025E-14,8.08876775084042E-16));
#6253=DIRECTION('center_axis',(8.08876775084042E-16,0.,-1.));
#6254=DIRECTION('ref_axis',(1.,1.77635683940025E-14,8.08876775084042E-16));
#6255=DIRECTION('center_axis',(8.08876775084042E-16,0.,-1.));
#6256=DIRECTION('ref_axis',(1.,-4.73827727805135E-46,8.08876775084042E-16));
#6257=DIRECTION('',(8.08876775084042E-16,0.,-1.));
#6258=DIRECTION('center_axis',(-8.08876775084044E-16,5.55111512312576E-16,
1.));
#6259=DIRECTION('ref_axis',(-0.922411386648296,-0.386208795577686,-5.37950330615657E-16));
#6260=DIRECTION('center_axis',(-5.05301315476797E-16,0.780868809443028,
0.624695047554427));
#6261=DIRECTION('ref_axis',(-6.31626644345991E-16,-0.624695047554427,0.780868809443028));
#6262=DIRECTION('center_axis',(-8.08876775084044E-16,5.55111512312576E-16,
1.));
#6263=DIRECTION('ref_axis',(0.974567043838409,0.224096133532163,6.49526769445056E-16));
#6264=DIRECTION('',(-8.08876775084042E-16,0.,1.));
#6265=DIRECTION('center_axis',(8.08876775084044E-16,-5.55111512312576E-16,
-1.));
#6266=DIRECTION('ref_axis',(1.,-4.73827727805135E-46,8.08876775084044E-16));
#6267=DIRECTION('',(-8.08876775084042E-16,0.,1.));
#6268=DIRECTION('center_axis',(8.08876775084042E-16,0.,-1.));
#6269=DIRECTION('ref_axis',(1.,0.,8.08876775084042E-16));
#6270=DIRECTION('center_axis',(-6.97854472623087E-16,-3.65124597223599E-14,
1.));
#6271=DIRECTION('ref_axis',(-1.,0.,0.));
#6272=DIRECTION('center_axis',(-6.97854472623087E-16,-3.65124597223599E-14,
1.));
#6273=DIRECTION('ref_axis',(1.,1.97064586870952E-16,6.97854472623094E-16));
#6274=DIRECTION('center_axis',(0.,1.,3.65124597223599E-14));
#6275=DIRECTION('ref_axis',(1.,0.,0.));
#6276=DIRECTION('center_axis',(6.97854472623087E-16,3.65124597223599E-14,
-1.));
#6277=DIRECTION('ref_axis',(1.,1.97064586870952E-16,6.97854472621526E-16));
#6278=DIRECTION('center_axis',(6.97854472623087E-16,3.65124597223599E-14,
-1.));
#6279=DIRECTION('ref_axis',(1.,1.97064586870952E-16,6.97854472621526E-16));
#6280=DIRECTION('center_axis',(7.16358189698612E-16,3.55271367880049E-14,
-1.));
#6281=DIRECTION('ref_axis',(1.,-6.57384087628256E-31,7.16358189698612E-16));
#6282=DIRECTION('',(7.16358189698612E-16,3.55271367880049E-14,-1.));
#6283=DIRECTION('center_axis',(-6.97854472623087E-16,-3.65124597223599E-14,
1.));
#6284=DIRECTION('ref_axis',(-0.906307787036627,0.422618261740748,1.48100310247405E-14));
#6285=DIRECTION('',(-7.16358189698612E-16,-3.55271367880049E-14,1.));
#6286=DIRECTION('center_axis',(6.97854472623087E-16,3.65124597223599E-14,
-1.));
#6287=DIRECTION('ref_axis',(1.,4.73453455217261E-43,6.97854472623087E-16));
#6288=DIRECTION('',(-7.16358189698612E-16,-3.55271367880049E-14,1.));
#6289=DIRECTION('center_axis',(-6.97854472623087E-16,-3.65124597223599E-14,
1.));
#6290=DIRECTION('ref_axis',(-0.906307787036627,0.422618261740748,1.48100310247405E-14));
#6291=DIRECTION('center_axis',(6.97854472623087E-16,3.65124597223599E-14,
-1.));
#6292=DIRECTION('ref_axis',(1.,4.73453455217261E-43,6.97854472623087E-16));
#6293=DIRECTION('center_axis',(-6.97854472623087E-16,-3.65124597223599E-14,
1.));
#6294=DIRECTION('ref_axis',(-1.,0.,0.));
#6295=DIRECTION('center_axis',(-6.97854472623087E-16,-3.65124597223599E-14,
1.));
#6296=DIRECTION('ref_axis',(1.,1.97064586870952E-16,6.97854472623094E-16));
#6297=DIRECTION('center_axis',(0.,1.,3.65124597223599E-14));
#6298=DIRECTION('ref_axis',(1.,0.,0.));
#6299=DIRECTION('center_axis',(6.97854472623087E-16,3.65124597223599E-14,
-1.));
#6300=DIRECTION('ref_axis',(1.,1.97064586870952E-16,6.97854472621526E-16));
#6301=DIRECTION('center_axis',(6.97854472623087E-16,3.65124597223599E-14,
-1.));
#6302=DIRECTION('ref_axis',(1.,1.97064586870952E-16,6.97854472621526E-16));
#6303=DIRECTION('center_axis',(7.16358189698612E-16,3.55271367880049E-14,
-1.));
#6304=DIRECTION('ref_axis',(1.,-6.57384087628256E-31,7.16358189698612E-16));
#6305=DIRECTION('',(7.16358189698612E-16,3.55271367880049E-14,-1.));
#6306=DIRECTION('center_axis',(6.97854472623087E-16,3.65124597223599E-14,
-1.));
#6307=DIRECTION('ref_axis',(1.,4.73453455217261E-43,6.97854472623087E-16));
#6308=DIRECTION('',(-7.16358189698612E-16,-3.55271367880049E-14,1.));
#6309=DIRECTION('center_axis',(-6.97854472623087E-16,-3.65124597223599E-14,
1.));
#6310=DIRECTION('ref_axis',(0.906307787036662,0.422618261740673,1.60541690598389E-14));
#6311=DIRECTION('',(-7.16358189698612E-16,-3.55271367880049E-14,1.));
#6312=DIRECTION('center_axis',(6.97854472623087E-16,3.65124597223599E-14,
-1.));
#6313=DIRECTION('ref_axis',(1.,4.73453455217261E-43,6.97854472623087E-16));
#6314=DIRECTION('center_axis',(6.97854472623087E-16,3.65124597223599E-14,
-1.));
#6315=DIRECTION('ref_axis',(1.,4.73453455217261E-43,6.97854472623087E-16));
#6316=DIRECTION('center_axis',(-6.97854472623087E-16,-3.65124597223599E-14,
1.));
#6317=DIRECTION('ref_axis',(-1.,0.,0.));
#6318=DIRECTION('center_axis',(-6.97854472623087E-16,-3.65124597223599E-14,
1.));
#6319=DIRECTION('ref_axis',(1.,1.97064586870952E-16,6.97854472623094E-16));
#6320=DIRECTION('center_axis',(0.,1.,3.65124597223599E-14));
#6321=DIRECTION('ref_axis',(1.,0.,0.));
#6322=DIRECTION('center_axis',(6.97854472623087E-16,3.65124597223599E-14,
-1.));
#6323=DIRECTION('ref_axis',(1.,1.97064586870952E-16,6.97854472621526E-16));
#6324=DIRECTION('center_axis',(6.97854472623087E-16,3.65124597223599E-14,
-1.));
#6325=DIRECTION('ref_axis',(1.,1.97064586870952E-16,6.97854472621526E-16));
#6326=DIRECTION('center_axis',(7.16358189698612E-16,3.55271367880049E-14,
-1.));
#6327=DIRECTION('ref_axis',(1.,-6.57384087628256E-31,7.16358189698612E-16));
#6328=DIRECTION('',(7.16358189698612E-16,3.55271367880049E-14,-1.));
#6329=DIRECTION('center_axis',(6.97854472623087E-16,3.65124597223599E-14,
-1.));
#6330=DIRECTION('ref_axis',(1.,4.73453455217261E-43,6.97854472623087E-16));
#6331=DIRECTION('',(-7.16358189698612E-16,-3.55271367880049E-14,1.));
#6332=DIRECTION('center_axis',(-6.97854472623087E-16,-3.65124597223599E-14,
1.));
#6333=DIRECTION('ref_axis',(0.906307787036645,-0.422618261740709,-1.48100310247404E-14));
#6334=DIRECTION('',(-7.16358189698612E-16,-3.55271367880049E-14,1.));
#6335=DIRECTION('center_axis',(6.97854472623087E-16,3.65124597223599E-14,
-1.));
#6336=DIRECTION('ref_axis',(1.,4.73453455217261E-43,6.97854472623087E-16));
#6337=DIRECTION('center_axis',(6.97854472623087E-16,3.65124597223599E-14,
-1.));
#6338=DIRECTION('ref_axis',(1.,4.73453455217261E-43,6.97854472623087E-16));
#6339=DIRECTION('center_axis',(-6.97854472623087E-16,-3.65124597223599E-14,
1.));
#6340=DIRECTION('ref_axis',(-1.,0.,0.));
#6341=DIRECTION('center_axis',(-6.97854472623087E-16,-3.65124597223599E-14,
1.));
#6342=DIRECTION('ref_axis',(1.,1.97064586870952E-16,6.97854472623094E-16));
#6343=DIRECTION('center_axis',(0.,1.,3.65124597223599E-14));
#6344=DIRECTION('ref_axis',(1.,0.,0.));
#6345=DIRECTION('center_axis',(6.97854472623087E-16,3.65124597223599E-14,
-1.));
#6346=DIRECTION('ref_axis',(1.,1.97064586870952E-16,6.97854472621526E-16));
#6347=DIRECTION('center_axis',(6.97854472623087E-16,3.65124597223599E-14,
-1.));
#6348=DIRECTION('ref_axis',(1.,1.97064586870952E-16,6.97854472621526E-16));
#6349=DIRECTION('center_axis',(7.16358189698612E-16,3.55271367880049E-14,
-1.));
#6350=DIRECTION('ref_axis',(1.,-6.57384087628256E-31,7.16358189698612E-16));
#6351=DIRECTION('',(7.16358189698612E-16,3.55271367880049E-14,-1.));
#6352=DIRECTION('center_axis',(-6.97854472623087E-16,-3.65124597223599E-14,
1.));
#6353=DIRECTION('ref_axis',(-0.906307787036675,-0.422618261740645,-1.60541690598389E-14));
#6354=DIRECTION('',(-7.16358189698612E-16,-3.55271367880049E-14,1.));
#6355=DIRECTION('center_axis',(6.97854472623087E-16,3.65124597223599E-14,
-1.));
#6356=DIRECTION('ref_axis',(1.,4.73453455217261E-43,6.97854472623087E-16));
#6357=DIRECTION('',(-7.16358189698612E-16,-3.55271367880049E-14,1.));
#6358=DIRECTION('center_axis',(-6.97854472623087E-16,-3.65124597223599E-14,
1.));
#6359=DIRECTION('ref_axis',(-0.906307787036675,-0.422618261740645,-1.60541690598389E-14));
#6360=DIRECTION('center_axis',(6.97854472623087E-16,3.65124597223599E-14,
-1.));
#6361=DIRECTION('ref_axis',(1.,4.73453455217261E-43,6.97854472623087E-16));
#6362=DIRECTION('center_axis',(-1.,-1.75162308040602E-46,-7.25610048236007E-16));
#6363=DIRECTION('ref_axis',(5.71962252806222E-16,0.70710678118656,-0.707106781186535));
#6364=DIRECTION('',(1.,1.75162308040602E-46,7.25610048236007E-16));
#6365=DIRECTION('center_axis',(-7.25610048236007E-16,-1.27675647831893E-14,
1.));
#6366=DIRECTION('ref_axis',(-1.,-1.57372386130229E-46,-7.25610048236007E-16));
#6367=DIRECTION('center_axis',(7.25610048236007E-16,1.27675647831893E-14,
-1.));
#6368=DIRECTION('ref_axis',(-1.,-1.57372386130229E-46,-7.25610048236007E-16));
#6369=DIRECTION('center_axis',(1.,1.75162308040602E-46,7.25610048236007E-16));
#6370=DIRECTION('ref_axis',(5.71962252806242E-16,-0.707106781186535,-0.70710678118656));
#6371=DIRECTION('',(1.,1.75162308040602E-46,7.25610048236007E-16));
#6372=DIRECTION('',(-1.,-1.75162308040602E-46,-7.25610048236007E-16));
#6373=DIRECTION('center_axis',(-7.25610048236007E-16,-1.27675647831893E-14,
1.));
#6374=DIRECTION('ref_axis',(-1.,-1.57372386130229E-46,-7.25610048236007E-16));
#6375=DIRECTION('center_axis',(7.25610048236007E-16,1.27675647831893E-14,
-1.));
#6376=DIRECTION('ref_axis',(-1.,-1.57372386130229E-46,-7.25610048236007E-16));
#6377=DIRECTION('center_axis',(8.08876775084042E-16,0.,-1.));
#6378=DIRECTION('ref_axis',(-9.1403623036552E-14,-1.,-7.39342678328036E-29));
#6379=DIRECTION('center_axis',(-6.97854472623087E-16,-3.65124597223599E-14,
1.));
#6380=DIRECTION('ref_axis',(-9.1403623036552E-14,-1.,-7.39342678328036E-29));
#6381=DIRECTION('',(8.08876775084042E-16,0.,-1.));
#6382=DIRECTION('center_axis',(8.08876775084044E-16,-5.55111512312576E-16,
-1.));
#6383=DIRECTION('ref_axis',(-9.1403623036552E-14,-1.,-7.39342678328036E-29));
#6384=DIRECTION('',(-8.08876775084042E-16,0.,1.));
#6385=DIRECTION('center_axis',(0.319999999999913,-0.94741754258619,2.58840568026823E-16));
#6386=DIRECTION('ref_axis',(0.94741754258619,0.319999999999913,5.88708362565192E-16));
#6387=DIRECTION('',(0.94741754258619,0.319999999999913,5.88708362565192E-16));
#6388=DIRECTION('',(0.94741754258619,0.319999999999913,5.88708362565192E-16));
#6389=DIRECTION('center_axis',(8.08876775084042E-16,0.,-1.));
#6390=DIRECTION('ref_axis',(8.90599403945891E-14,1.,7.20385173755522E-29));
#6391=DIRECTION('center_axis',(-6.97854472623087E-16,-3.65124597223599E-14,
1.));
#6392=DIRECTION('ref_axis',(8.90599403945891E-14,1.,7.20385173755522E-29));
#6393=DIRECTION('',(8.08876775084042E-16,0.,-1.));
#6394=DIRECTION('',(-8.08876775084042E-16,0.,1.));
#6395=DIRECTION('center_axis',(-0.319999999999913,0.94741754258619,-2.58840568026823E-16));
#6396=DIRECTION('ref_axis',(-0.94741754258619,-0.319999999999913,-5.88708362565192E-16));
#6397=DIRECTION('',(-0.94741754258619,-0.319999999999913,-5.88708362565192E-16));
#6398=DIRECTION('center_axis',(8.08876775084044E-16,-5.55111512312576E-16,
-1.));
#6399=DIRECTION('ref_axis',(1.,0.,0.));
#6400=DIRECTION('center_axis',(8.08876775084044E-16,-5.55111512312576E-16,
-1.));
#6401=DIRECTION('ref_axis',(0.590613221561492,-0.806954783440036,9.25683208181924E-16));
#6402=DIRECTION('center_axis',(-8.08876775084042E-16,0.,1.));
#6403=DIRECTION('ref_axis',(-0.961666629662555,0.274221248982391,-7.77869802107387E-16));
#6404=DIRECTION('',(8.08876775084042E-16,0.,-1.));
#6405=DIRECTION('center_axis',(8.08876775084044E-16,-5.55111512312576E-16,
-1.));
#6406=DIRECTION('ref_axis',(-0.961666629662555,0.274221248982391,-7.77869802107387E-16));
#6407=DIRECTION('',(-8.08876775084042E-16,0.,1.));
#6408=DIRECTION('center_axis',(-6.97854472623087E-16,-3.65124597223599E-14,
1.));
#6409=DIRECTION('ref_axis',(-0.961666629662555,0.274221248982391,-7.77869802107387E-16));
#6410=DIRECTION('center_axis',(6.17157119060201E-14,-1.,5.55111512312626E-16));
#6411=DIRECTION('ref_axis',(-0.707106781186547,-5.02429586778801E-14,-0.707106781186548));
#6412=DIRECTION('',(6.17157119060201E-14,-1.,5.55111512312626E-16));
#6413=DIRECTION('',(-6.17157119060201E-14,1.,-5.55111512312626E-16));
#6414=DIRECTION('center_axis',(-1.,-6.17157119060201E-14,-8.08876775084042E-16));
#6415=DIRECTION('ref_axis',(-8.08876775084042E-16,0.,1.));
#6416=DIRECTION('',(-6.17961743149129E-14,1.,-4.99854901923781E-29));
#6417=DIRECTION('',(8.08876775074088E-16,1.73303106282951E-13,-1.));
#6418=DIRECTION('',(-6.16510471221514E-14,1.,-4.98681001767201E-29));
#6419=DIRECTION('',(-8.08876775095325E-16,1.7117620452405E-13,1.));
#6420=DIRECTION('',(-8.08876775095325E-16,1.7117620452405E-13,1.));
#6421=DIRECTION('',(6.16510471221514E-14,-1.,4.44089209850055E-14));
#6422=DIRECTION('',(4.30676361416961E-14,-0.707106781186551,0.707106781186544));
#6423=DIRECTION('center_axis',(-1.,-6.17157119060201E-14,-8.08876775084042E-16));
#6424=DIRECTION('ref_axis',(3.09543740649573E-16,-0.923879532511283,-0.382683432365098));
#6425=DIRECTION('center_axis',(7.16358189698612E-16,3.55271367880049E-14,
-1.));
#6426=DIRECTION('ref_axis',(0.939692620785912,0.34202014332566,1.02118928590481E-14));
#6427=DIRECTION('center_axis',(6.97854472623087E-16,3.65124597223599E-14,
-1.));
#6428=DIRECTION('ref_axis',(0.939692620785912,0.34202014332566,1.02118928590481E-14));
#6429=DIRECTION('',(-7.16358189698612E-16,-3.55271367880049E-14,1.));
#6430=DIRECTION('center_axis',(-6.97854472623087E-16,-3.65124597223599E-14,
1.));
#6431=DIRECTION('ref_axis',(0.939692620785912,0.34202014332566,1.02118928590481E-14));
#6432=DIRECTION('',(7.16358189698612E-16,3.55271367880049E-14,-1.));
#6433=DIRECTION('center_axis',(1.,2.1785329758026E-15,7.1635818969869E-16));
#6434=DIRECTION('ref_axis',(-2.17853297580262E-15,1.,3.65124597223599E-14));
#6435=DIRECTION('',(-2.17853297580262E-15,1.,3.65124597223599E-14));
#6436=DIRECTION('',(-7.16358189698612E-16,-3.55271367880049E-14,1.));
#6437=DIRECTION('',(2.8470967341292E-29,-1.,-3.65124597223599E-14));
#6438=DIRECTION('center_axis',(1.,2.1785329758026E-15,7.1635818969869E-16));
#6439=DIRECTION('ref_axis',(5.71962252806219E-16,0.707106781186563,-0.707106781186532));
#6440=DIRECTION('',(-8.08876775084042E-16,0.,1.));
#6441=DIRECTION('',(3.02260742067541E-60,-1.,-3.73679590486618E-45));
#6442=DIRECTION('',(-8.08876775084042E-16,0.,1.));
#6443=DIRECTION('',(-1.06311332931641E-30,-1.,-4.59672358623249E-45));
#6444=DIRECTION('',(-2.1785329758026E-15,1.,1.57872322389024E-15));
#6445=DIRECTION('',(2.8470967341292E-29,-1.,-3.65124597223599E-14));
#6446=DIRECTION('center_axis',(7.16358189698612E-16,3.55271367880049E-14,
-1.));
#6447=DIRECTION('ref_axis',(0.939692620785902,-0.342020143325687,-1.34176004468934E-14));
#6448=DIRECTION('center_axis',(6.97854472623087E-16,3.65124597223599E-14,
-1.));
#6449=DIRECTION('ref_axis',(0.939692620785902,-0.342020143325687,-1.34176004468934E-14));
#6450=DIRECTION('center_axis',(-6.97854472623087E-16,-3.65124597223599E-14,
1.));
#6451=DIRECTION('ref_axis',(0.939692620785902,-0.342020143325687,-1.34176004468934E-14));
#6452=DIRECTION('',(7.16358189698612E-16,3.55271367880049E-14,-1.));
#6453=DIRECTION('center_axis',(0.766044443118949,-0.642787609686575,-2.22876411244683E-14));
#6454=DIRECTION('ref_axis',(0.642787609686575,0.766044443118949,2.84187390832847E-14));
#6455=DIRECTION('',(0.642787609686574,0.766044443118948,2.84187390832847E-14));
#6456=DIRECTION('',(0.642787609686574,0.766044443118948,2.84187390832847E-14));
#6457=DIRECTION('center_axis',(-2.1785329758026E-15,1.,1.57872322389024E-15));
#6458=DIRECTION('ref_axis',(0.890728298822616,0.,0.454536134621406));
#6459=DIRECTION('',(2.1785329758026E-15,-1.,-1.57872322389024E-15));
#6460=DIRECTION('center_axis',(-1.91575133940458E-14,1.18423789293268E-14,
-1.));
#6461=DIRECTION('ref_axis',(-0.906307787036673,-0.422618261740649,9.77495459407109E-15));
#6462=DIRECTION('center_axis',(6.97854472623087E-16,3.65124597223599E-14,
-1.));
#6463=DIRECTION('ref_axis',(-0.906307787036673,-0.422618261740649,9.77495459407109E-15));
#6464=DIRECTION('center_axis',(-6.97854472623087E-16,-3.65124597223599E-14,
1.));
#6465=DIRECTION('ref_axis',(-0.906307787036673,-0.422618261740649,9.77495459407109E-15));
#6466=DIRECTION('',(-1.91575133940459E-14,1.18423789293268E-14,-1.));
#6467=DIRECTION('center_axis',(-0.766044443118907,0.642787609686625,2.22876411244701E-14));
#6468=DIRECTION('ref_axis',(-0.642787609686625,-0.766044443118906,-2.84187390832832E-14));
#6469=DIRECTION('',(-0.642787609686625,-0.766044443118906,-2.84187390832832E-14));
#6470=DIRECTION('center_axis',(-2.05902297734394E-14,-1.18423789293268E-14,
1.));
#6471=DIRECTION('ref_axis',(-0.906307787036654,0.422618261740691,-1.12411372340936E-14));
#6472=DIRECTION('',(-2.05902297734394E-14,-1.18423789293268E-14,1.));
#6473=DIRECTION('center_axis',(-6.97854472623087E-16,-3.65124597223599E-14,
1.));
#6474=DIRECTION('ref_axis',(-0.906307787036654,0.422618261740691,-1.12411372340936E-14));
#6475=DIRECTION('',(2.05902297734394E-14,1.18423789293268E-14,-1.));
#6476=DIRECTION('center_axis',(0.707106781186555,9.42055475210255E-15,-0.70710678118654));
#6477=DIRECTION('ref_axis',(-0.70710678118654,7.35980840008027E-15,-0.707106781186555));
#6478=DIRECTION('center_axis',(6.97854472623087E-16,3.65124597223599E-14,
-1.));
#6479=DIRECTION('ref_axis',(-0.906307787036654,0.422618261740691,-1.12411372340936E-14));
#6480=DIRECTION('center_axis',(-0.766044443118966,-0.642787609686554,-2.33851655454703E-14));
#6481=DIRECTION('ref_axis',(0.642787609686554,-0.766044443118966,-2.75215946665524E-14));
#6482=DIRECTION('',(-0.642787609686554,0.766044443118966,2.75215946665524E-14));
#6483=DIRECTION('center_axis',(-8.59294914613792E-30,1.,1.18423789293268E-14));
#6484=DIRECTION('ref_axis',(-1.,0.,-7.25610048236007E-16));
#6485=DIRECTION('',(8.08876775084042E-16,1.31581988103722E-14,-1.));
#6486=DIRECTION('',(-8.08876775084042E-16,-1.31581988103722E-14,1.));
#6487=DIRECTION('',(1.,6.17157119060201E-14,8.08876775084042E-16));
#6488=DIRECTION('',(-8.08876775085128E-16,-1.18423789293268E-14,1.));
#6489=DIRECTION('',(1.,0.,8.08876775084042E-16));
#6490=DIRECTION('',(-1.,-3.28692043809785E-31,-6.97854472623087E-16));
#6491=DIRECTION('',(1.,6.17157119060201E-14,8.08876775084042E-16));
#6492=DIRECTION('center_axis',(-1.,-3.28692043809785E-31,-6.97854472623087E-16));
#6493=DIRECTION('ref_axis',(5.71962252806219E-16,0.707106781186563,-0.707106781186532));
#6494=DIRECTION('',(-1.,-3.28692043809785E-31,-6.97854472623087E-16));
#6495=DIRECTION('center_axis',(-0.418283662579608,-0.642276722923612,0.642276722923612));
#6496=DIRECTION('ref_axis',(-0.83796410151932,0.545725356351452,-6.77809700073144E-16));
#6497=DIRECTION('center_axis',(0.40430400011415,0.914624663723703,3.27032115765912E-16));
#6498=DIRECTION('ref_axis',(8.08876775084042E-16,0.,-1.));
#6499=DIRECTION('center_axis',(8.08876775084044E-16,-5.55111512312576E-16,
-1.));
#6500=DIRECTION('ref_axis',(1.,0.,0.));
#6501=DIRECTION('center_axis',(8.08876775084044E-16,-5.55111512312576E-16,
-1.));
#6502=DIRECTION('ref_axis',(0.974567043838409,0.224096133532163,6.63906303934763E-16));
#6503=DIRECTION('center_axis',(-1.,9.86076131539209E-31,-8.08876775084044E-16));
#6504=DIRECTION('ref_axis',(7.4730469682388E-16,-0.382683432365095,-0.923879532511285));
#6505=DIRECTION('',(-1.,9.86076131539209E-31,-8.08876775084044E-16));
#6506=DIRECTION('',(1.,-9.86076131539209E-31,8.08876775084044E-16));
#6507=DIRECTION('center_axis',(5.71962252806235E-16,-0.707106781186544,
-0.707106781186551));
#6508=DIRECTION('ref_axis',(-5.71962252806229E-16,-0.707106781186551,0.707106781186544));
#6509=DIRECTION('center_axis',(5.71962252806235E-16,-0.707106781186544,
-0.707106781186551));
#6510=DIRECTION('ref_axis',(-5.71962252806229E-16,-0.707106781186551,0.707106781186544));
#6511=DIRECTION('center_axis',(8.08876775084044E-16,-5.55111512312576E-16,
-1.));
#6512=DIRECTION('ref_axis',(-0.999675448640732,0.0254754270808396,0.));
#6513=DIRECTION('center_axis',(8.08876775084044E-16,-5.55111512312576E-16,
-1.));
#6514=DIRECTION('ref_axis',(-0.974567043838294,0.224096133532661,-9.12702991111826E-16));
#6515=DIRECTION('center_axis',(8.08876775084044E-16,-5.55111512312576E-16,
-1.));
#6516=DIRECTION('ref_axis',(1.,0.,0.));
#6517=DIRECTION('center_axis',(8.08876775084044E-16,-5.55111512312576E-16,
-1.));
#6518=DIRECTION('ref_axis',(-0.922411386648296,-0.386208795577686,-5.31728199151328E-16));
#6519=DIRECTION('center_axis',(8.08876775084044E-16,-5.55111512312576E-16,
-1.));
#6520=DIRECTION('ref_axis',(1.,-4.73827727805135E-46,8.08876775084044E-16));
#6521=DIRECTION('',(0.947417542586132,-0.320000000000085,9.43979730445192E-16));
#6522=DIRECTION('center_axis',(5.71962252806235E-16,-0.707106781186544,
-0.707106781186551));
#6523=DIRECTION('ref_axis',(-1.,0.,-8.08876775084043E-16));
#6524=DIRECTION('',(1.,-9.86076131539209E-31,8.08876775084044E-16));
#6525=DIRECTION('',(1.,-9.86076131539209E-31,8.08876775084044E-16));
#6526=DIRECTION('center_axis',(6.97854472623087E-16,3.65124597223599E-14,
-1.));
#6527=DIRECTION('ref_axis',(1.,0.,0.));
#6528=DIRECTION('center_axis',(6.97854472623087E-16,3.65124597223599E-14,
-1.));
#6529=DIRECTION('ref_axis',(0.906307787036662,0.422618261740673,1.60633032024967E-14));
#6530=DIRECTION('center_axis',(6.97854472623087E-16,3.65124597223599E-14,
-1.));
#6531=DIRECTION('ref_axis',(1.,0.,0.));
#6532=DIRECTION('center_axis',(6.97854472623087E-16,3.65124597223599E-14,
-1.));
#6533=DIRECTION('ref_axis',(0.906307787036645,-0.422618261740709,-1.47983613169847E-14));
#6534=DIRECTION('center_axis',(6.97854472623087E-16,3.65124597223599E-14,
-1.));
#6535=DIRECTION('ref_axis',(-0.906307787036677,0.422618261740642,1.4210854715202E-14));
#6536=DIRECTION('center_axis',(6.97854472623087E-16,3.65124597223599E-14,
-1.));
#6537=DIRECTION('ref_axis',(1.,0.,6.97854472623087E-16));
#6538=DIRECTION('center_axis',(6.97854472623087E-16,3.65124597223599E-14,
-1.));
#6539=DIRECTION('ref_axis',(-0.906307787036653,-0.422618261740693,-1.57898385724467E-14));
#6540=DIRECTION('center_axis',(6.97854472623087E-16,3.65124597223599E-14,
-1.));
#6541=DIRECTION('ref_axis',(-0.906307787036627,0.422618261740748,1.47983613169862E-14));
#6542=DIRECTION('center_axis',(-8.08876775085128E-16,-1.18423789293268E-14,
1.));
#6543=DIRECTION('ref_axis',(0.707106781186581,0.707106781186515,6.85233208754165E-15));
#6544=DIRECTION('center_axis',(8.08876775084044E-16,-5.55111512312576E-16,
-1.));
#6545=DIRECTION('ref_axis',(0.707106781186581,0.707106781186515,6.85233208754165E-15));
#6546=DIRECTION('center_axis',(-6.97854472623087E-16,-3.65124597223599E-14,
1.));
#6547=DIRECTION('ref_axis',(0.707106781186581,0.707106781186515,6.85233208754165E-15));
#6548=DIRECTION('',(8.08876775085128E-16,1.18423789293268E-14,-1.));
#6549=DIRECTION('center_axis',(1.,-9.17784367023461E-14,8.08876775084042E-16));
#6550=DIRECTION('ref_axis',(9.17784367023461E-14,1.,-5.55111512312502E-16));
#6551=DIRECTION('',(9.17784367023461E-14,1.,-5.55111512312502E-16));
#6552=DIRECTION('center_axis',(1.,-9.17784367023461E-14,8.08876775084042E-16));
#6553=DIRECTION('ref_axis',(9.17784367023461E-14,1.,-5.55111512312502E-16));
#6554=DIRECTION('',(9.17784367023461E-14,1.,-5.55111512312502E-16));
#6555=DIRECTION('center_axis',(1.,-9.86076131539209E-31,8.08876775084044E-16));
#6556=DIRECTION('ref_axis',(3.09543740649573E-16,-0.923879532511283,-0.382683432365098));
#6557=DIRECTION('',(1.,-9.86076131539209E-31,8.08876775084044E-16));
#6558=DIRECTION('center_axis',(5.71962252806235E-16,-0.707106781186544,
-0.707106781186551));
#6559=DIRECTION('ref_axis',(-1.,0.,-8.08876775084043E-16));
#6560=DIRECTION('center_axis',(0.,-1.,0.));
#6561=DIRECTION('ref_axis',(0.890728298822615,0.,-0.454536134621408));
#6562=DIRECTION('',(0.,1.,0.));
#6563=DIRECTION('center_axis',(-1.,0.,0.));
#6564=DIRECTION('ref_axis',(0.,1.12390024773159E-60,1.));
#6565=DIRECTION('',(0.,1.,0.));
#6566=DIRECTION('center_axis',(1.,7.02772260853856E-31,0.));
#6567=DIRECTION('ref_axis',(-7.02772260853856E-31,1.,1.10199228878791E-60));
#6568=DIRECTION('center_axis',(-1.,-7.02772260853856E-31,0.));
#6569=DIRECTION('ref_axis',(-7.02772260853856E-31,1.,1.16681536459897E-60));
#6570=DIRECTION('center_axis',(0.,-1.,0.));
#6571=DIRECTION('ref_axis',(-0.890728298822618,0.,-0.454536134621402));
#6572=DIRECTION('',(0.,1.,0.));
#6573=DIRECTION('',(0.,1.,0.));
#6574=DIRECTION('center_axis',(0.586793804646869,0.,0.80973639588946));
#6575=DIRECTION('ref_axis',(0.80973639588946,5.69060277634888E-31,-0.586793804646869));
#6576=DIRECTION('center_axis',(1.,7.02772260853856E-31,0.));
#6577=DIRECTION('ref_axis',(0.,0.,-1.));
#6578=DIRECTION('center_axis',(1.,7.02772260853856E-31,0.));
#6579=DIRECTION('ref_axis',(-7.02772260853856E-31,1.,1.16681536459897E-60));
#6580=DIRECTION('center_axis',(-1.,0.,0.));
#6581=DIRECTION('ref_axis',(0.,1.,1.12390024773159E-60));
#6582=DIRECTION('',(1.,0.,0.));
#6583=DIRECTION('center_axis',(-1.,0.,0.));
#6584=DIRECTION('ref_axis',(0.,-0.959937479090555,0.280214268439832));
#6585=DIRECTION('',(-1.,0.,0.));
#6586=DIRECTION('center_axis',(0.586793804648283,0.,0.809736395888435));
#6587=DIRECTION('ref_axis',(0.809736395888435,-5.69060277634169E-31,-0.586793804648283));
#6588=DIRECTION('',(0.,1.,0.));
#6589=DIRECTION('',(0.,1.,0.));
#6590=DIRECTION('center_axis',(-0.58679380464769,0.,0.809736395888865));
#6591=DIRECTION('ref_axis',(0.809736395888865,-5.69060277634471E-31,0.58679380464769));
#6592=DIRECTION('',(0.,1.,0.));
#6593=DIRECTION('center_axis',(0.586793804647213,0.,0.809736395889211));
#6594=DIRECTION('ref_axis',(0.809736395889211,-5.69060277634714E-31,-0.586793804647213));
#6595=DIRECTION('',(0.,1.,0.));
#6596=DIRECTION('',(0.,1.,0.));
#6597=DIRECTION('center_axis',(-0.586793804646859,0.,0.809736395889467));
#6598=DIRECTION('ref_axis',(0.809736395889467,-5.69060277634894E-31,0.586793804646859));
#6599=DIRECTION('',(0.,1.,0.));
#6600=DIRECTION('center_axis',(0.586793804647085,0.,-0.809736395889303));
#6601=DIRECTION('ref_axis',(-0.809736395889303,5.69060277634779E-31,-0.586793804647085));
#6602=DIRECTION('',(0.,1.,0.));
#6603=DIRECTION('center_axis',(0.586793804645517,0.,0.80973639589044));
#6604=DIRECTION('ref_axis',(0.80973639589044,-5.69060277635578E-31,-0.586793804645517));
#6605=DIRECTION('',(0.,1.,0.));
#6606=DIRECTION('center_axis',(0.586793804646688,0.,-0.809736395889591));
#6607=DIRECTION('ref_axis',(-0.809736395889591,5.69060277634981E-31,-0.586793804646688));
#6608=DIRECTION('',(0.,1.,0.));
#6609=DIRECTION('center_axis',(-0.586793804647011,0.,0.809736395889357));
#6610=DIRECTION('ref_axis',(0.809736395889357,-5.69060277634817E-31,0.586793804647011));
#6611=DIRECTION('',(0.,1.,0.));
#6612=DIRECTION('',(0.,1.,0.));
#6613=DIRECTION('center_axis',(-0.58679380464621,0.,-0.809736395889938));
#6614=DIRECTION('ref_axis',(-0.809736395889938,5.69060277635225E-31,0.58679380464621));
#6615=DIRECTION('center_axis',(0.586793804646816,0.,-0.809736395889498));
#6616=DIRECTION('ref_axis',(-0.809736395889498,5.69060277634916E-31,-0.586793804646816));
#6617=DIRECTION('',(0.,1.,0.));
#6618=DIRECTION('',(0.,1.,0.));
#6619=DIRECTION('center_axis',(0.586793804645842,0.,0.809736395890204));
#6620=DIRECTION('ref_axis',(0.809736395890204,-5.69060277635412E-31,-0.586793804645842));
#6621=DIRECTION('',(0.,1.,0.));
#6622=DIRECTION('center_axis',(-2.62974113257683E-16,0.,-1.));
#6623=DIRECTION('ref_axis',(-1.,7.02772260853856E-31,2.62974113257683E-16));
#6624=DIRECTION('center_axis',(-0.586793804647333,0.,-0.809736395889123));
#6625=DIRECTION('ref_axis',(-0.809736395889123,5.69060277634652E-31,0.586793804647333));
#6626=DIRECTION('',(0.,1.,0.));
#6627=DIRECTION('center_axis',(0.58679380464598,0.,-0.809736395890104));
#6628=DIRECTION('ref_axis',(-0.809736395890104,5.69060277635342E-31,-0.58679380464598));
#6629=DIRECTION('center_axis',(-0.586793804646138,0.,-0.80973639588999));
#6630=DIRECTION('ref_axis',(-0.80973639588999,5.69060277635261E-31,0.586793804646138));
#6631=DIRECTION('',(0.,1.,0.));
#6632=DIRECTION('center_axis',(0.586793804647089,0.,-0.809736395889301));
#6633=DIRECTION('ref_axis',(-0.809736395889301,5.69060277634777E-31,-0.586793804647089));
#6634=DIRECTION('center_axis',(-0.586793804647333,0.,0.809736395889123));
#6635=DIRECTION('ref_axis',(0.809736395889123,-5.69060277634653E-31,0.586793804647333));
#6636=DIRECTION('center_axis',(0.586793804646341,0.,0.809736395889842));
#6637=DIRECTION('ref_axis',(0.809736395889842,-5.69060277635158E-31,-0.586793804646341));
#6638=DIRECTION('',(0.,1.,0.));
#6639=DIRECTION('center_axis',(-0.58679380464649,0.,0.809736395889735));
#6640=DIRECTION('ref_axis',(0.809736395889735,-5.69060277635082E-31,0.58679380464649));
#6641=DIRECTION('center_axis',(0.58679380464653,0.,0.809736395889706));
#6642=DIRECTION('ref_axis',(0.809736395889706,-5.69060277635062E-31,-0.58679380464653));
#6643=DIRECTION('center_axis',(-0.586793804647654,0.,0.809736395888891));
#6644=DIRECTION('ref_axis',(0.809736395888891,-5.69060277634489E-31,0.586793804647654));
#6645=DIRECTION('',(0.,1.,0.));
#6646=DIRECTION('center_axis',(-0.586793804645774,0.,-0.809736395890253));
#6647=DIRECTION('ref_axis',(-0.809736395890253,5.69060277635446E-31,0.586793804645774));
#6648=DIRECTION('center_axis',(-1.,7.02772260853856E-31,-8.08876775084042E-16));
#6649=DIRECTION('ref_axis',(-8.08876775084042E-16,0.,1.));
#6650=DIRECTION('center_axis',(1.,-7.02772260853856E-31,8.08876775084042E-16));
#6651=DIRECTION('ref_axis',(7.02772260853856E-31,1.,5.68456159977989E-46));
#6652=DIRECTION('center_axis',(-0.866025403784439,0.5,-7.00507835754012E-16));
#6653=DIRECTION('ref_axis',(-8.08876775084042E-16,0.,1.));
#6654=DIRECTION('center_axis',(-0.866025403784439,0.5,-7.00507835754012E-16));
#6655=DIRECTION('ref_axis',(0.5,0.866025403784439,4.04438387542021E-16));
#6656=DIRECTION('',(-0.4376086982312,-0.757960499170514,0.483729789169098));
#6657=DIRECTION('center_axis',(-1.,0.,-8.08876775084042E-16));
#6658=DIRECTION('ref_axis',(-9.0909680790128E-76,1.,1.12390024773159E-60));
#6659=DIRECTION('',(-1.,0.,-8.08876775084042E-16));
#6660=DIRECTION('center_axis',(-1.,7.02772260853856E-31,-8.08876775084042E-16));
#6661=DIRECTION('ref_axis',(7.02772260853856E-31,1.,5.68456159977989E-46));
#6662=DIRECTION('center_axis',(-1.,0.,-8.08876775084042E-16));
#6663=DIRECTION('ref_axis',(-2.26658813788146E-16,-0.959937479090555,0.280214268439832));
#6664=DIRECTION('center_axis',(1.,-7.02772260853856E-31,8.08876775084042E-16));
#6665=DIRECTION('ref_axis',(7.02772260853856E-31,1.,5.68456159977989E-46));
#6666=DIRECTION('',(1.,0.,8.08876775084042E-16));
#6667=DIRECTION('center_axis',(-6.81850707701869E-16,0.537976356902677,
0.842959927525457));
#6668=DIRECTION('ref_axis',(-4.35156580642899E-16,-0.842959927525457,0.537976356902677));
#6669=DIRECTION('',(4.35156580642899E-16,0.842959927525457,-0.537976356902677));
#6670=DIRECTION('center_axis',(0.586793804647334,0.,-0.809736395889123));
#6671=DIRECTION('ref_axis',(-0.809736395889123,-5.69060277634652E-31,-0.586793804647334));
#6672=DIRECTION('',(0.,1.,0.));
#6673=DIRECTION('',(0.,1.,0.));
#6674=DIRECTION('center_axis',(0.586793804647689,0.,0.809736395888866));
#6675=DIRECTION('ref_axis',(0.809736395888865,5.69060277634471E-31,-0.586793804647689));
#6676=DIRECTION('',(0.,1.,0.));
#6677=DIRECTION('center_axis',(0.586793804646139,0.,-0.809736395889989));
#6678=DIRECTION('ref_axis',(-0.809736395889989,-5.69060277635261E-31,-0.586793804646139));
#6679=DIRECTION('',(0.,1.,0.));
#6680=DIRECTION('',(0.,1.,0.));
#6681=DIRECTION('center_axis',(0.586793804646858,0.,0.809736395889468));
#6682=DIRECTION('ref_axis',(0.809736395889468,5.69060277634894E-31,-0.586793804646858));
#6683=DIRECTION('',(0.,1.,0.));
#6684=DIRECTION('center_axis',(0.586793804647333,0.,0.809736395889124));
#6685=DIRECTION('ref_axis',(0.809736395889124,5.69060277634653E-31,-0.586793804647333));
#6686=DIRECTION('',(0.,1.,0.));
#6687=DIRECTION('',(0.,1.,0.));
#6688=DIRECTION('center_axis',(-0.586793804645517,0.,0.809736395890439));
#6689=DIRECTION('ref_axis',(0.809736395890439,5.69060277635578E-31,0.586793804645517));
#6690=DIRECTION('center_axis',(-0.586793804646342,0.,0.809736395889842));
#6691=DIRECTION('ref_axis',(0.809736395889842,5.69060277635158E-31,0.586793804646342));
#6692=DIRECTION('',(0.,1.,0.));
#6693=DIRECTION('center_axis',(-0.586793804646834,0.,-0.809736395889486));
#6694=DIRECTION('ref_axis',(-0.809736395889486,-5.69060277634907E-31,0.586793804646834));
#6695=DIRECTION('',(0.,1.,0.));
#6696=DIRECTION('center_axis',(0.58679380464621,0.,-0.809736395889937));
#6697=DIRECTION('ref_axis',(-0.809736395889937,-5.69060277635225E-31,-0.58679380464621));
#6698=DIRECTION('',(0.,1.,0.));
#6699=DIRECTION('center_axis',(0.586793804647653,0.,0.809736395888892));
#6700=DIRECTION('ref_axis',(0.809736395888892,5.69060277634489E-31,-0.586793804647653));
#6701=DIRECTION('',(0.,1.,0.));
#6702=DIRECTION('',(0.,1.,0.));
#6703=DIRECTION('center_axis',(-0.586793804645842,0.,0.809736395890204));
#6704=DIRECTION('ref_axis',(0.809736395890204,5.69060277635412E-31,0.586793804645842));
#6705=DIRECTION('',(0.,1.,0.));
#6706=DIRECTION('center_axis',(1.,0.,8.08876775084042E-16));
#6707=DIRECTION('ref_axis',(8.08876775084042E-16,-1.12390024773159E-60,
-1.));
#6708=DIRECTION('center_axis',(-0.586793804648283,0.,0.809736395888435));
#6709=DIRECTION('ref_axis',(0.809736395888435,5.69060277634169E-31,0.586793804648283));
#6710=DIRECTION('',(0.,1.,0.));
#6711=DIRECTION('center_axis',(-0.586793804645979,0.,-0.809736395890105));
#6712=DIRECTION('ref_axis',(-0.809736395890105,-5.69060277635342E-31,0.586793804645979));
#6713=DIRECTION('center_axis',(-0.586793804647213,0.,0.80973639588921));
#6714=DIRECTION('ref_axis',(0.809736395889211,5.69060277634714E-31,0.586793804647213));
#6715=DIRECTION('',(0.,1.,0.));
#6716=DIRECTION('center_axis',(-0.586793804647088,0.,-0.809736395889301));
#6717=DIRECTION('ref_axis',(-0.809736395889301,-5.69060277634777E-31,0.586793804647088));
#6718=DIRECTION('center_axis',(0.586793804646467,0.,-0.809736395889751));
#6719=DIRECTION('ref_axis',(-0.809736395889751,-5.69060277635094E-31,-0.586793804646467));
#6720=DIRECTION('center_axis',(0.586793804646282,0.,-0.809736395889885));
#6721=DIRECTION('ref_axis',(-0.809736395889885,-5.69060277635188E-31,-0.586793804646282));
#6722=DIRECTION('',(0.,1.,0.));
#6723=DIRECTION('center_axis',(0.586793804646489,0.,0.809736395889735));
#6724=DIRECTION('ref_axis',(0.809736395889735,5.69060277635082E-31,-0.586793804646489));
#6725=DIRECTION('center_axis',(0.58679380464701,0.,0.809736395889358));
#6726=DIRECTION('ref_axis',(0.809736395889358,5.69060277634817E-31,-0.58679380464701));
#6727=DIRECTION('center_axis',(-0.586793804646816,0.,-0.809736395889499));
#6728=DIRECTION('ref_axis',(-0.809736395889499,-5.69060277634916E-31,0.586793804646816));
#6729=DIRECTION('',(0.,1.,0.));
#6730=DIRECTION('center_axis',(0.586793804645775,0.,-0.809736395890253));
#6731=DIRECTION('ref_axis',(-0.809736395890253,-5.69060277635446E-31,-0.586793804645775));
#6732=DIRECTION('center_axis',(0.707106781186549,0.,-0.707106781186546));
#6733=DIRECTION('ref_axis',(-0.707106781186546,-4.96935031279562E-31,-0.707106781186549));
#6734=DIRECTION('',(0.,1.,0.));
#6735=DIRECTION('center_axis',(0.,-1.,0.));
#6736=DIRECTION('ref_axis',(-1.,0.,-8.08876775084042E-16));
#6737=DIRECTION('center_axis',(-2.789186305159E-16,-1.,-1.1842378929335E-14));
#6738=DIRECTION('ref_axis',(-1.,0.,-8.08876775084042E-16));
#6739=DIRECTION('',(0.,-1.,0.));
#6740=DIRECTION('',(0.,1.,0.));
#6741=DIRECTION('center_axis',(-2.789186305159E-16,-1.,-1.1842378929335E-14));
#6742=DIRECTION('ref_axis',(-8.08876775084042E-16,-1.1842378929335E-14,
1.));
#6743=DIRECTION('center_axis',(2.789186305159E-16,1.,1.1842378929335E-14));
#6744=DIRECTION('ref_axis',(-1.,0.,-8.08876775084042E-16));
#6745=DIRECTION('center_axis',(-2.789186305159E-16,-1.,-1.1842378929335E-14));
#6746=DIRECTION('ref_axis',(-8.08876775084042E-16,-1.1842378929335E-14,
1.));
#6747=DIRECTION('center_axis',(2.789186305159E-16,1.,1.1842378929335E-14));
#6748=DIRECTION('ref_axis',(-1.,0.,-8.08876775084042E-16));
#6749=DIRECTION('center_axis',(0.,-1.,0.));
#6750=DIRECTION('ref_axis',(-1.,0.,-8.08876775084042E-16));
#6751=DIRECTION('center_axis',(2.789186305159E-16,1.,1.1842378929335E-14));
#6752=DIRECTION('ref_axis',(-1.,0.,-8.08876775084042E-16));
#6753=DIRECTION('',(0.,-1.,0.));
#6754=DIRECTION('center_axis',(8.59294914613792E-30,-1.,-1.18423789293268E-14));
#6755=DIRECTION('ref_axis',(-1.,0.,-8.08876775084042E-16));
#6756=DIRECTION('center_axis',(2.789186305159E-16,1.,1.1842378929335E-14));
#6757=DIRECTION('ref_axis',(8.08876775084042E-16,1.1842378929335E-14,-1.));
#6758=DIRECTION('center_axis',(2.789186305159E-16,1.,1.1842378929335E-14));
#6759=DIRECTION('ref_axis',(8.08876775084042E-16,1.1842378929335E-14,-1.));
#6760=DIRECTION('center_axis',(-2.789186305159E-16,-1.,-1.1842378929335E-14));
#6761=DIRECTION('ref_axis',(-1.,0.,-8.08876775084042E-16));
#6762=DIRECTION('center_axis',(2.789186305159E-16,1.,1.1842378929335E-14));
#6763=DIRECTION('ref_axis',(-1.,0.,-8.08876775084042E-16));
#6764=DIRECTION('center_axis',(0.,-1.,0.));
#6765=DIRECTION('ref_axis',(-1.,0.,-8.08876775084042E-16));
#6766=DIRECTION('center_axis',(2.789186305159E-16,1.,1.1842378929335E-14));
#6767=DIRECTION('ref_axis',(-1.,0.,-8.08876775084042E-16));
#6768=DIRECTION('',(0.,-1.,0.));
#6769=DIRECTION('center_axis',(8.59294914613792E-30,-1.,-1.18423789293268E-14));
#6770=DIRECTION('ref_axis',(-1.,0.,-8.08876775084042E-16));
#6771=DIRECTION('center_axis',(2.789186305159E-16,1.,1.1842378929335E-14));
#6772=DIRECTION('ref_axis',(8.08876775084042E-16,1.1842378929335E-14,-1.));
#6773=DIRECTION('center_axis',(8.59294914613792E-30,-1.,-1.18423789293268E-14));
#6774=DIRECTION('ref_axis',(1.,0.,7.25610048236007E-16));
#6775=DIRECTION('center_axis',(2.789186305159E-16,1.,1.1842378929335E-14));
#6776=DIRECTION('ref_axis',(8.08876775084042E-16,1.1842378929335E-14,-1.));
#6777=DIRECTION('center_axis',(2.789186305159E-16,1.,1.1842378929335E-14));
#6778=DIRECTION('ref_axis',(-1.,0.,-8.08876775084042E-16));
#6779=DIRECTION('center_axis',(8.59294914613792E-30,-1.,-1.18423789293268E-14));
#6780=DIRECTION('ref_axis',(1.,0.,7.25610048236007E-16));
#6781=DIRECTION('center_axis',(-0.691620088749374,0.,0.722261485085775));
#6782=DIRECTION('ref_axis',(0.722261485085775,5.07585336801394E-31,0.691620088749374));
#6783=DIRECTION('',(0.,1.,0.));
#6784=DIRECTION('center_axis',(1.,0.,4.04438387542021E-16));
#6785=DIRECTION('ref_axis',(4.04438387542021E-16,-2.84228079988995E-46,
-1.));
#6786=DIRECTION('center_axis',(-0.691620088749157,0.,0.722261485085982));
#6787=DIRECTION('ref_axis',(0.722261485085982,5.0758533680154E-31,0.691620088749157));
#6788=DIRECTION('',(0.,1.,0.));
#6789=DIRECTION('center_axis',(0.691620088748731,0.,-0.72226148508639));
#6790=DIRECTION('ref_axis',(-0.72226148508639,-5.07585336801826E-31,-0.691620088748731));
#6791=DIRECTION('',(0.,1.,0.));
#6792=DIRECTION('center_axis',(0.691620088748311,0.,0.722261485086792));
#6793=DIRECTION('ref_axis',(0.722261485086792,5.07585336802108E-31,-0.691620088748311));
#6794=DIRECTION('center_axis',(-0.691620088749853,0.,0.722261485085316));
#6795=DIRECTION('ref_axis',(0.722261485085316,5.07585336801071E-31,0.691620088749853));
#6796=DIRECTION('',(0.,1.,0.));
#6797=DIRECTION('',(0.,1.,0.));
#6798=DIRECTION('center_axis',(-0.691620088747722,0.,-0.722261485087356));
#6799=DIRECTION('ref_axis',(-0.722261485087356,-5.07585336802505E-31,0.691620088747722));
#6800=DIRECTION('',(0.,1.,0.));
#6801=DIRECTION('center_axis',(0.691620088750649,0.,-0.722261485084553));
#6802=DIRECTION('ref_axis',(-0.722261485084553,-5.07585336800536E-31,-0.691620088750649));
#6803=DIRECTION('',(0.,1.,0.));
#6804=DIRECTION('center_axis',(0.69162008874656,0.,0.722261485088469));
#6805=DIRECTION('ref_axis',(0.722261485088469,5.07585336803287E-31,-0.69162008874656));
#6806=DIRECTION('center_axis',(0.,-1.,0.));
#6807=DIRECTION('ref_axis',(-1.,0.,-8.08876775084042E-16));
#6808=DIRECTION('',(0.,-1.,0.));
#6809=DIRECTION('center_axis',(0.691620088748258,0.,0.722261485086843));
#6810=DIRECTION('ref_axis',(0.722261485086843,5.07585336802144E-31,-0.691620088748258));
#6811=DIRECTION('center_axis',(-0.691620088749056,0.,0.722261485086078));
#6812=DIRECTION('ref_axis',(0.722261485086078,5.07585336801607E-31,0.691620088749056));
#6813=DIRECTION('',(0.,1.,0.));
#6814=DIRECTION('center_axis',(1.,0.,1.03299908309801E-12));
#6815=DIRECTION('ref_axis',(1.03299908309801E-12,7.25394644928774E-43,-1.));
#6816=DIRECTION('',(0.,1.,0.));
#6817=DIRECTION('center_axis',(0.691620088746826,0.,0.722261485088214));
#6818=DIRECTION('ref_axis',(0.722261485088214,5.07585336803108E-31,-0.691620088746826));
#6819=DIRECTION('center_axis',(-0.691620088747338,0.,0.722261485087724));
#6820=DIRECTION('ref_axis',(0.722261485087724,5.07585336802764E-31,0.691620088747338));
#6821=DIRECTION('',(0.,1.,0.));
#6822=DIRECTION('',(0.,1.,0.));
#6823=DIRECTION('center_axis',(-0.691620088749905,0.,-0.722261485085266));
#6824=DIRECTION('ref_axis',(-0.722261485085266,-5.07585336801036E-31,0.691620088749905));
#6825=DIRECTION('',(0.,1.,0.));
#6826=DIRECTION('center_axis',(0.691620088748731,0.,-0.72226148508639));
#6827=DIRECTION('ref_axis',(-0.72226148508639,-5.07585336801826E-31,-0.691620088748731));
#6828=DIRECTION('',(0.,1.,0.));
#6829=DIRECTION('center_axis',(0.691620088749072,0.,0.722261485086063));
#6830=DIRECTION('ref_axis',(0.722261485086063,5.07585336801596E-31,-0.691620088749072));
#6831=DIRECTION('center_axis',(0.691620088750649,0.,-0.722261485084553));
#6832=DIRECTION('ref_axis',(-0.722261485084553,-5.07585336800536E-31,-0.691620088750649));
#6833=DIRECTION('',(0.,1.,0.));
#6834=DIRECTION('center_axis',(0.691620088748258,0.,0.722261485086843));
#6835=DIRECTION('ref_axis',(0.722261485086843,5.07585336802144E-31,-0.691620088748258));
#6836=DIRECTION('center_axis',(0.691620088748311,0.,0.722261485086792));
#6837=DIRECTION('ref_axis',(0.722261485086792,5.07585336802108E-31,-0.691620088748311));
#6838=DIRECTION('center_axis',(0.,-1.,0.));
#6839=DIRECTION('ref_axis',(-1.,0.,-8.08876775084042E-16));
#6840=DIRECTION('',(0.,-1.,0.));
#6841=DIRECTION('center_axis',(8.08876775084042E-16,0.,-1.));
#6842=DIRECTION('ref_axis',(-1.,-7.02772260853856E-31,-8.08876775084042E-16));
#6843=DIRECTION('',(0.,1.,0.));
#6844=DIRECTION('center_axis',(0.,-1.,0.));
#6845=DIRECTION('ref_axis',(-1.,0.,-8.08876775084042E-16));
#6846=DIRECTION('',(0.,-1.,0.));
#6847=DIRECTION('center_axis',(8.08876775084044E-16,-5.55111512312576E-16,
-1.));
#6848=DIRECTION('ref_axis',(1.,-4.73827727805135E-46,8.08876775084044E-16));
#6849=DIRECTION('',(-0.527418848581555,-0.849605413213044,4.50088884384556E-17));
#6850=DIRECTION('center_axis',(8.08876775084044E-16,-5.55111512312576E-16,
-1.));
#6851=DIRECTION('ref_axis',(1.,-4.73827727805135E-46,8.08876775084044E-16));
#6852=DIRECTION('center_axis',(7.25610048236007E-16,1.27675647831893E-14,
-1.));
#6853=DIRECTION('ref_axis',(1.,0.,7.25610048236007E-16));
#6854=DIRECTION('center_axis',(6.97854472623087E-16,3.65124597223599E-14,
-1.));
#6855=DIRECTION('ref_axis',(1.,0.,7.25610048236007E-16));
#6856=DIRECTION('',(-7.25610048236007E-16,-1.27675647831893E-14,1.));
#6857=DIRECTION('center_axis',(7.25610048236007E-16,1.27675647831893E-14,
-1.));
#6858=DIRECTION('ref_axis',(1.,0.,7.25610048236007E-16));
#6859=DIRECTION('center_axis',(7.25610048236007E-16,1.27675647831893E-14,
-1.));
#6860=DIRECTION('ref_axis',(1.,0.,7.25610048236007E-16));
#6861=DIRECTION('center_axis',(-7.25610048236007E-16,-1.27675647831893E-14,
1.));
#6862=DIRECTION('ref_axis',(1.,0.,8.08876775084042E-16));
#6863=DIRECTION('center_axis',(7.25610048236007E-16,1.27675647831893E-14,
-1.));
#6864=DIRECTION('ref_axis',(1.,0.,7.25610048236007E-16));
#6865=DIRECTION('center_axis',(6.97854472623087E-16,3.65124597223599E-14,
-1.));
#6866=DIRECTION('ref_axis',(1.,0.,7.25610048236007E-16));
#6867=DIRECTION('',(-7.25610048236007E-16,-1.27675647831893E-14,1.));
#6868=DIRECTION('center_axis',(7.25610048236007E-16,1.27675647831893E-14,
-1.));
#6869=DIRECTION('ref_axis',(1.,0.,7.25610048236007E-16));
#6870=DIRECTION('center_axis',(7.25610048236007E-16,1.27675647831893E-14,
-1.));
#6871=DIRECTION('ref_axis',(1.,0.,7.25610048236007E-16));
#6872=DIRECTION('center_axis',(-7.25610048236007E-16,-1.27675647831893E-14,
1.));
#6873=DIRECTION('ref_axis',(1.,0.,8.08876775084042E-16));
#6874=DIRECTION('center_axis',(7.25610048236007E-16,1.27675647831893E-14,
-1.));
#6875=DIRECTION('ref_axis',(1.,0.,7.25610048236007E-16));
#6876=DIRECTION('center_axis',(6.97854472623087E-16,3.65124597223599E-14,
-1.));
#6877=DIRECTION('ref_axis',(1.,0.,7.25610048236007E-16));
#6878=DIRECTION('',(-7.25610048236007E-16,-1.27675647831893E-14,1.));
#6879=DIRECTION('center_axis',(7.25610048236007E-16,1.27675647831893E-14,
-1.));
#6880=DIRECTION('ref_axis',(1.,0.,7.25610048236007E-16));
#6881=DIRECTION('center_axis',(7.25610048236007E-16,1.27675647831893E-14,
-1.));
#6882=DIRECTION('ref_axis',(1.,0.,7.25610048236007E-16));
#6883=DIRECTION('center_axis',(-7.25610048236007E-16,-1.27675647831893E-14,
1.));
#6884=DIRECTION('ref_axis',(1.,0.,8.08876775084042E-16));
#6885=DIRECTION('center_axis',(7.25610048236007E-16,1.27675647831893E-14,
-1.));
#6886=DIRECTION('ref_axis',(1.,0.,7.25610048236007E-16));
#6887=DIRECTION('center_axis',(6.97854472623087E-16,3.65124597223599E-14,
-1.));
#6888=DIRECTION('ref_axis',(1.,0.,7.25610048236007E-16));
#6889=DIRECTION('',(-7.25610048236007E-16,-1.27675647831893E-14,1.));
#6890=DIRECTION('center_axis',(7.25610048236007E-16,1.27675647831893E-14,
-1.));
#6891=DIRECTION('ref_axis',(1.,0.,7.25610048236007E-16));
#6892=DIRECTION('center_axis',(7.25610048236007E-16,1.27675647831893E-14,
-1.));
#6893=DIRECTION('ref_axis',(1.,0.,7.25610048236007E-16));
#6894=DIRECTION('center_axis',(-7.25610048236007E-16,-1.27675647831893E-14,
1.));
#6895=DIRECTION('ref_axis',(1.,0.,8.08876775084042E-16));
#6896=DIRECTION('center_axis',(-8.08876775084042E-16,0.,1.));
#6897=DIRECTION('ref_axis',(1.,0.,8.08876775084042E-16));
#6898=DIRECTION('center_axis',(-8.08876775084042E-16,-3.73679590486618E-45,
1.));
#6899=DIRECTION('ref_axis',(1.,0.,8.08876775084042E-16));
#6900=DIRECTION('',(8.08876775084042E-16,0.,-1.));
#6901=DIRECTION('center_axis',(-8.08876775084042E-16,0.,1.));
#6902=DIRECTION('ref_axis',(1.,0.,8.08876775084042E-16));
#6903=DIRECTION('center_axis',(-8.08876775084042E-16,-3.73679590486618E-45,
1.));
#6904=DIRECTION('ref_axis',(1.,0.,8.08876775084042E-16));
#6905=DIRECTION('',(8.08876775084042E-16,0.,-1.));
#6906=DIRECTION('center_axis',(-8.08876775084042E-16,0.,1.));
#6907=DIRECTION('ref_axis',(1.,0.,8.08876775084042E-16));
#6908=DIRECTION('center_axis',(-8.08876775084042E-16,-3.73679590486618E-45,
1.));
#6909=DIRECTION('ref_axis',(1.,0.,8.08876775084042E-16));
#6910=DIRECTION('',(8.08876775084042E-16,0.,-1.));
#6911=DIRECTION('center_axis',(-8.08876775084042E-16,0.,1.));
#6912=DIRECTION('ref_axis',(1.,0.,8.08876775084042E-16));
#6913=DIRECTION('center_axis',(-8.08876775084042E-16,-3.73679590486618E-45,
1.));
#6914=DIRECTION('ref_axis',(1.,0.,8.08876775084042E-16));
#6915=DIRECTION('',(8.08876775084042E-16,0.,-1.));
#6916=DIRECTION('center_axis',(8.08876775084042E-16,-9.86076131526265E-32,
-1.));
#6917=DIRECTION('ref_axis',(1.,0.,8.08876775084042E-16));
#6918=DIRECTION('center_axis',(-8.08876775084044E-16,5.55111512312576E-16,
1.));
#6919=DIRECTION('ref_axis',(1.,-4.73827727805135E-46,8.08876775084044E-16));
#6920=DIRECTION('center_axis',(8.08876775084042E-16,0.,-1.));
#6921=DIRECTION('ref_axis',(1.,0.,8.08876775084042E-16));
#6922=DIRECTION('center_axis',(-8.08876775084044E-16,5.55111512312576E-16,
1.));
#6923=DIRECTION('ref_axis',(1.,-4.73827727805135E-46,8.08876775084044E-16));
#6924=DIRECTION('center_axis',(8.08876775084042E-16,0.,-1.));
#6925=DIRECTION('ref_axis',(1.,0.,8.08876775084042E-16));
#6926=DIRECTION('center_axis',(-8.08876775084044E-16,5.55111512312576E-16,
1.));
#6927=DIRECTION('ref_axis',(1.,-4.73827727805135E-46,8.08876775084044E-16));
#6928=DIRECTION('center_axis',(8.08876775084042E-16,0.,-1.));
#6929=DIRECTION('ref_axis',(1.,0.,8.08876775084042E-16));
#6930=DIRECTION('center_axis',(-8.08876775084044E-16,5.55111512312576E-16,
1.));
#6931=DIRECTION('ref_axis',(1.,-4.73827727805135E-46,8.08876775084044E-16));
#6932=DIRECTION('center_axis',(6.97854472623087E-16,3.65124597223599E-14,
-1.));
#6933=DIRECTION('ref_axis',(1.,4.73453455217261E-43,6.97854472623087E-16));
#6934=DIRECTION('',(0.947417542586132,-0.320000000000085,9.43979730445192E-16));
#6935=DIRECTION('center_axis',(6.97854472623087E-16,3.65124597223599E-14,
-1.));
#6936=DIRECTION('ref_axis',(-1.,1.0956401461554E-30,-8.08876775084042E-16));
#6937=DIRECTION('',(-1.,-4.73453455217261E-43,-6.97854472623087E-16));
#6938=DIRECTION('',(0.64278760968653,-0.766044443118986,-2.75215946665531E-14));
#6939=DIRECTION('',(1.,-1.48561978701192E-14,6.97854472622544E-16));
#6940=DIRECTION('center_axis',(6.97854472623087E-16,3.65124597223599E-14,
-1.));
#6941=DIRECTION('ref_axis',(-1.,1.0956401461554E-30,-8.08876775084042E-16));
#6942=DIRECTION('',(-0.947417542586132,0.320000000000085,-9.43979730445192E-16));
#6943=DIRECTION('',(0.527418848581555,0.849605413213044,-4.50088884384556E-17));
#6944=DIRECTION('',(0.527408500046172,-0.849611837299273,8.98237798551132E-16));
#6945=DIRECTION('center_axis',(-8.08876775084044E-16,5.55111512312576E-16,
1.));
#6946=DIRECTION('ref_axis',(1.,-4.73827727805135E-46,8.08876775084044E-16));
#6947=DIRECTION('center_axis',(-8.08876775084044E-16,5.55111512312576E-16,
1.));
#6948=DIRECTION('ref_axis',(1.,-4.73827727805135E-46,8.08876775084044E-16));
#6949=DIRECTION('center_axis',(6.97854472623087E-16,3.65124597223599E-14,
-1.));
#6950=DIRECTION('ref_axis',(1.,0.,6.97854472623087E-16));
#6951=DIRECTION('center_axis',(6.97854472623087E-16,3.65124597223599E-14,
-1.));
#6952=DIRECTION('ref_axis',(1.,0.,6.97854472623087E-16));
#6953=DIRECTION('center_axis',(6.97854472623087E-16,3.65124597223599E-14,
-1.));
#6954=DIRECTION('ref_axis',(1.,0.,6.97854472623087E-16));
#6955=DIRECTION('center_axis',(6.97854472623087E-16,3.65124597223599E-14,
-1.));
#6956=DIRECTION('ref_axis',(1.,0.,6.97854472623087E-16));
#6957=DIRECTION('center_axis',(-8.08876775084044E-16,5.55111512312576E-16,
1.));
#6958=DIRECTION('ref_axis',(1.,-4.73827727805135E-46,8.08876775084044E-16));
#6959=DIRECTION('center_axis',(-8.08876775084044E-16,5.55111512312576E-16,
1.));
#6960=DIRECTION('ref_axis',(1.,-4.73827727805135E-46,8.08876775084044E-16));
#6961=DIRECTION('center_axis',(8.08876775084044E-16,-5.55111512312576E-16,
-1.));
#6962=DIRECTION('ref_axis',(1.,-4.73827727805135E-46,8.08876775084044E-16));
#6963=DIRECTION('center_axis',(8.08876775084042E-16,0.,-1.));
#6964=DIRECTION('ref_axis',(1.,-4.73827727805135E-46,8.08876775084042E-16));
#6965=DIRECTION('',(8.08876775084042E-16,0.,-1.));
#6966=DIRECTION('center_axis',(8.08876775084042E-16,0.,-1.));
#6967=DIRECTION('ref_axis',(1.,-4.73827727805135E-46,8.08876775084042E-16));
#6968=DIRECTION('',(8.08876775084042E-16,0.,-1.));
#6969=DIRECTION('center_axis',(8.08876775084042E-16,0.,-1.));
#6970=DIRECTION('ref_axis',(1.,-4.73827727805135E-46,8.08876775084042E-16));
#6971=DIRECTION('',(8.08876775084042E-16,0.,-1.));
#6972=DIRECTION('center_axis',(8.08876775084042E-16,0.,-1.));
#6973=DIRECTION('ref_axis',(1.,-4.73827727805135E-46,8.08876775084042E-16));
#6974=DIRECTION('',(8.08876775084042E-16,0.,-1.));
#6975=DIRECTION('center_axis',(0.320000000000085,0.947417542586132,2.58840568026962E-16));
#6976=DIRECTION('ref_axis',(-0.947417542586132,0.320000000000085,-9.43979730445193E-16));
#6977=DIRECTION('center_axis',(-0.849611837299273,-0.527408500046172,-6.87231283027864E-16));
#6978=DIRECTION('ref_axis',(0.527408500046172,-0.849611837299273,8.98237798551132E-16));
#6979=DIRECTION('center_axis',(-0.849605413213044,0.527418848581555,-6.87226086733711E-16));
#6980=DIRECTION('ref_axis',(-0.527418848581555,-0.849605413213044,4.50088884384556E-17));
#6981=DIRECTION('center_axis',(-0.320000000000085,-0.947417542586132,-2.58840568026962E-16));
#6982=DIRECTION('ref_axis',(0.947417542586132,-0.320000000000085,9.43979730445192E-16));
#6983=DIRECTION('center_axis',(8.08876775084042E-16,1.31581988103722E-14,
-1.));
#6984=DIRECTION('ref_axis',(-1.,1.0956401461554E-30,-8.08876775084042E-16));
#6985=DIRECTION('center_axis',(8.08876775084042E-16,1.31581988103722E-14,
-1.));
#6986=DIRECTION('ref_axis',(-1.,1.0956401461554E-30,-8.08876775084042E-16));
#6987=DIRECTION('center_axis',(6.97854472623087E-16,3.65124597223599E-14,
-1.));
#6988=DIRECTION('ref_axis',(1.,4.72752805985098E-43,6.97854472623087E-16));
#6989=DIRECTION('',(1.,-1.48561978701192E-14,6.97854472622544E-16));
#6990=DIRECTION('',(-0.64278760968653,0.766044443118986,2.75215946665531E-14));
#6991=DIRECTION('center_axis',(0.,-1.,0.));
#6992=DIRECTION('ref_axis',(1.,0.,8.08876775084042E-16));
#6993=DIRECTION('',(1.,6.17157119060201E-14,8.08876775084042E-16));
#6994=DIRECTION('',(-1.,0.,-8.08876775084042E-16));
#6995=DIRECTION('',(-8.08876775084042E-16,0.,1.));
#6996=DIRECTION('center_axis',(8.08876775084042E-16,0.,-1.));
#6997=DIRECTION('ref_axis',(-1.,0.,-8.08876775084042E-16));
#6998=DIRECTION('center_axis',(-8.08876775084042E-16,-3.73679590486618E-45,
1.));
#6999=DIRECTION('ref_axis',(-1.,0.,-8.08876775084042E-16));
#7000=DIRECTION('center_axis',(-8.08876775084042E-16,-3.73679590486618E-45,
1.));
#7001=DIRECTION('ref_axis',(-1.,0.,-8.08876775084042E-16));
#7002=DIRECTION('center_axis',(8.08876775084042E-16,3.73679590486618E-45,
-1.));
#7003=DIRECTION('ref_axis',(-1.,0.,-8.08876775084042E-16));
#7004=DIRECTION('center_axis',(-8.08876775084042E-16,-3.73679590486618E-45,
1.));
#7005=DIRECTION('ref_axis',(1.,0.,8.08876775084042E-16));
#7006=DIRECTION('center_axis',(6.97854472623087E-16,3.65124597223599E-14,
-1.));
#7007=DIRECTION('ref_axis',(1.,4.72752805985098E-43,6.97854472623087E-16));
#7008=DIRECTION('',(-1.,-4.72752805985098E-43,-6.97854472623087E-16));
#7009=DIRECTION('center_axis',(6.97854472623087E-16,3.65124597223599E-14,
-1.));
#7010=DIRECTION('ref_axis',(1.,0.,6.97854472623087E-16));
#7011=DIRECTION('',(-6.97854472623087E-16,-3.65124597223599E-14,1.));
#7012=DIRECTION('center_axis',(6.97854472623087E-16,3.65124597223599E-14,
-1.));
#7013=DIRECTION('ref_axis',(1.,0.,6.97854472623087E-16));
#7014=DIRECTION('center_axis',(6.97854472623087E-16,3.65124597223599E-14,
-1.));
#7015=DIRECTION('ref_axis',(1.,0.,6.97854472623087E-16));
#7016=DIRECTION('center_axis',(6.97854472623087E-16,3.65124597223599E-14,
-1.));
#7017=DIRECTION('ref_axis',(1.,0.,6.97854472623087E-16));
#7018=DIRECTION('',(-6.97854472623087E-16,-3.65124597223599E-14,1.));
#7019=DIRECTION('center_axis',(6.97854472623087E-16,3.65124597223599E-14,
-1.));
#7020=DIRECTION('ref_axis',(1.,0.,6.97854472623087E-16));
#7021=DIRECTION('center_axis',(6.97854472623087E-16,3.65124597223599E-14,
-1.));
#7022=DIRECTION('ref_axis',(1.,0.,6.97854472623087E-16));
#7023=DIRECTION('center_axis',(6.97854472623087E-16,3.65124597223599E-14,
-1.));
#7024=DIRECTION('ref_axis',(1.,0.,6.97854472623087E-16));
#7025=DIRECTION('',(-6.97854472623087E-16,-3.65124597223599E-14,1.));
#7026=DIRECTION('center_axis',(6.97854472623087E-16,3.65124597223599E-14,
-1.));
#7027=DIRECTION('ref_axis',(1.,0.,6.97854472623087E-16));
#7028=DIRECTION('center_axis',(6.97854472623087E-16,3.65124597223599E-14,
-1.));
#7029=DIRECTION('ref_axis',(1.,0.,6.97854472623087E-16));
#7030=DIRECTION('center_axis',(6.97854472623087E-16,3.65124597223599E-14,
-1.));
#7031=DIRECTION('ref_axis',(1.,0.,6.97854472623087E-16));
#7032=DIRECTION('',(-6.97854472623087E-16,-3.65124597223599E-14,1.));
#7033=DIRECTION('center_axis',(6.97854472623087E-16,3.65124597223599E-14,
-1.));
#7034=DIRECTION('ref_axis',(1.,0.,6.97854472623087E-16));
#7035=DIRECTION('center_axis',(6.97854472623087E-16,3.65124597223599E-14,
-1.));
#7036=DIRECTION('ref_axis',(1.,0.,6.97854472623087E-16));
#7037=DIRECTION('center_axis',(-1.48561978701191E-14,-1.,-3.55271367880049E-14));
#7038=DIRECTION('ref_axis',(1.,-1.48561978701192E-14,6.97854472622544E-16));
#7039=DIRECTION('center_axis',(0.766044443118986,0.64278760968653,2.33851655454695E-14));
#7040=DIRECTION('ref_axis',(-0.64278760968653,0.766044443118986,2.75215946665531E-14));
#7041=DIRECTION('center_axis',(-2.47927713070019E-29,1.,3.55271367880049E-14));
#7042=DIRECTION('ref_axis',(-1.,-4.73453455217261E-43,-6.97854472623087E-16));
#7043=CARTESIAN_POINT('',(0.,0.,0.));
#7044=CARTESIAN_POINT('Origin',(-63.7153688828725,145.15,-96.9777891139052));
#7045=CARTESIAN_POINT('',(-101.963248654057,150.15,-96.9777891139052));
#7046=CARTESIAN_POINT('',(-116.068314439936,150.15,-96.9777891139052));
#7047=CARTESIAN_POINT('',(-63.7153688828725,150.15,-96.9777891139052));
#7048=CARTESIAN_POINT('',(-106.178048291684,147.839881784513,-92.7629894762779));
#7049=CARTESIAN_POINT('Origin',(-101.963248654057,145.15,-96.9777891139052));
#7050=CARTESIAN_POINT('',(-119.850000000002,147.839881784513,-92.7629894762779));
#7051=CARTESIAN_POINT('',(-63.7153688828725,147.839881784513,-92.7629894762779));
#7052=CARTESIAN_POINT('',(-119.850000000002,148.444584878467,-93.2167107474555));
#7053=CARTESIAN_POINT('Origin',(-119.850000000002,145.15,-96.9777891139052));
#7054=CARTESIAN_POINT('',(-119.023587609295,149.668132968779,-94.8361835301348));
#7055=CARTESIAN_POINT('Ctrl Pts',(-119.023587609295,149.668132968779,-94.8361835301348));
#7056=CARTESIAN_POINT('Ctrl Pts',(-119.090485334851,149.645153832827,-94.7877045793301));
#7057=CARTESIAN_POINT('Ctrl Pts',(-119.152872098071,149.619734020304,-94.7361264190525));
#7058=CARTESIAN_POINT('Ctrl Pts',(-119.366494037713,149.517372639909,-94.5379721830952));
#7059=CARTESIAN_POINT('Ctrl Pts',(-119.515040968286,149.403579555582,-94.3415838137981));
#7060=CARTESIAN_POINT('Ctrl Pts',(-119.692537326821,149.181799527933,-94.0146378784637));
#7061=CARTESIAN_POINT('Ctrl Pts',(-119.75729819647,149.050945765463,-93.8422660408705));
#7062=CARTESIAN_POINT('Ctrl Pts',(-119.835471303918,148.759789500564,-93.5111263874129));
#7063=CARTESIAN_POINT('Ctrl Pts',(-119.849999999384,148.599617683127,-93.3525145473595));
#7064=CARTESIAN_POINT('Ctrl Pts',(-119.850000000002,148.444584878467,-93.2167107474555));
#7065=CARTESIAN_POINT('Origin',(-116.068314439936,145.15,-96.9777891139052));
#7066=CARTESIAN_POINT('Origin',(-101.963248654057,145.15,-105.168652544223));
#7067=CARTESIAN_POINT('',(-106.293375672979,147.65,-92.6418070720626));
#7068=CARTESIAN_POINT('',(-106.293375672979,147.65,-76.237305088445));
#7069=CARTESIAN_POINT('',(-106.293375672979,147.65,-105.168652544223));
#7070=CARTESIAN_POINT('Origin',(-101.963248654057,145.15,-91.0463090556803));
#7071=CARTESIAN_POINT('',(-101.963248654057,150.15,-76.237305088445));
#7072=CARTESIAN_POINT('',(-101.963248654057,150.15,-105.168652544223));
#7073=CARTESIAN_POINT('Origin',(-101.963248654057,145.15,-76.237305088445));
#7074=CARTESIAN_POINT('Origin',(-7.58073776574328,150.15,-125.1));
#7075=CARTESIAN_POINT('',(-84.5720870156785,150.15,-119.80224311662));
#7076=CARTESIAN_POINT('',(-119.850000000002,150.15,-94.237305088445));
#7077=CARTESIAN_POINT('',(-82.919262234266,150.15,-123.041188700178));
#7078=CARTESIAN_POINT('Origin',(-86.919262234266,150.15,-123.041188700178));
#7079=CARTESIAN_POINT('',(-82.919262234266,150.15,-125.1));
#7080=CARTESIAN_POINT('',(-82.919262234266,150.15,-125.1));
#7081=CARTESIAN_POINT('',(79.9192622342474,150.150000000005,-125.1));
#7082=CARTESIAN_POINT('',(-7.58073776575257,150.15,-125.1));
#7083=CARTESIAN_POINT('',(79.9192622342474,150.150000000005,-124.704909418965));
#7084=CARTESIAN_POINT('',(79.9192622342474,150.150000000005,-125.1));
#7085=CARTESIAN_POINT('',(81.1588808203077,150.15,-122.275700231298));
#7086=CARTESIAN_POINT('Origin',(82.9192622342474,150.150000000006,-124.704909418965));
#7087=CARTESIAN_POINT('',(116.068314439937,150.15,-96.9777891139051));
#7088=CARTESIAN_POINT('',(82.1692622342601,150.15,-121.54350447346));
#7089=CARTESIAN_POINT('',(101.963248654055,150.15,-96.9777891139051));
#7090=CARTESIAN_POINT('',(56.1346311171284,150.15,-96.9777891139051));
#7091=CARTESIAN_POINT('',(101.963248654055,150.15,-76.2373050884449));
#7092=CARTESIAN_POINT('',(101.963248654055,150.15,-105.168652544222));
#7093=CARTESIAN_POINT('',(56.4434017428552,150.15,-76.2373050884449));
#7094=CARTESIAN_POINT('',(119.85,150.15,-76.2373050884449));
#7095=CARTESIAN_POINT('',(49.3723339309898,150.15,-73.3083729003103));
#7096=CARTESIAN_POINT('Origin',(56.4434017428552,150.15,-66.2373050884449));
#7097=CARTESIAN_POINT('',(46.9319805153393,150.15,-70.8680194846599));
#7098=CARTESIAN_POINT('',(52.3012661191243,150.15,-76.2373050884449));
#7099=CARTESIAN_POINT('',(43.7499999999984,150.15,-69.5499999999993));
#7100=CARTESIAN_POINT('Origin',(43.7499999999985,150.15,-74.0499999999993));
#7101=CARTESIAN_POINT('',(-43.7500000000016,150.15,-69.5499999999994));
#7102=CARTESIAN_POINT('',(-43.7500000000016,150.15,-69.5499999999994));
#7103=CARTESIAN_POINT('',(-46.931980515341,150.15,-70.8680194846599));
#7104=CARTESIAN_POINT('Origin',(-43.7500000000015,150.15,-74.0499999999994));
#7105=CARTESIAN_POINT('',(-49.3723339309914,150.15,-73.3083729003104));
#7106=CARTESIAN_POINT('',(-52.3012661191259,150.15,-76.2373050884449));
#7107=CARTESIAN_POINT('',(-56.4434017428569,150.15,-76.2373050884449));
#7108=CARTESIAN_POINT('Origin',(-56.4434017428569,150.15,-66.2373050884449));
#7109=CARTESIAN_POINT('',(-119.850000000002,150.15,-76.237305088445));
#7110=CARTESIAN_POINT('',(49.3734284505781,150.15,-89.2804335257993));
#7111=CARTESIAN_POINT('',(57.1470207684717,150.15,-83.6471239263344));
#7112=CARTESIAN_POINT('',(57.1470207684717,150.15,-83.6471239263344));
#7113=CARTESIAN_POINT('',(64.9206130863645,150.15,-89.2804335258074));
#7114=CARTESIAN_POINT('',(57.1470207684717,150.15,-83.6471239263344));
#7115=CARTESIAN_POINT('',(57.1470207684632,150.15,-94.9137431252528));
#7116=CARTESIAN_POINT('',(64.9206130863645,150.15,-89.2804335258074));
#7117=CARTESIAN_POINT('',(57.1470207684632,150.15,-94.9137431252528));
#7118=CARTESIAN_POINT('',(75.1456699163566,150.15,-89.2804335258231));
#7119=CARTESIAN_POINT('',(82.9192622342534,150.15,-83.647123926368));
#7120=CARTESIAN_POINT('',(82.9192622342534,150.15,-83.647123926368));
#7121=CARTESIAN_POINT('',(90.6928545521403,150.15,-89.280433525821));
#7122=CARTESIAN_POINT('',(82.9192622342534,150.15,-83.647123926368));
#7123=CARTESIAN_POINT('',(82.9192622342566,150.15,-94.9137431252699));
#7124=CARTESIAN_POINT('',(82.9192622342566,150.15,-94.9137431252699));
#7125=CARTESIAN_POINT('',(82.9192622342566,150.15,-94.9137431252699));
#7126=CARTESIAN_POINT('',(82.9192622342576,150.15,-102.323561963176));
#7127=CARTESIAN_POINT('',(90.6928545521745,150.15,-107.956871562626));
#7128=CARTESIAN_POINT('',(90.6928545521745,150.15,-107.956871562626));
#7129=CARTESIAN_POINT('',(84.3862467458796,150.15,-112.527097636024));
#7130=CARTESIAN_POINT('',(82.9192622342629,150.15,-113.590181162095));
#7131=CARTESIAN_POINT('',(81.4522777226457,150.15,-112.527097636025));
#7132=CARTESIAN_POINT('Origin',(82.9192622342619,150.15,-110.502756646301));
#7133=CARTESIAN_POINT('',(75.1456699163582,150.15,-107.956871562639));
#7134=CARTESIAN_POINT('',(82.9192622342632,150.15,-113.590181162095));
#7135=CARTESIAN_POINT('',(75.1456699163582,150.15,-107.956871562639));
#7136=CARTESIAN_POINT('',(64.9206130863603,150.15,-107.95687156264));
#7137=CARTESIAN_POINT('',(58.614005280081,150.15,-112.527097636022));
#7138=CARTESIAN_POINT('',(57.1470207684651,150.15,-113.590181162091));
#7139=CARTESIAN_POINT('',(55.6800362568486,150.15,-112.527097636022));
#7140=CARTESIAN_POINT('Origin',(57.1470207684643,150.15,-110.502756646298));
#7141=CARTESIAN_POINT('',(49.3734284505637,150.15,-107.956871562641));
#7142=CARTESIAN_POINT('',(57.1470207684651,150.15,-113.590181162091));
#7143=CARTESIAN_POINT('',(57.1470207684616,150.15,-102.323561963191));
#7144=CARTESIAN_POINT('',(57.1470207684616,150.15,-102.323561963191));
#7145=CARTESIAN_POINT('',(64.9206130863603,150.15,-107.95687156264));
#7146=CARTESIAN_POINT('',(95.8053829671654,150.15,-104.251962143673));
#7147=CARTESIAN_POINT('',(88.0317906492701,150.15,-98.6186525442286));
#7148=CARTESIAN_POINT('',(95.8053829671654,150.15,-104.251962143673));
#7149=CARTESIAN_POINT('',(95.8053829671603,150.15,-92.9853429447762));
#7150=CARTESIAN_POINT('',(88.0317906492701,150.15,-98.6186525442286));
#7151=CARTESIAN_POINT('',(100.78551945084,150.15,-96.5943115545007));
#7152=CARTESIAN_POINT('',(95.8053829671603,150.15,-92.9853429447762));
#7153=CARTESIAN_POINT('',(100.785519450841,150.15,-100.642993533949));
#7154=CARTESIAN_POINT('Origin',(99.3185349392237,150.15,-98.618652544225));
#7155=CARTESIAN_POINT('',(95.8053829671654,150.15,-104.251962143673));
#7156=CARTESIAN_POINT('',(70.0331415013559,150.15,-92.9853429447803));
#7157=CARTESIAN_POINT('',(77.8067338192607,150.15,-98.6186525442263));
#7158=CARTESIAN_POINT('',(77.8067338192607,150.15,-98.6186525442263));
#7159=CARTESIAN_POINT('',(70.0331415013576,150.15,-104.251962143685));
#7160=CARTESIAN_POINT('',(70.0331415013576,150.15,-104.251962143685));
#7161=CARTESIAN_POINT('',(62.2595491834606,150.15,-98.6186525442459));
#7162=CARTESIAN_POINT('',(70.0331415013576,150.15,-104.251962143685));
#7163=CARTESIAN_POINT('',(70.0331415013559,150.15,-92.9853429447803));
#7164=CARTESIAN_POINT('',(-49.3734284505798,150.15,-89.2804335257993));
#7165=CARTESIAN_POINT('',(-57.1470207684734,150.15,-83.6471239263345));
#7166=CARTESIAN_POINT('',(-57.1470207684734,150.15,-83.6471239263345));
#7167=CARTESIAN_POINT('',(-57.1470207684648,150.15,-94.9137431252528));
#7168=CARTESIAN_POINT('',(-57.1470207684648,150.15,-94.9137431252528));
#7169=CARTESIAN_POINT('',(-64.9206130863661,150.15,-89.2804335258074));
#7170=CARTESIAN_POINT('',(-64.9206130863661,150.15,-89.2804335258074));
#7171=CARTESIAN_POINT('',(-57.1470207684734,150.15,-83.6471239263345));
#7172=CARTESIAN_POINT('',(-75.1456699163582,150.15,-89.2804335258231));
#7173=CARTESIAN_POINT('',(-82.9192622342551,150.15,-83.6471239263681));
#7174=CARTESIAN_POINT('',(-82.9192622342551,150.15,-83.6471239263681));
#7175=CARTESIAN_POINT('',(-82.9192622342582,150.15,-94.9137431252699));
#7176=CARTESIAN_POINT('',(-82.9192622342582,150.15,-94.9137431252699));
#7177=CARTESIAN_POINT('',(-90.6928545521419,150.15,-89.2804335258211));
#7178=CARTESIAN_POINT('',(-82.9192622342582,150.15,-94.9137431252699));
#7179=CARTESIAN_POINT('',(-82.9192622342551,150.15,-83.6471239263681));
#7180=CARTESIAN_POINT('',(-82.9192622342592,150.15,-102.323561963176));
#7181=CARTESIAN_POINT('',(-90.6928545521761,150.15,-107.956871562626));
#7182=CARTESIAN_POINT('',(-90.6928545521761,150.15,-107.956871562626));
#7183=CARTESIAN_POINT('',(-75.1456699163599,150.15,-107.95687156264));
#7184=CARTESIAN_POINT('',(-75.1456699163599,150.15,-107.95687156264));
#7185=CARTESIAN_POINT('',(-81.4522777226473,150.15,-112.527097636025));
#7186=CARTESIAN_POINT('',(-82.9192622342648,150.15,-113.590181162095));
#7187=CARTESIAN_POINT('',(-84.3862467458812,150.15,-112.527097636024));
#7188=CARTESIAN_POINT('Origin',(-82.9192622342635,150.15,-110.502756646301));
#7189=CARTESIAN_POINT('',(-82.9192622342645,150.15,-113.590181162095));
#7190=CARTESIAN_POINT('',(-64.9206130863619,150.15,-107.95687156264));
#7191=CARTESIAN_POINT('',(-58.6140052800826,150.15,-112.527097636022));
#7192=CARTESIAN_POINT('',(-57.1470207684667,150.15,-113.590181162091));
#7193=CARTESIAN_POINT('',(-57.1470207684632,150.15,-102.323561963191));
#7194=CARTESIAN_POINT('',(-64.9206130863619,150.15,-107.95687156264));
#7195=CARTESIAN_POINT('',(-49.3734284505653,150.15,-107.956871562641));
#7196=CARTESIAN_POINT('',(-57.1470207684632,150.15,-102.323561963191));
#7197=CARTESIAN_POINT('',(-55.6800362568502,150.15,-112.527097636023));
#7198=CARTESIAN_POINT('',(-57.1470207684667,150.15,-113.590181162091));
#7199=CARTESIAN_POINT('Origin',(-57.1470207684659,150.15,-110.502756646298));
#7200=CARTESIAN_POINT('',(-95.805382967167,150.15,-104.251962143673));
#7201=CARTESIAN_POINT('',(-88.0317906492718,150.15,-98.6186525442287));
#7202=CARTESIAN_POINT('',(-95.805382967167,150.15,-104.251962143673));
#7203=CARTESIAN_POINT('',(-100.785519450842,150.15,-100.642993533949));
#7204=CARTESIAN_POINT('',(-95.805382967167,150.15,-104.251962143673));
#7205=CARTESIAN_POINT('',(-100.785519450842,150.15,-96.5943115545008));
#7206=CARTESIAN_POINT('Origin',(-99.3185349392254,150.15,-98.6186525442251));
#7207=CARTESIAN_POINT('',(-95.8053829671619,150.15,-92.9853429447762));
#7208=CARTESIAN_POINT('',(-95.8053829671619,150.15,-92.9853429447762));
#7209=CARTESIAN_POINT('',(-88.0317906492718,150.15,-98.6186525442287));
#7210=CARTESIAN_POINT('',(-70.0331415013575,150.15,-92.9853429447804));
#7211=CARTESIAN_POINT('',(-77.8067338192623,150.15,-98.6186525442264));
#7212=CARTESIAN_POINT('',(-77.8067338192623,150.15,-98.6186525442264));
#7213=CARTESIAN_POINT('',(-62.2595491834622,150.15,-98.618652544246));
#7214=CARTESIAN_POINT('',(-70.0331415013575,150.15,-92.9853429447804));
#7215=CARTESIAN_POINT('',(-70.0331415013592,150.15,-104.251962143685));
#7216=CARTESIAN_POINT('',(-70.0331415013592,150.15,-104.251962143685));
#7217=CARTESIAN_POINT('',(-70.0331415013592,150.15,-104.251962143685));
#7218=CARTESIAN_POINT('',(-2.49999999994492,150.15,-104.23336002846));
#7219=CARTESIAN_POINT('',(-2.49999999996498,150.15,-82.0113502888019));
#7220=CARTESIAN_POINT('',(-2.49999999994493,150.15,-78.5499999999994));
#7221=CARTESIAN_POINT('',(-6.72905022181968,150.15,-106.039013741173));
#7222=CARTESIAN_POINT('Origin',(-4.99999999994492,150.15,-104.23336002846));
#7223=CARTESIAN_POINT('',(-17.1606152046757,150.15,-96.049999999991));
#7224=CARTESIAN_POINT('',(-35.435931660313,150.15,-78.5500000000071));
#7225=CARTESIAN_POINT('',(-35.4359316603653,150.15,-113.549999999999));
#7226=CARTESIAN_POINT('',(-24.3900177066843,150.15,-96.0500000000075));
#7227=CARTESIAN_POINT('',(-35.6352987490384,150.15,-85.2817914867622));
#7228=CARTESIAN_POINT('',(-39.2500000000005,150.15,-81.820441197953));
#7229=CARTESIAN_POINT('',(-35.0209497780911,150.15,-106.229922832012));
#7230=CARTESIAN_POINT('',(-39.2500000000126,150.15,-110.27955880209));
#7231=CARTESIAN_POINT('',(-39.2499999999629,150.15,-104.424269119296));
#7232=CARTESIAN_POINT('Origin',(-36.7499999999629,150.15,-104.424269119296));
#7233=CARTESIAN_POINT('',(-39.2500000000063,150.15,-88.7431417755686));
#7234=CARTESIAN_POINT('',(-39.2499999999717,150.15,-78.5500000000081));
#7235=CARTESIAN_POINT('',(-35.6352987490384,150.15,-85.2817914867622));
#7236=CARTESIAN_POINT('',(28.1554658302613,150.15,-85.5215975828391));
#7237=CARTESIAN_POINT('',(20.8749999999993,150.15,-78.5499999999702));
#7238=CARTESIAN_POINT('',(20.8749999999993,150.15,-78.5499999999702));
#7239=CARTESIAN_POINT('',(20.7753164557004,150.15,-92.5886497111318));
#7240=CARTESIAN_POINT('',(35.4359316603436,150.15,-78.5499999999576));
#7241=CARTESIAN_POINT('',(13.4948506254971,150.15,-85.6170521282966));
#7242=CARTESIAN_POINT('',(39.2500000000678,150.15,-110.279558802035));
#7243=CARTESIAN_POINT('',(20.8749999999993,150.15,-78.5499999999702));
#7244=CARTESIAN_POINT('',(12.3401619956831,150.15,-113.549999999984));
#7245=CARTESIAN_POINT('',(29.2104709157882,150.15,-113.549999999965));
#7246=CARTESIAN_POINT('',(39.250000000058,150.15,-113.549999999953));
#7247=CARTESIAN_POINT('',(10.6111117738076,150.15,-109.244346287269));
#7248=CARTESIAN_POINT('Origin',(12.3401619956802,150.15,-111.049999999984));
#7249=CARTESIAN_POINT('',(20.7753164557318,150.15,-99.5113502888212));
#7250=CARTESIAN_POINT('',(39.2500000000511,150.15,-81.8204411978982));
#7251=CARTESIAN_POINT('',(30.939521137656,150.15,-109.244346287248));
#7252=CARTESIAN_POINT('',(35.4359316604247,150.15,-113.54999999995));
#7253=CARTESIAN_POINT('Origin',(29.2104709157853,150.15,-111.049999999965));
#7254=CARTESIAN_POINT('',(39.2500000000335,150.15,-88.7431417755138));
#7255=CARTESIAN_POINT('',(35.6352987490475,150.15,-85.2817914867124));
#7256=CARTESIAN_POINT('',(35.6352987490475,150.15,-85.2817914867124));
#7257=CARTESIAN_POINT('',(39.2500000000485,150.15,-104.424269119279));
#7258=CARTESIAN_POINT('',(39.2500000000218,150.15,-78.5499999999532));
#7259=CARTESIAN_POINT('',(35.0209497781792,150.15,-106.229922832));
#7260=CARTESIAN_POINT('Origin',(36.7500000000485,150.15,-104.424269119281));
#7261=CARTESIAN_POINT('',(24.3900177067317,150.15,-96.0499999999851));
#7262=CARTESIAN_POINT('',(39.2500000000678,150.15,-110.279558802035));
#7263=CARTESIAN_POINT('',(39.2500000000511,150.15,-81.8204411978982));
#7264=CARTESIAN_POINT('',(-13.4948506254765,150.15,-85.6170521283155));
#7265=CARTESIAN_POINT('',(-20.8749999999838,150.15,-78.5499999999994));
#7266=CARTESIAN_POINT('',(-20.8749999999838,150.15,-78.5499999999994));
#7267=CARTESIAN_POINT('',(-20.7753164556655,150.15,-92.5886497111564));
#7268=CARTESIAN_POINT('',(-39.2500000000126,150.15,-110.27955880209));
#7269=CARTESIAN_POINT('',(-28.1554658302408,150.15,-85.5215975828785));
#7270=CARTESIAN_POINT('',(-35.435931660313,150.15,-78.5500000000071));
#7271=CARTESIAN_POINT('',(-20.8749999999838,150.15,-78.5499999999994));
#7272=CARTESIAN_POINT('',(17.1606152047111,150.15,-96.0499999999729));
#7273=CARTESIAN_POINT('',(2.49999999997036,150.15,-82.0113502887984));
#7274=CARTESIAN_POINT('',(35.4359316604247,150.15,-113.54999999995));
#7275=CARTESIAN_POINT('',(6.72905022188792,150.15,-106.039013741144));
#7276=CARTESIAN_POINT('',(35.4359316603436,150.15,-78.5499999999576));
#7277=CARTESIAN_POINT('',(2.5000000000113,150.15,-104.233360028436));
#7278=CARTESIAN_POINT('Origin',(5.0000000000113,150.15,-104.233360028433));
#7279=CARTESIAN_POINT('',(2.49999999997446,150.15,-78.5499999999973));
#7280=CARTESIAN_POINT('',(-20.7753164556833,150.15,-99.5113502888375));
#7281=CARTESIAN_POINT('',(-30.9395211376045,150.15,-109.244346287291));
#7282=CARTESIAN_POINT('',(-35.4359316603653,150.15,-113.549999999999));
#7283=CARTESIAN_POINT('',(-10.611111773739,150.15,-109.244346287285));
#7284=CARTESIAN_POINT('',(-39.2500000000005,150.15,-81.820441197953));
#7285=CARTESIAN_POINT('',(-12.3401619956092,150.15,-113.550000000002));
#7286=CARTESIAN_POINT('Origin',(-12.3401619956097,150.15,-111.050000000002));
#7287=CARTESIAN_POINT('',(-29.2104709157304,150.15,-113.550000000006));
#7288=CARTESIAN_POINT('',(-39.2499999999598,150.15,-113.550000000008));
#7289=CARTESIAN_POINT('Origin',(-29.210470915731,150.15,-111.050000000006));
#7290=CARTESIAN_POINT('Origin',(56.1346311171284,145.15,-96.9777891139051));
#7291=CARTESIAN_POINT('',(106.178048291682,147.839881784513,-92.7629894762778));
#7292=CARTESIAN_POINT('',(119.85,147.839881784513,-92.7629894762779));
#7293=CARTESIAN_POINT('',(56.1346311171284,147.839881784513,-92.7629894762778));
#7294=CARTESIAN_POINT('Origin',(101.963248654055,145.15,-96.9777891139051));
#7295=CARTESIAN_POINT('',(119.023587609293,149.668132968779,-94.8361835301352));
#7296=CARTESIAN_POINT('Origin',(116.068314439935,145.15,-96.9777891139051));
#7297=CARTESIAN_POINT('',(119.85,148.444584868079,-93.2167107383558));
#7298=CARTESIAN_POINT('Ctrl Pts',(119.85,148.444584868079,-93.2167107383558));
#7299=CARTESIAN_POINT('Ctrl Pts',(119.85,148.599617675942,-93.3525145403086));
#7300=CARTESIAN_POINT('Ctrl Pts',(119.835471304787,148.759789497322,-93.5111263837253));
#7301=CARTESIAN_POINT('Ctrl Pts',(119.757298196468,149.050945765463,-93.8422660408704));
#7302=CARTESIAN_POINT('Ctrl Pts',(119.692537326819,149.181799527933,-94.0146378784635));
#7303=CARTESIAN_POINT('Ctrl Pts',(119.515040968284,149.403579555582,-94.341583813798));
#7304=CARTESIAN_POINT('Ctrl Pts',(119.366494037711,149.517372639909,-94.5379721830951));
#7305=CARTESIAN_POINT('Ctrl Pts',(119.152872098069,149.619734020304,-94.7361264190525));
#7306=CARTESIAN_POINT('Ctrl Pts',(119.090485334849,149.645153832827,-94.7877045793303));
#7307=CARTESIAN_POINT('Ctrl Pts',(119.023587609293,149.668132968779,-94.8361835301352));
#7308=CARTESIAN_POINT('Origin',(119.85,145.15,-96.9777891139051));
#7309=CARTESIAN_POINT('Origin',(101.963248654055,145.15,-105.168652544222));
#7310=CARTESIAN_POINT('',(106.293375672977,147.65,-92.6418070720625));
#7311=CARTESIAN_POINT('Origin',(101.963248654055,145.15,-91.0463090556802));
#7312=CARTESIAN_POINT('',(106.293375672977,147.65,-76.2373050884449));
#7313=CARTESIAN_POINT('',(106.293375672977,147.65,-105.168652544222));
#7314=CARTESIAN_POINT('Origin',(101.963248654055,145.15,-76.2373050884449));
#7315=CARTESIAN_POINT('Origin',(119.85,150.15,-94.2373050884449));
#7316=CARTESIAN_POINT('',(119.85,139.272141858584,-87.2950646535976));
#7317=CARTESIAN_POINT('',(119.85,139.272141858584,-87.2950646535976));
#7318=CARTESIAN_POINT('',(111.130334326156,139.272141858584,-87.2950646535976));
#7319=CARTESIAN_POINT('',(119.85,139.272141858584,-87.2950646535976));
#7320=CARTESIAN_POINT('',(108.545836799901,143.748622886094,-90.1519512935036));
#7321=CARTESIAN_POINT('Origin',(108.262500000003,144.239376619172,-85.2373050884449));
#7322=CARTESIAN_POINT('',(109.266729559304,142.5,-76.2373050884449));
#7323=CARTESIAN_POINT('Origin',(109.266729559304,142.5,-82.2373050884449));
#7324=CARTESIAN_POINT('',(108.431250000003,143.947093045395,-76.2373050884449));
#7325=CARTESIAN_POINT('Origin',(43.7499999999985,155.125343911973,-118.049999999999));
#7326=CARTESIAN_POINT('',(48.7456889696424,152.65,-127.171572875254));
#7327=CARTESIAN_POINT('',(46.8739812178937,152.761567868748,-127.830226113049));
#7328=CARTESIAN_POINT('Ctrl Pts',(48.7456889696423,152.65,-127.171572875254));
#7329=CARTESIAN_POINT('Ctrl Pts',(48.4171786351583,152.65,-127.351490908782));
#7330=CARTESIAN_POINT('Ctrl Pts',(48.0460763033708,152.673566403799,-127.496751250605));
#7331=CARTESIAN_POINT('Ctrl Pts',(47.4471050597948,152.71636115924,-127.690071093785));
#7332=CARTESIAN_POINT('Ctrl Pts',(47.1650847330397,152.738989053229,-127.765490134597));
#7333=CARTESIAN_POINT('Ctrl Pts',(46.8739812175653,152.761567868762,-127.830226111567));
#7334=CARTESIAN_POINT('',(45.9358471304553,152.65,-128.217697493644));
#7335=CARTESIAN_POINT('Ctrl Pts',(46.8739812167317,152.761567869158,-127.830226111338));
#7336=CARTESIAN_POINT('Ctrl Pts',(46.8679148977199,152.760104291949,-127.833994845838));
#7337=CARTESIAN_POINT('Ctrl Pts',(46.8618392626177,152.758653489508,-127.837743218011));
#7338=CARTESIAN_POINT('Ctrl Pts',(46.5841118207918,152.693023478736,-128.007890612133));
#7339=CARTESIAN_POINT('Ctrl Pts',(46.266418300673,152.65,-128.146631449018));
#7340=CARTESIAN_POINT('Ctrl Pts',(45.9358471304552,152.65,-128.217697493644));
#7341=CARTESIAN_POINT('',(54.1499999999985,152.65,-118.049999999999));
#7342=CARTESIAN_POINT('Origin',(43.7499999999985,152.65,-118.049999999999));
#7343=CARTESIAN_POINT('',(48.2499999999985,157.600687823946,-118.049999999999));
#7344=CARTESIAN_POINT('',(51.1999999999985,155.125343911973,-118.049999999999));
#7345=CARTESIAN_POINT('Origin',(43.7499999999985,157.600687823946,-118.049999999999));
#7346=CARTESIAN_POINT('Origin',(43.7499999999985,152.65,-118.049999999999));
#7347=CARTESIAN_POINT('Origin',(45.9358471304553,156.65,-130.500000000001));
#7348=CARTESIAN_POINT('',(48.0198686635752,153.235786437627,-128.585786437627));
#7349=CARTESIAN_POINT('Ctrl Pts',(48.0198686635752,153.235786437627,-128.585786437627));
#7350=CARTESIAN_POINT('Ctrl Pts',(47.7272571488947,153.057177605376,-128.407177605375));
#7351=CARTESIAN_POINT('Ctrl Pts',(47.4053937117878,152.913977434303,-128.194418440076));
#7352=CARTESIAN_POINT('Ctrl Pts',(47.0095006435937,152.796142104887,-127.923730477072));
#7353=CARTESIAN_POINT('Ctrl Pts',(46.941773642518,152.777923660741,-127.877119987274));
#7354=CARTESIAN_POINT('Ctrl Pts',(46.8739812180816,152.761567869484,-127.830226113637));
#7355=CARTESIAN_POINT('',(49.3999487455929,154.65,-130.));
#7356=CARTESIAN_POINT('Origin',(45.9358471304553,156.65,-132.));
#7357=CARTESIAN_POINT('',(49.5910953818461,155.025450763841,-130.));
#7358=CARTESIAN_POINT('Origin',(45.9358471304553,156.65,-130.));
#7359=CARTESIAN_POINT('',(49.9358471304553,156.65,-129.413078011958));
#7360=CARTESIAN_POINT('Ctrl Pts',(49.5910953818466,155.025450763843,-130.));
#7361=CARTESIAN_POINT('Ctrl Pts',(49.594446524445,155.032990860412,-130.));
#7362=CARTESIAN_POINT('Ctrl Pts',(49.5977767368602,155.040546731844,-129.999933793786));
#7363=CARTESIAN_POINT('Ctrl Pts',(49.6672609895273,155.19953239469,-129.997175292082));
#7364=CARTESIAN_POINT('Ctrl Pts',(49.7382926400306,155.385711366107,-129.96790485141));
#7365=CARTESIAN_POINT('Ctrl Pts',(49.8935867662939,155.9662752981,-129.772510464808));
#7366=CARTESIAN_POINT('Ctrl Pts',(49.9284472837166,156.289718909057,-129.588408568354));
#7367=CARTESIAN_POINT('Ctrl Pts',(49.9354959250875,156.587868422006,-129.44217076313));
#7368=CARTESIAN_POINT('Ctrl Pts',(49.9358471304553,156.619348645405,-129.427123386591));
#7369=CARTESIAN_POINT('Ctrl Pts',(49.9358471304553,156.65,-129.413078011957));
#7370=CARTESIAN_POINT('',(49.9358471304553,156.65,-132.));
#7371=CARTESIAN_POINT('',(49.9358471304553,156.65,-130.500000000001));
#7372=CARTESIAN_POINT('',(45.9358471304553,152.65,-131.999999999999));
#7373=CARTESIAN_POINT('Origin',(45.9358471304553,156.65,-131.999999999999));
#7374=CARTESIAN_POINT('',(45.9358471304553,152.65,-130.500000000001));
#7375=CARTESIAN_POINT('Origin',(43.7499999999985,150.15,-118.049999999999));
#7376=CARTESIAN_POINT('',(48.2499999999985,157.643484892508,-118.049999999999));
#7377=CARTESIAN_POINT('Origin',(43.7499999999985,157.643484892508,-118.049999999999));
#7378=CARTESIAN_POINT('',(48.2499999999985,150.15,-118.049999999999));
#7379=CARTESIAN_POINT('Origin',(-43.7500000000014,155.125343911973,-118.049999999999));
#7380=CARTESIAN_POINT('',(-36.0132371110404,152.65,-124.999999999999));
#7381=CARTESIAN_POINT('',(-51.4867628889625,152.65,-124.999999999999));
#7382=CARTESIAN_POINT('Ctrl Pts',(-36.0132371110404,152.65,-124.999999999999));
#7383=CARTESIAN_POINT('Ctrl Pts',(-36.3080262936542,152.65,-125.328160288936));
#7384=CARTESIAN_POINT('Ctrl Pts',(-36.6748351803681,152.69020132735,-125.621192445473));
#7385=CARTESIAN_POINT('Ctrl Pts',(-37.5051774464922,152.807485660716,-126.146440912536));
#7386=CARTESIAN_POINT('Ctrl Pts',(-37.9747642230849,152.887211047431,-126.370047398243));
#7387=CARTESIAN_POINT('Ctrl Pts',(-39.2066061425242,153.090971512141,-126.856965917689));
#7388=CARTESIAN_POINT('Ctrl Pts',(-40.1073891358355,153.235046517374,-127.090477940585));
#7389=CARTESIAN_POINT('Ctrl Pts',(-41.9484626915581,153.435294895371,-127.386979710422));
#7390=CARTESIAN_POINT('Ctrl Pts',(-42.888962324664,153.488589144633,-127.450608374172));
#7391=CARTESIAN_POINT('Ctrl Pts',(-44.6110376753389,153.488589144633,-127.450608374172));
#7392=CARTESIAN_POINT('Ctrl Pts',(-45.5515373084448,153.435294895371,-127.386979710422));
#7393=CARTESIAN_POINT('Ctrl Pts',(-47.3926108641673,153.235046517374,-127.090477940585));
#7394=CARTESIAN_POINT('Ctrl Pts',(-48.2933938574787,153.090971512141,-126.856965917689));
#7395=CARTESIAN_POINT('Ctrl Pts',(-49.525235776918,152.887211047431,-126.370047398243));
#7396=CARTESIAN_POINT('Ctrl Pts',(-49.9948225535107,152.807485660716,-126.146440912536));
#7397=CARTESIAN_POINT('Ctrl Pts',(-50.8251648196348,152.69020132735,-125.621192445473));
#7398=CARTESIAN_POINT('Ctrl Pts',(-51.1919737063487,152.65,-125.328160288936));
#7399=CARTESIAN_POINT('Ctrl Pts',(-51.4867628889625,152.65,-124.999999999999));
#7400=CARTESIAN_POINT('',(-54.1500000000015,152.65,-118.049999999999));
#7401=CARTESIAN_POINT('Origin',(-43.7500000000014,152.65,-118.049999999999));
#7402=CARTESIAN_POINT('',(-48.2500000000014,157.600687823946,-118.049999999999));
#7403=CARTESIAN_POINT('',(-51.2000000000015,155.125343911973,-118.049999999999));
#7404=CARTESIAN_POINT('',(-39.2500000000014,157.600687823946,-118.049999999999));
#7405=CARTESIAN_POINT('Origin',(-43.7500000000014,157.600687823946,-118.049999999999));
#7406=CARTESIAN_POINT('Origin',(-43.7500000000014,157.600687823946,-118.049999999999));
#7407=CARTESIAN_POINT('Origin',(-43.7500000000014,152.65,-118.049999999999));
#7408=CARTESIAN_POINT('Origin',(-63.8346311171352,156.65,-124.999999999999));
#7409=CARTESIAN_POINT('',(3.25265595015071,152.65,-124.999999999999));
#7410=CARTESIAN_POINT('',(-63.8346311171352,152.65,-124.999999999999));
#7411=CARTESIAN_POINT('',(-0.747344049849368,156.65,-129.));
#7412=CARTESIAN_POINT('Origin',(3.25265595015071,156.65,-124.999999999999));
#7413=CARTESIAN_POINT('',(-82.919262234266,156.65,-128.999999999999));
#7414=CARTESIAN_POINT('',(-63.8346311171351,156.65,-128.999999999999));
#7415=CARTESIAN_POINT('',(-82.919262234266,152.65,-124.999999999999));
#7416=CARTESIAN_POINT('Origin',(-82.9192622342659,156.65,-124.999999999999));
#7417=CARTESIAN_POINT('',(-63.8346311171352,152.65,-124.999999999999));
#7418=CARTESIAN_POINT('Origin',(-43.7500000000014,150.15,-118.049999999999));
#7419=CARTESIAN_POINT('',(-39.2500000000014,157.643484892508,-118.049999999999));
#7420=CARTESIAN_POINT('Origin',(-43.7500000000014,157.643484892508,-118.049999999999));
#7421=CARTESIAN_POINT('',(-39.2500000000014,150.15,-118.049999999999));
#7422=CARTESIAN_POINT('Origin',(43.7499999999985,155.125,-74.0499999999994));
#7423=CARTESIAN_POINT('',(46.931980515338,157.6,-70.8680194846599));
#7424=CARTESIAN_POINT('',(49.3723339309897,156.617384104088,-73.3083729003103));
#7425=CARTESIAN_POINT('Ctrl Pts',(49.3723339309897,156.617384104088,-73.3083729003103));
#7426=CARTESIAN_POINT('Ctrl Pts',(48.0116729227213,157.6,-71.9477118920419));
#7427=CARTESIAN_POINT('Ctrl Pts',(46.9319805153385,157.6,-70.8680194846591));
#7428=CARTESIAN_POINT('',(53.9780799950066,152.65,-75.9286511600484));
#7429=CARTESIAN_POINT('Ctrl Pts',(49.3723339309897,156.617384104088,-73.3083729003103));
#7430=CARTESIAN_POINT('Ctrl Pts',(49.8537925917981,156.269693584216,-73.7898315611187));
#7431=CARTESIAN_POINT('Ctrl Pts',(50.3668625605686,155.82888305964,-74.2068518139805));
#7432=CARTESIAN_POINT('Ctrl Pts',(51.8658063152034,154.513789410947,-75.2004117383285));
#7433=CARTESIAN_POINT('Ctrl Pts',(52.9184560453826,153.565361315202,-75.6590999596012));
#7434=CARTESIAN_POINT('Ctrl Pts',(53.9780799950064,152.65,-75.9286511600483));
#7435=CARTESIAN_POINT('',(34.3748759706622,152.65,-69.5499999999993));
#7436=CARTESIAN_POINT('Origin',(43.7499999999985,152.649999999999,-74.0499999999994));
#7437=CARTESIAN_POINT('',(43.7499999999985,157.6,-69.5499999999993));
#7438=CARTESIAN_POINT('Ctrl Pts',(43.7499999999985,157.6,-69.5499999999993));
#7439=CARTESIAN_POINT('Ctrl Pts',(40.9184309250754,157.6,-69.5499999999993));
#7440=CARTESIAN_POINT('Ctrl Pts',(34.3748759706619,152.649999999999,-69.5499999999993));
#7441=CARTESIAN_POINT('',(48.2499999999985,157.6,-74.0499999999993));
#7442=CARTESIAN_POINT('Origin',(43.7499999999985,157.6,-74.0499999999993));
#7443=CARTESIAN_POINT('Origin',(43.7499999999985,157.6,-74.0499999999993));
#7444=CARTESIAN_POINT('Origin',(-82.919262234266,152.65,-129.000000000003));
#7445=CARTESIAN_POINT('',(45.5637705171226,152.65,-131.999999999999));
#7446=CARTESIAN_POINT('',(-63.8346311171351,152.65,-131.999999999999));
#7447=CARTESIAN_POINT('',(45.5637705171226,152.65,-129.650000000003));
#7448=CARTESIAN_POINT('',(45.5637705171226,152.65,-132.000000000003));
#7449=CARTESIAN_POINT('',(37.307923743783,152.65,-129.650000000003));
#7450=CARTESIAN_POINT('',(-20.7417075519065,152.65,-129.650000000003));
#7451=CARTESIAN_POINT('',(37.307923743783,152.65,-131.999999999999));
#7452=CARTESIAN_POINT('',(37.307923743783,152.65,-132.000000000003));
#7453=CARTESIAN_POINT('',(3.25265595015058,152.65,-131.999999999999));
#7454=CARTESIAN_POINT('',(-63.8346311171351,152.65,-131.999999999999));
#7455=CARTESIAN_POINT('',(3.2526559501506,152.65,-130.500000000002));
#7456=CARTESIAN_POINT('',(-82.919262234266,152.65,-123.041188700178));
#7457=CARTESIAN_POINT('',(-82.919262234266,152.65,-130.500000000001));
#7458=CARTESIAN_POINT('',(-84.5720870156785,152.65,-119.80224311662));
#7459=CARTESIAN_POINT('Origin',(-86.919262234266,152.65,-123.041188700178));
#7460=CARTESIAN_POINT('',(-119.023587609295,152.65,-94.8361835301348));
#7461=CARTESIAN_POINT('',(-107.494312124254,152.65,-103.191133932553));
#7462=CARTESIAN_POINT('',(-119.850000000002,152.65,-93.2167107383559));
#7463=CARTESIAN_POINT('Origin',(-117.850000000002,152.65,-93.2167107383559));
#7464=CARTESIAN_POINT('',(-119.850000000002,152.65,-76.237305088445));
#7465=CARTESIAN_POINT('',(-119.850000000002,152.65,-86.0856574153875));
#7466=CARTESIAN_POINT('',(-56.4434017428569,152.65,-76.2373050884449));
#7467=CARTESIAN_POINT('',(-67.8461281883986,152.65,-76.2373050884449));
#7468=CARTESIAN_POINT('',(-53.9780799950095,152.65,-75.9286511600487));
#7469=CARTESIAN_POINT('Origin',(-56.4434017428569,152.65,-66.2373050884449));
#7470=CARTESIAN_POINT('',(-34.3748759706652,152.65,-69.5499999999994));
#7471=CARTESIAN_POINT('Origin',(-43.7500000000015,152.649999999999,-74.0499999999995));
#7472=CARTESIAN_POINT('',(-43.7500000000016,152.65,-69.5499999999994));
#7473=CARTESIAN_POINT('',(56.4434017428552,152.65,-76.2373050884449));
#7474=CARTESIAN_POINT('Origin',(56.4434017428552,152.65,-66.2373050884449));
#7475=CARTESIAN_POINT('',(119.85,152.65,-76.2373050884449));
#7476=CARTESIAN_POINT('',(101.620495128835,152.65,-76.2373050884449));
#7477=CARTESIAN_POINT('',(119.85,152.65,-93.2167107383558));
#7478=CARTESIAN_POINT('',(119.85,152.65,-95.0856574153874));
#7479=CARTESIAN_POINT('',(119.023587609294,152.65,-94.8361835301347));
#7480=CARTESIAN_POINT('Origin',(117.85,152.65,-93.2167107383558));
#7481=CARTESIAN_POINT('',(81.1588808203067,152.65,-122.275700231297));
#7482=CARTESIAN_POINT('',(89.0289432413844,152.65,-116.572481388331));
#7483=CARTESIAN_POINT('',(79.9192622342473,152.65,-124.704909418966));
#7484=CARTESIAN_POINT('Origin',(82.9192622342473,152.650000000011,-124.704909418966));
#7485=CARTESIAN_POINT('',(79.9192622342473,152.65,-127.171572875254));
#7486=CARTESIAN_POINT('',(79.9192622342473,152.65,-127.750000000001));
#7487=CARTESIAN_POINT('',(-45.580484893086,152.65,-127.171572875254));
#7488=CARTESIAN_POINT('',(-2.49999999996497,152.65,-82.0113502888019));
#7489=CARTESIAN_POINT('',(-2.49999999994492,152.65,-104.23336002846));
#7490=CARTESIAN_POINT('',(-2.49999999994493,152.65,-78.5499999999994));
#7491=CARTESIAN_POINT('',(-17.1606152046757,152.65,-96.049999999991));
#7492=CARTESIAN_POINT('',(-35.4359316603653,152.65,-113.549999999999));
#7493=CARTESIAN_POINT('',(-6.72905022181968,152.65,-106.039013741173));
#7494=CARTESIAN_POINT('',(-35.435931660313,152.65,-78.5500000000071));
#7495=CARTESIAN_POINT('Origin',(-4.99999999994492,152.65,-104.23336002846));
#7496=CARTESIAN_POINT('',(-35.6352987490384,152.65,-85.2817914867622));
#7497=CARTESIAN_POINT('',(-24.3900177066843,152.65,-96.0500000000075));
#7498=CARTESIAN_POINT('',(-39.2500000000005,152.65,-81.820441197953));
#7499=CARTESIAN_POINT('',(-39.2500000000063,152.65,-88.7431417755686));
#7500=CARTESIAN_POINT('',(-35.6352987490384,152.65,-85.2817914867622));
#7501=CARTESIAN_POINT('',(-39.2499999999629,152.65,-104.424269119296));
#7502=CARTESIAN_POINT('',(-39.2499999999717,152.65,-78.5500000000081));
#7503=CARTESIAN_POINT('',(-35.0209497780911,152.65,-106.229922832012));
#7504=CARTESIAN_POINT('Origin',(-36.7499999999629,152.65,-104.424269119296));
#7505=CARTESIAN_POINT('',(-39.2500000000126,152.65,-110.27955880209));
#7506=CARTESIAN_POINT('',(20.8749999999993,152.65,-78.5499999999702));
#7507=CARTESIAN_POINT('',(28.1554658302613,152.65,-85.5215975828391));
#7508=CARTESIAN_POINT('',(20.8749999999993,152.65,-78.5499999999702));
#7509=CARTESIAN_POINT('',(13.4948506254971,152.65,-85.6170521282966));
#7510=CARTESIAN_POINT('',(20.8749999999993,152.65,-78.5499999999702));
#7511=CARTESIAN_POINT('',(20.7753164557004,152.65,-92.5886497111318));
#7512=CARTESIAN_POINT('',(39.2500000000678,152.65,-110.279558802035));
#7513=CARTESIAN_POINT('',(35.4359316603436,152.65,-78.5499999999576));
#7514=CARTESIAN_POINT('',(29.2104709157882,152.65,-113.549999999965));
#7515=CARTESIAN_POINT('',(12.3401619956831,152.65,-113.549999999984));
#7516=CARTESIAN_POINT('',(39.250000000058,152.65,-113.549999999953));
#7517=CARTESIAN_POINT('',(30.939521137656,152.65,-109.244346287248));
#7518=CARTESIAN_POINT('Origin',(29.2104709157853,152.65,-111.049999999965));
#7519=CARTESIAN_POINT('',(20.7753164557318,152.65,-99.5113502888212));
#7520=CARTESIAN_POINT('',(35.4359316604247,152.65,-113.54999999995));
#7521=CARTESIAN_POINT('',(10.6111117738076,152.65,-109.244346287269));
#7522=CARTESIAN_POINT('',(39.2500000000511,152.65,-81.8204411978982));
#7523=CARTESIAN_POINT('Origin',(12.3401619956802,152.65,-111.049999999984));
#7524=CARTESIAN_POINT('',(35.6352987490475,152.65,-85.2817914867124));
#7525=CARTESIAN_POINT('',(39.2500000000335,152.65,-88.7431417755138));
#7526=CARTESIAN_POINT('',(35.6352987490475,152.65,-85.2817914867124));
#7527=CARTESIAN_POINT('',(24.3900177067317,152.65,-96.0499999999851));
#7528=CARTESIAN_POINT('',(39.2500000000511,152.65,-81.8204411978982));
#7529=CARTESIAN_POINT('',(35.0209497781792,152.65,-106.229922832));
#7530=CARTESIAN_POINT('',(39.2500000000678,152.65,-110.279558802035));
#7531=CARTESIAN_POINT('',(39.2500000000485,152.65,-104.424269119279));
#7532=CARTESIAN_POINT('Origin',(36.7500000000485,152.65,-104.424269119281));
#7533=CARTESIAN_POINT('',(39.2500000000218,152.65,-78.5499999999532));
#7534=CARTESIAN_POINT('',(-20.8749999999838,152.65,-78.5499999999994));
#7535=CARTESIAN_POINT('',(-13.4948506254765,152.65,-85.6170521283155));
#7536=CARTESIAN_POINT('',(-20.8749999999838,152.65,-78.5499999999994));
#7537=CARTESIAN_POINT('',(-28.1554658302408,152.65,-85.5215975828785));
#7538=CARTESIAN_POINT('',(-20.8749999999838,152.65,-78.5499999999994));
#7539=CARTESIAN_POINT('',(-20.7753164556655,152.65,-92.5886497111564));
#7540=CARTESIAN_POINT('',(-35.435931660313,152.65,-78.5500000000071));
#7541=CARTESIAN_POINT('',(-39.2500000000126,152.65,-110.27955880209));
#7542=CARTESIAN_POINT('',(2.49999999997036,152.65,-82.0113502887984));
#7543=CARTESIAN_POINT('',(17.1606152047111,152.65,-96.0499999999729));
#7544=CARTESIAN_POINT('',(35.4359316604247,152.65,-113.54999999995));
#7545=CARTESIAN_POINT('',(2.5000000000113,152.65,-104.233360028436));
#7546=CARTESIAN_POINT('',(2.49999999997446,152.65,-78.5499999999973));
#7547=CARTESIAN_POINT('',(6.72905022188792,152.65,-106.039013741144));
#7548=CARTESIAN_POINT('Origin',(5.0000000000113,152.65,-104.233360028433));
#7549=CARTESIAN_POINT('',(35.4359316603436,152.65,-78.5499999999576));
#7550=CARTESIAN_POINT('',(-30.9395211376045,152.65,-109.244346287291));
#7551=CARTESIAN_POINT('',(-20.7753164556833,152.65,-99.5113502888375));
#7552=CARTESIAN_POINT('',(-35.4359316603653,152.65,-113.549999999999));
#7553=CARTESIAN_POINT('',(-29.2104709157304,152.65,-113.550000000006));
#7554=CARTESIAN_POINT('Origin',(-29.210470915731,152.65,-111.050000000006));
#7555=CARTESIAN_POINT('',(-12.3401619956092,152.65,-113.550000000002));
#7556=CARTESIAN_POINT('',(-39.2499999999598,152.65,-113.550000000008));
#7557=CARTESIAN_POINT('',(-10.611111773739,152.65,-109.244346287285));
#7558=CARTESIAN_POINT('Origin',(-12.3401619956097,152.65,-111.050000000002));
#7559=CARTESIAN_POINT('',(-39.2500000000005,152.65,-81.820441197953));
#7560=CARTESIAN_POINT('',(-77.8067338192623,152.65,-98.6186525442264));
#7561=CARTESIAN_POINT('',(-70.0331415013592,152.65,-104.251962143685));
#7562=CARTESIAN_POINT('',(-76.3884625646493,152.65,-99.6464349061657));
#7563=CARTESIAN_POINT('',(-62.2595491834622,152.65,-98.618652544246));
#7564=CARTESIAN_POINT('',(-68.5494054585252,152.65,-103.176739241413));
#7565=CARTESIAN_POINT('',(-70.0331415013575,152.65,-92.9853429447804));
#7566=CARTESIAN_POINT('',(-73.7118050822428,152.65,-90.3195161280461));
#7567=CARTESIAN_POINT('',(-78.9996552588205,152.65,-99.4831300627309));
#7568=CARTESIAN_POINT('',(-88.0317906492718,152.65,-98.6186525442287));
#7569=CARTESIAN_POINT('',(-95.8053829671619,152.65,-92.9853429447762));
#7570=CARTESIAN_POINT('',(-91.0349647114955,152.65,-96.4423344943849));
#7571=CARTESIAN_POINT('',(-100.785519450842,152.65,-96.5943115545008));
#7572=CARTESIAN_POINT('',(-96.3228148880513,152.65,-93.3603116963915));
#7573=CARTESIAN_POINT('',(-100.785519450842,152.65,-100.642993533949));
#7574=CARTESIAN_POINT('Origin',(-99.3185349392254,152.65,-98.6186525442251));
#7575=CARTESIAN_POINT('',(-95.805382967167,152.65,-104.251962143673));
#7576=CARTESIAN_POINT('',(-93.7116221938942,152.65,-105.769253272497));
#7577=CARTESIAN_POINT('',(-85.8725650877634,152.65,-97.0539208750608));
#7578=CARTESIAN_POINT('',(-58.6140052800826,152.65,-112.527097636022));
#7579=CARTESIAN_POINT('',(-55.6800362568502,152.65,-112.527097636023));
#7580=CARTESIAN_POINT('Origin',(-57.1470207684659,152.65,-110.502756646298));
#7581=CARTESIAN_POINT('',(-49.3734284505653,152.65,-107.956871562641));
#7582=CARTESIAN_POINT('',(-57.6693061957375,152.65,-113.968667116946));
#7583=CARTESIAN_POINT('',(-57.1470207684632,152.65,-102.323561963191));
#7584=CARTESIAN_POINT('',(-67.2687447158076,152.65,-94.9886256372552));
#7585=CARTESIAN_POINT('',(-64.9206130863619,152.65,-107.95687156264));
#7586=CARTESIAN_POINT('',(-68.1195559960303,152.65,-110.275057938278));
#7587=CARTESIAN_POINT('',(-69.9454021982041,152.65,-104.31554441537));
#7588=CARTESIAN_POINT('',(-90.6928545521761,152.65,-107.956871562626));
#7589=CARTESIAN_POINT('',(-84.3862467458812,152.65,-112.527097636024));
#7590=CARTESIAN_POINT('',(-87.2685618274454,152.65,-110.438362781707));
#7591=CARTESIAN_POINT('',(-81.4522777226473,152.65,-112.527097636025));
#7592=CARTESIAN_POINT('Origin',(-82.9192622342635,152.65,-110.502756646301));
#7593=CARTESIAN_POINT('',(-75.1456699163599,152.65,-107.95687156264));
#7594=CARTESIAN_POINT('',(-74.9924658249673,152.65,-107.845848750608));
#7595=CARTESIAN_POINT('',(-82.9192622342592,152.65,-102.323561963176));
#7596=CARTESIAN_POINT('',(-84.5919043450397,152.65,-101.111444003577));
#7597=CARTESIAN_POINT('',(-85.4427156252768,152.65,-104.152239571933));
#7598=CARTESIAN_POINT('',(-82.9192622342551,152.65,-83.6471239263681));
#7599=CARTESIAN_POINT('',(-90.6928545521419,152.65,-89.2804335258211));
#7600=CARTESIAN_POINT('',(-89.8797545215959,152.65,-88.6912021871965));
#7601=CARTESIAN_POINT('',(-82.9192622342582,152.65,-94.9137431252699));
#7602=CARTESIAN_POINT('',(-82.831522931098,152.65,-94.9773253969572));
#7603=CARTESIAN_POINT('',(-75.1456699163582,152.65,-89.2804335258231));
#7604=CARTESIAN_POINT('',(-79.4295047213062,152.65,-92.3848113658585));
#7605=CARTESIAN_POINT('',(-80.1548654486982,152.65,-85.6504066188406));
#7606=CARTESIAN_POINT('',(-57.1470207684734,152.65,-83.6471239263345));
#7607=CARTESIAN_POINT('',(-64.9206130863661,152.65,-89.2804335258074));
#7608=CARTESIAN_POINT('',(-72.5565948923567,152.65,-94.814020553529));
#7609=CARTESIAN_POINT('',(-57.1470207684648,152.65,-94.9137431252528));
#7610=CARTESIAN_POINT('',(-65.508363301869,152.65,-88.8545070306085));
#7611=CARTESIAN_POINT('',(-49.3734284505798,152.65,-89.2804335257993));
#7612=CARTESIAN_POINT('',(-62.1063450920718,152.65,-98.5076297321825));
#7613=CARTESIAN_POINT('',(-62.8317058194447,152.65,-79.527588252479));
#7614=CARTESIAN_POINT('',(70.0331415013559,152.65,-92.9853429447803));
#7615=CARTESIAN_POINT('',(62.2595491834606,152.65,-98.6186525442459));
#7616=CARTESIAN_POINT('',(69.8250089232935,152.65,-93.1361709277788));
#7617=CARTESIAN_POINT('',(70.0331415013576,152.65,-104.251962143685));
#7618=CARTESIAN_POINT('',(72.4362016174721,152.65,-105.993394041133));
#7619=CARTESIAN_POINT('',(77.8067338192607,152.65,-98.6186525442263));
#7620=CARTESIAN_POINT('',(80.2752587235992,152.65,-96.8297801064362));
#7621=CARTESIAN_POINT('',(75.1128590998665,152.65,-96.6664752630078));
#7622=CARTESIAN_POINT('',(95.8053829671654,152.65,-104.251962143673));
#7623=CARTESIAN_POINT('',(100.785519450841,152.65,-100.642993533949));
#7624=CARTESIAN_POINT('',(97.5984183528342,152.65,-102.952598472775));
#7625=CARTESIAN_POINT('',(100.78551945084,152.65,-96.5943115545007));
#7626=CARTESIAN_POINT('Origin',(99.3185349392237,152.65,-98.618652544225));
#7627=CARTESIAN_POINT('',(95.8053829671603,152.65,-92.9853429447762));
#7628=CARTESIAN_POINT('',(92.4360187291036,152.65,-90.543656896668));
#7629=CARTESIAN_POINT('',(88.0317906492701,152.65,-98.6186525442286));
#7630=CARTESIAN_POINT('',(87.1481685525488,152.65,-99.258989294111));
#7631=CARTESIAN_POINT('',(89.7593612467094,152.65,-99.8705756747829));
#7632=CARTESIAN_POINT('',(64.9206130863603,152.65,-107.95687156264));
#7633=CARTESIAN_POINT('',(57.1470207684616,152.65,-102.323561963191));
#7634=CARTESIAN_POINT('',(64.2327598370793,152.65,-107.458403138554));
#7635=CARTESIAN_POINT('',(49.3734284505637,152.65,-107.956871562641));
#7636=CARTESIAN_POINT('',(63.3819485568571,152.65,-97.8052804369804));
#7637=CARTESIAN_POINT('',(55.6800362568486,152.65,-112.527097636022));
#7638=CARTESIAN_POINT('',(61.5561023546866,152.65,-116.785321916671));
#7639=CARTESIAN_POINT('',(58.614005280081,152.65,-112.527097636022));
#7640=CARTESIAN_POINT('Origin',(57.1470207684643,152.65,-110.502756646298));
#7641=CARTESIAN_POINT('',(73.8321983571501,152.65,-101.498889615644));
#7642=CARTESIAN_POINT('',(82.9192622342576,152.65,-102.323561963176));
#7643=CARTESIAN_POINT('',(75.1456699163582,152.65,-107.956871562639));
#7644=CARTESIAN_POINT('',(80.7051081860884,152.65,-103.928098803309));
#7645=CARTESIAN_POINT('',(81.4522777226457,152.65,-112.527097636025));
#7646=CARTESIAN_POINT('',(78.8792619839182,152.65,-110.662503550336));
#7647=CARTESIAN_POINT('',(84.3862467458796,152.65,-112.527097636024));
#7648=CARTESIAN_POINT('Origin',(82.9192622342619,152.65,-110.502756646301));
#7649=CARTESIAN_POINT('',(90.6928545521745,152.65,-107.956871562626));
#7650=CARTESIAN_POINT('',(91.1553579863994,152.65,-107.621707981973));
#7651=CARTESIAN_POINT('',(81.5559194663168,152.65,-101.335584772208));
#7652=CARTESIAN_POINT('',(75.1456699163566,152.65,-89.2804335258231));
#7653=CARTESIAN_POINT('',(82.9192622342566,152.65,-94.9137431252699));
#7654=CARTESIAN_POINT('',(83.3163008802546,152.65,-95.2014661655818));
#7655=CARTESIAN_POINT('',(90.6928545521403,152.65,-89.280433525821));
#7656=CARTESIAN_POINT('',(86.7183190900382,152.65,-92.1606705972327));
#7657=CARTESIAN_POINT('',(82.9192622342534,152.65,-83.647123926368));
#7658=CARTESIAN_POINT('',(85.9929583626509,152.65,-85.8745473874699));
#7659=CARTESIAN_POINT('',(76.2680692897482,152.65,-88.4670614185681));
#7660=CARTESIAN_POINT('',(49.3734284505781,152.65,-89.2804335257993));
#7661=CARTESIAN_POINT('',(57.1470207684632,152.65,-94.9137431252528));
#7662=CARTESIAN_POINT('',(65.9931412510127,152.65,-101.324284531909));
#7663=CARTESIAN_POINT('',(64.9206130863645,152.65,-89.2804335258074));
#7664=CARTESIAN_POINT('',(69.3951594608181,152.65,-86.0378522308857));
#7665=CARTESIAN_POINT('',(57.1470207684717,152.65,-83.6471239263344));
#7666=CARTESIAN_POINT('',(68.6697987334087,152.65,-91.9973657537925));
#7667=CARTESIAN_POINT('',(58.9449096604963,152.65,-82.3442430522114));
#7668=CARTESIAN_POINT('Origin',(-43.7500000000015,155.125,-74.0499999999994));
#7669=CARTESIAN_POINT('',(-49.3723339309914,156.617384104089,-73.3083729003104));
#7670=CARTESIAN_POINT('Ctrl Pts',(-53.9780799950093,152.65,-75.9286511600487));
#7671=CARTESIAN_POINT('Ctrl Pts',(-52.9184560453851,153.565361315203,-75.6590999596016));
#7672=CARTESIAN_POINT('Ctrl Pts',(-51.8658063152054,154.513789410948,-75.2004117383288));
#7673=CARTESIAN_POINT('Ctrl Pts',(-50.3668625605703,155.828883059641,-74.2068518139806));
#7674=CARTESIAN_POINT('Ctrl Pts',(-49.8537925917998,156.269693584217,-73.7898315611188));
#7675=CARTESIAN_POINT('Ctrl Pts',(-49.3723339309914,156.617384104089,-73.3083729003104));
#7676=CARTESIAN_POINT('',(-46.931980515341,157.6,-70.8680194846599));
#7677=CARTESIAN_POINT('Ctrl Pts',(-46.9319805153409,157.6,-70.8680194846599));
#7678=CARTESIAN_POINT('Ctrl Pts',(-48.0116729227235,157.6,-71.9477118920425));
#7679=CARTESIAN_POINT('Ctrl Pts',(-49.3723339309914,156.617384104089,-73.3083729003104));
#7680=CARTESIAN_POINT('',(-39.2500000000015,157.6,-74.0499999999994));
#7681=CARTESIAN_POINT('Origin',(-43.7500000000015,157.6,-74.0499999999994));
#7682=CARTESIAN_POINT('',(-43.7500000000015,157.6,-69.5499999999994));
#7683=CARTESIAN_POINT('Origin',(-43.7500000000015,157.6,-74.0499999999994));
#7684=CARTESIAN_POINT('Ctrl Pts',(-34.3748759706655,152.65,-69.5499999999994));
#7685=CARTESIAN_POINT('Ctrl Pts',(-40.9184309250785,157.6,-69.5499999999994));
#7686=CARTESIAN_POINT('Ctrl Pts',(-43.7500000000015,157.6,-69.5499999999994));
#7687=CARTESIAN_POINT('Origin',(56.4434017428552,150.15,-66.2373050884449));
#7688=CARTESIAN_POINT('',(56.4434017428552,150.15,-76.2373050884449));
#7689=CARTESIAN_POINT('',(49.3723339309898,150.15,-73.3083729003103));
#7690=CARTESIAN_POINT('Origin',(52.3012661191243,150.15,-76.2373050884449));
#7691=CARTESIAN_POINT('',(46.9319805153386,150.15,-70.8680194846592));
#7692=CARTESIAN_POINT('Origin',(-56.4434017428569,150.15,-66.2373050884449));
#7693=CARTESIAN_POINT('',(-49.3723339309914,150.15,-73.3083729003104));
#7694=CARTESIAN_POINT('',(-56.4434017428569,150.15,-76.2373050884449));
#7695=CARTESIAN_POINT('Origin',(-52.3012661191259,150.15,-76.2373050884449));
#7696=CARTESIAN_POINT('',(-119.850000000002,142.5,-76.237305088445));
#7697=CARTESIAN_POINT('',(-119.850000000002,150.15,-76.237305088445));
#7698=CARTESIAN_POINT('',(-109.266729559305,142.5,-76.237305088445));
#7699=CARTESIAN_POINT('',(-119.850000000002,142.5,-76.237305088445));
#7700=CARTESIAN_POINT('',(-99.9876582648947,158.571822928973,-76.237305088445));
#7701=CARTESIAN_POINT('Origin',(5.0000000000113,150.15,-104.233360028433));
#7702=CARTESIAN_POINT('',(6.72905022188793,150.15,-106.039013741144));
#7703=CARTESIAN_POINT('',(2.5000000000113,150.15,-104.233360028436));
#7704=CARTESIAN_POINT('Origin',(2.5000000000197,150.15,-110.088649711202));
#7705=CARTESIAN_POINT('',(2.49999999997036,150.15,-82.0113502887984));
#7706=CARTESIAN_POINT('Origin',(-4.99999999994492,150.15,-104.23336002846));
#7707=CARTESIAN_POINT('',(-2.49999999994492,150.15,-104.23336002846));
#7708=CARTESIAN_POINT('',(-6.72905022181968,150.15,-106.039013741173));
#7709=CARTESIAN_POINT('Origin',(-2.49999999996425,150.15,-110.088649711201));
#7710=CARTESIAN_POINT('',(-17.1606152046757,150.15,-96.049999999991));
#7711=CARTESIAN_POINT('Origin',(12.3401619956802,150.15,-111.049999999984));
#7712=CARTESIAN_POINT('',(12.3401619956831,150.15,-113.549999999984));
#7713=CARTESIAN_POINT('',(10.6111117738076,150.15,-109.244346287269));
#7714=CARTESIAN_POINT('Origin',(6.11470125102847,150.15,-113.549999999991));
#7715=CARTESIAN_POINT('',(20.7753164557318,150.15,-99.5113502888212));
#7716=CARTESIAN_POINT('Origin',(-12.3401619956097,150.15,-111.050000000002));
#7717=CARTESIAN_POINT('',(-10.611111773739,150.15,-109.244346287285));
#7718=CARTESIAN_POINT('',(-12.3401619956092,150.15,-113.550000000002));
#7719=CARTESIAN_POINT('Origin',(-6.11470125095781,150.15,-113.55));
#7720=CARTESIAN_POINT('',(-29.2104709157304,150.15,-113.550000000006));
#7721=CARTESIAN_POINT('Origin',(57.1470207684643,150.15,-110.502756646298));
#7722=CARTESIAN_POINT('',(58.614005280081,150.15,-112.527097636022));
#7723=CARTESIAN_POINT('',(55.6800362568486,150.15,-112.527097636022));
#7724=CARTESIAN_POINT('Origin',(57.1470207684651,150.15,-113.590181162091));
#7725=CARTESIAN_POINT('',(49.3734284505637,150.15,-107.956871562641));
#7726=CARTESIAN_POINT('Origin',(-57.1470207684659,150.15,-110.502756646298));
#7727=CARTESIAN_POINT('',(-55.6800362568502,150.15,-112.527097636023));
#7728=CARTESIAN_POINT('',(-58.6140052800826,150.15,-112.527097636022));
#7729=CARTESIAN_POINT('Origin',(-57.1470207684667,150.15,-113.590181162091));
#7730=CARTESIAN_POINT('',(-64.9206130863619,150.15,-107.95687156264));
#7731=CARTESIAN_POINT('Origin',(-82.9192622342635,150.15,-110.502756646301));
#7732=CARTESIAN_POINT('',(-81.4522777226473,150.15,-112.527097636025));
#7733=CARTESIAN_POINT('',(-84.3862467458812,150.15,-112.527097636024));
#7734=CARTESIAN_POINT('Origin',(-82.9192622342647,150.15,-113.590181162095));
#7735=CARTESIAN_POINT('',(-90.6928545521761,150.15,-107.956871562626));
#7736=CARTESIAN_POINT('Origin',(82.9192622342619,150.15,-110.502756646301));
#7737=CARTESIAN_POINT('',(84.3862467458796,150.15,-112.527097636024));
#7738=CARTESIAN_POINT('',(81.4522777226457,150.15,-112.527097636025));
#7739=CARTESIAN_POINT('Origin',(82.9192622342632,150.15,-113.590181162095));
#7740=CARTESIAN_POINT('',(75.1456699163582,150.15,-107.956871562639));
#7741=CARTESIAN_POINT('Origin',(99.3185349392237,150.15,-98.618652544225));
#7742=CARTESIAN_POINT('',(100.78551945084,150.15,-96.5943115545007));
#7743=CARTESIAN_POINT('',(100.785519450841,150.15,-100.642993533949));
#7744=CARTESIAN_POINT('Origin',(103.578975285049,150.15,-98.6186525442281));
#7745=CARTESIAN_POINT('',(95.8053829671654,150.15,-104.251962143673));
#7746=CARTESIAN_POINT('Origin',(-99.3185349392254,150.15,-98.6186525442251));
#7747=CARTESIAN_POINT('',(-100.785519450842,150.15,-100.642993533949));
#7748=CARTESIAN_POINT('',(-100.785519450842,150.15,-96.5943115545008));
#7749=CARTESIAN_POINT('Origin',(-103.578975285054,150.15,-98.6186525442231));
#7750=CARTESIAN_POINT('',(-95.8053829671619,150.15,-92.9853429447762));
#7751=CARTESIAN_POINT('Origin',(29.2104709157853,150.15,-111.049999999965));
#7752=CARTESIAN_POINT('',(30.939521137656,150.15,-109.244346287248));
#7753=CARTESIAN_POINT('',(29.2104709157882,150.15,-113.549999999965));
#7754=CARTESIAN_POINT('Origin',(35.4359316604247,150.15,-113.549999999958));
#7755=CARTESIAN_POINT('Origin',(-29.210470915731,150.15,-111.050000000006));
#7756=CARTESIAN_POINT('',(-30.9395211376045,150.15,-109.244346287291));
#7757=CARTESIAN_POINT('Origin',(-35.4359316603653,150.15,-113.549999999999));
#7758=CARTESIAN_POINT('',(-20.7753164556833,150.15,-99.5113502888375));
#7759=CARTESIAN_POINT('Origin',(36.7500000000485,150.15,-104.424269119281));
#7760=CARTESIAN_POINT('',(39.2500000000485,150.15,-104.424269119279));
#7761=CARTESIAN_POINT('',(35.0209497781792,150.15,-106.229922832));
#7762=CARTESIAN_POINT('Origin',(39.2500000000678,150.15,-110.279558802035));
#7763=CARTESIAN_POINT('',(24.3900177067317,150.15,-96.0499999999851));
#7764=CARTESIAN_POINT('Origin',(-36.7499999999629,150.15,-104.424269119296));
#7765=CARTESIAN_POINT('',(-35.0209497780911,150.15,-106.229922832012));
#7766=CARTESIAN_POINT('',(-39.2499999999629,150.15,-104.424269119296));
#7767=CARTESIAN_POINT('Origin',(-39.2499999999609,150.15,-110.27955880209));
#7768=CARTESIAN_POINT('',(-39.2500000000063,150.15,-88.7431417755686));
#7769=CARTESIAN_POINT('Origin',(82.9192622342477,146.325000000002,-124.704909418965));
#7770=CARTESIAN_POINT('',(79.9192622342477,146.325000000002,-124.704909418965));
#7771=CARTESIAN_POINT('',(81.1588808203071,146.325000000002,-122.275700231297));
#7772=CARTESIAN_POINT('Origin',(82.9192622342644,150.15,-121.));
#7773=CARTESIAN_POINT('',(119.023587609294,150.15,-94.8361835301348));
#7774=CARTESIAN_POINT('Ctrl Pts',(76.5191551477451,130.68735984737,-129.5));
#7775=CARTESIAN_POINT('Ctrl Pts',(76.5983485635226,130.747404187303,-129.5));
#7776=CARTESIAN_POINT('Ctrl Pts',(76.7609185491541,130.861241813692,-129.47325047178));
#7777=CARTESIAN_POINT('Ctrl Pts',(76.9241140791113,130.958404457628,-129.402181594846));
#7778=CARTESIAN_POINT('Ctrl Pts',(77.0023993429736,131.001629528545,-129.353553389865));
#7779=CARTESIAN_POINT('Ctrl Pts',(76.5191551477451,130.68735984737,-129.574799825086));
#7780=CARTESIAN_POINT('Ctrl Pts',(76.6032257520678,130.751077567282,-129.57993414498));
#7781=CARTESIAN_POINT('Ctrl Pts',(76.7765104563531,130.872005048355,-129.562050532656));
#7782=CARTESIAN_POINT('Ctrl Pts',(76.9543288506207,130.976322752401,-129.497340299911));
#7783=CARTESIAN_POINT('Ctrl Pts',(77.0430054510519,131.024050119787,-129.449516020503));
#7784=CARTESIAN_POINT('Ctrl Pts',(76.498462515506,130.714651682541,-129.724124640878));
#7785=CARTESIAN_POINT('Ctrl Pts',(76.590045493382,130.7900618624,-129.739469863309));
#7786=CARTESIAN_POINT('Ctrl Pts',(76.7802798766465,130.934657817488,-129.7389529263));
#7787=CARTESIAN_POINT('Ctrl Pts',(76.9827139706542,131.066048679896,-129.686643809132));
#7788=CARTESIAN_POINT('Ctrl Pts',(77.0896888853253,131.130322627872,-129.640337260576));
#7789=CARTESIAN_POINT('Ctrl Pts',(76.3974184559997,130.847920267475,-129.934407831037));
#7790=CARTESIAN_POINT('Ctrl Pts',(76.4928538038922,130.953514235367,-129.95720047175));
#7791=CARTESIAN_POINT('Ctrl Pts',(76.6917436339455,131.160345795122,-129.963885457069));
#7792=CARTESIAN_POINT('Ctrl Pts',(76.9057128003672,131.359015013206,-129.902806238304));
#7793=CARTESIAN_POINT('Ctrl Pts',(77.020688696445,131.459688712776,-129.844736563126));
#7794=CARTESIAN_POINT('Ctrl Pts',(76.2848567015036,130.996379719844,-130.));
#7795=CARTESIAN_POINT('Ctrl Pts',(76.376399806224,131.123703319984,-130.012246076417));
#7796=CARTESIAN_POINT('Ctrl Pts',(76.5652104599509,131.36959360981,-129.987397574842));
#7797=CARTESIAN_POINT('Ctrl Pts',(76.7605075167951,131.595612645357,-129.879079767099));
#7798=CARTESIAN_POINT('Ctrl Pts',(76.8591151434806,131.703789637371,-129.796210362996));
#7799=CARTESIAN_POINT('Ctrl Pts',(76.2170686499067,131.085786437626,-130.));
#7800=CARTESIAN_POINT('Ctrl Pts',(76.3061612426558,131.220886202477,-130.));
#7801=CARTESIAN_POINT('Ctrl Pts',(76.4890524764918,131.477020861851,-129.94650094356));
#7802=CARTESIAN_POINT('Ctrl Pts',(76.6726474476936,131.695636810708,-129.804363189693));
#7803=CARTESIAN_POINT('Ctrl Pts',(76.7607183695387,131.79289322027,-129.70710677973));
#7804=CARTESIAN_POINT('',(76.5191551477452,130.68735984737,-129.5));
#7805=CARTESIAN_POINT('',(76.2170686499064,131.085786437626,-130.));
#7806=CARTESIAN_POINT('Origin',(76.2170686499068,131.085786437627,-129.5));
#7807=CARTESIAN_POINT('',(77.0023993428151,131.001629528457,-129.353553389963));
#7808=CARTESIAN_POINT('Ctrl Pts',(77.0023993429736,131.001629528545,-129.353553389865));
#7809=CARTESIAN_POINT('Ctrl Pts',(76.9241140791113,130.958404457628,-129.402181594846));
#7810=CARTESIAN_POINT('Ctrl Pts',(76.7609185491541,130.861241813692,-129.47325047178));
#7811=CARTESIAN_POINT('Ctrl Pts',(76.5983485635226,130.747404187303,-129.5));
#7812=CARTESIAN_POINT('Ctrl Pts',(76.5191551477451,130.68735984737,-129.5));
#7813=CARTESIAN_POINT('',(76.7607183699873,131.79289321979,-129.707106780211));
#7814=CARTESIAN_POINT('Origin',(76.7607183693604,131.43933982885,-129.353553389963));
#7815=CARTESIAN_POINT('Ctrl Pts',(76.2170686499067,131.085786437626,-130.));
#7816=CARTESIAN_POINT('Ctrl Pts',(76.3061612426558,131.220886202477,-130.));
#7817=CARTESIAN_POINT('Ctrl Pts',(76.4890524764918,131.477020861851,-129.94650094356));
#7818=CARTESIAN_POINT('Ctrl Pts',(76.6726474476936,131.695636810708,-129.804363189693));
#7819=CARTESIAN_POINT('Ctrl Pts',(76.7607183695387,131.79289322027,-129.70710677973));
#7820=CARTESIAN_POINT('Origin',(78.9358471304526,127.499947125315,-129.5));
#7821=CARTESIAN_POINT('',(77.6558471304523,123.71027695497,-129.5));
#7822=CARTESIAN_POINT('',(75.7026958306294,124.369973855069,-130.));
#7823=CARTESIAN_POINT('Ctrl Pts',(77.6558471304523,123.71027695497,-129.5));
#7824=CARTESIAN_POINT('Ctrl Pts',(77.0560516348255,123.912864040361,-129.723829221657));
#7825=CARTESIAN_POINT('Ctrl Pts',(76.3388750240537,124.155097802278,-130.));
#7826=CARTESIAN_POINT('Ctrl Pts',(75.7026958306294,124.369973855069,-130.));
#7827=CARTESIAN_POINT('',(74.9358471304526,127.499947125315,-129.5));
#7828=CARTESIAN_POINT('Origin',(78.9358471304526,127.499947125315,-129.5));
#7829=CARTESIAN_POINT('Origin',(78.9358471304526,127.499947125315,-129.5));
#7830=CARTESIAN_POINT('Origin',(78.9358471304526,127.499947125315,-130.));
#7831=CARTESIAN_POINT('Ctrl Pts',(82.0028499060155,131.146446609407,-130.353553390593));
#7832=CARTESIAN_POINT('Ctrl Pts',(81.4127642347967,131.696043942634,-129.803956057366));
#7833=CARTESIAN_POINT('Ctrl Pts',(80.177752738294,132.338857707021,-129.161142292979));
#7834=CARTESIAN_POINT('Ctrl Pts',(78.2660789429302,132.400855788728,-129.099144211273));
#7835=CARTESIAN_POINT('Ctrl Pts',(77.2313362939292,132.052744079877,-129.447255920123));
#7836=CARTESIAN_POINT('Ctrl Pts',(76.7607183687335,131.792893219097,-129.707106780903));
#7837=CARTESIAN_POINT('Ctrl Pts',(81.9226473605036,131.103391112191,-130.39660888781));
#7838=CARTESIAN_POINT('Ctrl Pts',(81.3392779004997,131.641172952852,-129.858900771));
#7839=CARTESIAN_POINT('Ctrl Pts',(80.1311798782814,132.260747151582,-129.239395757173));
#7840=CARTESIAN_POINT('Ctrl Pts',(78.2917627535531,132.319205267678,-129.18095444669));
#7841=CARTESIAN_POINT('Ctrl Pts',(77.286956307072,131.985646179756,-129.514400401862));
#7842=CARTESIAN_POINT('Ctrl Pts',(76.8263162179136,131.733490830385,-129.766509169615));
#7843=CARTESIAN_POINT('Ctrl Pts',(81.762383491294,130.972917009782,-130.43820514877));
#7844=CARTESIAN_POINT('Ctrl Pts',(81.1924399182593,131.482579186886,-129.919806732614));
#7845=CARTESIAN_POINT('Ctrl Pts',(80.03798768522,132.049023006304,-129.340228623133));
#7846=CARTESIAN_POINT('Ctrl Pts',(78.3431254577434,132.099607675127,-129.288116732132));
#7847=CARTESIAN_POINT('Ctrl Pts',(77.3980507041119,131.79911787146,-129.596112506669));
#7848=CARTESIAN_POINT('Ctrl Pts',(76.9573671250798,131.564832146274,-129.835197807888));
#7849=CARTESIAN_POINT('Ctrl Pts',(81.6069960050193,130.713542234121,-130.345665114826));
#7850=CARTESIAN_POINT('Ctrl Pts',(81.0579399007471,131.189346496007,-129.830914144644));
#7851=CARTESIAN_POINT('Ctrl Pts',(79.9612973399202,131.703603839225,-129.260604077329));
#7852=CARTESIAN_POINT('Ctrl Pts',(78.3850288046887,131.747715461369,-129.210172370594));
#7853=CARTESIAN_POINT('Ctrl Pts',(77.4954436180839,131.477718751506,-129.511928023953));
#7854=CARTESIAN_POINT('Ctrl Pts',(77.0763538968924,131.262308060455,-129.748171594612));
#7855=CARTESIAN_POINT('Ctrl Pts',(81.5944400904369,130.520881481719,-130.166485259866));
#7856=CARTESIAN_POINT('Ctrl Pts',(81.0614866930992,130.992367914353,-129.635009925938));
#7857=CARTESIAN_POINT('Ctrl Pts',(79.9788810949838,131.517377385837,-129.030209276635));
#7858=CARTESIAN_POINT('Ctrl Pts',(78.374640752612,131.564770626134,-128.974310754616));
#7859=CARTESIAN_POINT('Ctrl Pts',(77.4848429725347,131.285530772793,-129.29807435842));
#7860=CARTESIAN_POINT('Ctrl Pts',(77.0714365076638,131.068625659104,-129.54558327119));
#7861=CARTESIAN_POINT('Ctrl Pts',(81.6413219552796,130.446336445867,-130.041604614631));
#7862=CARTESIAN_POINT('Ctrl Pts',(81.1150786959205,130.929578705436,-129.496527129413));
#7863=CARTESIAN_POINT('Ctrl Pts',(80.0226532586011,131.487720669071,-128.863191185216));
#7864=CARTESIAN_POINT('Ctrl Pts',(78.3500795821227,131.540722220744,-128.802711991356));
#7865=CARTESIAN_POINT('Ctrl Pts',(77.4392902672315,131.239720228147,-129.144760251855));
#7866=CARTESIAN_POINT('Ctrl Pts',(77.0227023962174,131.012839823732,-129.401534705626));
#7867=CARTESIAN_POINT('Ctrl Pts',(81.6620718198418,130.427010319536,-130.));
#7868=CARTESIAN_POINT('Ctrl Pts',(81.1375512232029,130.915541282405,-129.450402666773));
#7869=CARTESIAN_POINT('Ctrl Pts',(80.0397632263116,131.486931295193,-128.807588902385));
#7870=CARTESIAN_POINT('Ctrl Pts',(78.3404976304327,131.542040701154,-128.745590820679));
#7871=CARTESIAN_POINT('Ctrl Pts',(77.4207263868763,131.232608071065,-129.09370252953));
#7872=CARTESIAN_POINT('Ctrl Pts',(77.0023993422579,131.00162952815,-129.35355339031));
#7873=CARTESIAN_POINT('',(81.6620718198418,130.427010319536,-130.));
#7874=CARTESIAN_POINT('',(81.2224119663575,131.085786437627,-130.));
#7875=CARTESIAN_POINT('Ctrl Pts',(81.6620718198418,130.427010319536,-130.));
#7876=CARTESIAN_POINT('Ctrl Pts',(81.5168178131619,130.562297818632,-130.));
#7877=CARTESIAN_POINT('Ctrl Pts',(81.3896863220133,130.722758301084,-130.));
#7878=CARTESIAN_POINT('Ctrl Pts',(81.2719559629863,130.941169739302,-130.));
#7879=CARTESIAN_POINT('Ctrl Pts',(81.2404389958687,131.013355487495,-130.));
#7880=CARTESIAN_POINT('Ctrl Pts',(81.2224119663575,131.085786437627,-130.));
#7881=CARTESIAN_POINT('',(81.1496629041777,131.517925434079,-129.901807012473));
#7882=CARTESIAN_POINT('Ctrl Pts',(81.222704781939,131.084557462349,-130.000996004352));
#7883=CARTESIAN_POINT('Ctrl Pts',(81.2210989870683,131.091037863263,-130.00099789479));
#7884=CARTESIAN_POINT('Ctrl Pts',(81.2195247870421,131.097536028965,-130.000935960582));
#7885=CARTESIAN_POINT('Ctrl Pts',(81.217981049886,131.104050756598,-130.000809925572));
#7886=CARTESIAN_POINT('Ctrl Pts',(81.2105353474923,131.135472377136,-130.000202037645));
#7887=CARTESIAN_POINT('Ctrl Pts',(81.2038741379706,131.166935787638,-129.998110071953));
#7888=CARTESIAN_POINT('Ctrl Pts',(81.1978004752866,131.198299293636,-129.994543813451));
#7889=CARTESIAN_POINT('Ctrl Pts',(81.191516397503,131.230749352442,-129.990854006001));
#7890=CARTESIAN_POINT('Ctrl Pts',(81.1858617425563,131.263093246775,-129.985586484735));
#7891=CARTESIAN_POINT('Ctrl Pts',(81.180664311111,131.295194422072,-129.978725431766));
#7892=CARTESIAN_POINT('Ctrl Pts',(81.1753351154217,131.328109419954,-129.971690438753));
#7893=CARTESIAN_POINT('Ctrl Pts',(81.1704871700558,131.360770196874,-129.962980643191));
#7894=CARTESIAN_POINT('Ctrl Pts',(81.165974373019,131.393037103822,-129.952543384123));
#7895=CARTESIAN_POINT('Ctrl Pts',(81.1646948055387,131.402186127029,-129.949583982852));
#7896=CARTESIAN_POINT('Ctrl Pts',(81.1634423926931,131.41130347978,-129.946485456817));
#7897=CARTESIAN_POINT('Ctrl Pts',(81.1622142690452,131.420385915141,-129.943246005474));
#7898=CARTESIAN_POINT('Ctrl Pts',(81.1601320127989,131.43578498167,-129.937753587992));
#7899=CARTESIAN_POINT('Ctrl Pts',(81.1581194935465,131.451083745158,-129.931856175447));
#7900=CARTESIAN_POINT('Ctrl Pts',(81.1561563880991,131.46627062463,-129.925560328021));
#7901=CARTESIAN_POINT('Ctrl Pts',(81.1539748163508,131.483147592317,-129.918563840443));
#7902=CARTESIAN_POINT('Ctrl Pts',(81.1518605324843,131.499816653108,-129.911103163127));
#7903=CARTESIAN_POINT('Ctrl Pts',(81.1497907371131,131.516258511793,-129.903200586375));
#7904=CARTESIAN_POINT('',(80.9159300753706,131.894449851305,-129.605550148695));
#7905=CARTESIAN_POINT('Ctrl Pts',(80.9159300753706,131.894449851305,-129.605550148695));
#7906=CARTESIAN_POINT('Ctrl Pts',(80.9823655510591,131.787427748785,-129.712572251215));
#7907=CARTESIAN_POINT('Ctrl Pts',(81.0630165964859,131.657505529331,-129.810764942401));
#7908=CARTESIAN_POINT('Ctrl Pts',(81.1496629041777,131.517925434079,-129.901807012473));
#7909=CARTESIAN_POINT('Origin',(78.9358471304526,127.853500515908,-133.646499484092));
#7910=CARTESIAN_POINT('Origin',(78.9358471304526,127.499947125315,-133.292946093499));
#7911=CARTESIAN_POINT('Origin',(66.435847130454,142.499947125316,-130.));
#7912=CARTESIAN_POINT('',(57.4203494516301,131.085786437627,-130.));
#7913=CARTESIAN_POINT('',(47.9317009064047,131.085786437627,-130.));
#7914=CARTESIAN_POINT('',(58.0580997582108,124.670276954972,-130.));
#7915=CARTESIAN_POINT('Origin',(53.9358471304526,127.499947125317,-130.));
#7916=CARTESIAN_POINT('',(65.1558471304526,127.067613986453,-130.));
#7917=CARTESIAN_POINT('',(66.4358471304526,127.499947125316,-130.));
#7918=CARTESIAN_POINT('',(67.7158471304526,127.067613986453,-130.));
#7919=CARTESIAN_POINT('Origin',(66.4358471304522,123.277943816108,-130.));
#7920=CARTESIAN_POINT('',(66.4358471304526,127.499947125316,-130.));
#7921=CARTESIAN_POINT('Origin',(47.9317009064047,131.085786437627,-129.));
#7922=CARTESIAN_POINT('',(81.4179192654056,131.085786437627,-130.));
#7923=CARTESIAN_POINT('',(47.9317009064047,131.085786437627,-130.));
#7924=CARTESIAN_POINT('Origin',(81.4179192654056,131.085786437627,-129.));
#7925=CARTESIAN_POINT('Origin',(47.9317009064047,131.085786437627,-129.));
#7926=CARTESIAN_POINT('',(57.4203494516301,131.792893218814,-129.707106781187));
#7927=CARTESIAN_POINT('',(47.9317009064047,131.792893218814,-129.707106781187));
#7928=CARTESIAN_POINT('Origin',(57.4203494516301,131.085786437627,-129.));
#7929=CARTESIAN_POINT('Origin',(78.9358471304526,127.499947125315,-132.));
#7930=CARTESIAN_POINT('',(74.9358471304526,127.499947125315,-126.));
#7931=CARTESIAN_POINT('',(82.9358471304526,127.499947125315,-126.));
#7932=CARTESIAN_POINT('Origin',(78.9358471304526,127.499947125315,-126.));
#7933=CARTESIAN_POINT('Origin',(78.9358471304526,127.499947125315,-126.));
#7934=CARTESIAN_POINT('',(74.9358471304526,127.499947125315,-132.));
#7935=CARTESIAN_POINT('',(77.6558471304523,123.71027695497,-132.));
#7936=CARTESIAN_POINT('',(77.6558471304523,123.71027695497,-132.));
#7937=CARTESIAN_POINT('',(82.3342944796497,129.609581125499,-132.));
#7938=CARTESIAN_POINT('Origin',(78.9358471304526,127.499947125315,-132.));
#7939=CARTESIAN_POINT('',(82.3342944796497,129.609581125499,-130.));
#7940=CARTESIAN_POINT('',(82.3342944796497,129.609581125499,-132.));
#7941=CARTESIAN_POINT('Origin',(78.9358471304526,127.499947125315,-130.));
#7942=CARTESIAN_POINT('Origin',(57.4203494516301,131.085786437627,-129.));
#7943=CARTESIAN_POINT('',(56.7234489873946,130.368618575165,-129.));
#7944=CARTESIAN_POINT('Origin',(57.4203494516301,131.085786437627,-129.));
#7945=CARTESIAN_POINT('Origin',(57.4203494516301,131.085786437627,-129.));
#7946=CARTESIAN_POINT('Ctrl Pts',(57.4203494516301,131.792893218814,-129.707106781187));
#7947=CARTESIAN_POINT('Ctrl Pts',(56.893697943492,132.304661383176,-129.195338616824));
#7948=CARTESIAN_POINT('Ctrl Pts',(55.9319900729084,132.893686679165,-128.606313320835));
#7949=CARTESIAN_POINT('Ctrl Pts',(54.1293286978977,133.297936873226,-128.202063126774));
#7950=CARTESIAN_POINT('Ctrl Pts',(52.2604444082252,133.092072662978,-128.407927337022));
#7951=CARTESIAN_POINT('Ctrl Pts',(50.9779963174131,132.304661383176,-129.195338616824));
#7952=CARTESIAN_POINT('Ctrl Pts',(50.451344809275,131.792893218814,-129.707106781187));
#7953=CARTESIAN_POINT('Ctrl Pts',(57.2584303767895,131.709579199987,-129.790420800013));
#7954=CARTESIAN_POINT('Ctrl Pts',(56.7418017089074,132.202121686909,-129.298015808704));
#7955=CARTESIAN_POINT('Ctrl Pts',(55.8116537643352,132.759055870983,-128.741252162344));
#7956=CARTESIAN_POINT('Ctrl Pts',(54.1147732158313,133.131937350978,-128.368588766866));
#7957=CARTESIAN_POINT('Ctrl Pts',(52.3708910852664,132.944991027438,-128.555399587573));
#7958=CARTESIAN_POINT('Ctrl Pts',(51.1298925519977,132.202121686909,-129.298015808704));
#7959=CARTESIAN_POINT('Ctrl Pts',(50.6132638841156,131.709579199987,-129.790420800013));
#7960=CARTESIAN_POINT('Ctrl Pts',(56.9348666578668,131.455305863572,-129.869121127096));
#7961=CARTESIAN_POINT('Ctrl Pts',(56.4382492498627,131.901867831868,-129.408101567348));
#7962=CARTESIAN_POINT('Ctrl Pts',(55.5707692715928,132.384252963782,-128.905722503749));
#7963=CARTESIAN_POINT('Ctrl Pts',(54.0857131110721,132.685851967503,-128.588137644483));
#7964=CARTESIAN_POINT('Ctrl Pts',(52.5920040520146,132.541521643415,-128.741320326892));
#7965=CARTESIAN_POINT('Ctrl Pts',(51.4334450110424,131.901867831868,-129.408101567348));
#7966=CARTESIAN_POINT('Ctrl Pts',(50.9368276030383,131.455305863572,-129.869121127096));
#7967=CARTESIAN_POINT('Ctrl Pts',(56.6460060535169,130.98742102854,-129.698497598094));
#7968=CARTESIAN_POINT('Ctrl Pts',(56.1793800998997,131.382788983433,-129.242765376923));
#7969=CARTESIAN_POINT('Ctrl Pts',(55.3802546633907,131.793584124008,-128.75113890745));
#7970=CARTESIAN_POINT('Ctrl Pts',(54.0647627385305,132.03587423158,-128.445873109275));
#7971=CARTESIAN_POINT('Ctrl Pts',(52.7601565738975,131.92494545362,-128.59122962836));
#7972=CARTESIAN_POINT('Ctrl Pts',(51.6923141610054,131.382788983433,-129.242765376923));
#7973=CARTESIAN_POINT('Ctrl Pts',(51.2256882073883,130.98742102854,-129.698497598094));
#7974=CARTESIAN_POINT('Ctrl Pts',(56.586991349546,130.597530673853,-129.369338224763));
#7975=CARTESIAN_POINT('Ctrl Pts',(56.1473943283394,130.979790997134,-128.890512786064));
#7976=CARTESIAN_POINT('Ctrl Pts',(55.3819685437611,131.388437884705,-128.359154291245));
#7977=CARTESIAN_POINT('Ctrl Pts',(54.0686895996702,131.642041996641,-128.013846917666));
#7978=CARTESIAN_POINT('Ctrl Pts',(52.7463713842733,131.521330487516,-128.18360630936));
#7979=CARTESIAN_POINT('Ctrl Pts',(51.7242999325657,130.979790997134,-128.890512786064));
#7980=CARTESIAN_POINT('Ctrl Pts',(51.2847029113592,130.597530673853,-129.369338224763));
#7981=CARTESIAN_POINT('Ctrl Pts',(56.6618653836776,130.42846180611,-129.123217821302));
#7982=CARTESIAN_POINT('Ctrl Pts',(56.235546385153,130.825092721936,-128.622508712392));
#7983=CARTESIAN_POINT('Ctrl Pts',(55.4710348757177,131.269932705634,-128.052827160309));
#7984=CARTESIAN_POINT('Ctrl Pts',(54.0820497825576,131.565529158196,-127.668386426847));
#7985=CARTESIAN_POINT('Ctrl Pts',(52.656053716796,131.41804167575,-127.862111836075));
#7986=CARTESIAN_POINT('Ctrl Pts',(51.6361478757522,130.825092721936,-128.622508712392));
#7987=CARTESIAN_POINT('Ctrl Pts',(51.2098288772276,130.42846180611,-129.123217821302));
#7988=CARTESIAN_POINT('Ctrl Pts',(56.7234489873946,130.368618575165,-129.));
#7989=CARTESIAN_POINT('Ctrl Pts',(56.3021277808841,130.778033106655,-128.488231835638));
#7990=CARTESIAN_POINT('Ctrl Pts',(55.5327614844173,131.249253343446,-127.899206539648));
#7991=CARTESIAN_POINT('Ctrl Pts',(54.0906323844087,131.572653498695,-127.494956345587));
#7992=CARTESIAN_POINT('Ctrl Pts',(52.5955249526707,131.407962130496,-127.700820555836));
#7993=CARTESIAN_POINT('Ctrl Pts',(51.569566480021,130.778033106655,-128.488231835638));
#7994=CARTESIAN_POINT('Ctrl Pts',(51.1482452735105,130.368618575165,-129.));
#7995=CARTESIAN_POINT('',(55.621862543832,132.914213562373,-128.585786437627));
#7996=CARTESIAN_POINT('',(52.2498317170731,132.914213562373,-128.585786437627));
#7997=CARTESIAN_POINT('Ctrl Pts',(55.621862543832,132.914213562373,-128.585786437627));
#7998=CARTESIAN_POINT('Ctrl Pts',(55.6170068696112,132.915183752167,-128.584816247833));
#7999=CARTESIAN_POINT('Ctrl Pts',(55.6121497463136,132.916149319626,-128.583848683654));
#8000=CARTESIAN_POINT('Ctrl Pts',(55.5228150528978,132.933818429752,-128.566106967515));
#8001=CARTESIAN_POINT('Ctrl Pts',(55.437894124708,132.949134039167,-128.550133700343));
#8002=CARTESIAN_POINT('Ctrl Pts',(55.0154668233717,133.01827028311,-128.475951703738));
#8003=CARTESIAN_POINT('Ctrl Pts',(54.6730803131003,133.052434684214,-128.432727017559));
#8004=CARTESIAN_POINT('Ctrl Pts',(53.9972072818909,133.081116883929,-128.396551524025));
#8005=CARTESIAN_POINT('Ctrl Pts',(53.6716728525692,133.077584255427,-128.401356834362));
#8006=CARTESIAN_POINT('Ctrl Pts',(52.9780005848028,133.03262463201,-128.457065640706));
#8007=CARTESIAN_POINT('Ctrl Pts',(52.6172090401571,132.986890189144,-128.512817125333));
#8008=CARTESIAN_POINT('Ctrl Pts',(52.259544514592,132.916149319626,-128.583848683654));
#8009=CARTESIAN_POINT('Ctrl Pts',(52.2546873912935,132.915183752167,-128.584816247833));
#8010=CARTESIAN_POINT('Ctrl Pts',(52.2498317170732,132.914213562373,-128.585786437627));
#8011=CARTESIAN_POINT('',(50.451344809275,131.792893218814,-129.707106781187));
#8012=CARTESIAN_POINT('Origin',(53.9358471304526,128.207053906504,-133.292946093497));
#8013=CARTESIAN_POINT('',(51.1482452735105,130.368618575165,-129.));
#8014=CARTESIAN_POINT('Origin',(50.451344809275,131.085786437627,-129.));
#8015=CARTESIAN_POINT('Origin',(53.9358471304526,127.499947125317,-132.58583931231));
#8016=CARTESIAN_POINT('Origin',(53.9358471304526,128.207053906504,-133.292946093497));
#8017=CARTESIAN_POINT('Origin',(47.9317009064047,131.085786437627,-129.));
#8018=CARTESIAN_POINT('',(50.451344809275,131.085786437627,-130.));
#8019=CARTESIAN_POINT('Origin',(50.451344809275,131.085786437627,-129.));
#8020=CARTESIAN_POINT('',(49.2134439157696,131.792893218814,-129.707106781187));
#8021=CARTESIAN_POINT('',(47.9317009064047,131.792893218814,-129.707106781187));
#8022=CARTESIAN_POINT('',(49.6080782471227,131.085786437627,-130.));
#8023=CARTESIAN_POINT('Ctrl Pts',(49.6080782471227,131.085786437627,-130.));
#8024=CARTESIAN_POINT('Ctrl Pts',(49.5503885147942,131.219379477107,-130.));
#8025=CARTESIAN_POINT('Ctrl Pts',(49.4809760376491,131.358260431267,-129.971927210886));
#8026=CARTESIAN_POINT('Ctrl Pts',(49.3423635552437,131.600874060407,-129.866510475136));
#8027=CARTESIAN_POINT('Ctrl Pts',(49.2737216663981,131.706728647317,-129.793271352683));
#8028=CARTESIAN_POINT('Ctrl Pts',(49.2134439157695,131.792893218814,-129.707106781186));
#8029=CARTESIAN_POINT('',(47.9317009064047,131.085786437627,-130.));
#8030=CARTESIAN_POINT('Origin',(50.451344809275,131.085786437627,-129.));
#8031=CARTESIAN_POINT('Origin',(50.451344809275,131.085786437627,-129.));
#8032=CARTESIAN_POINT('Origin',(66.435847130454,142.499947125316,-130.));
#8033=CARTESIAN_POINT('',(79.9192622342485,133.500000000001,-130.));
#8034=CARTESIAN_POINT('Origin',(53.9358471304526,127.499947125317,-129.));
#8035=CARTESIAN_POINT('',(49.8404547192637,130.368354522877,-130.));
#8036=CARTESIAN_POINT('Origin',(53.9358471304526,127.499947125317,-130.));
#8037=CARTESIAN_POINT('',(49.9358471304528,129.500000001546,-129.849343578577));
#8038=CARTESIAN_POINT('Ctrl Pts',(49.9358471304528,129.500000001545,-129.849343578576));
#8039=CARTESIAN_POINT('Ctrl Pts',(49.9358471303729,129.706906870199,-129.906850260432));
#8040=CARTESIAN_POINT('Ctrl Pts',(49.9197551514395,129.919561070562,-129.960927633558));
#8041=CARTESIAN_POINT('Ctrl Pts',(49.8720029231561,130.216611792135,-129.995292793237));
#8042=CARTESIAN_POINT('Ctrl Pts',(49.8569331451084,130.294258304213,-130.));
#8043=CARTESIAN_POINT('Ctrl Pts',(49.8404547192636,130.368354522877,-130.));
#8044=CARTESIAN_POINT('',(49.9358471304526,127.499947125317,-129.));
#8045=CARTESIAN_POINT('Ctrl Pts',(49.9358471304526,127.499947125317,-129.));
#8046=CARTESIAN_POINT('Ctrl Pts',(49.9358471304527,128.110942708554,-129.305497791618));
#8047=CARTESIAN_POINT('Ctrl Pts',(49.9358471304527,128.803034388288,-129.655632369201));
#8048=CARTESIAN_POINT('Ctrl Pts',(49.9358471304528,129.500000001546,-129.849343578577));
#8049=CARTESIAN_POINT('Origin',(53.9358471304526,127.499947125317,-129.));
#8050=CARTESIAN_POINT('Origin',(10.923408458306,131.5,-127.171572875254));
#8051=CARTESIAN_POINT('',(80.2828974060451,132.914213562373,-128.585786437627));
#8052=CARTESIAN_POINT('',(10.923408458306,132.914213562373,-128.585786437627));
#8053=CARTESIAN_POINT('',(79.9192622342485,133.500000000002,-127.171572875254));
#8054=CARTESIAN_POINT('Origin',(81.1607903695508,131.5,-127.171572875254));
#8055=CARTESIAN_POINT('',(45.9358471304528,133.5,-127.171572875254));
#8056=CARTESIAN_POINT('',(10.923408458306,133.5,-127.171572875254));
#8057=CARTESIAN_POINT('',(48.0198686635727,132.914213562373,-128.585786437627));
#8058=CARTESIAN_POINT('Ctrl Pts',(45.9358471304528,133.5,-127.171572875254));
#8059=CARTESIAN_POINT('Ctrl Pts',(46.2979841292918,133.5,-127.427642402852));
#8060=CARTESIAN_POINT('Ctrl Pts',(46.6922108527294,133.448297404238,-127.70678672617));
#8061=CARTESIAN_POINT('Ctrl Pts',(47.4053937117853,133.236022565697,-128.194418440076));
#8062=CARTESIAN_POINT('Ctrl Pts',(47.7272571488923,133.092822394625,-128.407177605375));
#8063=CARTESIAN_POINT('Ctrl Pts',(48.0198686635727,132.914213562373,-128.585786437627));
#8064=CARTESIAN_POINT('',(10.923408458306,132.914213562373,-128.585786437627));
#8065=CARTESIAN_POINT('Origin',(29.4275546823553,132.5,-129.));
#8066=CARTESIAN_POINT('Origin',(45.9358471304528,129.5,-132.));
#8067=CARTESIAN_POINT('Origin',(29.4275546823553,132.5,-129.));
#8068=CARTESIAN_POINT('',(76.6215682853719,138.812314485851,-122.687685514149));
#8069=CARTESIAN_POINT('Origin',(53.9358471304526,127.499947125317,-129.));
#8070=CARTESIAN_POINT('',(55.2158471304522,123.710276954972,-129.));
#8071=CARTESIAN_POINT('Origin',(53.9358471304526,127.499947125317,-129.));
#8072=CARTESIAN_POINT('Ctrl Pts',(58.0580997582108,124.670276954972,-130.));
#8073=CARTESIAN_POINT('Ctrl Pts',(57.0996358921381,124.346545945827,-130.));
#8074=CARTESIAN_POINT('Ctrl Pts',(56.0731232738586,123.999830772121,-129.452427839296));
#8075=CARTESIAN_POINT('Ctrl Pts',(55.2158471304522,123.710276954972,-129.));
#8076=CARTESIAN_POINT('Origin',(53.9358471304526,127.499947125317,-132.));
#8077=CARTESIAN_POINT('',(49.9358471304526,127.499947125317,-126.));
#8078=CARTESIAN_POINT('',(57.9358471304526,127.499947125317,-126.));
#8079=CARTESIAN_POINT('Origin',(53.9358471304526,127.499947125317,-126.));
#8080=CARTESIAN_POINT('Origin',(53.9358471304526,127.499947125317,-126.));
#8081=CARTESIAN_POINT('',(49.9358471304526,127.499947125317,-132.));
#8082=CARTESIAN_POINT('',(49.9358471304526,127.499947125317,-132.));
#8083=CARTESIAN_POINT('',(49.9358471304526,127.499947125317,-132.));
#8084=CARTESIAN_POINT('',(55.2158471304523,123.710276954972,-132.));
#8085=CARTESIAN_POINT('Origin',(53.9358471304526,127.499947125317,-132.));
#8086=CARTESIAN_POINT('',(55.2158471304523,123.710276954972,-132.));
#8087=CARTESIAN_POINT('Origin',(53.9358471304526,127.499947125317,-126.));
#8088=CARTESIAN_POINT('',(56.9358471304526,127.499947125317,-125.));
#8089=CARTESIAN_POINT('Origin',(53.9358471304526,127.499947125317,-125.));
#8090=CARTESIAN_POINT('Origin',(56.9358471304526,127.499947125317,-126.));
#8091=CARTESIAN_POINT('Origin',(53.9358471304526,127.499947125317,-125.));
#8092=CARTESIAN_POINT('Origin',(78.9358471304526,127.499947125315,-126.));
#8093=CARTESIAN_POINT('',(81.9358471304526,127.499947125315,-125.));
#8094=CARTESIAN_POINT('Origin',(78.9358471304526,127.499947125315,-125.));
#8095=CARTESIAN_POINT('Origin',(81.9358471304526,127.499947125315,-126.));
#8096=CARTESIAN_POINT('Origin',(78.9358471304526,127.499947125315,-125.));
#8097=CARTESIAN_POINT('Origin',(78.9358471304554,157.499947125315,-126.));
#8098=CARTESIAN_POINT('',(81.9358471304554,157.499947125315,-125.));
#8099=CARTESIAN_POINT('Origin',(78.9358471304554,157.499947125315,-125.));
#8100=CARTESIAN_POINT('',(82.9358471304554,157.499947125315,-126.));
#8101=CARTESIAN_POINT('Origin',(81.9358471304554,157.499947125315,-126.));
#8102=CARTESIAN_POINT('',(74.9358471304554,157.499947125315,-126.));
#8103=CARTESIAN_POINT('Origin',(78.9358471304554,157.499947125315,-126.));
#8104=CARTESIAN_POINT('Origin',(78.9358471304554,157.499947125315,-126.));
#8105=CARTESIAN_POINT('Origin',(78.9358471304554,157.499947125315,-132.));
#8106=CARTESIAN_POINT('',(74.9358471304554,157.499947125315,-129.));
#8107=CARTESIAN_POINT('',(74.9358471304554,157.499947125315,-132.));
#8108=CARTESIAN_POINT('',(77.850532829305,153.65,-129.));
#8109=CARTESIAN_POINT('Origin',(78.9358471304554,157.499947125315,-129.));
#8110=CARTESIAN_POINT('',(79.9192622342472,153.622719412936,-128.972719412936));
#8111=CARTESIAN_POINT('Origin',(78.9358471304554,157.499947125315,-132.849947125315));
#8112=CARTESIAN_POINT('',(79.9192622342472,153.622719412936,-129.));
#8113=CARTESIAN_POINT('',(79.9192622342472,153.622719412936,-132.));
#8114=CARTESIAN_POINT('',(82.3342687833076,155.390271730989,-129.));
#8115=CARTESIAN_POINT('Origin',(78.9358471304554,157.499947125315,-129.));
#8116=CARTESIAN_POINT('',(82.3342687833076,155.390271730989,-132.));
#8117=CARTESIAN_POINT('',(82.3342687833076,155.390271730989,-132.));
#8118=CARTESIAN_POINT('',(77.6558471304559,161.28961729566,-132.));
#8119=CARTESIAN_POINT('Origin',(78.9358471304554,157.499947125315,-132.));
#8120=CARTESIAN_POINT('',(77.6558471304557,161.28961729566,-129.));
#8121=CARTESIAN_POINT('',(77.6558471304559,161.28961729566,-132.));
#8122=CARTESIAN_POINT('Origin',(78.9358471304554,157.499947125315,-129.));
#8123=CARTESIAN_POINT('Origin',(78.9358471304554,157.499947125315,-125.));
#8124=CARTESIAN_POINT('Origin',(53.9358471304553,157.499947125317,-126.));
#8125=CARTESIAN_POINT('',(56.9358471304553,157.499947125317,-125.));
#8126=CARTESIAN_POINT('Origin',(53.9358471304553,157.499947125317,-125.));
#8127=CARTESIAN_POINT('',(57.9358471304553,157.499947125317,-126.));
#8128=CARTESIAN_POINT('Origin',(56.9358471304553,157.499947125317,-126.));
#8129=CARTESIAN_POINT('',(49.9358471304553,157.499947125317,-126.));
#8130=CARTESIAN_POINT('Origin',(53.9358471304553,157.499947125317,-126.));
#8131=CARTESIAN_POINT('Origin',(53.9358471304553,157.499947125317,-126.));
#8132=CARTESIAN_POINT('Origin',(53.9358471304553,157.499947125317,-132.));
#8133=CARTESIAN_POINT('',(49.9358471304553,157.499947125317,-129.));
#8134=CARTESIAN_POINT('',(49.9358471304553,157.499947125317,-132.));
#8135=CARTESIAN_POINT('',(50.4425665395747,155.551360274962,-129.));
#8136=CARTESIAN_POINT('Origin',(53.9358471304553,157.499947125317,-129.));
#8137=CARTESIAN_POINT('',(57.2877035365326,155.317045699911,-128.707106781187));
#8138=CARTESIAN_POINT('Origin',(53.9358471304553,157.499947125317,-131.435733562944));
#8139=CARTESIAN_POINT('',(57.5943457853502,155.88273112486,-129.));
#8140=CARTESIAN_POINT('Ctrl Pts',(57.2877035365326,155.317045699911,-128.707106781187));
#8141=CARTESIAN_POINT('Ctrl Pts',(57.385194564864,155.466743677128,-128.894229252708));
#8142=CARTESIAN_POINT('Ctrl Pts',(57.5001130522654,155.669555935436,-129.));
#8143=CARTESIAN_POINT('Ctrl Pts',(57.5943457853502,155.88273112486,-129.));
#8144=CARTESIAN_POINT('',(55.2158471304557,161.289617295662,-129.));
#8145=CARTESIAN_POINT('Origin',(53.9358471304553,157.499947125317,-129.));
#8146=CARTESIAN_POINT('',(55.2158471304556,161.289617295662,-132.));
#8147=CARTESIAN_POINT('',(55.2158471304556,161.289617295662,-132.));
#8148=CARTESIAN_POINT('',(49.9358471304553,157.499947125317,-132.));
#8149=CARTESIAN_POINT('Origin',(53.9358471304553,157.499947125317,-132.));
#8150=CARTESIAN_POINT('',(49.9358471304553,157.499947125317,-132.));
#8151=CARTESIAN_POINT('Origin',(53.9358471304553,157.499947125317,-125.));
#8152=CARTESIAN_POINT('Origin',(-1.70476946559462,121.256515107492,-126.));
#8153=CARTESIAN_POINT('',(2.29523053440538,121.256515107492,-125.));
#8154=CARTESIAN_POINT('Origin',(-1.70476946559462,121.256515107492,-125.));
#8155=CARTESIAN_POINT('',(3.29523053440538,121.256515107492,-126.));
#8156=CARTESIAN_POINT('Origin',(2.29523053440538,121.256515107492,-126.));
#8157=CARTESIAN_POINT('',(-6.70476946559462,121.256515107492,-126.));
#8158=CARTESIAN_POINT('Origin',(-1.70476946559462,121.256515107492,-126.));
#8159=CARTESIAN_POINT('Origin',(-1.70476946559462,121.256515107492,-126.));
#8160=CARTESIAN_POINT('Origin',(-1.70476946559462,121.256515107492,-132.));
#8161=CARTESIAN_POINT('',(-6.70476946559462,121.256515107492,-127.));
#8162=CARTESIAN_POINT('',(-6.70476946559462,121.256515107492,-132.));
#8163=CARTESIAN_POINT('',(-1.70476946559462,116.256515107492,-127.));
#8164=CARTESIAN_POINT('Origin',(-1.70476946559462,121.256515107492,-127.));
#8165=CARTESIAN_POINT('',(-1.70476946559469,116.256515107493,-132.));
#8166=CARTESIAN_POINT('',(-1.70476946559469,116.256515107493,-132.));
#8167=CARTESIAN_POINT('',(2.12545275000059,124.470453155924,-132.));
#8168=CARTESIAN_POINT('Origin',(-1.70476946559462,121.256515107492,-132.));
#8169=CARTESIAN_POINT('',(2.12545275000021,124.470453155925,-127.));
#8170=CARTESIAN_POINT('',(2.12545275000059,124.470453155924,-132.));
#8171=CARTESIAN_POINT('Origin',(-1.70476946559462,121.256515107492,-127.));
#8172=CARTESIAN_POINT('Origin',(-1.70476946559462,121.256515107492,-125.));
#8173=CARTESIAN_POINT('Origin',(-87.7952305344147,121.256515107493,-126.2));
#8174=CARTESIAN_POINT('',(-83.7952305344147,121.256515107493,-125.2));
#8175=CARTESIAN_POINT('Origin',(-87.7952305344147,121.256515107493,-125.2));
#8176=CARTESIAN_POINT('',(-82.7952305344147,121.256515107493,-126.2));
#8177=CARTESIAN_POINT('Origin',(-83.7952305344147,121.256515107493,-126.2));
#8178=CARTESIAN_POINT('',(-92.7952305344147,121.256515107493,-126.2));
#8179=CARTESIAN_POINT('Origin',(-87.7952305344147,121.256515107493,-126.2));
#8180=CARTESIAN_POINT('Origin',(-87.7952305344147,121.256515107493,-126.2));
#8181=CARTESIAN_POINT('Origin',(-87.7952305344147,121.256515107493,-132.));
#8182=CARTESIAN_POINT('',(-92.7952305344147,121.256515107493,-132.));
#8183=CARTESIAN_POINT('',(-92.7952305344147,121.256515107493,-132.));
#8184=CARTESIAN_POINT('',(-87.7952305344148,116.256515107493,-132.000000000001));
#8185=CARTESIAN_POINT('Origin',(-87.7952305344147,121.256515107493,-132.));
#8186=CARTESIAN_POINT('',(-87.7952305344147,116.256515107493,-127.000000000001));
#8187=CARTESIAN_POINT('',(-87.7952305344148,116.256515107493,-132.000000000001));
#8188=CARTESIAN_POINT('',(-91.6254527500095,124.470453155926,-127.));
#8189=CARTESIAN_POINT('Origin',(-87.7952305344147,121.256515107493,-127.));
#8190=CARTESIAN_POINT('',(-91.6254527500096,124.470453155926,-132.));
#8191=CARTESIAN_POINT('',(-91.6254527500096,124.470453155926,-132.));
#8192=CARTESIAN_POINT('Origin',(-87.7952305344147,121.256515107493,-132.));
#8193=CARTESIAN_POINT('Origin',(-87.7952305344147,121.256515107493,-125.2));
#8194=CARTESIAN_POINT('Origin',(-87.7952305344141,164.743484892513,-125.999999999999));
#8195=CARTESIAN_POINT('',(-83.7952305344141,164.743484892513,-124.999999999999));
#8196=CARTESIAN_POINT('Origin',(-87.7952305344141,164.743484892513,-124.999999999999));
#8197=CARTESIAN_POINT('',(-82.7952305344141,164.743484892513,-125.999999999999));
#8198=CARTESIAN_POINT('Origin',(-83.7952305344141,164.743484892513,-125.999999999999));
#8199=CARTESIAN_POINT('',(-92.7952305344141,164.743484892513,-125.999999999999));
#8200=CARTESIAN_POINT('Origin',(-87.7952305344141,164.743484892513,-125.999999999999));
#8201=CARTESIAN_POINT('Origin',(-87.7952305344141,164.743484892513,-125.999999999999));
#8202=CARTESIAN_POINT('Origin',(-87.7952305344141,164.743484892513,-131.999999999999));
#8203=CARTESIAN_POINT('',(-92.7952305344141,164.743484892513,-131.999999999999));
#8204=CARTESIAN_POINT('',(-92.7952305344141,164.743484892513,-131.999999999999));
#8205=CARTESIAN_POINT('',(-91.625452750009,161.529546844081,-131.999999999999));
#8206=CARTESIAN_POINT('Origin',(-87.7952305344141,164.743484892513,-131.999999999999));
#8207=CARTESIAN_POINT('',(-91.625452750009,161.52954684408,-126.999999999999));
#8208=CARTESIAN_POINT('',(-91.625452750009,161.529546844081,-131.999999999999));
#8209=CARTESIAN_POINT('',(-87.795230534414,169.743484892513,-126.999999999999));
#8210=CARTESIAN_POINT('Origin',(-87.7952305344141,164.743484892513,-126.999999999999));
#8211=CARTESIAN_POINT('',(-87.795230534414,169.743484892513,-131.999999999999));
#8212=CARTESIAN_POINT('',(-87.795230534414,169.743484892513,-131.999999999999));
#8213=CARTESIAN_POINT('Origin',(-87.7952305344141,164.743484892513,-131.999999999999));
#8214=CARTESIAN_POINT('Origin',(-87.7952305344141,164.743484892513,-124.999999999999));
#8215=CARTESIAN_POINT('Origin',(-1.70476946559397,164.743484892512,-125.999999999999));
#8216=CARTESIAN_POINT('',(2.29523053440603,164.743484892512,-124.999999999999));
#8217=CARTESIAN_POINT('Origin',(-1.70476946559397,164.743484892512,-124.999999999999));
#8218=CARTESIAN_POINT('',(3.29523053440603,164.743484892512,-125.999999999999));
#8219=CARTESIAN_POINT('Origin',(2.29523053440603,164.743484892512,-125.999999999999));
#8220=CARTESIAN_POINT('',(-6.70476946559397,164.743484892512,-125.999999999999));
#8221=CARTESIAN_POINT('Origin',(-1.70476946559397,164.743484892512,-125.999999999999));
#8222=CARTESIAN_POINT('Origin',(-1.70476946559397,164.743484892512,-125.999999999999));
#8223=CARTESIAN_POINT('Origin',(-1.70476946559396,164.743484892512,-131.999999999999));
#8224=CARTESIAN_POINT('',(-6.70476946559397,164.743484892512,-126.999999999999));
#8225=CARTESIAN_POINT('',(-6.70476946559396,164.743484892512,-131.999999999999));
#8226=CARTESIAN_POINT('',(2.12545275000056,161.529546844079,-126.999999999999));
#8227=CARTESIAN_POINT('Origin',(-1.70476946559397,164.743484892512,-126.999999999999));
#8228=CARTESIAN_POINT('',(2.12545275000054,161.529546844079,-131.999999999999));
#8229=CARTESIAN_POINT('',(2.12545275000054,161.529546844079,-131.999999999999));
#8230=CARTESIAN_POINT('',(-1.70476946559396,169.743484892512,-131.999999999999));
#8231=CARTESIAN_POINT('Origin',(-1.70476946559396,164.743484892512,-131.999999999999));
#8232=CARTESIAN_POINT('',(-1.70476946559389,169.743484892512,-126.999999999999));
#8233=CARTESIAN_POINT('',(-1.70476946559396,169.743484892512,-131.999999999999));
#8234=CARTESIAN_POINT('Origin',(-1.70476946559397,164.743484892512,-126.999999999999));
#8235=CARTESIAN_POINT('Origin',(-1.70476946559397,164.743484892512,-124.999999999999));
#8236=CARTESIAN_POINT('Origin',(-20.7417075519065,151.65,-129.650000000003));
#8237=CARTESIAN_POINT('',(38.0684080832155,151.65,-130.650000000003));
#8238=CARTESIAN_POINT('Ctrl Pts',(38.0684080832155,151.65,-130.650000000003));
#8239=CARTESIAN_POINT('Ctrl Pts',(37.9581320787911,151.760848317076,-130.650000000003));
#8240=CARTESIAN_POINT('Ctrl Pts',(37.8444064226049,151.887245275563,-130.630533605872));
#8241=CARTESIAN_POINT('Ctrl Pts',(37.6433911765304,152.135564254909,-130.534284450315));
#8242=CARTESIAN_POINT('Ctrl Pts',(37.5559484898131,152.257180401599,-130.457033160777));
#8243=CARTESIAN_POINT('Ctrl Pts',(37.4331134831386,152.440614657211,-130.273598905165));
#8244=CARTESIAN_POINT('Ctrl Pts',(37.3855201420248,152.517902792823,-130.164468450405));
#8245=CARTESIAN_POINT('Ctrl Pts',(37.3231423153028,152.622685308271,-129.917986303637));
#8246=CARTESIAN_POINT('Ctrl Pts',(37.307923743783,152.65,-129.780668304241));
#8247=CARTESIAN_POINT('Ctrl Pts',(37.307923743783,152.65,-129.650000000003));
#8248=CARTESIAN_POINT('',(44.8032861776901,151.65,-130.650000000003));
#8249=CARTESIAN_POINT('Ctrl Pts',(45.5637705171226,152.65,-129.650000000003));
#8250=CARTESIAN_POINT('Ctrl Pts',(45.5637705171226,152.65,-129.780668304241));
#8251=CARTESIAN_POINT('Ctrl Pts',(45.5485519456028,152.622685308271,-129.917986303637));
#8252=CARTESIAN_POINT('Ctrl Pts',(45.4861741188808,152.517902792823,-130.164468450405));
#8253=CARTESIAN_POINT('Ctrl Pts',(45.4385807777669,152.440614657211,-130.273598905165));
#8254=CARTESIAN_POINT('Ctrl Pts',(45.3157457710924,152.257180401599,-130.457033160777));
#8255=CARTESIAN_POINT('Ctrl Pts',(45.2283030843751,152.135564254909,-130.534284450315));
#8256=CARTESIAN_POINT('Ctrl Pts',(45.0272878383007,151.887245275563,-130.630533605872));
#8257=CARTESIAN_POINT('Ctrl Pts',(44.9135621821145,151.760848317076,-130.650000000003));
#8258=CARTESIAN_POINT('Ctrl Pts',(44.8032861776901,151.65,-130.650000000003));
#8259=CARTESIAN_POINT('',(-20.7417075519065,151.65,-130.650000000003));
#8260=CARTESIAN_POINT('Origin',(41.435847130453,150.875026437338,-130.650000000003));
#8261=CARTESIAN_POINT('Origin',(41.4358471304528,155.000052874679,-130.650000000003));
#8262=CARTESIAN_POINT('Origin',(16.9275546823546,134.5,-129.650000000003));
#8263=CARTESIAN_POINT('',(44.6470976461288,133.5,-129.650000000003));
#8264=CARTESIAN_POINT('',(42.9563812882622,134.5,-130.650000000003));
#8265=CARTESIAN_POINT('Ctrl Pts',(42.9563812882622,134.5,-130.650000000003));
#8266=CARTESIAN_POINT('Ctrl Pts',(43.4072248963456,134.347663321963,-130.650000000003));
#8267=CARTESIAN_POINT('Ctrl Pts',(43.824230810164,134.12687559615,-130.62590059628));
#8268=CARTESIAN_POINT('Ctrl Pts',(44.2386925293263,133.835915216824,-130.400510944211));
#8269=CARTESIAN_POINT('Ctrl Pts',(44.3144196695275,133.77930123812,-130.348194740893));
#8270=CARTESIAN_POINT('Ctrl Pts',(44.4475420793078,133.674098826604,-130.219885950632));
#8271=CARTESIAN_POINT('Ctrl Pts',(44.5048783934626,133.625782779339,-130.143609171967));
#8272=CARTESIAN_POINT('Ctrl Pts',(44.5771841513117,133.563102524608,-130.005234382991));
#8273=CARTESIAN_POINT('Ctrl Pts',(44.6036258874945,133.539471580214,-129.937622972825));
#8274=CARTESIAN_POINT('Ctrl Pts',(44.6385976137233,133.507858884984,-129.794906434109));
#8275=CARTESIAN_POINT('Ctrl Pts',(44.6470976461288,133.5,-129.719766779112));
#8276=CARTESIAN_POINT('Ctrl Pts',(44.6470976461288,133.5,-129.650000000003));
#8277=CARTESIAN_POINT('',(38.2245966147768,133.5,-129.650000000003));
#8278=CARTESIAN_POINT('',(16.9275546823546,133.5,-129.650000000003));
#8279=CARTESIAN_POINT('',(39.9153129726434,134.5,-130.650000000003));
#8280=CARTESIAN_POINT('Ctrl Pts',(38.2245966147768,133.5,-129.650000000003));
#8281=CARTESIAN_POINT('Ctrl Pts',(38.2245966147768,133.5,-129.719766779112));
#8282=CARTESIAN_POINT('Ctrl Pts',(38.2330966471823,133.507858884984,-129.794906434109));
#8283=CARTESIAN_POINT('Ctrl Pts',(38.2680683734111,133.539471580214,-129.937622972825));
#8284=CARTESIAN_POINT('Ctrl Pts',(38.2945101095939,133.563102524608,-130.005234382991));
#8285=CARTESIAN_POINT('Ctrl Pts',(38.366815867443,133.625782779339,-130.143609171967));
#8286=CARTESIAN_POINT('Ctrl Pts',(38.4241521815978,133.674098826604,-130.219885950632));
#8287=CARTESIAN_POINT('Ctrl Pts',(38.5572745913781,133.77930123812,-130.348194740893));
#8288=CARTESIAN_POINT('Ctrl Pts',(38.6330017315793,133.835915216824,-130.400510944211));
#8289=CARTESIAN_POINT('Ctrl Pts',(39.0474634507416,134.12687559615,-130.62590059628));
#8290=CARTESIAN_POINT('Ctrl Pts',(39.46446936456,134.347663321963,-130.650000000003));
#8291=CARTESIAN_POINT('Ctrl Pts',(39.9153129726434,134.5,-130.650000000003));
#8292=CARTESIAN_POINT('',(16.9275546823546,134.5,-130.650000000003));
#8293=CARTESIAN_POINT('Origin',(41.4358471304526,134.124973562657,-130.650000000003));
#8294=CARTESIAN_POINT('Origin',(41.4358471304528,129.999947125318,-130.650000000003));
#8295=CARTESIAN_POINT('Origin',(66.4358471304558,161.721950434523,-132.));
#8296=CARTESIAN_POINT('',(65.1558471304554,157.932280264179,-132.));
#8297=CARTESIAN_POINT('',(67.7158471304554,157.932280264179,-132.));
#8298=CARTESIAN_POINT('Origin',(66.4358471304558,161.721950434523,-131.999999999999));
#8299=CARTESIAN_POINT('',(65.1558471304554,157.932280264179,-130.));
#8300=CARTESIAN_POINT('',(65.1558471304554,157.932280264179,-132.));
#8301=CARTESIAN_POINT('',(67.7158471304554,157.932280264179,-130.));
#8302=CARTESIAN_POINT('Origin',(66.4358471304558,161.721950434523,-130.));
#8303=CARTESIAN_POINT('',(67.7158471304554,157.932280264179,-132.));
#8304=CARTESIAN_POINT('Origin',(66.4358471304554,157.499947125316,-132.));
#8305=CARTESIAN_POINT('',(74.8135945026972,160.32961729566,-130.));
#8306=CARTESIAN_POINT('',(66.4358471304554,157.499947125316,-130.));
#8307=CARTESIAN_POINT('Ctrl Pts',(74.8135945026972,160.32961729566,-130.));
#8308=CARTESIAN_POINT('Ctrl Pts',(75.7720583687699,160.653348304805,-130.));
#8309=CARTESIAN_POINT('Ctrl Pts',(76.7985709870494,161.00006347851,-129.452427839296));
#8310=CARTESIAN_POINT('Ctrl Pts',(77.6558471304557,161.28961729566,-129.));
#8311=CARTESIAN_POINT('',(66.4358471304554,157.499947125316,-132.));
#8312=CARTESIAN_POINT('Origin',(66.4358471304522,123.277943816108,-132.));
#8313=CARTESIAN_POINT('',(67.7158471304526,127.067613986453,-132.));
#8314=CARTESIAN_POINT('',(65.1558471304526,127.067613986453,-132.));
#8315=CARTESIAN_POINT('Origin',(66.4358471304522,123.277943816108,-131.999999999999));
#8316=CARTESIAN_POINT('',(67.7158471304526,127.067613986453,-132.));
#8317=CARTESIAN_POINT('',(65.1558471304526,127.067613986453,-132.));
#8318=CARTESIAN_POINT('Origin',(66.4358471304526,127.499947125316,-132.));
#8319=CARTESIAN_POINT('',(66.4358471304526,127.499947125316,-132.));
#8320=CARTESIAN_POINT('Origin',(78.9358471304554,157.499947125315,-129.));
#8321=CARTESIAN_POINT('',(79.9192622342472,153.484646302738,-129.5));
#8322=CARTESIAN_POINT('Ctrl Pts',(79.9192622342472,153.622719412936,-129.));
#8323=CARTESIAN_POINT('Ctrl Pts',(79.9192622342472,153.622719412936,-129.122337056127));
#8324=CARTESIAN_POINT('Ctrl Pts',(79.9192622342472,153.593396410214,-129.266183200135));
#8325=CARTESIAN_POINT('Ctrl Pts',(79.9192622342472,153.529056518651,-129.418683703353));
#8326=CARTESIAN_POINT('Ctrl Pts',(79.9192622342472,153.508511141533,-129.459851491439));
#8327=CARTESIAN_POINT('Ctrl Pts',(79.9192622342472,153.484646302738,-129.5));
#8328=CARTESIAN_POINT('',(80.4192622342473,152.725067060869,-130.));
#8329=CARTESIAN_POINT('Ctrl Pts',(80.4192622342472,152.725067060869,-130.));
#8330=CARTESIAN_POINT('Ctrl Pts',(80.418209976436,152.726298432365,-130.));
#8331=CARTESIAN_POINT('Ctrl Pts',(80.4171577815922,152.727529858672,-129.999996678261));
#8332=CARTESIAN_POINT('Ctrl Pts',(80.3196098801006,152.841707141129,-129.99938083266));
#8333=CARTESIAN_POINT('Ctrl Pts',(80.2233502535743,152.955506378144,-129.970836387219));
#8334=CARTESIAN_POINT('Ctrl Pts',(80.078383329707,153.145126595434,-129.87327777874));
#8335=CARTESIAN_POINT('Ctrl Pts',(80.0234726732051,153.223448563737,-129.816354118334));
#8336=CARTESIAN_POINT('Ctrl Pts',(79.9521556458683,153.351768847634,-129.689362658957));
#8337=CARTESIAN_POINT('Ctrl Pts',(79.9301379165307,153.403672551237,-129.62549806812));
#8338=CARTESIAN_POINT('Ctrl Pts',(79.9203047785192,153.46202670555,-129.537095009787));
#8339=CARTESIAN_POINT('Ctrl Pts',(79.9192622342472,153.473562728942,-129.518646216773));
#8340=CARTESIAN_POINT('Ctrl Pts',(79.9192622342472,153.484646302738,-129.5));
#8341=CARTESIAN_POINT('',(80.7520122375629,152.841455491349,-130.));
#8342=CARTESIAN_POINT('Origin',(78.9358471304554,157.499947125315,-130.));
#8343=CARTESIAN_POINT('Ctrl Pts',(82.3342687833076,155.390271730989,-129.));
#8344=CARTESIAN_POINT('Ctrl Pts',(82.0816290526348,154.983300908179,-129.239505784968));
#8345=CARTESIAN_POINT('Ctrl Pts',(81.7777892872442,154.493853270653,-129.524349880088));
#8346=CARTESIAN_POINT('Ctrl Pts',(81.282092666055,153.695348374959,-129.865556871542));
#8347=CARTESIAN_POINT('Ctrl Pts',(80.9969046683376,153.235946388671,-130.));
#8348=CARTESIAN_POINT('Ctrl Pts',(80.7520122375629,152.841455491349,-130.));
#8349=CARTESIAN_POINT('Origin',(83.9192622342474,150.359391641454,-129.25));
#8350=CARTESIAN_POINT('',(80.5208405813952,152.46906703578,-130.));
#8351=CARTESIAN_POINT('',(80.5208405813952,152.46906703578,-132.));
#8352=CARTESIAN_POINT('',(80.5208405813952,152.46906703578,-129.25));
#8353=CARTESIAN_POINT('',(80.4192622342473,152.295883314557,-130.));
#8354=CARTESIAN_POINT('Origin',(83.9192622342474,150.359391641454,-130.));
#8355=CARTESIAN_POINT('',(79.9192622342474,150.359391641454,-129.5));
#8356=CARTESIAN_POINT('Ctrl Pts',(79.9192622342474,150.359391641454,-129.5));
#8357=CARTESIAN_POINT('Ctrl Pts',(79.9192622342474,150.362343334209,-129.501043580982));
#8358=CARTESIAN_POINT('Ctrl Pts',(79.9192655014312,150.365295028592,-129.502087162535));
#8359=CARTESIAN_POINT('Ctrl Pts',(79.9202633591388,150.816044439528,-129.661449095062));
#8360=CARTESIAN_POINT('Ctrl Pts',(79.9962004836105,151.239944908812,-129.810553447633));
#8361=CARTESIAN_POINT('Ctrl Pts',(80.2104383889019,151.881612932926,-129.966385988952));
#8362=CARTESIAN_POINT('Ctrl Pts',(80.3134692338629,152.104673867861,-130.));
#8363=CARTESIAN_POINT('Ctrl Pts',(80.4192622342473,152.295883314557,-130.));
#8364=CARTESIAN_POINT('',(79.9192622342474,150.359391641454,-131.999999999999));
#8365=CARTESIAN_POINT('',(79.9192622342474,150.359391641454,-129.25));
#8366=CARTESIAN_POINT('Origin',(83.9192622342474,150.359391641454,-131.999999999999));
#8367=CARTESIAN_POINT('Origin',(80.4192622342479,142.49997356266,-129.5));
#8368=CARTESIAN_POINT('',(80.4192622342479,142.49997356266,-130.));
#8369=CARTESIAN_POINT('',(79.9192622342479,142.49997356266,-129.5));
#8370=CARTESIAN_POINT('Origin',(79.9192622342479,142.500000000003,-126.5));
#8371=CARTESIAN_POINT('',(79.9192622342484,134.850000000005,-125.1));
#8372=CARTESIAN_POINT('',(79.9192622342484,134.850000000005,-125.1));
#8373=CARTESIAN_POINT('',(79.9192622342484,134.850000000005,-121.));
#8374=CARTESIAN_POINT('',(79.9192622342484,134.850000000005,-121.));
#8375=CARTESIAN_POINT('',(79.9192622342485,133.500000000003,-121.));
#8376=CARTESIAN_POINT('',(79.9192622342485,133.500000000003,-121.));
#8377=CARTESIAN_POINT('',(79.9192622342485,133.500000000001,-131.999999999998));
#8378=CARTESIAN_POINT('',(79.9192622342485,133.500000000001,-131.999999999998));
#8379=CARTESIAN_POINT('',(79.9192622342485,133.500000000001,-131.999999999998));
#8380=CARTESIAN_POINT('',(79.9192622342474,151.500000000002,-131.999999999999));
#8381=CARTESIAN_POINT('',(79.9192622342472,153.235786437627,-128.585786437627));
#8382=CARTESIAN_POINT('',(79.9192622342474,150.237500000002,-125.587500000002));
#8383=CARTESIAN_POINT('Origin',(79.9192622342479,154.65,-127.171572875254));
#8384=CARTESIAN_POINT('Origin',(-86.919262234266,149.698032082069,-131.999999999999));
#8385=CARTESIAN_POINT('',(-83.85508446179,152.269182520815,-128.999999999999));
#8386=CARTESIAN_POINT('',(-82.919262234266,149.698032082069,-128.999999999999));
#8387=CARTESIAN_POINT('Origin',(-86.919262234266,149.698032082069,-128.999999999999));
#8388=CARTESIAN_POINT('',(-83.85508446179,152.269182520815,-131.999999999999));
#8389=CARTESIAN_POINT('',(-83.85508446179,152.269182520815,-131.999999999999));
#8390=CARTESIAN_POINT('',(-82.919262234266,149.698032082069,-131.999999999999));
#8391=CARTESIAN_POINT('Origin',(-86.919262234266,149.698032082069,-131.999999999999));
#8392=CARTESIAN_POINT('',(-82.919262234266,149.698032082069,-131.999999999999));
#8393=CARTESIAN_POINT('Origin',(-82.9192622342659,134.846086980872,-132.));
#8394=CARTESIAN_POINT('',(-82.9192622342659,136.301967917937,-132.));
#8395=CARTESIAN_POINT('',(-82.9192622342659,134.846086980872,-132.));
#8396=CARTESIAN_POINT('',(-82.9192622342659,136.301967917937,-129.));
#8397=CARTESIAN_POINT('',(-82.9192622342659,136.301967917937,-132.));
#8398=CARTESIAN_POINT('',(-82.9192622342659,129.5,-129.));
#8399=CARTESIAN_POINT('',(-82.919262234266,138.250000000001,-129.));
#8400=CARTESIAN_POINT('',(-82.919262234266,133.5,-125.));
#8401=CARTESIAN_POINT('Origin',(-82.9192622342659,129.5,-125.));
#8402=CARTESIAN_POINT('',(-82.919262234266,133.5,-121.));
#8403=CARTESIAN_POINT('',(-82.919262234266,133.5,-125.1));
#8404=CARTESIAN_POINT('',(-82.919262234266,134.407465546447,-121.));
#8405=CARTESIAN_POINT('',(-82.919262234266,138.,-121.));
#8406=CARTESIAN_POINT('',(-82.919262234266,134.407465546447,-125.1));
#8407=CARTESIAN_POINT('',(-82.919262234266,134.407465546447,-125.1));
#8408=CARTESIAN_POINT('',(-82.919262234266,138.,-125.1));
#8409=CARTESIAN_POINT('',(-82.9192622342659,142.498043490436,-123.041188700178));
#8410=CARTESIAN_POINT('',(-82.919262234266,138.250000000001,-129.));
#8411=CARTESIAN_POINT('Origin',(-86.9192622342659,136.301967917937,-132.));
#8412=CARTESIAN_POINT('',(-83.8550844617901,133.730817479191,-129.));
#8413=CARTESIAN_POINT('Origin',(-86.9192622342659,136.301967917937,-129.));
#8414=CARTESIAN_POINT('',(-83.8550844617901,133.730817479191,-132.));
#8415=CARTESIAN_POINT('Origin',(-86.9192622342659,136.301967917937,-132.));
#8416=CARTESIAN_POINT('',(-83.8550844617901,133.730817479191,-132.));
#8417=CARTESIAN_POINT('Origin',(-91.6254527500096,124.470453155926,-132.));
#8418=CARTESIAN_POINT('',(-91.6254527500096,124.470453155926,-132.));
#8419=CARTESIAN_POINT('',(-88.4764494365788,128.223289167798,-129.));
#8420=CARTESIAN_POINT('Ctrl Pts',(-91.6254527500095,124.470453155926,-127.));
#8421=CARTESIAN_POINT('Ctrl Pts',(-91.0538771049307,125.151630484388,-127.562388218532));
#8422=CARTESIAN_POINT('Ctrl Pts',(-90.3647125663641,125.972944799113,-128.229133145216));
#8423=CARTESIAN_POINT('Ctrl Pts',(-89.5431069116666,126.952096289795,-128.713826835095));
#8424=CARTESIAN_POINT('Ctrl Pts',(-89.3309532854305,127.204931136043,-128.817821617464));
#8425=CARTESIAN_POINT('Ctrl Pts',(-88.8988811671069,127.719854635315,-128.961335383623));
#8426=CARTESIAN_POINT('Ctrl Pts',(-88.6788456063375,127.982082805361,-129.));
#8427=CARTESIAN_POINT('Ctrl Pts',(-88.4764494365789,128.223289167798,-129.));
#8428=CARTESIAN_POINT('',(-91.6254527500096,124.470453155926,-129.));
#8429=CARTESIAN_POINT('Origin',(-86.9192622342659,142.498043490436,-123.041188700178));
#8430=CARTESIAN_POINT('',(-84.5720870156785,142.498043490436,-119.80224311662));
#8431=CARTESIAN_POINT('Origin',(3.2526559501506,156.65,-130.500000000002));
#8432=CARTESIAN_POINT('',(0.188478177674017,159.221150438745,-128.627704419684));
#8433=CARTESIAN_POINT('',(-0.567314719720848,157.836517627902,-128.999999999999));
#8434=CARTESIAN_POINT('Ctrl Pts',(-0.567314719720878,157.836517627902,-128.999999999999));
#8435=CARTESIAN_POINT('Ctrl Pts',(-0.481812515345746,158.111790329497,-129.000000000858));
#8436=CARTESIAN_POINT('Ctrl Pts',(-0.361305148487031,158.398942048167,-128.949497816531));
#8437=CARTESIAN_POINT('Ctrl Pts',(-0.0700482291497356,158.888232139932,
-128.782616820418));
#8438=CARTESIAN_POINT('Ctrl Pts',(0.0556232112349307,159.062820055198,-128.703876825959));
#8439=CARTESIAN_POINT('Ctrl Pts',(0.188478177673887,159.221150438745,-128.627704419683));
#8440=CARTESIAN_POINT('Origin',(3.25265595015063,156.65,-129.));
#8441=CARTESIAN_POINT('',(0.188478177674957,159.221150438747,-131.999999999999));
#8442=CARTESIAN_POINT('Origin',(3.25265595015057,156.65,-132.));
#8443=CARTESIAN_POINT('',(0.188478177674982,159.221150438747,-130.500000000002));
#8444=CARTESIAN_POINT('Origin',(2.12545275000054,161.529546844079,-131.999999999999));
#8445=CARTESIAN_POINT('',(2.12545275000054,161.529546844079,-131.999999999999));
#8446=CARTESIAN_POINT('Ctrl Pts',(2.12545275000057,161.529546844079,-126.999999999999));
#8447=CARTESIAN_POINT('Ctrl Pts',(1.55387710492163,160.848369515617,-127.562388218531));
#8448=CARTESIAN_POINT('Ctrl Pts',(0.864712566354957,160.027055200892,-128.229133145215));
#8449=CARTESIAN_POINT('Ctrl Pts',(0.217858898906545,159.256165018827,-128.610734572974));
#8450=CARTESIAN_POINT('Ctrl Pts',(0.203231071876165,159.238732253412,-128.619245846541));
#8451=CARTESIAN_POINT('Ctrl Pts',(0.188478177673891,159.221150438745,-128.627704419683));
#8452=CARTESIAN_POINT('Origin',(3.1267910054767,129.5,-130.500000000001));
#8453=CARTESIAN_POINT('',(0.0626132329496917,126.928849561315,-128.696805731184));
#8454=CARTESIAN_POINT('',(-0.647823104845967,128.176259724057,-129.));
#8455=CARTESIAN_POINT('Ctrl Pts',(0.0626132329444806,126.928849561321,-128.69680573116));
#8456=CARTESIAN_POINT('Ctrl Pts',(-0.0967463068054006,127.118766865341,
-128.780360045359));
#8457=CARTESIAN_POINT('Ctrl Pts',(-0.244081814865192,127.330126082583,-128.863609639419));
#8458=CARTESIAN_POINT('Ctrl Pts',(-0.491618507628021,127.777519644921,-128.975058069908));
#8459=CARTESIAN_POINT('Ctrl Pts',(-0.57977325455225,127.982217184299,-129.000000007573));
#8460=CARTESIAN_POINT('Ctrl Pts',(-0.64782310484596,128.176259724057,-129.));
#8461=CARTESIAN_POINT('',(0.0626132330008685,126.928849561254,-132.));
#8462=CARTESIAN_POINT('',(0.0626132330008357,126.928849561254,-130.500000000001));
#8463=CARTESIAN_POINT('',(3.12679100547673,133.499999999997,-131.999999999998));
#8464=CARTESIAN_POINT('Origin',(3.12679100547673,129.5,-131.999999999999));
#8465=CARTESIAN_POINT('',(3.12679100547658,133.5,-125.));
#8466=CARTESIAN_POINT('',(3.1267910054767,133.5,-130.500000000001));
#8467=CARTESIAN_POINT('',(-0.873208994523333,129.5,-128.999999999999));
#8468=CARTESIAN_POINT('Origin',(3.12679100547658,129.5,-125.));
#8469=CARTESIAN_POINT('Origin',(3.12679100547667,129.5,-128.999999999999));
#8470=CARTESIAN_POINT('Origin',(-6.58073776574281,134.846086980871,-132.));
#8471=CARTESIAN_POINT('Ctrl Pts',(0.0626132329444765,126.928849561321,-128.69680573116));
#8472=CARTESIAN_POINT('Ctrl Pts',(0.120805024645117,126.859499284502,-128.666295005195));
#8473=CARTESIAN_POINT('Ctrl Pts',(0.177532673630537,126.791893905025,-128.634524412804));
#8474=CARTESIAN_POINT('Ctrl Pts',(0.864712566354717,125.972944799112,-128.229133145216));
#8475=CARTESIAN_POINT('Ctrl Pts',(1.55387710492132,125.151630484387,-127.562388218532));
#8476=CARTESIAN_POINT('Ctrl Pts',(2.12545275000021,124.470453155925,-127.));
#8477=CARTESIAN_POINT('',(2.12545275000059,124.470453155924,-132.));
#8478=CARTESIAN_POINT('Origin',(-7.58073776574328,133.5,-129.000000000003));
#8479=CARTESIAN_POINT('',(38.2245966147719,133.499999999996,-132.000000000003));
#8480=CARTESIAN_POINT('',(38.2245966147768,133.5,-132.000000000003));
#8481=CARTESIAN_POINT('',(44.6470976461333,133.499999999996,-132.000000000003));
#8482=CARTESIAN_POINT('',(44.6470976461288,133.5,-132.000000000003));
#8483=CARTESIAN_POINT('',(45.9358471304528,133.499999999999,-131.999999999998));
#8484=CARTESIAN_POINT('',(-7.58073776575154,133.499999999996,-131.999999999998));
#8485=CARTESIAN_POINT('',(45.9358471304528,133.5,-130.500000000002));
#8486=CARTESIAN_POINT('',(-26.415368882874,133.5,-121.));
#8487=CARTESIAN_POINT('',(-26.1653688828738,133.5,-125.));
#8488=CARTESIAN_POINT('',(-7.58073776575154,133.499999999996,-131.999999999998));
#8489=CARTESIAN_POINT('Origin',(-26.1653688828738,129.5,-125.));
#8490=CARTESIAN_POINT('',(-26.1653688828738,129.5,-129.));
#8491=CARTESIAN_POINT('Ctrl Pts',(57.5943457853502,155.88273112486,-129.));
#8492=CARTESIAN_POINT('Ctrl Pts',(57.5001130522654,155.669555935436,-129.));
#8493=CARTESIAN_POINT('Ctrl Pts',(57.385194564864,155.466743677128,-128.894229252708));
#8494=CARTESIAN_POINT('Ctrl Pts',(57.2877035365326,155.317045699911,-128.707106781187));
#8495=CARTESIAN_POINT('Ctrl Pts',(57.5943457853502,155.88273112486,-129.149599650171));
#8496=CARTESIAN_POINT('Ctrl Pts',(57.4853358898299,155.636218312042,-129.159876518015));
#8497=CARTESIAN_POINT('Ctrl Pts',(57.3480626178284,155.39974053729,-129.057265062228));
#8498=CARTESIAN_POINT('Ctrl Pts',(57.2220431359855,155.216223815955,-128.850690097789));
#8499=CARTESIAN_POINT('Ctrl Pts',(57.6569589049278,155.85505339463,-129.448299172374));
#8500=CARTESIAN_POINT('Ctrl Pts',(57.525625624851,155.534392427554,-129.479012078026));
#8501=CARTESIAN_POINT('Ctrl Pts',(57.3540356919866,155.219877242291,-129.382371806355));
#8502=CARTESIAN_POINT('Ctrl Pts',(57.1818462473712,154.956245261506,-129.136846935202));
#8503=CARTESIAN_POINT('Ctrl Pts',(57.9629678060908,155.719784111264,-129.868761642255));
#8504=CARTESIAN_POINT('Ctrl Pts',(57.8221125453894,155.270045922936,-129.914379249651));
#8505=CARTESIAN_POINT('Ctrl Pts',(57.6375447194224,154.819223604847,-129.799858671105));
#8506=CARTESIAN_POINT('Ctrl Pts',(57.4489665353166,154.433224820203,-129.485904895221));
#8507=CARTESIAN_POINT('Ctrl Pts',(58.3037291544777,155.569152730216,-130.));
#8508=CARTESIAN_POINT('Ctrl Pts',(58.1770704212308,155.054148004589,-130.0245115604));
#8509=CARTESIAN_POINT('Ctrl Pts',(58.0181363091153,154.550196286664,-129.854980890008));
#8510=CARTESIAN_POINT('Ctrl Pts',(57.8704353278323,154.147323771507,-129.497323771507));
#8511=CARTESIAN_POINT('Ctrl Pts',(58.5089704490739,155.478427124746,-130.));
#8512=CARTESIAN_POINT('Ctrl Pts',(58.3911795327196,154.945489151189,-130.));
#8513=CARTESIAN_POINT('Ctrl Pts',(58.2475314234656,154.438458505415,-129.788458505415));
#8514=CARTESIAN_POINT('Ctrl Pts',(58.125667638052,154.064213562373,-129.414213562373));
#8515=CARTESIAN_POINT('',(58.1256676380519,154.064213562373,-129.414213562373));
#8516=CARTESIAN_POINT('Origin',(58.1256676380519,154.77132034356,-128.707106781187));
#8517=CARTESIAN_POINT('',(58.5089704490739,155.478427124746,-130.));
#8518=CARTESIAN_POINT('Ctrl Pts',(58.5089704490739,155.478427124746,-130.));
#8519=CARTESIAN_POINT('Ctrl Pts',(58.3911795327196,154.945489151189,-130.));
#8520=CARTESIAN_POINT('Ctrl Pts',(58.2475314234656,154.438458505415,-129.788458505415));
#8521=CARTESIAN_POINT('Ctrl Pts',(58.125667638052,154.064213562373,-129.414213562373));
#8522=CARTESIAN_POINT('Origin',(58.5089704490739,155.478427124746,-129.));
#8523=CARTESIAN_POINT('Origin',(53.9358471304553,157.499947125317,-129.));
#8524=CARTESIAN_POINT('',(58.0580997582141,160.329617295661,-130.));
#8525=CARTESIAN_POINT('Ctrl Pts',(55.2158471304557,161.289617295662,-129.));
#8526=CARTESIAN_POINT('Ctrl Pts',(56.073123273862,161.000063478512,-129.452427839296));
#8527=CARTESIAN_POINT('Ctrl Pts',(57.0996358921414,160.653348304807,-130.));
#8528=CARTESIAN_POINT('Ctrl Pts',(58.0580997582141,160.329617295661,-130.));
#8529=CARTESIAN_POINT('Origin',(53.9358471304553,157.499947125317,-130.));
#8530=CARTESIAN_POINT('Origin',(29.097069789274,155.478427124746,-128.));
#8531=CARTESIAN_POINT('',(76.7172068265803,154.064213562373,-129.414213562373));
#8532=CARTESIAN_POINT('',(29.097069789274,154.064213562373,-129.414213562373));
#8533=CARTESIAN_POINT('',(74.3627238118362,155.478427124746,-130.));
#8534=CARTESIAN_POINT('Ctrl Pts',(74.362723811836,155.478427124746,-130.));
#8535=CARTESIAN_POINT('Ctrl Pts',(74.3651138586506,155.476460259028,-130.));
#8536=CARTESIAN_POINT('Ctrl Pts',(74.3675049205312,155.474494622,-129.99999709858));
#8537=CARTESIAN_POINT('Ctrl Pts',(74.6997873775638,155.201619148855,-129.999192534847));
#8538=CARTESIAN_POINT('Ctrl Pts',(75.0516840354154,154.952151938643,-129.943961140773));
#8539=CARTESIAN_POINT('Ctrl Pts',(75.7780335679132,154.506436883987,-129.764846447208));
#8540=CARTESIAN_POINT('Ctrl Pts',(76.1602033027342,154.308072231987,-129.637393764219));
#8541=CARTESIAN_POINT('Ctrl Pts',(76.6000810133577,154.11388899648,-129.462642344825));
#8542=CARTESIAN_POINT('Ctrl Pts',(76.6593373599182,154.088452239954,-129.438452239954));
#8543=CARTESIAN_POINT('Ctrl Pts',(76.7172068265737,154.064213562376,-129.414213562376));
#8544=CARTESIAN_POINT('',(29.097069789274,155.478427124746,-130.));
#8545=CARTESIAN_POINT('Ctrl Pts',(57.2877035365326,155.317045699911,-128.707106781187));
#8546=CARTESIAN_POINT('Ctrl Pts',(57.0671857077843,154.978439435633,-128.283848950839));
#8547=CARTESIAN_POINT('Ctrl Pts',(56.5227709802947,154.369152141688,-127.522239833407));
#8548=CARTESIAN_POINT('Ctrl Pts',(55.3824673427842,153.685774218559,-126.668017429496));
#8549=CARTESIAN_POINT('Ctrl Pts',(54.1731179297637,153.444438467206,-126.366347740305));
#8550=CARTESIAN_POINT('Ctrl Pts',(52.5537205093513,153.612895654764,-126.576919224753));
#8551=CARTESIAN_POINT('Ctrl Pts',(51.180016301665,154.401539419753,-127.562723930989));
#8552=CARTESIAN_POINT('Ctrl Pts',(50.4949858143079,155.420582867174,-128.836528240265));
#8553=CARTESIAN_POINT('Ctrl Pts',(50.3218091441963,155.785674850013,-129.292893218814));
#8554=CARTESIAN_POINT('Ctrl Pts',(57.2220431359854,155.216223815955,-128.850690097789));
#8555=CARTESIAN_POINT('Ctrl Pts',(56.9917020466942,154.884890597508,-128.436039424676));
#8556=CARTESIAN_POINT('Ctrl Pts',(56.4325363347902,154.297033853775,-127.693930554045));
#8557=CARTESIAN_POINT('Ctrl Pts',(55.3043397933759,153.663042650489,-126.875882333598));
#8558=CARTESIAN_POINT('Ctrl Pts',(54.1585117810257,153.45201432051,-126.595597464748));
#8559=CARTESIAN_POINT('Ctrl Pts',(52.6340456055266,153.598431929336,-126.790479891577));
#8560=CARTESIAN_POINT('Ctrl Pts',(51.2762687074559,154.319136349453,-127.728262010607));
#8561=CARTESIAN_POINT('Ctrl Pts',(50.5578549324989,155.316411277648,-128.976911617864));
#8562=CARTESIAN_POINT('Ctrl Pts',(50.373215752503,155.677299163232,-129.425652966781));
#8563=CARTESIAN_POINT('Ctrl Pts',(57.1814854380645,154.955656161087,-129.137671013214));
#8564=CARTESIAN_POINT('Ctrl Pts',(56.9317204234269,154.625516559949,-128.740296262237));
#8565=CARTESIAN_POINT('Ctrl Pts',(56.3382664932534,154.052002063604,-128.037202904585));
#8566=CARTESIAN_POINT('Ctrl Pts',(55.2046374124566,153.473833044772,-127.291718551136));
#8567=CARTESIAN_POINT('Ctrl Pts',(54.138976155608,153.304442865668,-127.054282217574));
#8568=CARTESIAN_POINT('Ctrl Pts',(52.7392248697272,153.420056231456,-127.217740506978));
#8569=CARTESIAN_POINT('Ctrl Pts',(51.3758055044259,154.059026162931,-128.059213786478));
#8570=CARTESIAN_POINT('Ctrl Pts',(50.5921944101687,155.05371631705,-129.257587462242));
#8571=CARTESIAN_POINT('Ctrl Pts',(50.3870003451114,155.418460761066,-129.691029912544));
#8572=CARTESIAN_POINT('Ctrl Pts',(57.391820577963,154.545634085725,-129.410712018663));
#8573=CARTESIAN_POINT('Ctrl Pts',(57.125139212452,154.187684553836,-129.021911796332));
#8574=CARTESIAN_POINT('Ctrl Pts',(56.4908579529248,153.564146733439,-128.337614802532));
#8575=CARTESIAN_POINT('Ctrl Pts',(55.2803901296128,152.933194800204,-127.624726837547));
#8576=CARTESIAN_POINT('Ctrl Pts',(54.1506539727709,152.7485500314,-127.405410216201));
#8577=CARTESIAN_POINT('Ctrl Pts',(52.669145782049,152.874362576363,-127.555668244688));
#8578=CARTESIAN_POINT('Ctrl Pts',(51.212353383882,153.572750280047,-128.354503107087));
#8579=CARTESIAN_POINT('Ctrl Pts',(50.3751271173811,154.652258518599,-129.527541002391));
#8580=CARTESIAN_POINT('Ctrl Pts',(50.1563132162068,155.046916603751,-129.953150607556));
#8581=CARTESIAN_POINT('Ctrl Pts',(57.743077912405,154.231439788683,-129.496149458863));
#8582=CARTESIAN_POINT('Ctrl Pts',(57.4696327395827,153.837829797595,-129.096845717038));
#8583=CARTESIAN_POINT('Ctrl Pts',(56.8084286951781,153.140688820019,-128.388351105114));
#8584=CARTESIAN_POINT('Ctrl Pts',(55.4922843976703,152.39674341766,-127.628839335137));
#8585=CARTESIAN_POINT('Ctrl Pts',(54.1877099501965,152.155817689554,-127.381206881348));
#8586=CARTESIAN_POINT('Ctrl Pts',(52.4594431375421,152.322166235412,-127.552293138347));
#8587=CARTESIAN_POINT('Ctrl Pts',(50.8745109866851,153.164142247596,-128.413461316364));
#8588=CARTESIAN_POINT('Ctrl Pts',(50.0198833635001,154.350252365465,-129.616892338448));
#8589=CARTESIAN_POINT('Ctrl Pts',(49.7997582224027,154.779317595031,-130.051622356733));
#8590=CARTESIAN_POINT('Ctrl Pts',(57.9980514829421,154.10576866694,-129.45576866694));
#8591=CARTESIAN_POINT('Ctrl Pts',(57.7231069950643,153.691465628195,-129.041484919122));
#8592=CARTESIAN_POINT('Ctrl Pts',(57.0489346620787,152.949490441339,-128.299530929436));
#8593=CARTESIAN_POINT('Ctrl Pts',(55.6599271408159,152.129585054712,-127.479654289617));
#8594=CARTESIAN_POINT('Ctrl Pts',(54.2174825142074,151.847146365697,-127.19721416702));
#8595=CARTESIAN_POINT('Ctrl Pts',(52.2922455455695,152.043691059412,-127.393764898697));
#8596=CARTESIAN_POINT('Ctrl Pts',(50.6191375006918,152.984535931847,-128.334588411233));
#8597=CARTESIAN_POINT('Ctrl Pts',(49.7632477428851,154.231977511441,-129.581997933842));
#8598=CARTESIAN_POINT('Ctrl Pts',(49.5455255096667,154.680173972827,-130.030173972827));
#8599=CARTESIAN_POINT('Ctrl Pts',(58.1256676380519,154.064213562373,-129.414213562373));
#8600=CARTESIAN_POINT('Ctrl Pts',(57.8500203521165,153.640955732025,-128.990955732025));
#8601=CARTESIAN_POINT('Ctrl Pts',(57.1695019427545,152.879346614594,-128.229346614594));
#8602=CARTESIAN_POINT('Ctrl Pts',(55.7441223958665,152.025124210683,-127.375124210683));
#8603=CARTESIAN_POINT('Ctrl Pts',(54.2324356295908,151.723454521491,-127.073454521491));
#8604=CARTESIAN_POINT('Ctrl Pts',(52.2081888540753,151.934026005939,-127.284026005939));
#8605=CARTESIAN_POINT('Ctrl Pts',(50.4910585944674,152.919830712176,-128.269830712176));
#8606=CARTESIAN_POINT('Ctrl Pts',(49.634770485271,154.193635021451,-129.543635021451));
#8607=CARTESIAN_POINT('Ctrl Pts',(49.4182996476316,154.65,-130.));
#8608=CARTESIAN_POINT('',(50.421965017147,153.235786437627,-128.585786437627));
#8609=CARTESIAN_POINT('',(57.4497292437637,153.235786437627,-128.585786437627));
#8610=CARTESIAN_POINT('Ctrl Pts',(50.421965017147,153.235786437627,-128.585786437627));
#8611=CARTESIAN_POINT('Ctrl Pts',(50.4252777939569,153.234308882955,-128.584308882955));
#8612=CARTESIAN_POINT('Ctrl Pts',(50.428591644462,153.232834841923,-128.582830210724));
#8613=CARTESIAN_POINT('Ctrl Pts',(50.8058227144009,153.065490943384,-128.414434831911));
#8614=CARTESIAN_POINT('Ctrl Pts',(51.1951247010272,152.943332451497,-128.232096374978));
#8615=CARTESIAN_POINT('Ctrl Pts',(51.9631433250386,152.777135493316,-127.896294395993));
#8616=CARTESIAN_POINT('Ctrl Pts',(52.3266646059241,152.731578460955,-127.748470905092));
#8617=CARTESIAN_POINT('Ctrl Pts',(52.9088232747855,152.687606827028,-127.564679260984));
#8618=CARTESIAN_POINT('Ctrl Pts',(53.1428457293242,152.677564036464,-127.504685400861));
#8619=CARTESIAN_POINT('Ctrl Pts',(53.4909794822416,152.66930317579,-127.449334949188));
#8620=CARTESIAN_POINT('Ctrl Pts',(53.6010618507542,152.667631162765,-127.436655089276));
#8621=CARTESIAN_POINT('Ctrl Pts',(53.7890133956679,152.666016420434,-127.42422966464));
#8622=CARTESIAN_POINT('Ctrl Pts',(53.8658559829753,152.665707695617,-127.421740974143));
#8623=CARTESIAN_POINT('Ctrl Pts',(54.0209378506365,152.665749015857,-127.422068502931));
#8624=CARTESIAN_POINT('Ctrl Pts',(54.0986512527124,152.666106477581,-127.424945178408));
#8625=CARTESIAN_POINT('Ctrl Pts',(54.291957928662,152.667898589957,-127.438672955151));
#8626=CARTESIAN_POINT('Ctrl Pts',(54.4064290995847,152.669753625686,-127.452634881031));
#8627=CARTESIAN_POINT('Ctrl Pts',(54.8181948886741,152.680187384301,-127.521378278054));
#8628=CARTESIAN_POINT('Ctrl Pts',(55.1099401515411,152.694894431106,-127.605194246792));
#8629=CARTESIAN_POINT('Ctrl Pts',(56.0560312503507,152.785955742107,-127.935041555088));
#8630=CARTESIAN_POINT('Ctrl Pts',(56.7562540740606,152.928141188541,-128.276222060496));
#8631=CARTESIAN_POINT('Ctrl Pts',(57.4431026155916,153.232834841547,-128.582830210346));
#8632=CARTESIAN_POINT('Ctrl Pts',(57.446416467809,153.234308883337,-128.584308883337));
#8633=CARTESIAN_POINT('Ctrl Pts',(57.4497292437637,153.235786437627,-128.585786437627));
#8634=CARTESIAN_POINT('Origin',(53.9358471304553,156.792840344131,-132.14284034413));
#8635=CARTESIAN_POINT('',(49.7668069812961,154.739674632483,-130.));
#8636=CARTESIAN_POINT('Ctrl Pts',(49.7668069812961,154.739674632483,-130.));
#8637=CARTESIAN_POINT('Ctrl Pts',(49.8731030729185,154.800224420197,-130.));
#8638=CARTESIAN_POINT('Ctrl Pts',(49.9736627513534,154.867471899108,-129.977664254284));
#8639=CARTESIAN_POINT('Ctrl Pts',(50.1555692655825,155.009744597042,-129.889674967535));
#8640=CARTESIAN_POINT('Ctrl Pts',(50.2340022794739,155.082910886344,-129.824418198793));
#8641=CARTESIAN_POINT('Ctrl Pts',(50.3634762608676,155.229992644181,-129.654391041969));
#8642=CARTESIAN_POINT('Ctrl Pts',(50.4104486819274,155.301811499732,-129.54893730874));
#8643=CARTESIAN_POINT('Ctrl Pts',(50.4516891193619,155.402498709995,-129.366643026377));
#8644=CARTESIAN_POINT('Ctrl Pts',(50.4597734518109,155.436473617009,-129.296987775724));
#8645=CARTESIAN_POINT('Ctrl Pts',(50.4621957128449,155.498380825875,-129.153035377631));
#8646=CARTESIAN_POINT('Ctrl Pts',(50.4562628495739,155.526126000362,-129.078811090338));
#8647=CARTESIAN_POINT('Ctrl Pts',(50.443093474029,155.550408992727,-129.002985465406));
#8648=CARTESIAN_POINT('Ctrl Pts',(50.4428314111145,155.5508854331,-129.001492737998));
#8649=CARTESIAN_POINT('Ctrl Pts',(50.4425665395747,155.551360274962,-129.));
#8650=CARTESIAN_POINT('',(49.4182996476316,154.65,-130.));
#8651=CARTESIAN_POINT('Ctrl Pts',(49.7667451106805,154.739725173814,-129.999912072518));
#8652=CARTESIAN_POINT('Ctrl Pts',(49.7384992049824,154.723642152785,-129.999904760827));
#8653=CARTESIAN_POINT('Ctrl Pts',(49.7090238839706,154.709577359125,-129.999896548431));
#8654=CARTESIAN_POINT('Ctrl Pts',(49.6783860685044,154.697639781079,-129.999897037714));
#8655=CARTESIAN_POINT('Ctrl Pts',(49.6409405796494,154.683049692363,-129.999897635714));
#8656=CARTESIAN_POINT('Ctrl Pts',(49.6025358863255,154.671932815689,-129.999905844155));
#8657=CARTESIAN_POINT('Ctrl Pts',(49.5634837483075,154.664123494789,-129.999926823226));
#8658=CARTESIAN_POINT('Ctrl Pts',(49.5241321071903,154.656254281758,-129.999947963192));
#8659=CARTESIAN_POINT('Ctrl Pts',(49.48412253559,154.651743354594,-129.999982484473));
#8660=CARTESIAN_POINT('Ctrl Pts',(49.4437400495554,154.650416400465,-129.999995595386));
#8661=CARTESIAN_POINT('Ctrl Pts',(49.4352755785283,154.650138260957,-129.999998343532));
#8662=CARTESIAN_POINT('Ctrl Pts',(49.426794621052,154.65,-130.));
#8663=CARTESIAN_POINT('Ctrl Pts',(49.4182996476316,154.65,-130.));
#8664=CARTESIAN_POINT('Origin',(53.9358471304553,156.792840344131,-132.14284034413));
#8665=CARTESIAN_POINT('Origin',(78.9358471304554,157.499947125315,-129.));
#8666=CARTESIAN_POINT('Origin',(78.9358471304554,157.499947125315,-130.));
#8667=CARTESIAN_POINT('Ctrl Pts',(76.7172068265803,154.064213562373,-129.414213562373));
#8668=CARTESIAN_POINT('Ctrl Pts',(77.0809162086252,153.911873564219,-129.261873564219));
#8669=CARTESIAN_POINT('Ctrl Pts',(77.461192177664,153.759756566387,-129.109756566387));
#8670=CARTESIAN_POINT('Ctrl Pts',(77.850532829305,153.65,-129.));
#8671=CARTESIAN_POINT('Origin',(53.9358471304553,157.499947125317,-129.));
#8672=CARTESIAN_POINT('Origin',(53.9358471304553,157.499947125317,-130.));
#8673=CARTESIAN_POINT('Ctrl Pts',(49.9358471304553,156.649999999992,-129.413078011961));
#8674=CARTESIAN_POINT('Ctrl Pts',(49.9358471304553,156.944661119733,-129.2780554046));
#8675=CARTESIAN_POINT('Ctrl Pts',(49.9358471304553,157.230257796486,-129.134844664416));
#8676=CARTESIAN_POINT('Ctrl Pts',(49.9358471304553,157.499947125317,-129.));
#8677=CARTESIAN_POINT('Origin',(66.435847130454,142.499947125316,-130.));
#8678=CARTESIAN_POINT('',(66.4358471304554,157.499947125316,-130.));
#8679=CARTESIAN_POINT('Origin',(-8.24170755190599,153.65,-129.));
#8680=CARTESIAN_POINT('',(29.097069789274,154.65,-130.));
#8681=CARTESIAN_POINT('',(-45.580484893086,153.235786437627,-128.585786437627));
#8682=CARTESIAN_POINT('Origin',(-87.7952305344147,121.256515107493,-127.));
#8683=CARTESIAN_POINT('',(-82.8962510488484,116.256515107493,-129.000000000001));
#8684=CARTESIAN_POINT('Ctrl Pts',(-82.8962510488484,116.256515107493,-129.000000000001));
#8685=CARTESIAN_POINT('Ctrl Pts',(-83.2892380966728,116.256515107493,-129.000000000001));
#8686=CARTESIAN_POINT('Ctrl Pts',(-83.7136734478906,116.256515107493,-128.940152705897));
#8687=CARTESIAN_POINT('Ctrl Pts',(-84.5419420998481,116.256515107493,-128.726610586961));
#8688=CARTESIAN_POINT('Ctrl Pts',(-84.9461134252973,116.256515107493,-128.574229015906));
#8689=CARTESIAN_POINT('Ctrl Pts',(-86.1241778189368,116.256515107493,-128.049039651113));
#8690=CARTESIAN_POINT('Ctrl Pts',(-87.0372605018425,116.256515107493,-127.479382340217));
#8691=CARTESIAN_POINT('Ctrl Pts',(-87.7952305344147,116.256515107493,-127.000000000001));
#8692=CARTESIAN_POINT('Origin',(-87.7952305344147,121.256515107493,-129.));
#8693=CARTESIAN_POINT('Origin',(-87.7952305344141,164.743484892513,-126.999999999999));
#8694=CARTESIAN_POINT('',(-88.4764494365785,157.776710832208,-128.999999999999));
#8695=CARTESIAN_POINT('Ctrl Pts',(-88.4764494365785,157.776710832208,-128.999999999999));
#8696=CARTESIAN_POINT('Ctrl Pts',(-88.6788456063371,158.017917194646,-128.999999999999));
#8697=CARTESIAN_POINT('Ctrl Pts',(-88.8988811671065,158.280145364691,-128.961335383622));
#8698=CARTESIAN_POINT('Ctrl Pts',(-89.3309532854301,158.795068863963,-128.817821617463));
#8699=CARTESIAN_POINT('Ctrl Pts',(-89.5431069116662,159.047903710212,-128.713826835094));
#8700=CARTESIAN_POINT('Ctrl Pts',(-90.3647125663636,160.027055200893,-128.229133145215));
#8701=CARTESIAN_POINT('Ctrl Pts',(-91.0538771049302,160.848369515618,-127.562388218531));
#8702=CARTESIAN_POINT('Ctrl Pts',(-91.625452750009,161.52954684408,-126.999999999999));
#8703=CARTESIAN_POINT('',(-82.8962510488477,169.743484892513,-128.999999999999));
#8704=CARTESIAN_POINT('Origin',(-87.7952305344141,164.743484892513,-128.999999999999));
#8705=CARTESIAN_POINT('Ctrl Pts',(-87.795230534414,169.743484892513,-126.999999999999));
#8706=CARTESIAN_POINT('Ctrl Pts',(-86.9060166845117,169.743484892513,-127.56238821853));
#8707=CARTESIAN_POINT('Ctrl Pts',(-85.8338669912364,169.743484892513,-128.229133145215));
#8708=CARTESIAN_POINT('Ctrl Pts',(-84.5556754979404,169.743484892513,-128.713826835094));
#8709=CARTESIAN_POINT('Ctrl Pts',(-84.22562304665,169.743484892513,-128.817821617462));
#8710=CARTESIAN_POINT('Ctrl Pts',(-83.5534381572519,169.743484892513,-128.961335383621));
#8711=CARTESIAN_POINT('Ctrl Pts',(-83.2111235926064,169.743484892513,-128.999999999999));
#8712=CARTESIAN_POINT('Ctrl Pts',(-82.8962510488476,169.743484892513,-128.999999999999));
#8713=CARTESIAN_POINT('Origin',(-1.70476946559397,164.743484892512,-126.999999999999));
#8714=CARTESIAN_POINT('',(-6.60374895116025,169.743484892512,-128.999999999999));
#8715=CARTESIAN_POINT('Ctrl Pts',(-6.60374895116026,169.743484892512,-128.999999999999));
#8716=CARTESIAN_POINT('Ctrl Pts',(-6.28887640740156,169.743484892512,-128.999999999999));
#8717=CARTESIAN_POINT('Ctrl Pts',(-5.94656184275601,169.743484892512,-128.961335383621));
#8718=CARTESIAN_POINT('Ctrl Pts',(-5.27437695335795,169.743484892512,-128.817821617462));
#8719=CARTESIAN_POINT('Ctrl Pts',(-4.94432450206755,169.743484892512,-128.713826835094));
#8720=CARTESIAN_POINT('Ctrl Pts',(-3.6661330087715,169.743484892512,-128.229133145215));
#8721=CARTESIAN_POINT('Ctrl Pts',(-2.5939833154962,169.743484892512,-127.56238821853));
#8722=CARTESIAN_POINT('Ctrl Pts',(-1.70476946559389,169.743484892512,-126.999999999999));
#8723=CARTESIAN_POINT('Origin',(-1.70476946559396,164.743484892512,-128.999999999999));
#8724=CARTESIAN_POINT('Origin',(-1.70476946559462,121.256515107492,-127.));
#8725=CARTESIAN_POINT('',(-6.60374895116228,116.256515107493,-129.));
#8726=CARTESIAN_POINT('Origin',(-1.70476946559462,121.256515107492,-129.));
#8727=CARTESIAN_POINT('Ctrl Pts',(-1.70476946559462,116.256515107493,-127.));
#8728=CARTESIAN_POINT('Ctrl Pts',(-2.4627394981674,116.256515107493,-127.479382340217));
#8729=CARTESIAN_POINT('Ctrl Pts',(-3.37582218107464,116.256515107493,-128.049039651112));
#8730=CARTESIAN_POINT('Ctrl Pts',(-4.55388657471437,116.256515107493,-128.574229015906));
#8731=CARTESIAN_POINT('Ctrl Pts',(-4.95805790016335,116.256515107493,-128.726610586961));
#8732=CARTESIAN_POINT('Ctrl Pts',(-5.78632655212049,116.256515107493,-128.940152705897));
#8733=CARTESIAN_POINT('Ctrl Pts',(-6.21076190333806,116.256515107493,-129.));
#8734=CARTESIAN_POINT('Ctrl Pts',(-6.60374895116227,116.256515107493,-129.));
#8735=CARTESIAN_POINT('Origin',(45.9358471304528,129.5,-130.500000000002));
#8736=CARTESIAN_POINT('Origin',(45.9358471304528,129.5,-130.));
#8737=CARTESIAN_POINT('',(49.9358471304528,129.5,-132.));
#8738=CARTESIAN_POINT('Origin',(45.9358471304528,129.5,-132.));
#8739=CARTESIAN_POINT('',(49.9358471304528,129.5,-130.500000000002));
#8740=CARTESIAN_POINT('Origin',(49.9358471304526,127.499947125317,-132.));
#8741=CARTESIAN_POINT('',(49.9358471304526,127.499947125317,-132.));
#8742=CARTESIAN_POINT('Origin',(49.9358471304526,127.499947125317,-132.));
#8743=CARTESIAN_POINT('',(49.9358471304526,127.499947125317,-132.));
#8744=CARTESIAN_POINT('Origin',(-45.580484893086,154.65,-127.171572875254));
#8745=CARTESIAN_POINT('',(-45.580484893086,153.235786437627,-128.585786437627));
#8746=CARTESIAN_POINT('Origin',(-8.24170755190599,153.65,-129.));
#8747=CARTESIAN_POINT('Origin',(117.85,150.15,-93.2167107383558));
#8748=CARTESIAN_POINT('',(119.85,150.15,-93.2167107383558));
#8749=CARTESIAN_POINT('Origin',(119.85,150.15,-94.2373050884449));
#8750=CARTESIAN_POINT('',(119.85,142.5,-76.2373050884449));
#8751=CARTESIAN_POINT('',(119.85,150.15,-76.2373050884449));
#8752=CARTESIAN_POINT('Origin',(119.85,142.5,-82.2373050884449));
#8753=CARTESIAN_POINT('',(119.85,140.5,-82.2373050884449));
#8754=CARTESIAN_POINT('Origin',(119.85,142.5,-82.2373050884449));
#8755=CARTESIAN_POINT('Origin',(-117.850000000002,150.15,-93.2167107383559));
#8756=CARTESIAN_POINT('',(-119.023587609295,150.15,-94.8361835301348));
#8757=CARTESIAN_POINT('',(-119.850000000002,150.15,-93.2167107383559));
#8758=CARTESIAN_POINT('Origin',(-119.850000000002,150.15,-94.237305088445));
#8759=CARTESIAN_POINT('Origin',(112.85,143.325,-85.2373050884449));
#8760=CARTESIAN_POINT('',(112.85,140.5,-82.2373050884449));
#8761=CARTESIAN_POINT('Origin',(112.85,142.5,-82.2373050884449));
#8762=CARTESIAN_POINT('Origin',(119.85,142.5,-82.2373050884449));
#8763=CARTESIAN_POINT('',(119.85,140.5,-82.2373050884449));
#8764=CARTESIAN_POINT('Origin',(119.85,142.5,-82.2373050884449));
#8765=CARTESIAN_POINT('',(119.85,142.5,-76.2373050884449));
#8766=CARTESIAN_POINT('Origin',(57.1470207684717,150.15,-83.6471239263344));
#8767=CARTESIAN_POINT('',(64.9206130863645,150.15,-89.2804335258074));
#8768=CARTESIAN_POINT('',(57.1470207684717,150.15,-83.6471239263344));
#8769=CARTESIAN_POINT('Origin',(49.3734284505781,150.15,-89.2804335257993));
#8770=CARTESIAN_POINT('',(49.3734284505781,150.15,-89.2804335257993));
#8771=CARTESIAN_POINT('Origin',(82.9192622342534,150.15,-83.647123926368));
#8772=CARTESIAN_POINT('',(90.6928545521403,150.15,-89.280433525821));
#8773=CARTESIAN_POINT('',(82.9192622342534,150.15,-83.647123926368));
#8774=CARTESIAN_POINT('Origin',(75.1456699163566,150.15,-89.2804335258231));
#8775=CARTESIAN_POINT('',(75.1456699163566,150.15,-89.2804335258231));
#8776=CARTESIAN_POINT('Origin',(90.6928545521745,150.15,-107.956871562626));
#8777=CARTESIAN_POINT('',(90.6928545521745,150.15,-107.956871562626));
#8778=CARTESIAN_POINT('Origin',(82.9192622342576,150.15,-102.323561963176));
#8779=CARTESIAN_POINT('',(82.9192622342576,150.15,-102.323561963176));
#8780=CARTESIAN_POINT('Origin',(64.9206130863603,150.15,-107.95687156264));
#8781=CARTESIAN_POINT('',(64.9206130863603,150.15,-107.95687156264));
#8782=CARTESIAN_POINT('Origin',(88.0317906492701,150.15,-98.6186525442286));
#8783=CARTESIAN_POINT('',(95.8053829671603,150.15,-92.9853429447762));
#8784=CARTESIAN_POINT('',(88.0317906492701,150.15,-98.6186525442286));
#8785=CARTESIAN_POINT('Origin',(95.8053829671654,150.15,-104.251962143673));
#8786=CARTESIAN_POINT('Origin',(77.8067338192607,150.15,-98.6186525442263));
#8787=CARTESIAN_POINT('',(70.0331415013576,150.15,-104.251962143685));
#8788=CARTESIAN_POINT('',(77.8067338192607,150.15,-98.6186525442263));
#8789=CARTESIAN_POINT('Origin',(70.0331415013559,150.15,-92.9853429447804));
#8790=CARTESIAN_POINT('',(70.0331415013559,150.15,-92.9853429447803));
#8791=CARTESIAN_POINT('Origin',(119.85,150.15,-76.2373050884449));
#8792=CARTESIAN_POINT('Origin',(57.1470207684632,150.15,-94.9137431252528));
#8793=CARTESIAN_POINT('',(57.1470207684632,150.15,-94.9137431252528));
#8794=CARTESIAN_POINT('Origin',(64.9206130863645,150.15,-89.2804335258074));
#8795=CARTESIAN_POINT('Origin',(82.9192622342566,150.15,-94.9137431252699));
#8796=CARTESIAN_POINT('',(82.9192622342566,150.15,-94.9137431252699));
#8797=CARTESIAN_POINT('Origin',(90.6928545521403,150.15,-89.280433525821));
#8798=CARTESIAN_POINT('Origin',(75.1456699163582,150.15,-107.956871562639));
#8799=CARTESIAN_POINT('Origin',(57.1470207684616,150.15,-102.323561963191));
#8800=CARTESIAN_POINT('',(57.1470207684616,150.15,-102.323561963191));
#8801=CARTESIAN_POINT('Origin',(49.3734284505637,150.15,-107.956871562641));
#8802=CARTESIAN_POINT('Origin',(95.8053829671603,150.15,-92.9853429447762));
#8803=CARTESIAN_POINT('Origin',(62.2595491834606,150.15,-98.6186525442459));
#8804=CARTESIAN_POINT('',(62.2595491834606,150.15,-98.6186525442459));
#8805=CARTESIAN_POINT('Origin',(70.0331415013576,150.15,-104.251962143685));
#8806=CARTESIAN_POINT('Origin',(-112.850000000002,143.325,-85.237305088445));
#8807=CARTESIAN_POINT('',(-112.850000000002,140.5,-82.237305088445));
#8808=CARTESIAN_POINT('Origin',(-112.850000000002,142.5,-82.237305088445));
#8809=CARTESIAN_POINT('Origin',(-108.262500000004,144.239376619172,-85.237305088445));
#8810=CARTESIAN_POINT('',(-111.130334326158,139.272141858584,-87.2950646535977));
#8811=CARTESIAN_POINT('Origin',(-109.266729559305,142.5,-82.237305088445));
#8812=CARTESIAN_POINT('',(-108.545836799903,143.748622886094,-90.1519512935037));
#8813=CARTESIAN_POINT('Origin',(-119.850000000002,142.5,-82.237305088445));
#8814=CARTESIAN_POINT('',(-119.850000000002,140.5,-82.237305088445));
#8815=CARTESIAN_POINT('',(-119.850000000002,140.5,-82.237305088445));
#8816=CARTESIAN_POINT('Origin',(-119.850000000002,142.5,-82.237305088445));
#8817=CARTESIAN_POINT('Origin',(-119.850000000002,142.5,-82.237305088445));
#8818=CARTESIAN_POINT('',(-119.850000000002,139.272141858584,-87.2950646535977));
#8819=CARTESIAN_POINT('Origin',(-119.850000000002,142.5,-82.237305088445));
#8820=CARTESIAN_POINT('',(-119.850000000002,139.272141858584,-87.2950646535977));
#8821=CARTESIAN_POINT('Origin',(-119.850000000002,150.15,-94.237305088445));
#8822=CARTESIAN_POINT('',(-119.850000000002,139.272141858584,-87.2950646535977));
#8823=CARTESIAN_POINT('Origin',(-49.3734284505798,150.15,-89.2804335257993));
#8824=CARTESIAN_POINT('',(-57.1470207684648,150.15,-94.9137431252528));
#8825=CARTESIAN_POINT('',(-49.3734284505798,150.15,-89.2804335257993));
#8826=CARTESIAN_POINT('Origin',(-57.1470207684734,150.15,-83.6471239263345));
#8827=CARTESIAN_POINT('',(-57.1470207684734,150.15,-83.6471239263345));
#8828=CARTESIAN_POINT('Origin',(-75.1456699163582,150.15,-89.2804335258231));
#8829=CARTESIAN_POINT('',(-82.9192622342582,150.15,-94.9137431252699));
#8830=CARTESIAN_POINT('',(-75.1456699163582,150.15,-89.2804335258231));
#8831=CARTESIAN_POINT('Origin',(-82.9192622342551,150.15,-83.6471239263681));
#8832=CARTESIAN_POINT('',(-82.9192622342551,150.15,-83.6471239263681));
#8833=CARTESIAN_POINT('Origin',(-82.9192622342592,150.15,-102.323561963176));
#8834=CARTESIAN_POINT('',(-75.1456699163599,150.15,-107.95687156264));
#8835=CARTESIAN_POINT('',(-82.9192622342592,150.15,-102.323561963176));
#8836=CARTESIAN_POINT('Origin',(-90.6928545521761,150.15,-107.956871562626));
#8837=CARTESIAN_POINT('Origin',(-64.9206130863619,150.15,-107.95687156264));
#8838=CARTESIAN_POINT('',(-57.1470207684632,150.15,-102.323561963191));
#8839=CARTESIAN_POINT('Origin',(-95.805382967167,150.15,-104.251962143673));
#8840=CARTESIAN_POINT('',(-95.805382967167,150.15,-104.251962143673));
#8841=CARTESIAN_POINT('Origin',(-88.0317906492718,150.15,-98.6186525442287));
#8842=CARTESIAN_POINT('',(-88.0317906492718,150.15,-98.6186525442287));
#8843=CARTESIAN_POINT('Origin',(-70.0331415013575,150.15,-92.9853429447804));
#8844=CARTESIAN_POINT('',(-62.2595491834622,150.15,-98.618652544246));
#8845=CARTESIAN_POINT('',(-70.0331415013575,150.15,-92.9853429447804));
#8846=CARTESIAN_POINT('Origin',(-77.8067338192623,150.15,-98.6186525442264));
#8847=CARTESIAN_POINT('',(-77.8067338192623,150.15,-98.6186525442264));
#8848=CARTESIAN_POINT('Origin',(-119.850000000002,150.15,-76.237305088445));
#8849=CARTESIAN_POINT('Origin',(-64.9206130863661,150.15,-89.2804335258074));
#8850=CARTESIAN_POINT('',(-64.9206130863661,150.15,-89.2804335258074));
#8851=CARTESIAN_POINT('Origin',(-57.1470207684648,150.15,-94.9137431252528));
#8852=CARTESIAN_POINT('Origin',(-90.6928545521419,150.15,-89.2804335258211));
#8853=CARTESIAN_POINT('',(-90.6928545521419,150.15,-89.2804335258211));
#8854=CARTESIAN_POINT('Origin',(-82.9192622342582,150.15,-94.9137431252699));
#8855=CARTESIAN_POINT('Origin',(-75.1456699163599,150.15,-107.95687156264));
#8856=CARTESIAN_POINT('Origin',(-49.3734284505653,150.15,-107.956871562641));
#8857=CARTESIAN_POINT('',(-49.3734284505653,150.15,-107.956871562641));
#8858=CARTESIAN_POINT('Origin',(-57.1470207684632,150.15,-102.323561963191));
#8859=CARTESIAN_POINT('Origin',(-95.8053829671619,150.15,-92.9853429447762));
#8860=CARTESIAN_POINT('Origin',(-70.0331415013592,150.15,-104.251962143685));
#8861=CARTESIAN_POINT('',(-70.0331415013592,150.15,-104.251962143685));
#8862=CARTESIAN_POINT('Origin',(-62.2595491834622,150.15,-98.618652544246));
#8863=CARTESIAN_POINT('Origin',(-46.931980515341,150.15,-70.8680194846599));
#8864=CARTESIAN_POINT('',(-46.931980515341,150.15,-70.8680194846599));
#8865=CARTESIAN_POINT('Origin',(-43.7500000000015,150.15,-74.0499999999994));
#8866=CARTESIAN_POINT('',(-39.2500000000015,157.643484892508,-74.0499999999994));
#8867=CARTESIAN_POINT('Origin',(-43.7500000000015,157.643484892508,-74.0499999999994));
#8868=CARTESIAN_POINT('',(-39.2500000000015,150.15,-74.0499999999994));
#8869=CARTESIAN_POINT('',(-43.7500000000016,150.15,-69.5499999999994));
#8870=CARTESIAN_POINT('Origin',(-1.48271102663305E-12,151.643484892508,
-96.0499999999994));
#8871=CARTESIAN_POINT('',(-41.7500000000015,151.643484892508,-74.0499999999994));
#8872=CARTESIAN_POINT('Origin',(-43.7500000000015,151.643484892508,-74.0499999999994));
#8873=CARTESIAN_POINT('Origin',(-1.48271102663305E-12,151.643484892508,
-96.0499999999994));
#8874=CARTESIAN_POINT('',(45.7499999999985,151.643484892508,-74.0499999999993));
#8875=CARTESIAN_POINT('Origin',(43.7499999999985,151.643484892508,-74.0499999999993));
#8876=CARTESIAN_POINT('Origin',(43.7499999999985,150.15,-118.049999999999));
#8877=CARTESIAN_POINT('',(45.7499999999985,157.643484892508,-118.049999999999));
#8878=CARTESIAN_POINT('Origin',(43.7499999999985,157.643484892508,-118.049999999999));
#8879=CARTESIAN_POINT('',(45.7499999999985,152.65,-118.049999999999));
#8880=CARTESIAN_POINT('',(45.7499999999985,150.15,-118.049999999999));
#8881=CARTESIAN_POINT('Origin',(43.7499999999985,152.65,-118.049999999999));
#8882=CARTESIAN_POINT('Origin',(-1.48103751484996E-12,157.643484892508,
-96.0499999999994));
#8883=CARTESIAN_POINT('Origin',(-1.48103751484996E-12,157.643484892508,
-96.0499999999994));
#8884=CARTESIAN_POINT('',(48.2499999999985,157.643484892508,-74.0499999999993));
#8885=CARTESIAN_POINT('Origin',(43.7499999999985,157.643484892508,-74.0499999999993));
#8886=CARTESIAN_POINT('',(45.7499999999985,157.643484892508,-74.0499999999993));
#8887=CARTESIAN_POINT('Origin',(43.7499999999985,157.643484892508,-74.0499999999993));
#8888=CARTESIAN_POINT('Origin',(-43.7500000000014,150.15,-118.049999999999));
#8889=CARTESIAN_POINT('',(-41.7500000000014,157.643484892508,-118.049999999999));
#8890=CARTESIAN_POINT('Origin',(-43.7500000000014,157.643484892508,-118.049999999999));
#8891=CARTESIAN_POINT('',(-41.7500000000014,152.65,-118.049999999999));
#8892=CARTESIAN_POINT('',(-41.7500000000014,150.15,-118.049999999999));
#8893=CARTESIAN_POINT('Origin',(-43.7500000000014,152.65,-118.049999999999));
#8894=CARTESIAN_POINT('Origin',(-1.48103751484996E-12,157.643484892508,
-96.0499999999994));
#8895=CARTESIAN_POINT('Origin',(-82.919262234266,152.65,-129.000000000003));
#8896=CARTESIAN_POINT('Origin',(-1.48103751484996E-12,157.643484892508,
-96.0499999999994));
#8897=CARTESIAN_POINT('',(-41.7500000000015,157.643484892508,-74.0499999999994));
#8898=CARTESIAN_POINT('Origin',(-43.7500000000015,157.643484892508,-74.0499999999994));
#8899=CARTESIAN_POINT('Origin',(-82.919262234266,152.65,-129.000000000003));
#8900=CARTESIAN_POINT('Origin',(-17.1606152046757,150.15,-96.049999999991));
#8901=CARTESIAN_POINT('',(-2.49999999996498,150.15,-82.0113502888019));
#8902=CARTESIAN_POINT('Origin',(-2.49999999994493,150.15,-82.0113502888019));
#8903=CARTESIAN_POINT('Origin',(-39.2500000000063,150.15,-88.7431417755686));
#8904=CARTESIAN_POINT('',(-35.6352987490384,150.15,-85.2817914867622));
#8905=CARTESIAN_POINT('Origin',(-24.3900177066843,150.15,-96.0500000000075));
#8906=CARTESIAN_POINT('',(-24.3900177066843,150.15,-96.0500000000075));
#8907=CARTESIAN_POINT('Origin',(-35.6352987490302,150.15,-85.2817914867536));
#8908=CARTESIAN_POINT('Origin',(13.4948506254971,150.15,-85.6170521282966));
#8909=CARTESIAN_POINT('',(13.4948506254971,150.15,-85.6170521282966));
#8910=CARTESIAN_POINT('',(20.8749999999993,150.15,-78.5499999999702));
#8911=CARTESIAN_POINT('Origin',(20.7753164557004,150.15,-92.5886497111318));
#8912=CARTESIAN_POINT('',(20.7753164557004,150.15,-92.5886497111318));
#8913=CARTESIAN_POINT('Origin',(28.1554658302085,150.15,-85.5215975827841));
#8914=CARTESIAN_POINT('',(28.1554658302613,150.15,-85.5215975828391));
#8915=CARTESIAN_POINT('Origin',(20.8749999999993,150.15,-78.5499999999702));
#8916=CARTESIAN_POINT('Origin',(-43.7500000000015,150.15,-74.0499999999994));
#8917=CARTESIAN_POINT('',(-41.7500000000015,150.15,-74.0499999999994));
#8918=CARTESIAN_POINT('Origin',(20.7753164557318,150.15,-99.5113502888212));
#8919=CARTESIAN_POINT('Origin',(24.3900177067317,150.15,-96.0499999999851));
#8920=CARTESIAN_POINT('',(35.6352987490475,150.15,-85.2817914867124));
#8921=CARTESIAN_POINT('Origin',(39.2500000000323,150.15,-88.7431417755138));
#8922=CARTESIAN_POINT('',(39.2500000000335,150.15,-88.7431417755138));
#8923=CARTESIAN_POINT('Origin',(35.6352987490475,150.15,-85.2817914867124));
#8924=CARTESIAN_POINT('Origin',(-28.1554658302408,150.15,-85.5215975828785));
#8925=CARTESIAN_POINT('',(-28.1554658302408,150.15,-85.5215975828785));
#8926=CARTESIAN_POINT('',(-20.8749999999838,150.15,-78.5499999999994));
#8927=CARTESIAN_POINT('Origin',(-20.7753164556655,150.15,-92.5886497111564));
#8928=CARTESIAN_POINT('',(-20.7753164556655,150.15,-92.5886497111564));
#8929=CARTESIAN_POINT('Origin',(-13.4948506254765,150.15,-85.6170521283155));
#8930=CARTESIAN_POINT('',(-13.4948506254765,150.15,-85.6170521283155));
#8931=CARTESIAN_POINT('Origin',(-20.8749999999838,150.15,-78.5499999999994));
#8932=CARTESIAN_POINT('Origin',(17.1606152047111,150.15,-96.0499999999729));
#8933=CARTESIAN_POINT('',(17.1606152047111,150.15,-96.0499999999729));
#8934=CARTESIAN_POINT('Origin',(2.49999999997037,150.15,-82.0113502887984));
#8935=CARTESIAN_POINT('Origin',(-20.7753164556833,150.15,-99.5113502888375));
#8936=CARTESIAN_POINT('Origin',(43.7499999999985,150.15,-74.0499999999993));
#8937=CARTESIAN_POINT('',(45.7499999999985,150.15,-74.0499999999993));
#8938=CARTESIAN_POINT('Origin',(43.7499999999984,150.15,-69.5499999999993));
#8939=CARTESIAN_POINT('',(43.7499999999984,150.15,-69.5499999999993));
#8940=CARTESIAN_POINT('Origin',(43.7499999999985,150.15,-74.0499999999993));
#8941=CARTESIAN_POINT('',(48.2499999999985,150.15,-74.0499999999993));
#8942=CARTESIAN_POINT('Origin',(66.435847130454,142.499947125316,-130.));
#8943=CARTESIAN_POINT('',(79.9192622342474,151.500000000002,-130.));
#8944=CARTESIAN_POINT('Origin',(66.435847130454,142.499947125316,-130.));
#8945=CARTESIAN_POINT('Origin',(-1.45312789578965E-12,142.5,-130.350000000003));
#8946=CARTESIAN_POINT('',(-3.00000000000145,142.5,-132.));
#8947=CARTESIAN_POINT('Origin',(-1.45193063921006E-12,142.5,-132.));
#8948=CARTESIAN_POINT('',(-3.00000000000145,142.5,-128.700000000003));
#8949=CARTESIAN_POINT('',(-3.00000000000145,142.5,-130.350000000003));
#8950=CARTESIAN_POINT('Origin',(-1.45432515236924E-12,142.5,-128.700000000003));
#8951=CARTESIAN_POINT('Origin',(-1.45432515236924E-12,142.5,-128.700000000003));
#8952=CARTESIAN_POINT('',(-1.65000000000145,142.5,-128.700000000003));
#8953=CARTESIAN_POINT('Origin',(-1.45462768814346E-12,142.5,-128.700000000003));
#8954=CARTESIAN_POINT('Origin',(60.0000000000264,142.5,-130.250000000003));
#8955=CARTESIAN_POINT('',(57.0000000000264,142.5,-131.999999999999));
#8956=CARTESIAN_POINT('Origin',(60.0000000000264,142.5,-131.999999999999));
#8957=CARTESIAN_POINT('',(57.0000000000264,142.5,-128.600000000003));
#8958=CARTESIAN_POINT('',(57.0000000000264,142.5,-130.250000000003));
#8959=CARTESIAN_POINT('Origin',(60.0000000000264,142.5,-128.600000000003));
#8960=CARTESIAN_POINT('Origin',(60.0000000000264,142.5,-128.600000000003));
#8961=CARTESIAN_POINT('',(58.3500000000264,142.5,-128.600000000003));
#8962=CARTESIAN_POINT('Origin',(60.0000000000264,142.5,-128.600000000003));
#8963=CARTESIAN_POINT('Origin',(-20.0000000000015,142.5,-130.350000000003));
#8964=CARTESIAN_POINT('',(-23.0000000000015,142.5,-132.));
#8965=CARTESIAN_POINT('Origin',(-20.0000000000015,142.5,-132.));
#8966=CARTESIAN_POINT('',(-23.0000000000015,142.5,-128.700000000003));
#8967=CARTESIAN_POINT('',(-23.0000000000015,142.5,-130.350000000003));
#8968=CARTESIAN_POINT('Origin',(-20.0000000000015,142.5,-128.700000000003));
#8969=CARTESIAN_POINT('Origin',(-20.0000000000015,142.5,-128.700000000003));
#8970=CARTESIAN_POINT('',(-21.6500000000015,142.5,-128.700000000003));
#8971=CARTESIAN_POINT('Origin',(-20.0000000000015,142.5,-128.700000000003));
#8972=CARTESIAN_POINT('Origin',(19.9999999999985,142.5,-130.350000000003));
#8973=CARTESIAN_POINT('',(16.9999999999985,142.5,-132.));
#8974=CARTESIAN_POINT('Origin',(19.9999999999985,142.5,-131.999999999999));
#8975=CARTESIAN_POINT('',(16.9999999999985,142.5,-128.700000000003));
#8976=CARTESIAN_POINT('',(16.9999999999985,142.5,-130.350000000003));
#8977=CARTESIAN_POINT('Origin',(19.9999999999985,142.5,-128.700000000003));
#8978=CARTESIAN_POINT('Origin',(19.9999999999985,142.5,-128.700000000003));
#8979=CARTESIAN_POINT('',(18.3499999999985,142.5,-128.700000000003));
#8980=CARTESIAN_POINT('Origin',(19.9999999999985,142.5,-128.700000000003));
#8981=CARTESIAN_POINT('Origin',(-1.45753964453377E-12,142.5,-125.1));
#8982=CARTESIAN_POINT('',(-1.65000000000146,142.5,-125.1));
#8983=CARTESIAN_POINT('Origin',(-1.45753964453377E-12,142.5,-125.1));
#8984=CARTESIAN_POINT('',(-1.65000000000146,142.5,-125.1));
#8985=CARTESIAN_POINT('Origin',(19.9999999999985,142.5,-125.1));
#8986=CARTESIAN_POINT('',(18.3499999999985,142.5,-125.1));
#8987=CARTESIAN_POINT('Origin',(19.9999999999985,142.5,-125.1));
#8988=CARTESIAN_POINT('',(18.3499999999985,142.5,-125.1));
#8989=CARTESIAN_POINT('Origin',(-20.0000000000015,142.5,-125.1));
#8990=CARTESIAN_POINT('',(-21.6500000000015,142.5,-125.1));
#8991=CARTESIAN_POINT('Origin',(-20.0000000000015,142.5,-125.1));
#8992=CARTESIAN_POINT('',(-21.6500000000015,142.5,-125.1));
#8993=CARTESIAN_POINT('Origin',(60.0000000000264,142.5,-125.));
#8994=CARTESIAN_POINT('',(58.3500000000264,142.5,-125.1));
#8995=CARTESIAN_POINT('Origin',(60.0000000000264,142.5,-125.1));
#8996=CARTESIAN_POINT('',(58.3500000000264,142.5,-125.));
#8997=CARTESIAN_POINT('Origin',(78.9358471304554,157.499947125315,-126.));
#8998=CARTESIAN_POINT('',(77.0108471304554,157.499947125315,-126.));
#8999=CARTESIAN_POINT('Origin',(78.9358471304554,157.499947125315,-126.));
#9000=CARTESIAN_POINT('Origin',(53.9358471304526,127.499947125317,-126.));
#9001=CARTESIAN_POINT('',(52.0108471304526,127.499947125317,-126.));
#9002=CARTESIAN_POINT('Origin',(53.9358471304526,127.499947125317,-126.));
#9003=CARTESIAN_POINT('Origin',(53.9358471304553,157.499947125317,-126.));
#9004=CARTESIAN_POINT('',(52.0108471304553,157.499947125317,-126.));
#9005=CARTESIAN_POINT('Origin',(53.9358471304553,157.499947125317,-126.));
#9006=CARTESIAN_POINT('Origin',(78.9358471304526,127.499947125315,-126.));
#9007=CARTESIAN_POINT('',(77.0108471304526,127.499947125315,-126.));
#9008=CARTESIAN_POINT('Origin',(78.9358471304526,127.499947125315,-126.));
#9009=CARTESIAN_POINT('Origin',(-44.7500000000043,143.000000000003,-132.));
#9010=CARTESIAN_POINT('',(66.4358471304526,127.499947125316,-132.));
#9011=CARTESIAN_POINT('Origin',(41.4358471304528,129.999947125318,-132.));
#9012=CARTESIAN_POINT('',(-1.70476946559469,116.256515107493,-132.));
#9013=CARTESIAN_POINT('',(-91.625452750009,161.529546844081,-131.999999999999));
#9014=CARTESIAN_POINT('',(-87.795230534414,169.743484892513,-131.999999999999));
#9015=CARTESIAN_POINT('Origin',(41.4358471304528,155.000052874679,-131.999999999999));
#9016=CARTESIAN_POINT('',(66.4358471304554,157.499947125316,-132.));
#9017=CARTESIAN_POINT('',(79.9192622342474,151.500000000002,-132.));
#9018=CARTESIAN_POINT('',(79.9192622342485,133.500000000001,-132.));
#9019=CARTESIAN_POINT('',(52.0108471304526,127.499947125317,-132.));
#9020=CARTESIAN_POINT('Origin',(53.9358471304526,127.499947125317,-132.));
#9021=CARTESIAN_POINT('',(77.0108471304526,127.499947125315,-132.));
#9022=CARTESIAN_POINT('Origin',(78.9358471304526,127.499947125315,-132.));
#9023=CARTESIAN_POINT('',(-89.7952305344147,121.256515107493,-132.));
#9024=CARTESIAN_POINT('Origin',(-87.7952305344147,121.256515107493,-132.));
#9025=CARTESIAN_POINT('',(-3.70476946559396,164.743484892512,-131.999999999999));
#9026=CARTESIAN_POINT('Origin',(-1.70476946559396,164.743484892512,-131.999999999999));
#9027=CARTESIAN_POINT('',(-89.7952305344141,164.743484892513,-131.999999999999));
#9028=CARTESIAN_POINT('Origin',(-87.7952305344141,164.743484892513,-131.999999999999));
#9029=CARTESIAN_POINT('',(-3.70476946559462,121.256515107492,-132.));
#9030=CARTESIAN_POINT('Origin',(-1.70476946559462,121.256515107492,-132.));
#9031=CARTESIAN_POINT('',(77.0108471304554,157.499947125315,-132.));
#9032=CARTESIAN_POINT('Origin',(78.9358471304554,157.499947125315,-132.));
#9033=CARTESIAN_POINT('',(52.0108471304553,157.499947125317,-132.));
#9034=CARTESIAN_POINT('Origin',(53.9358471304553,157.499947125317,-132.));
#9035=CARTESIAN_POINT('Origin',(66.435847130454,142.499947125316,-130.));
#9036=CARTESIAN_POINT('Origin',(78.9358471304554,157.499947125315,-132.));
#9037=CARTESIAN_POINT('',(77.0108471304554,157.499947125315,-132.));
#9038=CARTESIAN_POINT('Origin',(78.9358471304526,127.499947125315,-132.));
#9039=CARTESIAN_POINT('',(77.0108471304526,127.499947125315,-132.));
#9040=CARTESIAN_POINT('Origin',(53.9358471304553,157.499947125317,-132.));
#9041=CARTESIAN_POINT('',(52.0108471304553,157.499947125317,-132.));
#9042=CARTESIAN_POINT('Origin',(53.9358471304526,127.499947125317,-132.));
#9043=CARTESIAN_POINT('',(52.0108471304526,127.499947125317,-132.));
#9044=CARTESIAN_POINT('Origin',(77.6558471304523,123.71027695497,-132.));
#9045=CARTESIAN_POINT('Origin',(79.9192622342485,133.500000000001,-132.));
#9046=CARTESIAN_POINT('Origin',(82.3342687833076,155.390271730989,-132.));
#9047=CARTESIAN_POINT('Origin',(55.2158471304556,161.289617295662,-132.));
#9048=CARTESIAN_POINT('Origin',(41.4358471304528,155.000052874679,-132.000000000003));
#9049=CARTESIAN_POINT('Origin',(41.4358471304528,129.999947125318,-132.000000000003));
#9050=CARTESIAN_POINT('Origin',(-44.7500000000043,143.000000000003,-129.));
#9051=CARTESIAN_POINT('',(-87.795230534414,169.743484892513,-128.999999999999));
#9052=CARTESIAN_POINT('',(-91.625452750009,161.52954684408,-128.999999999999));
#9053=CARTESIAN_POINT('Origin',(-80.0000000000014,134.85,-125.1));
#9054=CARTESIAN_POINT('',(-80.0000000000014,134.85,-121.));
#9055=CARTESIAN_POINT('',(-7.58073776575163,134.849999999999,-121.));
#9056=CARTESIAN_POINT('',(-80.0000000000014,134.85,-125.1));
#9057=CARTESIAN_POINT('',(-62.625000000003,134.85,-125.1));
#9058=CARTESIAN_POINT('',(-80.0000000000014,134.85,-125.1));
#9059=CARTESIAN_POINT('Origin',(-80.0000000000014,125.,-125.1));
#9060=CARTESIAN_POINT('Origin',(-80.0000000000014,125.,-121.));
#9061=CARTESIAN_POINT('Origin',(-80.0000000000014,125.,-125.1));
#9062=CARTESIAN_POINT('Origin',(-45.2500000000046,142.5,-121.));
#9063=CARTESIAN_POINT('Origin',(-45.2500000000046,142.5,-125.1));
#9064=CARTESIAN_POINT('Origin',(-44.7500000000043,143.000000000003,-129.));
#9065=CARTESIAN_POINT('',(-1.70476946559469,116.256515107493,-129.));
#9066=CARTESIAN_POINT('Origin',(-1.70476946559462,121.256515107492,-129.));
#9067=CARTESIAN_POINT('',(-3.70476946559462,121.256515107492,-126.));
#9068=CARTESIAN_POINT('',(-3.70476946559462,121.256515107492,-129.));
#9069=CARTESIAN_POINT('Origin',(-1.70476946559462,121.256515107492,-126.));
#9070=CARTESIAN_POINT('Origin',(-1.70476946559462,121.256515107492,-126.));
#9071=CARTESIAN_POINT('Origin',(-87.7952305344141,164.743484892513,-128.999999999999));
#9072=CARTESIAN_POINT('',(-89.7952305344141,164.743484892513,-125.999999999999));
#9073=CARTESIAN_POINT('',(-89.7952305344141,164.743484892513,-128.999999999999));
#9074=CARTESIAN_POINT('Origin',(-87.7952305344141,164.743484892513,-125.999999999999));
#9075=CARTESIAN_POINT('Origin',(-87.7952305344141,164.743484892513,-125.999999999999));
#9076=CARTESIAN_POINT('Origin',(-1.70476946559396,164.743484892512,-128.999999999999));
#9077=CARTESIAN_POINT('',(-3.70476946559397,164.743484892512,-125.999999999999));
#9078=CARTESIAN_POINT('',(-3.70476946559396,164.743484892512,-128.999999999999));
#9079=CARTESIAN_POINT('Origin',(-1.70476946559397,164.743484892512,-125.999999999999));
#9080=CARTESIAN_POINT('Origin',(-1.70476946559397,164.743484892512,-125.999999999999));
#9081=CARTESIAN_POINT('Origin',(-87.7952305344147,121.256515107493,-129.));
#9082=CARTESIAN_POINT('',(-89.7952305344147,121.256515107493,-126.));
#9083=CARTESIAN_POINT('',(-89.7952305344147,121.256515107493,-129.));
#9084=CARTESIAN_POINT('Origin',(-87.7952305344147,121.256515107493,-126.));
#9085=CARTESIAN_POINT('Origin',(-87.7952305344147,121.256515107493,-126.));
#9086=CARTESIAN_POINT('Origin',(-87.795230534414,169.743484892513,-131.999999999999));
#9087=CARTESIAN_POINT('Origin',(-82.919262234266,151.153913019134,-131.999999999999));
#9088=CARTESIAN_POINT('Origin',(-1.70476946559469,116.256515107493,-132.));
#9089=UNCERTAINTY_MEASURE_WITH_UNIT(LENGTH_MEASURE(0.01),#9093,
'DISTANCE_ACCURACY_VALUE',
'Maximum model space distance between geometric entities at asserted c
onnectivities');
#9090=UNCERTAINTY_MEASURE_WITH_UNIT(LENGTH_MEASURE(0.01),#9093,
'DISTANCE_ACCURACY_VALUE',
'Maximum model space distance between geometric entities at asserted c
onnectivities');
#9091=(
GEOMETRIC_REPRESENTATION_CONTEXT(3)
GLOBAL_UNCERTAINTY_ASSIGNED_CONTEXT((#9089))
GLOBAL_UNIT_ASSIGNED_CONTEXT((#9093,#9095,#9096))
REPRESENTATION_CONTEXT('','3D')
);
#9092=(
GEOMETRIC_REPRESENTATION_CONTEXT(3)
GLOBAL_UNCERTAINTY_ASSIGNED_CONTEXT((#9090))
GLOBAL_UNIT_ASSIGNED_CONTEXT((#9093,#9095,#9096))
REPRESENTATION_CONTEXT('','3D')
);
#9093=(
LENGTH_UNIT()
NAMED_UNIT(*)
SI_UNIT(.MILLI.,.METRE.)
);
#9094=(
LENGTH_UNIT()
NAMED_UNIT(*)
SI_UNIT($,.METRE.)
);
#9095=(
NAMED_UNIT(*)
PLANE_ANGLE_UNIT()
SI_UNIT($,.RADIAN.)
);
#9096=(
NAMED_UNIT(*)
SI_UNIT($,.STERADIAN.)
SOLID_ANGLE_UNIT()
);
#9097=SHAPE_DEFINITION_REPRESENTATION(#9098,#9099);
#9098=PRODUCT_DEFINITION_SHAPE('',$,#9101);
#9099=SHAPE_REPRESENTATION('',(#5096),#9091);
#9100=PRODUCT_DEFINITION_CONTEXT('part definition',#9105,'design');
#9101=PRODUCT_DEFINITION('2026-09-18-19-10-00-365','2321-Sensor_Mount',
#9102,#9100);
#9102=PRODUCT_DEFINITION_FORMATION('',$,#9107);
#9103=PRODUCT_RELATED_PRODUCT_CATEGORY('2321-Sensor_Mount',
'2321-Sensor_Mount',(#9107));
#9104=APPLICATION_PROTOCOL_DEFINITION('international standard',
'automotive_design',2009,#9105);
#9105=APPLICATION_CONTEXT(
'Core Data for Automotive Mechanical Design Process');
#9106=PRODUCT_CONTEXT('part definition',#9105,'mechanical');
#9107=PRODUCT('2026-09-18-19-10-00-365','2321-Sensor_Mount',$,(#9106));
#9108=PRESENTATION_STYLE_ASSIGNMENT((#9109));
#9109=SURFACE_STYLE_USAGE(.BOTH.,#9110);
#9110=SURFACE_SIDE_STYLE('',(#9111));
#9111=SURFACE_STYLE_FILL_AREA(#9112);
#9112=FILL_AREA_STYLE('Steel - Satin',(#9113));
#9113=FILL_AREA_STYLE_COLOUR('Steel - Satin',#9114);
#9114=COLOUR_RGB('Steel - Satin',0.627450980392157,0.627450980392157,0.627450980392157);
ENDSEC;
END-ISO-10303-21;
