ISO-10303-21;
HEADER;
/* Generated by software containing ST-Developer
 * from STEP Tools, Inc. (www.steptools.com) 
 */

FILE_DESCRIPTION(
/* description */ (''),
/* implementation_level */ '2;1');

FILE_NAME(
/* name */ '307_2340-PPP_Beacon_mounting_board_v3.step',
/* time_stamp */ '2026-09-18T19:10:41-05:00',
/* author */ (''),
/* organization */ (''),
/* preprocessor_version */ 'ST-DEVELOPER v20.2',
/* originating_system */ 'Autodesk Translation Framework v15.15.0.0',
/* authorisation */ '');

FILE_SCHEMA (('AUTOMOTIVE_DESIGN { 1 0 10303 214 3 1 1 }'));
ENDSEC;

DATA;
#10=MECHANICAL_DESIGN_GEOMETRIC_PRESENTATION_REPRESENTATION('',(#13),#2123);
#11=SHAPE_REPRESENTATION_RELATIONSHIP('SRR','None',#2130,#12);
#12=ADVANCED_BREP_SHAPE_REPRESENTATION('',(#14),#2122);
#13=STYLED_ITEM('',(#2140),#14);
#14=MANIFOLD_SOLID_BREP('Body1',#1229);
#15=TOROIDAL_SURFACE('',#1307,5.,2.);
#16=TOROIDAL_SURFACE('',#1313,5.00000000000001,2.);
#17=TOROIDAL_SURFACE('',#1319,5.00000000000001,2.);
#18=TOROIDAL_SURFACE('',#1325,5.00000000000001,2.);
#19=FACE_BOUND('',#150,.T.);
#20=FACE_BOUND('',#155,.T.);
#21=FACE_BOUND('',#160,.T.);
#22=FACE_BOUND('',#161,.T.);
#23=FACE_BOUND('',#162,.T.);
#24=FACE_BOUND('',#163,.T.);
#25=FACE_BOUND('',#164,.T.);
#26=FACE_BOUND('',#165,.T.);
#27=FACE_BOUND('',#166,.T.);
#28=FACE_BOUND('',#167,.T.);
#29=FACE_BOUND('',#172,.T.);
#30=FACE_BOUND('',#178,.T.);
#31=FACE_BOUND('',#195,.T.);
#32=FACE_BOUND('',#198,.T.);
#33=FACE_BOUND('',#202,.T.);
#34=FACE_BOUND('',#206,.T.);
#35=FACE_BOUND('',#231,.T.);
#36=FACE_BOUND('',#232,.T.);
#37=FACE_BOUND('',#233,.T.);
#38=FACE_BOUND('',#234,.T.);
#39=PLANE('',#1251);
#40=PLANE('',#1254);
#41=PLANE('',#1255);
#42=PLANE('',#1256);
#43=PLANE('',#1257);
#44=PLANE('',#1261);
#45=PLANE('',#1263);
#46=PLANE('',#1288);
#47=PLANE('',#1289);
#48=PLANE('',#1294);
#49=PLANE('',#1297);
#50=PLANE('',#1298);
#51=PLANE('',#1299);
#52=PLANE('',#1300);
#53=PLANE('',#1303);
#54=PLANE('',#1306);
#55=PLANE('',#1334);
#56=PLANE('',#1338);
#57=PLANE('',#1339);
#58=PLANE('',#1343);
#59=PLANE('',#1344);
#60=PLANE('',#1348);
#61=PLANE('',#1349);
#62=PLANE('',#1352);
#63=PLANE('',#1355);
#64=PLANE('',#1358);
#65=PLANE('',#1361);
#66=PLANE('',#1364);
#67=PLANE('',#1367);
#68=PLANE('',#1370);
#69=PLANE('',#1373);
#70=PLANE('',#1374);
#71=PLANE('',#1377);
#72=PLANE('',#1380);
#73=PLANE('',#1381);
#74=PLANE('',#1382);
#75=ELLIPSE('',#1247,6.00000000000047,3.);
#76=ELLIPSE('',#1250,3.46410161513767,3.);
#77=ELLIPSE('',#1266,6.00000000000047,3.);
#78=ELLIPSE('',#1285,3.46410161513767,3.);
#79=FACE_OUTER_BOUND('',#147,.T.);
#80=FACE_OUTER_BOUND('',#148,.T.);
#81=FACE_OUTER_BOUND('',#149,.T.);
#82=FACE_OUTER_BOUND('',#151,.T.);
#83=FACE_OUTER_BOUND('',#152,.T.);
#84=FACE_OUTER_BOUND('',#153,.T.);
#85=FACE_OUTER_BOUND('',#154,.T.);
#86=FACE_OUTER_BOUND('',#156,.T.);
#87=FACE_OUTER_BOUND('',#157,.T.);
#88=FACE_OUTER_BOUND('',#158,.T.);
#89=FACE_OUTER_BOUND('',#159,.T.);
#90=FACE_OUTER_BOUND('',#168,.T.);
#91=FACE_OUTER_BOUND('',#169,.T.);
#92=FACE_OUTER_BOUND('',#170,.T.);
#93=FACE_OUTER_BOUND('',#171,.T.);
#94=FACE_OUTER_BOUND('',#173,.T.);
#95=FACE_OUTER_BOUND('',#174,.T.);
#96=FACE_OUTER_BOUND('',#175,.T.);
#97=FACE_OUTER_BOUND('',#176,.T.);
#98=FACE_OUTER_BOUND('',#177,.T.);
#99=FACE_OUTER_BOUND('',#179,.T.);
#100=FACE_OUTER_BOUND('',#180,.T.);
#101=FACE_OUTER_BOUND('',#181,.T.);
#102=FACE_OUTER_BOUND('',#182,.T.);
#103=FACE_OUTER_BOUND('',#183,.T.);
#104=FACE_OUTER_BOUND('',#184,.T.);
#105=FACE_OUTER_BOUND('',#185,.T.);
#106=FACE_OUTER_BOUND('',#186,.T.);
#107=FACE_OUTER_BOUND('',#187,.T.);
#108=FACE_OUTER_BOUND('',#188,.T.);
#109=FACE_OUTER_BOUND('',#189,.T.);
#110=FACE_OUTER_BOUND('',#190,.T.);
#111=FACE_OUTER_BOUND('',#191,.T.);
#112=FACE_OUTER_BOUND('',#192,.T.);
#113=FACE_OUTER_BOUND('',#193,.T.);
#114=FACE_OUTER_BOUND('',#194,.T.);
#115=FACE_OUTER_BOUND('',#196,.T.);
#116=FACE_OUTER_BOUND('',#197,.T.);
#117=FACE_OUTER_BOUND('',#199,.T.);
#118=FACE_OUTER_BOUND('',#200,.T.);
#119=FACE_OUTER_BOUND('',#201,.T.);
#120=FACE_OUTER_BOUND('',#203,.T.);
#121=FACE_OUTER_BOUND('',#204,.T.);
#122=FACE_OUTER_BOUND('',#205,.T.);
#123=FACE_OUTER_BOUND('',#207,.T.);
#124=FACE_OUTER_BOUND('',#208,.T.);
#125=FACE_OUTER_BOUND('',#209,.T.);
#126=FACE_OUTER_BOUND('',#210,.T.);
#127=FACE_OUTER_BOUND('',#211,.T.);
#128=FACE_OUTER_BOUND('',#212,.T.);
#129=FACE_OUTER_BOUND('',#213,.T.);
#130=FACE_OUTER_BOUND('',#214,.T.);
#131=FACE_OUTER_BOUND('',#215,.T.);
#132=FACE_OUTER_BOUND('',#216,.T.);
#133=FACE_OUTER_BOUND('',#217,.T.);
#134=FACE_OUTER_BOUND('',#218,.T.);
#135=FACE_OUTER_BOUND('',#219,.T.);
#136=FACE_OUTER_BOUND('',#220,.T.);
#137=FACE_OUTER_BOUND('',#221,.T.);
#138=FACE_OUTER_BOUND('',#222,.T.);
#139=FACE_OUTER_BOUND('',#223,.T.);
#140=FACE_OUTER_BOUND('',#224,.T.);
#141=FACE_OUTER_BOUND('',#225,.T.);
#142=FACE_OUTER_BOUND('',#226,.T.);
#143=FACE_OUTER_BOUND('',#227,.T.);
#144=FACE_OUTER_BOUND('',#228,.T.);
#145=FACE_OUTER_BOUND('',#229,.T.);
#146=FACE_OUTER_BOUND('',#230,.T.);
#147=EDGE_LOOP('',(#789,#790,#791,#792));
#148=EDGE_LOOP('',(#793,#794,#795,#796,#797,#798,#799));
#149=EDGE_LOOP('',(#800,#801,#802,#803,#804,#805,#806,#807));
#150=EDGE_LOOP('',(#808));
#151=EDGE_LOOP('',(#809,#810,#811,#812));
#152=EDGE_LOOP('',(#813,#814,#815));
#153=EDGE_LOOP('',(#816,#817,#818));
#154=EDGE_LOOP('',(#819,#820,#821,#822,#823,#824,#825,#826));
#155=EDGE_LOOP('',(#827));
#156=EDGE_LOOP('',(#828,#829,#830,#831));
#157=EDGE_LOOP('',(#832,#833,#834,#835));
#158=EDGE_LOOP('',(#836,#837,#838,#839));
#159=EDGE_LOOP('',(#840,#841,#842,#843,#844,#845,#846,#847,#848,#849,#850,
#851,#852,#853,#854,#855));
#160=EDGE_LOOP('',(#856));
#161=EDGE_LOOP('',(#857));
#162=EDGE_LOOP('',(#858,#859,#860,#861));
#163=EDGE_LOOP('',(#862,#863,#864,#865));
#164=EDGE_LOOP('',(#866,#867,#868,#869));
#165=EDGE_LOOP('',(#870,#871,#872,#873));
#166=EDGE_LOOP('',(#874));
#167=EDGE_LOOP('',(#875));
#168=EDGE_LOOP('',(#876,#877,#878,#879));
#169=EDGE_LOOP('',(#880,#881,#882,#883,#884,#885,#886));
#170=EDGE_LOOP('',(#887,#888,#889));
#171=EDGE_LOOP('',(#890,#891,#892,#893,#894,#895,#896,#897));
#172=EDGE_LOOP('',(#898));
#173=EDGE_LOOP('',(#899,#900,#901,#902));
#174=EDGE_LOOP('',(#903,#904,#905,#906));
#175=EDGE_LOOP('',(#907,#908,#909,#910));
#176=EDGE_LOOP('',(#911,#912,#913,#914));
#177=EDGE_LOOP('',(#915,#916,#917,#918,#919,#920,#921,#922));
#178=EDGE_LOOP('',(#923));
#179=EDGE_LOOP('',(#924,#925,#926));
#180=EDGE_LOOP('',(#927,#928,#929,#930,#931));
#181=EDGE_LOOP('',(#932,#933,#934,#935));
#182=EDGE_LOOP('',(#936,#937,#938,#939,#940));
#183=EDGE_LOOP('',(#941,#942,#943,#944));
#184=EDGE_LOOP('',(#945,#946,#947,#948));
#185=EDGE_LOOP('',(#949,#950,#951,#952,#953));
#186=EDGE_LOOP('',(#954,#955,#956,#957,#958));
#187=EDGE_LOOP('',(#959,#960,#961,#962,#963));
#188=EDGE_LOOP('',(#964,#965,#966,#967,#968));
#189=EDGE_LOOP('',(#969,#970,#971,#972,#973));
#190=EDGE_LOOP('',(#974,#975,#976,#977,#978));
#191=EDGE_LOOP('',(#979,#980,#981,#982,#983));
#192=EDGE_LOOP('',(#984,#985,#986,#987,#988));
#193=EDGE_LOOP('',(#989,#990,#991,#992));
#194=EDGE_LOOP('',(#993));
#195=EDGE_LOOP('',(#994));
#196=EDGE_LOOP('',(#995,#996,#997,#998));
#197=EDGE_LOOP('',(#999));
#198=EDGE_LOOP('',(#1000));
#199=EDGE_LOOP('',(#1001));
#200=EDGE_LOOP('',(#1002,#1003,#1004,#1005));
#201=EDGE_LOOP('',(#1006));
#202=EDGE_LOOP('',(#1007));
#203=EDGE_LOOP('',(#1008));
#204=EDGE_LOOP('',(#1009,#1010,#1011,#1012));
#205=EDGE_LOOP('',(#1013));
#206=EDGE_LOOP('',(#1014));
#207=EDGE_LOOP('',(#1015));
#208=EDGE_LOOP('',(#1016,#1017,#1018,#1019));
#209=EDGE_LOOP('',(#1020,#1021,#1022,#1023));
#210=EDGE_LOOP('',(#1024,#1025,#1026,#1027));
#211=EDGE_LOOP('',(#1028,#1029,#1030,#1031));
#212=EDGE_LOOP('',(#1032,#1033,#1034,#1035));
#213=EDGE_LOOP('',(#1036,#1037,#1038,#1039));
#214=EDGE_LOOP('',(#1040,#1041,#1042,#1043));
#215=EDGE_LOOP('',(#1044,#1045,#1046,#1047));
#216=EDGE_LOOP('',(#1048,#1049,#1050,#1051));
#217=EDGE_LOOP('',(#1052,#1053,#1054,#1055));
#218=EDGE_LOOP('',(#1056,#1057,#1058,#1059));
#219=EDGE_LOOP('',(#1060,#1061,#1062,#1063));
#220=EDGE_LOOP('',(#1064,#1065,#1066,#1067));
#221=EDGE_LOOP('',(#1068,#1069,#1070,#1071));
#222=EDGE_LOOP('',(#1072,#1073,#1074,#1075));
#223=EDGE_LOOP('',(#1076,#1077,#1078,#1079));
#224=EDGE_LOOP('',(#1080,#1081,#1082,#1083,#1084,#1085));
#225=EDGE_LOOP('',(#1086,#1087,#1088,#1089));
#226=EDGE_LOOP('',(#1090,#1091,#1092,#1093));
#227=EDGE_LOOP('',(#1094,#1095,#1096,#1097));
#228=EDGE_LOOP('',(#1098,#1099,#1100,#1101,#1102,#1103));
#229=EDGE_LOOP('',(#1104));
#230=EDGE_LOOP('',(#1105,#1106,#1107,#1108,#1109,#1110,#1111,#1112,#1113,
#1114,#1115,#1116));
#231=EDGE_LOOP('',(#1117,#1118,#1119,#1120));
#232=EDGE_LOOP('',(#1121,#1122,#1123,#1124));
#233=EDGE_LOOP('',(#1125,#1126,#1127,#1128));
#234=EDGE_LOOP('',(#1129,#1130,#1131,#1132));
#235=LINE('',#1770,#335);
#236=LINE('',#1777,#336);
#237=LINE('',#1781,#337);
#238=LINE('',#1785,#338);
#239=LINE('',#1789,#339);
#240=LINE('',#1793,#340);
#241=LINE('',#1797,#341);
#242=LINE('',#1799,#342);
#243=LINE('',#1800,#343);
#244=LINE('',#1803,#344);
#245=LINE('',#1804,#345);
#246=LINE('',#1807,#346);
#247=LINE('',#1808,#347);
#248=LINE('',#1810,#348);
#249=LINE('',#1813,#349);
#250=LINE('',#1815,#350);
#251=LINE('',#1819,#351);
#252=LINE('',#1822,#352);
#253=LINE('',#1824,#353);
#254=LINE('',#1826,#354);
#255=LINE('',#1829,#355);
#256=LINE('',#1833,#356);
#257=LINE('',#1837,#357);
#258=LINE('',#1841,#358);
#259=LINE('',#1843,#359);
#260=LINE('',#1845,#360);
#261=LINE('',#1849,#361);
#262=LINE('',#1852,#362);
#263=LINE('',#1859,#363);
#264=LINE('',#1863,#364);
#265=LINE('',#1867,#365);
#266=LINE('',#1871,#366);
#267=LINE('',#1875,#367);
#268=LINE('',#1879,#368);
#269=LINE('',#1883,#369);
#270=LINE('',#1887,#370);
#271=LINE('',#1897,#371);
#272=LINE('',#1903,#372);
#273=LINE('',#1907,#373);
#274=LINE('',#1910,#374);
#275=LINE('',#1912,#375);
#276=LINE('',#1915,#376);
#277=LINE('',#1919,#377);
#278=LINE('',#1922,#378);
#279=LINE('',#1927,#379);
#280=LINE('',#1928,#380);
#281=LINE('',#1931,#381);
#282=LINE('',#1932,#382);
#283=LINE('',#1936,#383);
#284=LINE('',#1938,#384);
#285=LINE('',#1941,#385);
#286=LINE('',#1943,#386);
#287=LINE('',#1944,#387);
#288=LINE('',#1946,#388);
#289=LINE('',#1949,#389);
#290=LINE('',#1950,#390);
#291=LINE('',#1955,#391);
#292=LINE('',#1956,#392);
#293=LINE('',#1958,#393);
#294=LINE('',#1962,#394);
#295=LINE('',#1964,#395);
#296=LINE('',#1974,#396);
#297=LINE('',#1984,#397);
#298=LINE('',#1994,#398);
#299=LINE('',#2004,#399);
#300=LINE('',#2009,#400);
#301=LINE('',#2016,#401);
#302=LINE('',#2024,#402);
#303=LINE('',#2032,#403);
#304=LINE('',#2040,#404);
#305=LINE('',#2041,#405);
#306=LINE('',#2044,#406);
#307=LINE('',#2045,#407);
#308=LINE('',#2049,#408);
#309=LINE('',#2051,#409);
#310=LINE('',#2056,#410);
#311=LINE('',#2057,#411);
#312=LINE('',#2060,#412);
#313=LINE('',#2061,#413);
#314=LINE('',#2065,#414);
#315=LINE('',#2067,#415);
#316=LINE('',#2072,#416);
#317=LINE('',#2073,#417);
#318=LINE('',#2076,#418);
#319=LINE('',#2077,#419);
#320=LINE('',#2081,#420);
#321=LINE('',#2083,#421);
#322=LINE('',#2088,#422);
#323=LINE('',#2089,#423);
#324=LINE('',#2092,#424);
#325=LINE('',#2093,#425);
#326=LINE('',#2097,#426);
#327=LINE('',#2099,#427);
#328=LINE('',#2102,#428);
#329=LINE('',#2103,#429);
#330=LINE('',#2107,#430);
#331=LINE('',#2110,#431);
#332=LINE('',#2111,#432);
#333=LINE('',#2115,#433);
#334=LINE('',#2117,#434);
#335=VECTOR('',#1389,1.7);
#336=VECTOR('',#1396,10.);
#337=VECTOR('',#1399,10.);
#338=VECTOR('',#1402,10.);
#339=VECTOR('',#1407,10.);
#340=VECTOR('',#1410,10.);
#341=VECTOR('',#1413,10.);
#342=VECTOR('',#1414,10.);
#343=VECTOR('',#1415,10.);
#344=VECTOR('',#1418,10.);
#345=VECTOR('',#1419,10.);
#346=VECTOR('',#1422,10.);
#347=VECTOR('',#1423,10.);
#348=VECTOR('',#1426,10.);
#349=VECTOR('',#1429,10.);
#350=VECTOR('',#1430,10.);
#351=VECTOR('',#1433,10.);
#352=VECTOR('',#1438,10.);
#353=VECTOR('',#1441,10.);
#354=VECTOR('',#1444,10.);
#355=VECTOR('',#1447,10.);
#356=VECTOR('',#1450,10.);
#357=VECTOR('',#1453,10.);
#358=VECTOR('',#1456,10.);
#359=VECTOR('',#1457,10.);
#360=VECTOR('',#1458,10.);
#361=VECTOR('',#1461,10.);
#362=VECTOR('',#1464,10.);
#363=VECTOR('',#1469,10.);
#364=VECTOR('',#1472,10.);
#365=VECTOR('',#1475,10.);
#366=VECTOR('',#1478,10.);
#367=VECTOR('',#1481,10.);
#368=VECTOR('',#1484,10.);
#369=VECTOR('',#1487,10.);
#370=VECTOR('',#1490,10.);
#371=VECTOR('',#1501,1.7);
#372=VECTOR('',#1508,10.);
#373=VECTOR('',#1511,10.);
#374=VECTOR('',#1514,10.);
#375=VECTOR('',#1517,10.);
#376=VECTOR('',#1520,10.);
#377=VECTOR('',#1523,10.);
#378=VECTOR('',#1526,10.);
#379=VECTOR('',#1531,10.);
#380=VECTOR('',#1532,10.);
#381=VECTOR('',#1535,10.);
#382=VECTOR('',#1536,10.);
#383=VECTOR('',#1541,10.);
#384=VECTOR('',#1544,10.);
#385=VECTOR('',#1547,10.);
#386=VECTOR('',#1548,10.);
#387=VECTOR('',#1549,10.);
#388=VECTOR('',#1552,10.);
#389=VECTOR('',#1555,10.);
#390=VECTOR('',#1556,10.);
#391=VECTOR('',#1561,10.);
#392=VECTOR('',#1562,10.);
#393=VECTOR('',#1565,10.);
#394=VECTOR('',#1570,10.);
#395=VECTOR('',#1573,10.);
#396=VECTOR('',#1586,3.);
#397=VECTOR('',#1599,3.00000000000001);
#398=VECTOR('',#1612,3.00000000000001);
#399=VECTOR('',#1625,3.00000000000001);
#400=VECTOR('',#1630,1.6);
#401=VECTOR('',#1639,1.6);
#402=VECTOR('',#1650,1.6);
#403=VECTOR('',#1661,1.6);
#404=VECTOR('',#1672,10.);
#405=VECTOR('',#1673,10.);
#406=VECTOR('',#1676,10.);
#407=VECTOR('',#1677,10.);
#408=VECTOR('',#1682,10.);
#409=VECTOR('',#1685,10.);
#410=VECTOR('',#1690,10.);
#411=VECTOR('',#1691,10.);
#412=VECTOR('',#1694,10.);
#413=VECTOR('',#1695,10.);
#414=VECTOR('',#1700,10.);
#415=VECTOR('',#1703,10.);
#416=VECTOR('',#1708,10.);
#417=VECTOR('',#1709,10.);
#418=VECTOR('',#1712,10.);
#419=VECTOR('',#1713,10.);
#420=VECTOR('',#1718,10.);
#421=VECTOR('',#1721,10.);
#422=VECTOR('',#1726,10.);
#423=VECTOR('',#1727,10.);
#424=VECTOR('',#1730,10.);
#425=VECTOR('',#1731,10.);
#426=VECTOR('',#1736,10.);
#427=VECTOR('',#1739,10.);
#428=VECTOR('',#1742,10.);
#429=VECTOR('',#1743,10.);
#430=VECTOR('',#1748,10.);
#431=VECTOR('',#1751,10.);
#432=VECTOR('',#1752,10.);
#433=VECTOR('',#1757,10.);
#434=VECTOR('',#1760,10.);
#435=CIRCLE('',#1244,1.7);
#436=CIRCLE('',#1245,1.7);
#437=CIRCLE('',#1248,3.);
#438=CIRCLE('',#1249,3.);
#439=CIRCLE('',#1252,3.);
#440=CIRCLE('',#1253,3.);
#441=CIRCLE('',#1258,3.);
#442=CIRCLE('',#1259,3.);
#443=CIRCLE('',#1264,5.);
#444=CIRCLE('',#1265,4.99999999999999);
#445=CIRCLE('',#1267,5.);
#446=CIRCLE('',#1268,5.);
#447=CIRCLE('',#1269,5.);
#448=CIRCLE('',#1270,5.00000000000001);
#449=CIRCLE('',#1271,1.99999999999985);
#450=CIRCLE('',#1272,2.00000000000008);
#451=CIRCLE('',#1273,1.99999999999988);
#452=CIRCLE('',#1274,2.00000000000001);
#453=CIRCLE('',#1275,1.99999999999995);
#454=CIRCLE('',#1276,2.00000000000002);
#455=CIRCLE('',#1277,1.99999999999994);
#456=CIRCLE('',#1278,1.99999999999993);
#457=CIRCLE('',#1279,5.00000000000001);
#458=CIRCLE('',#1280,5.00000000000001);
#459=CIRCLE('',#1282,1.7);
#460=CIRCLE('',#1283,1.7);
#461=CIRCLE('',#1286,3.);
#462=CIRCLE('',#1287,3.);
#463=CIRCLE('',#1290,3.);
#464=CIRCLE('',#1291,3.);
#465=CIRCLE('',#1293,3.);
#466=CIRCLE('',#1296,3.);
#467=CIRCLE('',#1302,5.);
#468=CIRCLE('',#1305,4.99999999999999);
#469=CIRCLE('',#1308,3.);
#470=CIRCLE('',#1309,2.);
#471=CIRCLE('',#1310,3.);
#472=CIRCLE('',#1312,3.);
#473=CIRCLE('',#1314,3.00000000000001);
#474=CIRCLE('',#1315,2.);
#475=CIRCLE('',#1316,3.00000000000001);
#476=CIRCLE('',#1318,3.00000000000001);
#477=CIRCLE('',#1320,3.00000000000001);
#478=CIRCLE('',#1321,2.);
#479=CIRCLE('',#1322,3.00000000000001);
#480=CIRCLE('',#1324,3.00000000000001);
#481=CIRCLE('',#1326,3.00000000000001);
#482=CIRCLE('',#1327,2.);
#483=CIRCLE('',#1328,3.00000000000001);
#484=CIRCLE('',#1330,3.00000000000001);
#485=CIRCLE('',#1332,1.6);
#486=CIRCLE('',#1333,1.6);
#487=CIRCLE('',#1336,1.6);
#488=CIRCLE('',#1337,1.6);
#489=CIRCLE('',#1341,1.6);
#490=CIRCLE('',#1342,1.6);
#491=CIRCLE('',#1346,1.6);
#492=CIRCLE('',#1347,1.6);
#493=CIRCLE('',#1351,2.00000000000008);
#494=CIRCLE('',#1354,1.99999999999985);
#495=CIRCLE('',#1357,2.00000000000001);
#496=CIRCLE('',#1360,1.99999999999988);
#497=CIRCLE('',#1363,2.00000000000002);
#498=CIRCLE('',#1366,1.99999999999995);
#499=CIRCLE('',#1369,1.99999999999993);
#500=CIRCLE('',#1372,1.99999999999994);
#501=CIRCLE('',#1376,5.);
#502=CIRCLE('',#1379,5.);
#503=VERTEX_POINT('',#1767);
#504=VERTEX_POINT('',#1769);
#505=VERTEX_POINT('',#1773);
#506=VERTEX_POINT('',#1774);
#507=VERTEX_POINT('',#1776);
#508=VERTEX_POINT('',#1778);
#509=VERTEX_POINT('',#1780);
#510=VERTEX_POINT('',#1782);
#511=VERTEX_POINT('',#1784);
#512=VERTEX_POINT('',#1788);
#513=VERTEX_POINT('',#1790);
#514=VERTEX_POINT('',#1792);
#515=VERTEX_POINT('',#1794);
#516=VERTEX_POINT('',#1796);
#517=VERTEX_POINT('',#1798);
#518=VERTEX_POINT('',#1802);
#519=VERTEX_POINT('',#1806);
#520=VERTEX_POINT('',#1812);
#521=VERTEX_POINT('',#1814);
#522=VERTEX_POINT('',#1816);
#523=VERTEX_POINT('',#1818);
#524=VERTEX_POINT('',#1828);
#525=VERTEX_POINT('',#1830);
#526=VERTEX_POINT('',#1832);
#527=VERTEX_POINT('',#1834);
#528=VERTEX_POINT('',#1836);
#529=VERTEX_POINT('',#1838);
#530=VERTEX_POINT('',#1840);
#531=VERTEX_POINT('',#1842);
#532=VERTEX_POINT('',#1844);
#533=VERTEX_POINT('',#1846);
#534=VERTEX_POINT('',#1848);
#535=VERTEX_POINT('',#1850);
#536=VERTEX_POINT('',#1853);
#537=VERTEX_POINT('',#1855);
#538=VERTEX_POINT('',#1857);
#539=VERTEX_POINT('',#1858);
#540=VERTEX_POINT('',#1860);
#541=VERTEX_POINT('',#1862);
#542=VERTEX_POINT('',#1865);
#543=VERTEX_POINT('',#1866);
#544=VERTEX_POINT('',#1868);
#545=VERTEX_POINT('',#1870);
#546=VERTEX_POINT('',#1873);
#547=VERTEX_POINT('',#1874);
#548=VERTEX_POINT('',#1876);
#549=VERTEX_POINT('',#1878);
#550=VERTEX_POINT('',#1881);
#551=VERTEX_POINT('',#1882);
#552=VERTEX_POINT('',#1884);
#553=VERTEX_POINT('',#1886);
#554=VERTEX_POINT('',#1889);
#555=VERTEX_POINT('',#1891);
#556=VERTEX_POINT('',#1894);
#557=VERTEX_POINT('',#1896);
#558=VERTEX_POINT('',#1900);
#559=VERTEX_POINT('',#1902);
#560=VERTEX_POINT('',#1904);
#561=VERTEX_POINT('',#1906);
#562=VERTEX_POINT('',#1908);
#563=VERTEX_POINT('',#1914);
#564=VERTEX_POINT('',#1916);
#565=VERTEX_POINT('',#1918);
#566=VERTEX_POINT('',#1920);
#567=VERTEX_POINT('',#1924);
#568=VERTEX_POINT('',#1925);
#569=VERTEX_POINT('',#1930);
#570=VERTEX_POINT('',#1934);
#571=VERTEX_POINT('',#1940);
#572=VERTEX_POINT('',#1942);
#573=VERTEX_POINT('',#1948);
#574=VERTEX_POINT('',#1952);
#575=VERTEX_POINT('',#1953);
#576=VERTEX_POINT('',#1960);
#577=VERTEX_POINT('',#1966);
#578=VERTEX_POINT('',#1967);
#579=VERTEX_POINT('',#1972);
#580=VERTEX_POINT('',#1976);
#581=VERTEX_POINT('',#1977);
#582=VERTEX_POINT('',#1982);
#583=VERTEX_POINT('',#1986);
#584=VERTEX_POINT('',#1987);
#585=VERTEX_POINT('',#1992);
#586=VERTEX_POINT('',#1996);
#587=VERTEX_POINT('',#1997);
#588=VERTEX_POINT('',#2002);
#589=VERTEX_POINT('',#2006);
#590=VERTEX_POINT('',#2008);
#591=VERTEX_POINT('',#2013);
#592=VERTEX_POINT('',#2015);
#593=VERTEX_POINT('',#2021);
#594=VERTEX_POINT('',#2023);
#595=VERTEX_POINT('',#2029);
#596=VERTEX_POINT('',#2031);
#597=VERTEX_POINT('',#2037);
#598=VERTEX_POINT('',#2038);
#599=VERTEX_POINT('',#2043);
#600=VERTEX_POINT('',#2047);
#601=VERTEX_POINT('',#2053);
#602=VERTEX_POINT('',#2054);
#603=VERTEX_POINT('',#2059);
#604=VERTEX_POINT('',#2063);
#605=VERTEX_POINT('',#2069);
#606=VERTEX_POINT('',#2070);
#607=VERTEX_POINT('',#2075);
#608=VERTEX_POINT('',#2079);
#609=VERTEX_POINT('',#2085);
#610=VERTEX_POINT('',#2086);
#611=VERTEX_POINT('',#2091);
#612=VERTEX_POINT('',#2095);
#613=VERTEX_POINT('',#2101);
#614=VERTEX_POINT('',#2105);
#615=VERTEX_POINT('',#2109);
#616=VERTEX_POINT('',#2113);
#617=EDGE_CURVE('',#503,#503,#435,.T.);
#618=EDGE_CURVE('',#503,#504,#235,.T.);
#619=EDGE_CURVE('',#504,#504,#436,.T.);
#620=EDGE_CURVE('',#505,#506,#75,.T.);
#621=EDGE_CURVE('',#505,#507,#236,.T.);
#622=EDGE_CURVE('',#507,#508,#437,.T.);
#623=EDGE_CURVE('',#508,#509,#237,.T.);
#624=EDGE_CURVE('',#509,#510,#438,.T.);
#625=EDGE_CURVE('',#510,#511,#238,.T.);
#626=EDGE_CURVE('',#506,#511,#76,.T.);
#627=EDGE_CURVE('',#509,#512,#239,.T.);
#628=EDGE_CURVE('',#513,#512,#439,.T.);
#629=EDGE_CURVE('',#514,#513,#240,.T.);
#630=EDGE_CURVE('',#515,#514,#440,.T.);
#631=EDGE_CURVE('',#516,#515,#241,.T.);
#632=EDGE_CURVE('',#517,#516,#242,.T.);
#633=EDGE_CURVE('',#517,#510,#243,.T.);
#634=EDGE_CURVE('',#518,#508,#244,.T.);
#635=EDGE_CURVE('',#512,#518,#245,.T.);
#636=EDGE_CURVE('',#519,#505,#246,.T.);
#637=EDGE_CURVE('',#507,#519,#247,.T.);
#638=EDGE_CURVE('',#511,#517,#248,.T.);
#639=EDGE_CURVE('',#520,#519,#249,.T.);
#640=EDGE_CURVE('',#521,#520,#250,.T.);
#641=EDGE_CURVE('',#522,#521,#441,.T.);
#642=EDGE_CURVE('',#522,#523,#251,.T.);
#643=EDGE_CURVE('',#518,#523,#442,.T.);
#644=EDGE_CURVE('',#523,#513,#252,.T.);
#645=EDGE_CURVE('',#514,#522,#253,.T.);
#646=EDGE_CURVE('',#521,#515,#254,.T.);
#647=EDGE_CURVE('',#506,#524,#255,.F.);
#648=EDGE_CURVE('',#525,#524,#443,.T.);
#649=EDGE_CURVE('',#525,#526,#256,.T.);
#650=EDGE_CURVE('',#527,#526,#444,.T.);
#651=EDGE_CURVE('',#527,#528,#257,.F.);
#652=EDGE_CURVE('',#528,#529,#77,.T.);
#653=EDGE_CURVE('',#529,#530,#258,.T.);
#654=EDGE_CURVE('',#530,#531,#259,.T.);
#655=EDGE_CURVE('',#531,#532,#260,.T.);
#656=EDGE_CURVE('',#532,#533,#445,.T.);
#657=EDGE_CURVE('',#533,#534,#261,.T.);
#658=EDGE_CURVE('',#534,#535,#446,.T.);
#659=EDGE_CURVE('',#535,#520,#262,.T.);
#660=EDGE_CURVE('',#536,#536,#447,.T.);
#661=EDGE_CURVE('',#537,#537,#448,.T.);
#662=EDGE_CURVE('',#538,#539,#263,.T.);
#663=EDGE_CURVE('',#539,#540,#449,.T.);
#664=EDGE_CURVE('',#540,#541,#264,.T.);
#665=EDGE_CURVE('',#541,#538,#450,.T.);
#666=EDGE_CURVE('',#542,#543,#265,.T.);
#667=EDGE_CURVE('',#543,#544,#451,.T.);
#668=EDGE_CURVE('',#544,#545,#266,.T.);
#669=EDGE_CURVE('',#545,#542,#452,.T.);
#670=EDGE_CURVE('',#546,#547,#267,.T.);
#671=EDGE_CURVE('',#547,#548,#453,.T.);
#672=EDGE_CURVE('',#548,#549,#268,.T.);
#673=EDGE_CURVE('',#549,#546,#454,.T.);
#674=EDGE_CURVE('',#550,#551,#269,.T.);
#675=EDGE_CURVE('',#551,#552,#455,.T.);
#676=EDGE_CURVE('',#552,#553,#270,.T.);
#677=EDGE_CURVE('',#553,#550,#456,.T.);
#678=EDGE_CURVE('',#554,#554,#457,.T.);
#679=EDGE_CURVE('',#555,#555,#458,.T.);
#680=EDGE_CURVE('',#556,#556,#459,.T.);
#681=EDGE_CURVE('',#556,#557,#271,.T.);
#682=EDGE_CURVE('',#557,#557,#460,.T.);
#683=EDGE_CURVE('',#558,#528,#78,.T.);
#684=EDGE_CURVE('',#558,#559,#272,.T.);
#685=EDGE_CURVE('',#559,#560,#461,.T.);
#686=EDGE_CURVE('',#560,#561,#273,.T.);
#687=EDGE_CURVE('',#561,#562,#462,.T.);
#688=EDGE_CURVE('',#562,#529,#274,.T.);
#689=EDGE_CURVE('',#562,#530,#275,.T.);
#690=EDGE_CURVE('',#561,#563,#276,.T.);
#691=EDGE_CURVE('',#564,#563,#463,.T.);
#692=EDGE_CURVE('',#565,#564,#277,.T.);
#693=EDGE_CURVE('',#566,#565,#464,.T.);
#694=EDGE_CURVE('',#566,#531,#278,.T.);
#695=EDGE_CURVE('',#567,#568,#465,.T.);
#696=EDGE_CURVE('',#568,#564,#279,.T.);
#697=EDGE_CURVE('',#563,#567,#280,.T.);
#698=EDGE_CURVE('',#569,#568,#281,.T.);
#699=EDGE_CURVE('',#565,#569,#282,.T.);
#700=EDGE_CURVE('',#569,#570,#466,.T.);
#701=EDGE_CURVE('',#570,#566,#283,.T.);
#702=EDGE_CURVE('',#567,#560,#284,.T.);
#703=EDGE_CURVE('',#571,#559,#285,.T.);
#704=EDGE_CURVE('',#572,#571,#286,.T.);
#705=EDGE_CURVE('',#572,#570,#287,.T.);
#706=EDGE_CURVE('',#571,#558,#288,.T.);
#707=EDGE_CURVE('',#573,#527,#289,.T.);
#708=EDGE_CURVE('',#571,#573,#290,.T.);
#709=EDGE_CURVE('',#574,#575,#467,.T.);
#710=EDGE_CURVE('',#575,#525,#291,.T.);
#711=EDGE_CURVE('',#524,#574,#292,.T.);
#712=EDGE_CURVE('',#574,#517,#293,.T.);
#713=EDGE_CURVE('',#576,#573,#468,.T.);
#714=EDGE_CURVE('',#526,#576,#294,.T.);
#715=EDGE_CURVE('',#576,#575,#295,.T.);
#716=EDGE_CURVE('',#577,#578,#469,.T.);
#717=EDGE_CURVE('',#578,#536,#470,.T.);
#718=EDGE_CURVE('',#578,#577,#471,.T.);
#719=EDGE_CURVE('',#579,#579,#472,.T.);
#720=EDGE_CURVE('',#579,#577,#296,.T.);
#721=EDGE_CURVE('',#580,#581,#473,.T.);
#722=EDGE_CURVE('',#581,#555,#474,.T.);
#723=EDGE_CURVE('',#581,#580,#475,.T.);
#724=EDGE_CURVE('',#582,#582,#476,.T.);
#725=EDGE_CURVE('',#582,#580,#297,.T.);
#726=EDGE_CURVE('',#583,#584,#477,.T.);
#727=EDGE_CURVE('',#584,#537,#478,.T.);
#728=EDGE_CURVE('',#584,#583,#479,.T.);
#729=EDGE_CURVE('',#585,#585,#480,.T.);
#730=EDGE_CURVE('',#585,#583,#298,.T.);
#731=EDGE_CURVE('',#586,#587,#481,.T.);
#732=EDGE_CURVE('',#587,#554,#482,.T.);
#733=EDGE_CURVE('',#587,#586,#483,.T.);
#734=EDGE_CURVE('',#588,#588,#484,.T.);
#735=EDGE_CURVE('',#588,#586,#299,.T.);
#736=EDGE_CURVE('',#589,#589,#485,.T.);
#737=EDGE_CURVE('',#589,#590,#300,.T.);
#738=EDGE_CURVE('',#590,#590,#486,.T.);
#739=EDGE_CURVE('',#591,#591,#487,.T.);
#740=EDGE_CURVE('',#591,#592,#301,.T.);
#741=EDGE_CURVE('',#592,#592,#488,.T.);
#742=EDGE_CURVE('',#593,#593,#489,.T.);
#743=EDGE_CURVE('',#593,#594,#302,.T.);
#744=EDGE_CURVE('',#594,#594,#490,.T.);
#745=EDGE_CURVE('',#595,#595,#491,.T.);
#746=EDGE_CURVE('',#595,#596,#303,.T.);
#747=EDGE_CURVE('',#596,#596,#492,.T.);
#748=EDGE_CURVE('',#597,#598,#493,.T.);
#749=EDGE_CURVE('',#598,#538,#304,.T.);
#750=EDGE_CURVE('',#597,#541,#305,.T.);
#751=EDGE_CURVE('',#599,#597,#306,.T.);
#752=EDGE_CURVE('',#599,#540,#307,.T.);
#753=EDGE_CURVE('',#600,#599,#494,.T.);
#754=EDGE_CURVE('',#600,#539,#308,.T.);
#755=EDGE_CURVE('',#598,#600,#309,.T.);
#756=EDGE_CURVE('',#601,#602,#495,.T.);
#757=EDGE_CURVE('',#602,#542,#310,.T.);
#758=EDGE_CURVE('',#601,#545,#311,.T.);
#759=EDGE_CURVE('',#603,#601,#312,.T.);
#760=EDGE_CURVE('',#603,#544,#313,.T.);
#761=EDGE_CURVE('',#604,#603,#496,.T.);
#762=EDGE_CURVE('',#604,#543,#314,.T.);
#763=EDGE_CURVE('',#602,#604,#315,.T.);
#764=EDGE_CURVE('',#605,#606,#497,.T.);
#765=EDGE_CURVE('',#606,#546,#316,.T.);
#766=EDGE_CURVE('',#605,#549,#317,.T.);
#767=EDGE_CURVE('',#607,#605,#318,.T.);
#768=EDGE_CURVE('',#607,#548,#319,.T.);
#769=EDGE_CURVE('',#608,#607,#498,.T.);
#770=EDGE_CURVE('',#608,#547,#320,.T.);
#771=EDGE_CURVE('',#606,#608,#321,.T.);
#772=EDGE_CURVE('',#609,#610,#499,.T.);
#773=EDGE_CURVE('',#610,#550,#322,.T.);
#774=EDGE_CURVE('',#609,#553,#323,.T.);
#775=EDGE_CURVE('',#611,#609,#324,.T.);
#776=EDGE_CURVE('',#611,#552,#325,.T.);
#777=EDGE_CURVE('',#612,#611,#500,.T.);
#778=EDGE_CURVE('',#612,#551,#326,.T.);
#779=EDGE_CURVE('',#610,#612,#327,.T.);
#780=EDGE_CURVE('',#613,#535,#328,.T.);
#781=EDGE_CURVE('',#516,#613,#329,.T.);
#782=EDGE_CURVE('',#614,#613,#501,.T.);
#783=EDGE_CURVE('',#614,#534,#330,.T.);
#784=EDGE_CURVE('',#614,#615,#331,.T.);
#785=EDGE_CURVE('',#615,#533,#332,.T.);
#786=EDGE_CURVE('',#616,#615,#502,.T.);
#787=EDGE_CURVE('',#616,#532,#333,.T.);
#788=EDGE_CURVE('',#616,#572,#334,.T.);
#789=ORIENTED_EDGE('',*,*,#617,.F.);
#790=ORIENTED_EDGE('',*,*,#618,.T.);
#791=ORIENTED_EDGE('',*,*,#619,.F.);
#792=ORIENTED_EDGE('',*,*,#618,.F.);
#793=ORIENTED_EDGE('',*,*,#620,.F.);
#794=ORIENTED_EDGE('',*,*,#621,.T.);
#795=ORIENTED_EDGE('',*,*,#622,.T.);
#796=ORIENTED_EDGE('',*,*,#623,.T.);
#797=ORIENTED_EDGE('',*,*,#624,.T.);
#798=ORIENTED_EDGE('',*,*,#625,.T.);
#799=ORIENTED_EDGE('',*,*,#626,.F.);
#800=ORIENTED_EDGE('',*,*,#624,.F.);
#801=ORIENTED_EDGE('',*,*,#627,.T.);
#802=ORIENTED_EDGE('',*,*,#628,.F.);
#803=ORIENTED_EDGE('',*,*,#629,.F.);
#804=ORIENTED_EDGE('',*,*,#630,.F.);
#805=ORIENTED_EDGE('',*,*,#631,.F.);
#806=ORIENTED_EDGE('',*,*,#632,.F.);
#807=ORIENTED_EDGE('',*,*,#633,.T.);
#808=ORIENTED_EDGE('',*,*,#619,.T.);
#809=ORIENTED_EDGE('',*,*,#623,.F.);
#810=ORIENTED_EDGE('',*,*,#634,.F.);
#811=ORIENTED_EDGE('',*,*,#635,.F.);
#812=ORIENTED_EDGE('',*,*,#627,.F.);
#813=ORIENTED_EDGE('',*,*,#621,.F.);
#814=ORIENTED_EDGE('',*,*,#636,.F.);
#815=ORIENTED_EDGE('',*,*,#637,.F.);
#816=ORIENTED_EDGE('',*,*,#625,.F.);
#817=ORIENTED_EDGE('',*,*,#633,.F.);
#818=ORIENTED_EDGE('',*,*,#638,.F.);
#819=ORIENTED_EDGE('',*,*,#622,.F.);
#820=ORIENTED_EDGE('',*,*,#637,.T.);
#821=ORIENTED_EDGE('',*,*,#639,.F.);
#822=ORIENTED_EDGE('',*,*,#640,.F.);
#823=ORIENTED_EDGE('',*,*,#641,.F.);
#824=ORIENTED_EDGE('',*,*,#642,.T.);
#825=ORIENTED_EDGE('',*,*,#643,.F.);
#826=ORIENTED_EDGE('',*,*,#634,.T.);
#827=ORIENTED_EDGE('',*,*,#617,.T.);
#828=ORIENTED_EDGE('',*,*,#643,.T.);
#829=ORIENTED_EDGE('',*,*,#644,.T.);
#830=ORIENTED_EDGE('',*,*,#628,.T.);
#831=ORIENTED_EDGE('',*,*,#635,.T.);
#832=ORIENTED_EDGE('',*,*,#644,.F.);
#833=ORIENTED_EDGE('',*,*,#642,.F.);
#834=ORIENTED_EDGE('',*,*,#645,.F.);
#835=ORIENTED_EDGE('',*,*,#629,.T.);
#836=ORIENTED_EDGE('',*,*,#641,.T.);
#837=ORIENTED_EDGE('',*,*,#646,.T.);
#838=ORIENTED_EDGE('',*,*,#630,.T.);
#839=ORIENTED_EDGE('',*,*,#645,.T.);
#840=ORIENTED_EDGE('',*,*,#639,.T.);
#841=ORIENTED_EDGE('',*,*,#636,.T.);
#842=ORIENTED_EDGE('',*,*,#620,.T.);
#843=ORIENTED_EDGE('',*,*,#647,.T.);
#844=ORIENTED_EDGE('',*,*,#648,.F.);
#845=ORIENTED_EDGE('',*,*,#649,.T.);
#846=ORIENTED_EDGE('',*,*,#650,.F.);
#847=ORIENTED_EDGE('',*,*,#651,.T.);
#848=ORIENTED_EDGE('',*,*,#652,.T.);
#849=ORIENTED_EDGE('',*,*,#653,.T.);
#850=ORIENTED_EDGE('',*,*,#654,.T.);
#851=ORIENTED_EDGE('',*,*,#655,.T.);
#852=ORIENTED_EDGE('',*,*,#656,.T.);
#853=ORIENTED_EDGE('',*,*,#657,.T.);
#854=ORIENTED_EDGE('',*,*,#658,.T.);
#855=ORIENTED_EDGE('',*,*,#659,.T.);
#856=ORIENTED_EDGE('',*,*,#660,.F.);
#857=ORIENTED_EDGE('',*,*,#661,.F.);
#858=ORIENTED_EDGE('',*,*,#662,.T.);
#859=ORIENTED_EDGE('',*,*,#663,.T.);
#860=ORIENTED_EDGE('',*,*,#664,.T.);
#861=ORIENTED_EDGE('',*,*,#665,.T.);
#862=ORIENTED_EDGE('',*,*,#666,.T.);
#863=ORIENTED_EDGE('',*,*,#667,.T.);
#864=ORIENTED_EDGE('',*,*,#668,.T.);
#865=ORIENTED_EDGE('',*,*,#669,.T.);
#866=ORIENTED_EDGE('',*,*,#670,.T.);
#867=ORIENTED_EDGE('',*,*,#671,.T.);
#868=ORIENTED_EDGE('',*,*,#672,.T.);
#869=ORIENTED_EDGE('',*,*,#673,.T.);
#870=ORIENTED_EDGE('',*,*,#674,.T.);
#871=ORIENTED_EDGE('',*,*,#675,.T.);
#872=ORIENTED_EDGE('',*,*,#676,.T.);
#873=ORIENTED_EDGE('',*,*,#677,.T.);
#874=ORIENTED_EDGE('',*,*,#678,.F.);
#875=ORIENTED_EDGE('',*,*,#679,.F.);
#876=ORIENTED_EDGE('',*,*,#680,.F.);
#877=ORIENTED_EDGE('',*,*,#681,.T.);
#878=ORIENTED_EDGE('',*,*,#682,.F.);
#879=ORIENTED_EDGE('',*,*,#681,.F.);
#880=ORIENTED_EDGE('',*,*,#683,.F.);
#881=ORIENTED_EDGE('',*,*,#684,.T.);
#882=ORIENTED_EDGE('',*,*,#685,.T.);
#883=ORIENTED_EDGE('',*,*,#686,.T.);
#884=ORIENTED_EDGE('',*,*,#687,.T.);
#885=ORIENTED_EDGE('',*,*,#688,.T.);
#886=ORIENTED_EDGE('',*,*,#652,.F.);
#887=ORIENTED_EDGE('',*,*,#688,.F.);
#888=ORIENTED_EDGE('',*,*,#689,.T.);
#889=ORIENTED_EDGE('',*,*,#653,.F.);
#890=ORIENTED_EDGE('',*,*,#687,.F.);
#891=ORIENTED_EDGE('',*,*,#690,.T.);
#892=ORIENTED_EDGE('',*,*,#691,.F.);
#893=ORIENTED_EDGE('',*,*,#692,.F.);
#894=ORIENTED_EDGE('',*,*,#693,.F.);
#895=ORIENTED_EDGE('',*,*,#694,.T.);
#896=ORIENTED_EDGE('',*,*,#654,.F.);
#897=ORIENTED_EDGE('',*,*,#689,.F.);
#898=ORIENTED_EDGE('',*,*,#680,.T.);
#899=ORIENTED_EDGE('',*,*,#695,.T.);
#900=ORIENTED_EDGE('',*,*,#696,.T.);
#901=ORIENTED_EDGE('',*,*,#691,.T.);
#902=ORIENTED_EDGE('',*,*,#697,.T.);
#903=ORIENTED_EDGE('',*,*,#696,.F.);
#904=ORIENTED_EDGE('',*,*,#698,.F.);
#905=ORIENTED_EDGE('',*,*,#699,.F.);
#906=ORIENTED_EDGE('',*,*,#692,.T.);
#907=ORIENTED_EDGE('',*,*,#693,.T.);
#908=ORIENTED_EDGE('',*,*,#699,.T.);
#909=ORIENTED_EDGE('',*,*,#700,.T.);
#910=ORIENTED_EDGE('',*,*,#701,.T.);
#911=ORIENTED_EDGE('',*,*,#686,.F.);
#912=ORIENTED_EDGE('',*,*,#702,.F.);
#913=ORIENTED_EDGE('',*,*,#697,.F.);
#914=ORIENTED_EDGE('',*,*,#690,.F.);
#915=ORIENTED_EDGE('',*,*,#685,.F.);
#916=ORIENTED_EDGE('',*,*,#703,.F.);
#917=ORIENTED_EDGE('',*,*,#704,.F.);
#918=ORIENTED_EDGE('',*,*,#705,.T.);
#919=ORIENTED_EDGE('',*,*,#700,.F.);
#920=ORIENTED_EDGE('',*,*,#698,.T.);
#921=ORIENTED_EDGE('',*,*,#695,.F.);
#922=ORIENTED_EDGE('',*,*,#702,.T.);
#923=ORIENTED_EDGE('',*,*,#682,.T.);
#924=ORIENTED_EDGE('',*,*,#684,.F.);
#925=ORIENTED_EDGE('',*,*,#706,.F.);
#926=ORIENTED_EDGE('',*,*,#703,.T.);
#927=ORIENTED_EDGE('',*,*,#706,.T.);
#928=ORIENTED_EDGE('',*,*,#683,.T.);
#929=ORIENTED_EDGE('',*,*,#651,.F.);
#930=ORIENTED_EDGE('',*,*,#707,.F.);
#931=ORIENTED_EDGE('',*,*,#708,.F.);
#932=ORIENTED_EDGE('',*,*,#709,.T.);
#933=ORIENTED_EDGE('',*,*,#710,.T.);
#934=ORIENTED_EDGE('',*,*,#648,.T.);
#935=ORIENTED_EDGE('',*,*,#711,.T.);
#936=ORIENTED_EDGE('',*,*,#638,.T.);
#937=ORIENTED_EDGE('',*,*,#712,.F.);
#938=ORIENTED_EDGE('',*,*,#711,.F.);
#939=ORIENTED_EDGE('',*,*,#647,.F.);
#940=ORIENTED_EDGE('',*,*,#626,.T.);
#941=ORIENTED_EDGE('',*,*,#713,.T.);
#942=ORIENTED_EDGE('',*,*,#707,.T.);
#943=ORIENTED_EDGE('',*,*,#650,.T.);
#944=ORIENTED_EDGE('',*,*,#714,.T.);
#945=ORIENTED_EDGE('',*,*,#710,.F.);
#946=ORIENTED_EDGE('',*,*,#715,.F.);
#947=ORIENTED_EDGE('',*,*,#714,.F.);
#948=ORIENTED_EDGE('',*,*,#649,.F.);
#949=ORIENTED_EDGE('',*,*,#716,.T.);
#950=ORIENTED_EDGE('',*,*,#717,.T.);
#951=ORIENTED_EDGE('',*,*,#660,.T.);
#952=ORIENTED_EDGE('',*,*,#717,.F.);
#953=ORIENTED_EDGE('',*,*,#718,.T.);
#954=ORIENTED_EDGE('',*,*,#719,.F.);
#955=ORIENTED_EDGE('',*,*,#720,.T.);
#956=ORIENTED_EDGE('',*,*,#718,.F.);
#957=ORIENTED_EDGE('',*,*,#716,.F.);
#958=ORIENTED_EDGE('',*,*,#720,.F.);
#959=ORIENTED_EDGE('',*,*,#721,.T.);
#960=ORIENTED_EDGE('',*,*,#722,.T.);
#961=ORIENTED_EDGE('',*,*,#679,.T.);
#962=ORIENTED_EDGE('',*,*,#722,.F.);
#963=ORIENTED_EDGE('',*,*,#723,.T.);
#964=ORIENTED_EDGE('',*,*,#724,.F.);
#965=ORIENTED_EDGE('',*,*,#725,.T.);
#966=ORIENTED_EDGE('',*,*,#723,.F.);
#967=ORIENTED_EDGE('',*,*,#721,.F.);
#968=ORIENTED_EDGE('',*,*,#725,.F.);
#969=ORIENTED_EDGE('',*,*,#726,.T.);
#970=ORIENTED_EDGE('',*,*,#727,.T.);
#971=ORIENTED_EDGE('',*,*,#661,.T.);
#972=ORIENTED_EDGE('',*,*,#727,.F.);
#973=ORIENTED_EDGE('',*,*,#728,.T.);
#974=ORIENTED_EDGE('',*,*,#729,.F.);
#975=ORIENTED_EDGE('',*,*,#730,.T.);
#976=ORIENTED_EDGE('',*,*,#728,.F.);
#977=ORIENTED_EDGE('',*,*,#726,.F.);
#978=ORIENTED_EDGE('',*,*,#730,.F.);
#979=ORIENTED_EDGE('',*,*,#731,.T.);
#980=ORIENTED_EDGE('',*,*,#732,.T.);
#981=ORIENTED_EDGE('',*,*,#678,.T.);
#982=ORIENTED_EDGE('',*,*,#732,.F.);
#983=ORIENTED_EDGE('',*,*,#733,.T.);
#984=ORIENTED_EDGE('',*,*,#734,.F.);
#985=ORIENTED_EDGE('',*,*,#735,.T.);
#986=ORIENTED_EDGE('',*,*,#733,.F.);
#987=ORIENTED_EDGE('',*,*,#731,.F.);
#988=ORIENTED_EDGE('',*,*,#735,.F.);
#989=ORIENTED_EDGE('',*,*,#736,.F.);
#990=ORIENTED_EDGE('',*,*,#737,.T.);
#991=ORIENTED_EDGE('',*,*,#738,.F.);
#992=ORIENTED_EDGE('',*,*,#737,.F.);
#993=ORIENTED_EDGE('',*,*,#734,.T.);
#994=ORIENTED_EDGE('',*,*,#736,.T.);
#995=ORIENTED_EDGE('',*,*,#739,.F.);
#996=ORIENTED_EDGE('',*,*,#740,.T.);
#997=ORIENTED_EDGE('',*,*,#741,.F.);
#998=ORIENTED_EDGE('',*,*,#740,.F.);
#999=ORIENTED_EDGE('',*,*,#724,.T.);
#1000=ORIENTED_EDGE('',*,*,#739,.T.);
#1001=ORIENTED_EDGE('',*,*,#738,.T.);
#1002=ORIENTED_EDGE('',*,*,#742,.F.);
#1003=ORIENTED_EDGE('',*,*,#743,.T.);
#1004=ORIENTED_EDGE('',*,*,#744,.F.);
#1005=ORIENTED_EDGE('',*,*,#743,.F.);
#1006=ORIENTED_EDGE('',*,*,#729,.T.);
#1007=ORIENTED_EDGE('',*,*,#742,.T.);
#1008=ORIENTED_EDGE('',*,*,#741,.T.);
#1009=ORIENTED_EDGE('',*,*,#745,.F.);
#1010=ORIENTED_EDGE('',*,*,#746,.T.);
#1011=ORIENTED_EDGE('',*,*,#747,.F.);
#1012=ORIENTED_EDGE('',*,*,#746,.F.);
#1013=ORIENTED_EDGE('',*,*,#719,.T.);
#1014=ORIENTED_EDGE('',*,*,#745,.T.);
#1015=ORIENTED_EDGE('',*,*,#744,.T.);
#1016=ORIENTED_EDGE('',*,*,#748,.T.);
#1017=ORIENTED_EDGE('',*,*,#749,.T.);
#1018=ORIENTED_EDGE('',*,*,#665,.F.);
#1019=ORIENTED_EDGE('',*,*,#750,.F.);
#1020=ORIENTED_EDGE('',*,*,#751,.T.);
#1021=ORIENTED_EDGE('',*,*,#750,.T.);
#1022=ORIENTED_EDGE('',*,*,#664,.F.);
#1023=ORIENTED_EDGE('',*,*,#752,.F.);
#1024=ORIENTED_EDGE('',*,*,#753,.T.);
#1025=ORIENTED_EDGE('',*,*,#752,.T.);
#1026=ORIENTED_EDGE('',*,*,#663,.F.);
#1027=ORIENTED_EDGE('',*,*,#754,.F.);
#1028=ORIENTED_EDGE('',*,*,#755,.T.);
#1029=ORIENTED_EDGE('',*,*,#754,.T.);
#1030=ORIENTED_EDGE('',*,*,#662,.F.);
#1031=ORIENTED_EDGE('',*,*,#749,.F.);
#1032=ORIENTED_EDGE('',*,*,#756,.T.);
#1033=ORIENTED_EDGE('',*,*,#757,.T.);
#1034=ORIENTED_EDGE('',*,*,#669,.F.);
#1035=ORIENTED_EDGE('',*,*,#758,.F.);
#1036=ORIENTED_EDGE('',*,*,#759,.T.);
#1037=ORIENTED_EDGE('',*,*,#758,.T.);
#1038=ORIENTED_EDGE('',*,*,#668,.F.);
#1039=ORIENTED_EDGE('',*,*,#760,.F.);
#1040=ORIENTED_EDGE('',*,*,#761,.T.);
#1041=ORIENTED_EDGE('',*,*,#760,.T.);
#1042=ORIENTED_EDGE('',*,*,#667,.F.);
#1043=ORIENTED_EDGE('',*,*,#762,.F.);
#1044=ORIENTED_EDGE('',*,*,#763,.T.);
#1045=ORIENTED_EDGE('',*,*,#762,.T.);
#1046=ORIENTED_EDGE('',*,*,#666,.F.);
#1047=ORIENTED_EDGE('',*,*,#757,.F.);
#1048=ORIENTED_EDGE('',*,*,#764,.T.);
#1049=ORIENTED_EDGE('',*,*,#765,.T.);
#1050=ORIENTED_EDGE('',*,*,#673,.F.);
#1051=ORIENTED_EDGE('',*,*,#766,.F.);
#1052=ORIENTED_EDGE('',*,*,#767,.T.);
#1053=ORIENTED_EDGE('',*,*,#766,.T.);
#1054=ORIENTED_EDGE('',*,*,#672,.F.);
#1055=ORIENTED_EDGE('',*,*,#768,.F.);
#1056=ORIENTED_EDGE('',*,*,#769,.T.);
#1057=ORIENTED_EDGE('',*,*,#768,.T.);
#1058=ORIENTED_EDGE('',*,*,#671,.F.);
#1059=ORIENTED_EDGE('',*,*,#770,.F.);
#1060=ORIENTED_EDGE('',*,*,#771,.T.);
#1061=ORIENTED_EDGE('',*,*,#770,.T.);
#1062=ORIENTED_EDGE('',*,*,#670,.F.);
#1063=ORIENTED_EDGE('',*,*,#765,.F.);
#1064=ORIENTED_EDGE('',*,*,#772,.T.);
#1065=ORIENTED_EDGE('',*,*,#773,.T.);
#1066=ORIENTED_EDGE('',*,*,#677,.F.);
#1067=ORIENTED_EDGE('',*,*,#774,.F.);
#1068=ORIENTED_EDGE('',*,*,#775,.T.);
#1069=ORIENTED_EDGE('',*,*,#774,.T.);
#1070=ORIENTED_EDGE('',*,*,#676,.F.);
#1071=ORIENTED_EDGE('',*,*,#776,.F.);
#1072=ORIENTED_EDGE('',*,*,#777,.T.);
#1073=ORIENTED_EDGE('',*,*,#776,.T.);
#1074=ORIENTED_EDGE('',*,*,#675,.F.);
#1075=ORIENTED_EDGE('',*,*,#778,.F.);
#1076=ORIENTED_EDGE('',*,*,#779,.T.);
#1077=ORIENTED_EDGE('',*,*,#778,.T.);
#1078=ORIENTED_EDGE('',*,*,#674,.F.);
#1079=ORIENTED_EDGE('',*,*,#773,.F.);
#1080=ORIENTED_EDGE('',*,*,#646,.F.);
#1081=ORIENTED_EDGE('',*,*,#640,.T.);
#1082=ORIENTED_EDGE('',*,*,#659,.F.);
#1083=ORIENTED_EDGE('',*,*,#780,.F.);
#1084=ORIENTED_EDGE('',*,*,#781,.F.);
#1085=ORIENTED_EDGE('',*,*,#631,.T.);
#1086=ORIENTED_EDGE('',*,*,#782,.T.);
#1087=ORIENTED_EDGE('',*,*,#780,.T.);
#1088=ORIENTED_EDGE('',*,*,#658,.F.);
#1089=ORIENTED_EDGE('',*,*,#783,.F.);
#1090=ORIENTED_EDGE('',*,*,#784,.F.);
#1091=ORIENTED_EDGE('',*,*,#783,.T.);
#1092=ORIENTED_EDGE('',*,*,#657,.F.);
#1093=ORIENTED_EDGE('',*,*,#785,.F.);
#1094=ORIENTED_EDGE('',*,*,#786,.T.);
#1095=ORIENTED_EDGE('',*,*,#785,.T.);
#1096=ORIENTED_EDGE('',*,*,#656,.F.);
#1097=ORIENTED_EDGE('',*,*,#787,.F.);
#1098=ORIENTED_EDGE('',*,*,#701,.F.);
#1099=ORIENTED_EDGE('',*,*,#705,.F.);
#1100=ORIENTED_EDGE('',*,*,#788,.F.);
#1101=ORIENTED_EDGE('',*,*,#787,.T.);
#1102=ORIENTED_EDGE('',*,*,#655,.F.);
#1103=ORIENTED_EDGE('',*,*,#694,.F.);
#1104=ORIENTED_EDGE('',*,*,#747,.T.);
#1105=ORIENTED_EDGE('',*,*,#709,.F.);
#1106=ORIENTED_EDGE('',*,*,#712,.T.);
#1107=ORIENTED_EDGE('',*,*,#632,.T.);
#1108=ORIENTED_EDGE('',*,*,#781,.T.);
#1109=ORIENTED_EDGE('',*,*,#782,.F.);
#1110=ORIENTED_EDGE('',*,*,#784,.T.);
#1111=ORIENTED_EDGE('',*,*,#786,.F.);
#1112=ORIENTED_EDGE('',*,*,#788,.T.);
#1113=ORIENTED_EDGE('',*,*,#704,.T.);
#1114=ORIENTED_EDGE('',*,*,#708,.T.);
#1115=ORIENTED_EDGE('',*,*,#713,.F.);
#1116=ORIENTED_EDGE('',*,*,#715,.T.);
#1117=ORIENTED_EDGE('',*,*,#779,.F.);
#1118=ORIENTED_EDGE('',*,*,#772,.F.);
#1119=ORIENTED_EDGE('',*,*,#775,.F.);
#1120=ORIENTED_EDGE('',*,*,#777,.F.);
#1121=ORIENTED_EDGE('',*,*,#771,.F.);
#1122=ORIENTED_EDGE('',*,*,#764,.F.);
#1123=ORIENTED_EDGE('',*,*,#767,.F.);
#1124=ORIENTED_EDGE('',*,*,#769,.F.);
#1125=ORIENTED_EDGE('',*,*,#763,.F.);
#1126=ORIENTED_EDGE('',*,*,#756,.F.);
#1127=ORIENTED_EDGE('',*,*,#759,.F.);
#1128=ORIENTED_EDGE('',*,*,#761,.F.);
#1129=ORIENTED_EDGE('',*,*,#755,.F.);
#1130=ORIENTED_EDGE('',*,*,#748,.F.);
#1131=ORIENTED_EDGE('',*,*,#751,.F.);
#1132=ORIENTED_EDGE('',*,*,#753,.F.);
#1133=CYLINDRICAL_SURFACE('',#1243,1.7);
#1134=CYLINDRICAL_SURFACE('',#1246,3.);
#1135=CYLINDRICAL_SURFACE('',#1260,3.);
#1136=CYLINDRICAL_SURFACE('',#1262,3.);
#1137=CYLINDRICAL_SURFACE('',#1281,1.7);
#1138=CYLINDRICAL_SURFACE('',#1284,3.);
#1139=CYLINDRICAL_SURFACE('',#1292,3.);
#1140=CYLINDRICAL_SURFACE('',#1295,3.);
#1141=CYLINDRICAL_SURFACE('',#1301,5.);
#1142=CYLINDRICAL_SURFACE('',#1304,4.99999999999999);
#1143=CYLINDRICAL_SURFACE('',#1311,3.);
#1144=CYLINDRICAL_SURFACE('',#1317,3.00000000000001);
#1145=CYLINDRICAL_SURFACE('',#1323,3.00000000000001);
#1146=CYLINDRICAL_SURFACE('',#1329,3.00000000000001);
#1147=CYLINDRICAL_SURFACE('',#1331,1.6);
#1148=CYLINDRICAL_SURFACE('',#1335,1.6);
#1149=CYLINDRICAL_SURFACE('',#1340,1.6);
#1150=CYLINDRICAL_SURFACE('',#1345,1.6);
#1151=CYLINDRICAL_SURFACE('',#1350,2.00000000000008);
#1152=CYLINDRICAL_SURFACE('',#1353,1.99999999999985);
#1153=CYLINDRICAL_SURFACE('',#1356,2.00000000000001);
#1154=CYLINDRICAL_SURFACE('',#1359,1.99999999999988);
#1155=CYLINDRICAL_SURFACE('',#1362,2.00000000000002);
#1156=CYLINDRICAL_SURFACE('',#1365,1.99999999999995);
#1157=CYLINDRICAL_SURFACE('',#1368,1.99999999999993);
#1158=CYLINDRICAL_SURFACE('',#1371,1.99999999999994);
#1159=CYLINDRICAL_SURFACE('',#1375,5.);
#1160=CYLINDRICAL_SURFACE('',#1378,5.);
#1161=ADVANCED_FACE('',(#79),#1133,.F.);
#1162=ADVANCED_FACE('',(#80),#1134,.T.);
#1163=ADVANCED_FACE('',(#81,#19),#39,.F.);
#1164=ADVANCED_FACE('',(#82),#40,.T.);
#1165=ADVANCED_FACE('',(#83),#41,.F.);
#1166=ADVANCED_FACE('',(#84),#42,.F.);
#1167=ADVANCED_FACE('',(#85,#20),#43,.F.);
#1168=ADVANCED_FACE('',(#86),#1135,.T.);
#1169=ADVANCED_FACE('',(#87),#44,.F.);
#1170=ADVANCED_FACE('',(#88),#1136,.T.);
#1171=ADVANCED_FACE('',(#89,#21,#22,#23,#24,#25,#26,#27,#28),#45,.T.);
#1172=ADVANCED_FACE('',(#90),#1137,.F.);
#1173=ADVANCED_FACE('',(#91),#1138,.T.);
#1174=ADVANCED_FACE('',(#92),#46,.T.);
#1175=ADVANCED_FACE('',(#93,#29),#47,.T.);
#1176=ADVANCED_FACE('',(#94),#1139,.T.);
#1177=ADVANCED_FACE('',(#95),#48,.T.);
#1178=ADVANCED_FACE('',(#96),#1140,.T.);
#1179=ADVANCED_FACE('',(#97),#49,.F.);
#1180=ADVANCED_FACE('',(#98,#30),#50,.T.);
#1181=ADVANCED_FACE('',(#99),#51,.T.);
#1182=ADVANCED_FACE('',(#100),#52,.T.);
#1183=ADVANCED_FACE('',(#101),#1141,.T.);
#1184=ADVANCED_FACE('',(#102),#53,.T.);
#1185=ADVANCED_FACE('',(#103),#1142,.T.);
#1186=ADVANCED_FACE('',(#104),#54,.T.);
#1187=ADVANCED_FACE('',(#105),#15,.F.);
#1188=ADVANCED_FACE('',(#106),#1143,.T.);
#1189=ADVANCED_FACE('',(#107),#16,.F.);
#1190=ADVANCED_FACE('',(#108),#1144,.T.);
#1191=ADVANCED_FACE('',(#109),#17,.F.);
#1192=ADVANCED_FACE('',(#110),#1145,.T.);
#1193=ADVANCED_FACE('',(#111),#18,.F.);
#1194=ADVANCED_FACE('',(#112),#1146,.T.);
#1195=ADVANCED_FACE('',(#113),#1147,.F.);
#1196=ADVANCED_FACE('',(#114,#31),#55,.T.);
#1197=ADVANCED_FACE('',(#115),#1148,.F.);
#1198=ADVANCED_FACE('',(#116,#32),#56,.T.);
#1199=ADVANCED_FACE('',(#117),#57,.T.);
#1200=ADVANCED_FACE('',(#118),#1149,.F.);
#1201=ADVANCED_FACE('',(#119,#33),#58,.T.);
#1202=ADVANCED_FACE('',(#120),#59,.T.);
#1203=ADVANCED_FACE('',(#121),#1150,.F.);
#1204=ADVANCED_FACE('',(#122,#34),#60,.T.);
#1205=ADVANCED_FACE('',(#123),#61,.T.);
#1206=ADVANCED_FACE('',(#124),#1151,.F.);
#1207=ADVANCED_FACE('',(#125),#62,.T.);
#1208=ADVANCED_FACE('',(#126),#1152,.F.);
#1209=ADVANCED_FACE('',(#127),#63,.T.);
#1210=ADVANCED_FACE('',(#128),#1153,.F.);
#1211=ADVANCED_FACE('',(#129),#64,.T.);
#1212=ADVANCED_FACE('',(#130),#1154,.F.);
#1213=ADVANCED_FACE('',(#131),#65,.T.);
#1214=ADVANCED_FACE('',(#132),#1155,.F.);
#1215=ADVANCED_FACE('',(#133),#66,.T.);
#1216=ADVANCED_FACE('',(#134),#1156,.F.);
#1217=ADVANCED_FACE('',(#135),#67,.T.);
#1218=ADVANCED_FACE('',(#136),#1157,.F.);
#1219=ADVANCED_FACE('',(#137),#68,.T.);
#1220=ADVANCED_FACE('',(#138),#1158,.F.);
#1221=ADVANCED_FACE('',(#139),#69,.T.);
#1222=ADVANCED_FACE('',(#140),#70,.T.);
#1223=ADVANCED_FACE('',(#141),#1159,.T.);
#1224=ADVANCED_FACE('',(#142),#71,.T.);
#1225=ADVANCED_FACE('',(#143),#1160,.T.);
#1226=ADVANCED_FACE('',(#144),#72,.T.);
#1227=ADVANCED_FACE('',(#145),#73,.T.);
#1228=ADVANCED_FACE('',(#146,#35,#36,#37,#38),#74,.F.);
#1229=CLOSED_SHELL('',(#1161,#1162,#1163,#1164,#1165,#1166,#1167,#1168,
#1169,#1170,#1171,#1172,#1173,#1174,#1175,#1176,#1177,#1178,#1179,#1180,
#1181,#1182,#1183,#1184,#1185,#1186,#1187,#1188,#1189,#1190,#1191,#1192,
#1193,#1194,#1195,#1196,#1197,#1198,#1199,#1200,#1201,#1202,#1203,#1204,
#1205,#1206,#1207,#1208,#1209,#1210,#1211,#1212,#1213,#1214,#1215,#1216,
#1217,#1218,#1219,#1220,#1221,#1222,#1223,#1224,#1225,#1226,#1227,#1228));
#1230=DERIVED_UNIT_ELEMENT(#1232,1.);
#1231=DERIVED_UNIT_ELEMENT(#2125,-3.);
#1232=(
MASS_UNIT()
NAMED_UNIT(*)
SI_UNIT(.KILO.,.GRAM.)
);
#1233=DERIVED_UNIT((#1230,#1231));
#1234=MEASURE_REPRESENTATION_ITEM('density measure',
POSITIVE_RATIO_MEASURE(7850.),#1233);
#1235=PROPERTY_DEFINITION_REPRESENTATION(#1240,#1237);
#1236=PROPERTY_DEFINITION_REPRESENTATION(#1241,#1238);
#1237=REPRESENTATION('material name',(#1239),#2122);
#1238=REPRESENTATION('density',(#1234),#2122);
#1239=DESCRIPTIVE_REPRESENTATION_ITEM('Steel','Steel');
#1240=PROPERTY_DEFINITION('material property','material name',#2132);
#1241=PROPERTY_DEFINITION('material property','density of part',#2132);
#1242=AXIS2_PLACEMENT_3D('',#1765,#1383,#1384);
#1243=AXIS2_PLACEMENT_3D('',#1766,#1385,#1386);
#1244=AXIS2_PLACEMENT_3D('',#1768,#1387,#1388);
#1245=AXIS2_PLACEMENT_3D('',#1771,#1390,#1391);
#1246=AXIS2_PLACEMENT_3D('',#1772,#1392,#1393);
#1247=AXIS2_PLACEMENT_3D('',#1775,#1394,#1395);
#1248=AXIS2_PLACEMENT_3D('',#1779,#1397,#1398);
#1249=AXIS2_PLACEMENT_3D('',#1783,#1400,#1401);
#1250=AXIS2_PLACEMENT_3D('',#1786,#1403,#1404);
#1251=AXIS2_PLACEMENT_3D('',#1787,#1405,#1406);
#1252=AXIS2_PLACEMENT_3D('',#1791,#1408,#1409);
#1253=AXIS2_PLACEMENT_3D('',#1795,#1411,#1412);
#1254=AXIS2_PLACEMENT_3D('',#1801,#1416,#1417);
#1255=AXIS2_PLACEMENT_3D('',#1805,#1420,#1421);
#1256=AXIS2_PLACEMENT_3D('',#1809,#1424,#1425);
#1257=AXIS2_PLACEMENT_3D('',#1811,#1427,#1428);
#1258=AXIS2_PLACEMENT_3D('',#1817,#1431,#1432);
#1259=AXIS2_PLACEMENT_3D('',#1820,#1434,#1435);
#1260=AXIS2_PLACEMENT_3D('',#1821,#1436,#1437);
#1261=AXIS2_PLACEMENT_3D('',#1823,#1439,#1440);
#1262=AXIS2_PLACEMENT_3D('',#1825,#1442,#1443);
#1263=AXIS2_PLACEMENT_3D('',#1827,#1445,#1446);
#1264=AXIS2_PLACEMENT_3D('',#1831,#1448,#1449);
#1265=AXIS2_PLACEMENT_3D('',#1835,#1451,#1452);
#1266=AXIS2_PLACEMENT_3D('',#1839,#1454,#1455);
#1267=AXIS2_PLACEMENT_3D('',#1847,#1459,#1460);
#1268=AXIS2_PLACEMENT_3D('',#1851,#1462,#1463);
#1269=AXIS2_PLACEMENT_3D('',#1854,#1465,#1466);
#1270=AXIS2_PLACEMENT_3D('',#1856,#1467,#1468);
#1271=AXIS2_PLACEMENT_3D('',#1861,#1470,#1471);
#1272=AXIS2_PLACEMENT_3D('',#1864,#1473,#1474);
#1273=AXIS2_PLACEMENT_3D('',#1869,#1476,#1477);
#1274=AXIS2_PLACEMENT_3D('',#1872,#1479,#1480);
#1275=AXIS2_PLACEMENT_3D('',#1877,#1482,#1483);
#1276=AXIS2_PLACEMENT_3D('',#1880,#1485,#1486);
#1277=AXIS2_PLACEMENT_3D('',#1885,#1488,#1489);
#1278=AXIS2_PLACEMENT_3D('',#1888,#1491,#1492);
#1279=AXIS2_PLACEMENT_3D('',#1890,#1493,#1494);
#1280=AXIS2_PLACEMENT_3D('',#1892,#1495,#1496);
#1281=AXIS2_PLACEMENT_3D('',#1893,#1497,#1498);
#1282=AXIS2_PLACEMENT_3D('',#1895,#1499,#1500);
#1283=AXIS2_PLACEMENT_3D('',#1898,#1502,#1503);
#1284=AXIS2_PLACEMENT_3D('',#1899,#1504,#1505);
#1285=AXIS2_PLACEMENT_3D('',#1901,#1506,#1507);
#1286=AXIS2_PLACEMENT_3D('',#1905,#1509,#1510);
#1287=AXIS2_PLACEMENT_3D('',#1909,#1512,#1513);
#1288=AXIS2_PLACEMENT_3D('',#1911,#1515,#1516);
#1289=AXIS2_PLACEMENT_3D('',#1913,#1518,#1519);
#1290=AXIS2_PLACEMENT_3D('',#1917,#1521,#1522);
#1291=AXIS2_PLACEMENT_3D('',#1921,#1524,#1525);
#1292=AXIS2_PLACEMENT_3D('',#1923,#1527,#1528);
#1293=AXIS2_PLACEMENT_3D('',#1926,#1529,#1530);
#1294=AXIS2_PLACEMENT_3D('',#1929,#1533,#1534);
#1295=AXIS2_PLACEMENT_3D('',#1933,#1537,#1538);
#1296=AXIS2_PLACEMENT_3D('',#1935,#1539,#1540);
#1297=AXIS2_PLACEMENT_3D('',#1937,#1542,#1543);
#1298=AXIS2_PLACEMENT_3D('',#1939,#1545,#1546);
#1299=AXIS2_PLACEMENT_3D('',#1945,#1550,#1551);
#1300=AXIS2_PLACEMENT_3D('',#1947,#1553,#1554);
#1301=AXIS2_PLACEMENT_3D('',#1951,#1557,#1558);
#1302=AXIS2_PLACEMENT_3D('',#1954,#1559,#1560);
#1303=AXIS2_PLACEMENT_3D('',#1957,#1563,#1564);
#1304=AXIS2_PLACEMENT_3D('',#1959,#1566,#1567);
#1305=AXIS2_PLACEMENT_3D('',#1961,#1568,#1569);
#1306=AXIS2_PLACEMENT_3D('',#1963,#1571,#1572);
#1307=AXIS2_PLACEMENT_3D('',#1965,#1574,#1575);
#1308=AXIS2_PLACEMENT_3D('',#1968,#1576,#1577);
#1309=AXIS2_PLACEMENT_3D('',#1969,#1578,#1579);
#1310=AXIS2_PLACEMENT_3D('',#1970,#1580,#1581);
#1311=AXIS2_PLACEMENT_3D('',#1971,#1582,#1583);
#1312=AXIS2_PLACEMENT_3D('',#1973,#1584,#1585);
#1313=AXIS2_PLACEMENT_3D('',#1975,#1587,#1588);
#1314=AXIS2_PLACEMENT_3D('',#1978,#1589,#1590);
#1315=AXIS2_PLACEMENT_3D('',#1979,#1591,#1592);
#1316=AXIS2_PLACEMENT_3D('',#1980,#1593,#1594);
#1317=AXIS2_PLACEMENT_3D('',#1981,#1595,#1596);
#1318=AXIS2_PLACEMENT_3D('',#1983,#1597,#1598);
#1319=AXIS2_PLACEMENT_3D('',#1985,#1600,#1601);
#1320=AXIS2_PLACEMENT_3D('',#1988,#1602,#1603);
#1321=AXIS2_PLACEMENT_3D('',#1989,#1604,#1605);
#1322=AXIS2_PLACEMENT_3D('',#1990,#1606,#1607);
#1323=AXIS2_PLACEMENT_3D('',#1991,#1608,#1609);
#1324=AXIS2_PLACEMENT_3D('',#1993,#1610,#1611);
#1325=AXIS2_PLACEMENT_3D('',#1995,#1613,#1614);
#1326=AXIS2_PLACEMENT_3D('',#1998,#1615,#1616);
#1327=AXIS2_PLACEMENT_3D('',#1999,#1617,#1618);
#1328=AXIS2_PLACEMENT_3D('',#2000,#1619,#1620);
#1329=AXIS2_PLACEMENT_3D('',#2001,#1621,#1622);
#1330=AXIS2_PLACEMENT_3D('',#2003,#1623,#1624);
#1331=AXIS2_PLACEMENT_3D('',#2005,#1626,#1627);
#1332=AXIS2_PLACEMENT_3D('',#2007,#1628,#1629);
#1333=AXIS2_PLACEMENT_3D('',#2010,#1631,#1632);
#1334=AXIS2_PLACEMENT_3D('',#2011,#1633,#1634);
#1335=AXIS2_PLACEMENT_3D('',#2012,#1635,#1636);
#1336=AXIS2_PLACEMENT_3D('',#2014,#1637,#1638);
#1337=AXIS2_PLACEMENT_3D('',#2017,#1640,#1641);
#1338=AXIS2_PLACEMENT_3D('',#2018,#1642,#1643);
#1339=AXIS2_PLACEMENT_3D('',#2019,#1644,#1645);
#1340=AXIS2_PLACEMENT_3D('',#2020,#1646,#1647);
#1341=AXIS2_PLACEMENT_3D('',#2022,#1648,#1649);
#1342=AXIS2_PLACEMENT_3D('',#2025,#1651,#1652);
#1343=AXIS2_PLACEMENT_3D('',#2026,#1653,#1654);
#1344=AXIS2_PLACEMENT_3D('',#2027,#1655,#1656);
#1345=AXIS2_PLACEMENT_3D('',#2028,#1657,#1658);
#1346=AXIS2_PLACEMENT_3D('',#2030,#1659,#1660);
#1347=AXIS2_PLACEMENT_3D('',#2033,#1662,#1663);
#1348=AXIS2_PLACEMENT_3D('',#2034,#1664,#1665);
#1349=AXIS2_PLACEMENT_3D('',#2035,#1666,#1667);
#1350=AXIS2_PLACEMENT_3D('',#2036,#1668,#1669);
#1351=AXIS2_PLACEMENT_3D('',#2039,#1670,#1671);
#1352=AXIS2_PLACEMENT_3D('',#2042,#1674,#1675);
#1353=AXIS2_PLACEMENT_3D('',#2046,#1678,#1679);
#1354=AXIS2_PLACEMENT_3D('',#2048,#1680,#1681);
#1355=AXIS2_PLACEMENT_3D('',#2050,#1683,#1684);
#1356=AXIS2_PLACEMENT_3D('',#2052,#1686,#1687);
#1357=AXIS2_PLACEMENT_3D('',#2055,#1688,#1689);
#1358=AXIS2_PLACEMENT_3D('',#2058,#1692,#1693);
#1359=AXIS2_PLACEMENT_3D('',#2062,#1696,#1697);
#1360=AXIS2_PLACEMENT_3D('',#2064,#1698,#1699);
#1361=AXIS2_PLACEMENT_3D('',#2066,#1701,#1702);
#1362=AXIS2_PLACEMENT_3D('',#2068,#1704,#1705);
#1363=AXIS2_PLACEMENT_3D('',#2071,#1706,#1707);
#1364=AXIS2_PLACEMENT_3D('',#2074,#1710,#1711);
#1365=AXIS2_PLACEMENT_3D('',#2078,#1714,#1715);
#1366=AXIS2_PLACEMENT_3D('',#2080,#1716,#1717);
#1367=AXIS2_PLACEMENT_3D('',#2082,#1719,#1720);
#1368=AXIS2_PLACEMENT_3D('',#2084,#1722,#1723);
#1369=AXIS2_PLACEMENT_3D('',#2087,#1724,#1725);
#1370=AXIS2_PLACEMENT_3D('',#2090,#1728,#1729);
#1371=AXIS2_PLACEMENT_3D('',#2094,#1732,#1733);
#1372=AXIS2_PLACEMENT_3D('',#2096,#1734,#1735);
#1373=AXIS2_PLACEMENT_3D('',#2098,#1737,#1738);
#1374=AXIS2_PLACEMENT_3D('',#2100,#1740,#1741);
#1375=AXIS2_PLACEMENT_3D('',#2104,#1744,#1745);
#1376=AXIS2_PLACEMENT_3D('',#2106,#1746,#1747);
#1377=AXIS2_PLACEMENT_3D('',#2108,#1749,#1750);
#1378=AXIS2_PLACEMENT_3D('',#2112,#1753,#1754);
#1379=AXIS2_PLACEMENT_3D('',#2114,#1755,#1756);
#1380=AXIS2_PLACEMENT_3D('',#2116,#1758,#1759);
#1381=AXIS2_PLACEMENT_3D('',#2118,#1761,#1762);
#1382=AXIS2_PLACEMENT_3D('',#2119,#1763,#1764);
#1383=DIRECTION('axis',(0.,0.,1.));
#1384=DIRECTION('refdir',(1.,0.,0.));
#1385=DIRECTION('center_axis',(-1.92296268638361E-16,-0.866025403784461,
0.499999999999961));
#1386=DIRECTION('ref_axis',(-1.,-2.22044604925031E-16,0.));
#1387=DIRECTION('center_axis',(1.92296268638362E-16,0.866025403784462,-0.49999999999996));
#1388=DIRECTION('ref_axis',(-1.,-2.22044604925031E-16,0.));
#1389=DIRECTION('',(1.92296268638361E-16,0.866025403784461,-0.499999999999961));
#1390=DIRECTION('center_axis',(-1.92296268638356E-16,-0.866025403784438,
0.500000000000001));
#1391=DIRECTION('ref_axis',(-1.,-2.22044604925031E-16,0.));
#1392=DIRECTION('center_axis',(-1.92296268638361E-16,0.866025403784461,
-0.499999999999961));
#1393=DIRECTION('ref_axis',(-0.934721701546379,0.177690278756482,0.307768590817331));
#1394=DIRECTION('center_axis',(0.,0.,-1.));
#1395=DIRECTION('ref_axis',(-3.23815048848979E-16,1.,0.));
#1396=DIRECTION('',(1.92296268638361E-16,-0.866025403784461,0.499999999999961));
#1397=DIRECTION('center_axis',(1.92296268638362E-16,0.866025403784462,-0.49999999999996));
#1398=DIRECTION('ref_axis',(-0.934721701546379,0.177690278756482,0.307768590817331));
#1399=DIRECTION('',(-1.50806716917269E-16,0.866025403784461,-0.499999999999961));
#1400=DIRECTION('center_axis',(-1.92296268638356E-16,-0.866025403784438,
0.500000000000001));
#1401=DIRECTION('ref_axis',(-0.934721701546379,0.177690278756482,0.307768590817331));
#1402=DIRECTION('',(1.92296268638361E-16,-0.866025403784461,0.499999999999961));
#1403=DIRECTION('center_axis',(0.,-1.,0.));
#1404=DIRECTION('ref_axis',(4.00617226329919E-17,0.,1.));
#1405=DIRECTION('center_axis',(-1.92296268638356E-16,-0.866025403784438,
0.500000000000001));
#1406=DIRECTION('ref_axis',(1.11022302462516E-16,0.500000000000001,0.866025403784438));
#1407=DIRECTION('',(0.66436383883008,0.373704659341759,0.647275457005145));
#1408=DIRECTION('center_axis',(-1.92296268638356E-16,-0.866025403784438,
0.500000000000001));
#1409=DIRECTION('ref_axis',(-0.409656051566384,0.456120027902467,0.790023062676839));
#1410=DIRECTION('',(-1.,-2.22044604925031E-16,0.));
#1411=DIRECTION('center_axis',(-1.92296268638356E-16,-0.866025403784438,
0.500000000000001));
#1412=DIRECTION('ref_axis',(0.707106781186549,0.353553390593279,0.612372435695791));
#1413=DIRECTION('',(1.11022302462516E-16,0.500000000000001,0.866025403784438));
#1414=DIRECTION('',(1.,0.,0.));
#1415=DIRECTION('',(1.11022302462516E-16,0.500000000000001,0.866025403784438));
#1416=DIRECTION('center_axis',(-0.747409318683517,0.332181919415014,0.575355961782615));
#1417=DIRECTION('ref_axis',(0.66436383883008,0.37370465934173,0.647275457005161));
#1418=DIRECTION('',(-0.66436383883008,-0.373704659341728,-0.647275457005163));
#1419=DIRECTION('',(4.07750094414666E-14,-0.866025403784438,0.500000000000001));
#1420=DIRECTION('center_axis',(1.,2.22044604925031E-16,0.));
#1421=DIRECTION('ref_axis',(0.,0.,1.));
#1422=DIRECTION('',(-2.22044604925031E-16,1.,0.));
#1423=DIRECTION('',(-1.11022302462507E-16,-0.49999999999996,-0.866025403784462));
#1424=DIRECTION('center_axis',(1.,2.22044604925031E-16,0.));
#1425=DIRECTION('ref_axis',(0.,0.,1.));
#1426=DIRECTION('',(0.,0.,-1.));
#1427=DIRECTION('center_axis',(1.92296268638362E-16,0.866025403784462,-0.49999999999996));
#1428=DIRECTION('ref_axis',(-1.11022302462507E-16,-0.49999999999996,-0.866025403784462));
#1429=DIRECTION('',(-1.,2.22044604925031E-16,0.));
#1430=DIRECTION('',(-1.11022302462507E-16,-0.49999999999996,-0.866025403784462));
#1431=DIRECTION('center_axis',(1.92296268638362E-16,0.866025403784462,-0.49999999999996));
#1432=DIRECTION('ref_axis',(0.707106781186549,0.353553390593279,0.612372435695791));
#1433=DIRECTION('',(-1.,-2.22044604925031E-16,0.));
#1434=DIRECTION('center_axis',(1.92296268638362E-16,0.866025403784462,-0.49999999999996));
#1435=DIRECTION('ref_axis',(-0.409656051566384,0.456120027902467,0.790023062676839));
#1436=DIRECTION('center_axis',(4.07750094414666E-14,-0.866025403784438,
0.500000000000001));
#1437=DIRECTION('ref_axis',(-0.409656051566384,0.456120027902467,0.790023062676839));
#1438=DIRECTION('',(-4.07750094414666E-14,0.866025403784438,-0.500000000000001));
#1439=DIRECTION('center_axis',(-1.11022302462516E-16,-0.500000000000001,
-0.866025403784438));
#1440=DIRECTION('ref_axis',(-1.92296268638356E-16,-0.866025403784438,0.500000000000001));
#1441=DIRECTION('',(2.56948381190944E-15,-0.866025403784438,0.500000000000001));
#1442=DIRECTION('center_axis',(2.56948381190944E-15,-0.866025403784438,
0.500000000000001));
#1443=DIRECTION('ref_axis',(0.707106781186549,0.353553390593279,0.612372435695791));
#1444=DIRECTION('',(-2.56948381190944E-15,0.866025403784438,-0.500000000000001));
#1445=DIRECTION('center_axis',(0.,0.,1.));
#1446=DIRECTION('ref_axis',(1.,0.,0.));
#1447=DIRECTION('',(1.,0.,0.));
#1448=DIRECTION('center_axis',(0.,0.,-1.));
#1449=DIRECTION('ref_axis',(-0.38268343236508,0.923879532511291,0.));
#1450=DIRECTION('',(-0.707106781186561,-0.707106781186534,0.));
#1451=DIRECTION('center_axis',(0.,0.,-1.));
#1452=DIRECTION('ref_axis',(-0.923879532511283,0.382683432365099,0.));
#1453=DIRECTION('',(0.,1.,0.));
#1454=DIRECTION('center_axis',(0.,0.,-1.));
#1455=DIRECTION('ref_axis',(-1.,4.62592926927113E-17,0.));
#1456=DIRECTION('',(1.,0.,0.));
#1457=DIRECTION('',(0.,-1.,0.));
#1458=DIRECTION('',(1.,0.,0.));
#1459=DIRECTION('center_axis',(0.,0.,1.));
#1460=DIRECTION('ref_axis',(0.,-1.,0.));
#1461=DIRECTION('',(0.707106781186549,0.707106781186546,0.));
#1462=DIRECTION('center_axis',(0.,0.,1.));
#1463=DIRECTION('ref_axis',(0.70710678118662,-0.707106781186475,0.));
#1464=DIRECTION('',(-2.96698434096861E-15,1.,0.));
#1465=DIRECTION('center_axis',(0.,0.,1.));
#1466=DIRECTION('ref_axis',(1.,0.,0.));
#1467=DIRECTION('center_axis',(0.,0.,1.));
#1468=DIRECTION('ref_axis',(1.,0.,0.));
#1469=DIRECTION('',(0.707106781186459,-0.707106781186636,0.));
#1470=DIRECTION('center_axis',(0.,0.,-1.));
#1471=DIRECTION('ref_axis',(-0.707106781186548,-0.707106781186548,0.));
#1472=DIRECTION('',(-0.707106781186558,0.707106781186537,0.));
#1473=DIRECTION('center_axis',(0.,0.,-1.));
#1474=DIRECTION('ref_axis',(0.707106781186552,0.707106781186543,0.));
#1475=DIRECTION('',(0.707106781186455,-0.70710678118664,0.));
#1476=DIRECTION('center_axis',(0.,0.,-1.));
#1477=DIRECTION('ref_axis',(-0.707106781186543,-0.707106781186552,0.));
#1478=DIRECTION('',(-0.707106781186516,0.70710678118658,0.));
#1479=DIRECTION('center_axis',(0.,0.,-1.));
#1480=DIRECTION('ref_axis',(0.707106781186525,0.70710678118657,0.));
#1481=DIRECTION('',(0.707106781186484,-0.707106781186612,0.));
#1482=DIRECTION('center_axis',(0.,0.,-1.));
#1483=DIRECTION('ref_axis',(-0.707106781186521,-0.707106781186574,0.));
#1484=DIRECTION('',(-0.707106781186512,0.707106781186583,0.));
#1485=DIRECTION('center_axis',(0.,0.,-1.));
#1486=DIRECTION('ref_axis',(0.707106781186521,0.707106781186574,0.));
#1487=DIRECTION('',(0.707106781186477,-0.707106781186619,0.));
#1488=DIRECTION('center_axis',(0.,0.,-1.));
#1489=DIRECTION('ref_axis',(-0.707106781186523,-0.707106781186572,0.));
#1490=DIRECTION('',(-0.707106781186462,0.707106781186633,0.));
#1491=DIRECTION('center_axis',(0.,0.,-1.));
#1492=DIRECTION('ref_axis',(0.707106781186572,0.707106781186523,0.));
#1493=DIRECTION('center_axis',(0.,0.,1.));
#1494=DIRECTION('ref_axis',(1.,0.,0.));
#1495=DIRECTION('center_axis',(0.,0.,1.));
#1496=DIRECTION('ref_axis',(1.,0.,0.));
#1497=DIRECTION('center_axis',(-0.866025403784461,0.,-0.499999999999961));
#1498=DIRECTION('ref_axis',(0.,1.,0.));
#1499=DIRECTION('center_axis',(-0.866025403784462,0.,-0.49999999999996));
#1500=DIRECTION('ref_axis',(0.,1.,0.));
#1501=DIRECTION('',(-0.866025403784461,0.,-0.499999999999961));
#1502=DIRECTION('center_axis',(0.866025403784438,0.,0.500000000000001));
#1503=DIRECTION('ref_axis',(0.,1.,0.));
#1504=DIRECTION('center_axis',(0.866025403784461,0.,0.499999999999961));
#1505=DIRECTION('ref_axis',(-0.177690278756476,0.93472170154638,0.307768590817331));
#1506=DIRECTION('center_axis',(1.,0.,0.));
#1507=DIRECTION('ref_axis',(0.,8.01234452659839E-17,1.));
#1508=DIRECTION('',(-0.866025403784461,0.,-0.499999999999961));
#1509=DIRECTION('center_axis',(0.866025403784438,0.,0.500000000000001));
#1510=DIRECTION('ref_axis',(-0.177690278756476,0.93472170154638,0.307768590817331));
#1511=DIRECTION('',(0.866025403784461,0.,0.499999999999961));
#1512=DIRECTION('center_axis',(-0.866025403784462,0.,-0.49999999999996));
#1513=DIRECTION('ref_axis',(-0.177690278756476,0.93472170154638,0.307768590817331));
#1514=DIRECTION('',(-0.866025403784461,0.,-0.499999999999961));
#1515=DIRECTION('center_axis',(0.,1.,0.));
#1516=DIRECTION('ref_axis',(0.,0.,1.));
#1517=DIRECTION('',(0.49999999999996,0.,-0.866025403784462));
#1518=DIRECTION('center_axis',(0.866025403784462,0.,0.49999999999996));
#1519=DIRECTION('ref_axis',(0.49999999999996,0.,-0.866025403784462));
#1520=DIRECTION('',(-0.373704659341729,-0.66436383883008,0.647275457005163));
#1521=DIRECTION('center_axis',(-0.866025403784462,0.,-0.49999999999996));
#1522=DIRECTION('ref_axis',(-0.456120027902466,0.409656051566386,0.790023062676838));
#1523=DIRECTION('',(0.,1.,0.));
#1524=DIRECTION('center_axis',(-0.866025403784462,0.,-0.49999999999996));
#1525=DIRECTION('ref_axis',(-0.353553390593272,-0.707106781186549,0.612372435695794));
#1526=DIRECTION('',(0.49999999999996,0.,-0.866025403784462));
#1527=DIRECTION('center_axis',(-0.866025403784438,4.05521951822236E-14,
-0.500000000000001));
#1528=DIRECTION('ref_axis',(-0.456120027902466,0.409656051566386,0.790023062676838));
#1529=DIRECTION('center_axis',(0.866025403784438,0.,0.500000000000001));
#1530=DIRECTION('ref_axis',(-0.456120027902466,0.409656051566386,0.790023062676838));
#1531=DIRECTION('',(0.866025403784438,-4.05521951822236E-14,0.500000000000001));
#1532=DIRECTION('',(-0.866025403784438,4.05521951822236E-14,-0.500000000000001));
#1533=DIRECTION('center_axis',(-0.500000000000001,0.,0.866025403784438));
#1534=DIRECTION('ref_axis',(0.866025403784438,0.,0.500000000000001));
#1535=DIRECTION('',(0.,1.,0.));
#1536=DIRECTION('',(-0.866025403784438,0.,-0.500000000000001));
#1537=DIRECTION('center_axis',(0.866025403784438,0.,0.500000000000001));
#1538=DIRECTION('ref_axis',(-0.353553390593272,-0.707106781186549,0.612372435695794));
#1539=DIRECTION('center_axis',(0.866025403784438,0.,0.500000000000001));
#1540=DIRECTION('ref_axis',(-0.353553390593272,-0.707106781186549,0.612372435695794));
#1541=DIRECTION('',(0.866025403784438,0.,0.500000000000001));
#1542=DIRECTION('center_axis',(0.332181919415014,-0.747409318683517,-0.575355961782615));
#1543=DIRECTION('ref_axis',(-0.37370465934173,-0.66436383883008,0.647275457005162));
#1544=DIRECTION('',(0.373704659341759,0.66436383883008,-0.647275457005145));
#1545=DIRECTION('center_axis',(-0.866025403784438,0.,-0.500000000000001));
#1546=DIRECTION('ref_axis',(-0.500000000000001,0.,0.866025403784438));
#1547=DIRECTION('',(-0.500000000000001,0.,0.866025403784438));
#1548=DIRECTION('',(0.,1.,0.));
#1549=DIRECTION('',(-0.500000000000001,0.,0.866025403784438));
#1550=DIRECTION('center_axis',(0.,1.,0.));
#1551=DIRECTION('ref_axis',(0.,0.,1.));
#1552=DIRECTION('',(0.,0.,1.));
#1553=DIRECTION('center_axis',(-1.,0.,0.));
#1554=DIRECTION('ref_axis',(0.,-1.,0.));
#1555=DIRECTION('',(0.,0.,1.));
#1556=DIRECTION('',(0.,1.,0.));
#1557=DIRECTION('center_axis',(0.,0.,-1.));
#1558=DIRECTION('ref_axis',(-0.38268343236508,0.923879532511291,0.));
#1559=DIRECTION('center_axis',(0.,0.,1.));
#1560=DIRECTION('ref_axis',(-0.38268343236508,0.923879532511291,0.));
#1561=DIRECTION('',(0.,0.,1.));
#1562=DIRECTION('',(0.,0.,-1.));
#1563=DIRECTION('center_axis',(0.,1.,0.));
#1564=DIRECTION('ref_axis',(-1.,0.,0.));
#1565=DIRECTION('',(1.,0.,0.));
#1566=DIRECTION('center_axis',(0.,0.,-1.));
#1567=DIRECTION('ref_axis',(-0.923879532511283,0.382683432365099,0.));
#1568=DIRECTION('center_axis',(0.,0.,1.));
#1569=DIRECTION('ref_axis',(-0.923879532511283,0.382683432365099,0.));
#1570=DIRECTION('',(0.,0.,-1.));
#1571=DIRECTION('center_axis',(-0.707106781186534,0.707106781186561,0.));
#1572=DIRECTION('ref_axis',(-0.707106781186561,-0.707106781186534,0.));
#1573=DIRECTION('',(0.707106781186561,0.707106781186534,0.));
#1574=DIRECTION('center_axis',(0.,0.,-1.));
#1575=DIRECTION('ref_axis',(-1.,0.,0.));
#1576=DIRECTION('center_axis',(0.,0.,-1.));
#1577=DIRECTION('ref_axis',(1.,0.,0.));
#1578=DIRECTION('center_axis',(0.,-1.,0.));
#1579=DIRECTION('ref_axis',(1.,0.,0.));
#1580=DIRECTION('center_axis',(0.,0.,-1.));
#1581=DIRECTION('ref_axis',(1.,0.,0.));
#1582=DIRECTION('center_axis',(0.,0.,1.));
#1583=DIRECTION('ref_axis',(1.,0.,0.));
#1584=DIRECTION('center_axis',(0.,0.,1.));
#1585=DIRECTION('ref_axis',(1.,0.,0.));
#1586=DIRECTION('',(0.,0.,-1.));
#1587=DIRECTION('center_axis',(0.,0.,-1.));
#1588=DIRECTION('ref_axis',(-1.,0.,0.));
#1589=DIRECTION('center_axis',(0.,0.,-1.));
#1590=DIRECTION('ref_axis',(1.,0.,0.));
#1591=DIRECTION('center_axis',(0.,-1.,0.));
#1592=DIRECTION('ref_axis',(1.,0.,0.));
#1593=DIRECTION('center_axis',(0.,0.,-1.));
#1594=DIRECTION('ref_axis',(1.,0.,0.));
#1595=DIRECTION('center_axis',(0.,0.,1.));
#1596=DIRECTION('ref_axis',(1.,0.,0.));
#1597=DIRECTION('center_axis',(0.,0.,1.));
#1598=DIRECTION('ref_axis',(1.,0.,0.));
#1599=DIRECTION('',(0.,0.,-1.));
#1600=DIRECTION('center_axis',(0.,0.,-1.));
#1601=DIRECTION('ref_axis',(-1.,0.,0.));
#1602=DIRECTION('center_axis',(0.,0.,-1.));
#1603=DIRECTION('ref_axis',(1.,0.,0.));
#1604=DIRECTION('center_axis',(0.,-1.,0.));
#1605=DIRECTION('ref_axis',(1.,0.,0.));
#1606=DIRECTION('center_axis',(0.,0.,-1.));
#1607=DIRECTION('ref_axis',(1.,0.,0.));
#1608=DIRECTION('center_axis',(0.,0.,1.));
#1609=DIRECTION('ref_axis',(1.,0.,0.));
#1610=DIRECTION('center_axis',(0.,0.,1.));
#1611=DIRECTION('ref_axis',(1.,0.,0.));
#1612=DIRECTION('',(0.,0.,-1.));
#1613=DIRECTION('center_axis',(0.,0.,-1.));
#1614=DIRECTION('ref_axis',(-1.,0.,0.));
#1615=DIRECTION('center_axis',(0.,0.,-1.));
#1616=DIRECTION('ref_axis',(1.,0.,0.));
#1617=DIRECTION('center_axis',(0.,-1.,0.));
#1618=DIRECTION('ref_axis',(1.,0.,0.));
#1619=DIRECTION('center_axis',(0.,0.,-1.));
#1620=DIRECTION('ref_axis',(1.,0.,0.));
#1621=DIRECTION('center_axis',(0.,0.,1.));
#1622=DIRECTION('ref_axis',(1.,0.,0.));
#1623=DIRECTION('center_axis',(0.,0.,1.));
#1624=DIRECTION('ref_axis',(1.,0.,0.));
#1625=DIRECTION('',(0.,0.,-1.));
#1626=DIRECTION('center_axis',(0.,0.,1.));
#1627=DIRECTION('ref_axis',(1.,0.,0.));
#1628=DIRECTION('center_axis',(0.,0.,-1.));
#1629=DIRECTION('ref_axis',(1.,0.,0.));
#1630=DIRECTION('',(0.,0.,-1.));
#1631=DIRECTION('center_axis',(0.,0.,1.));
#1632=DIRECTION('ref_axis',(1.,0.,0.));
#1633=DIRECTION('center_axis',(0.,0.,1.));
#1634=DIRECTION('ref_axis',(1.,0.,0.));
#1635=DIRECTION('center_axis',(0.,0.,1.));
#1636=DIRECTION('ref_axis',(1.,0.,0.));
#1637=DIRECTION('center_axis',(0.,0.,-1.));
#1638=DIRECTION('ref_axis',(1.,0.,0.));
#1639=DIRECTION('',(0.,0.,-1.));
#1640=DIRECTION('center_axis',(0.,0.,1.));
#1641=DIRECTION('ref_axis',(1.,0.,0.));
#1642=DIRECTION('center_axis',(0.,0.,1.));
#1643=DIRECTION('ref_axis',(1.,0.,0.));
#1644=DIRECTION('center_axis',(0.,0.,1.));
#1645=DIRECTION('ref_axis',(1.,0.,0.));
#1646=DIRECTION('center_axis',(0.,0.,1.));
#1647=DIRECTION('ref_axis',(1.,0.,0.));
#1648=DIRECTION('center_axis',(0.,0.,-1.));
#1649=DIRECTION('ref_axis',(1.,0.,0.));
#1650=DIRECTION('',(0.,0.,-1.));
#1651=DIRECTION('center_axis',(0.,0.,1.));
#1652=DIRECTION('ref_axis',(1.,0.,0.));
#1653=DIRECTION('center_axis',(0.,0.,1.));
#1654=DIRECTION('ref_axis',(1.,0.,0.));
#1655=DIRECTION('center_axis',(0.,0.,1.));
#1656=DIRECTION('ref_axis',(1.,0.,0.));
#1657=DIRECTION('center_axis',(0.,0.,1.));
#1658=DIRECTION('ref_axis',(1.,0.,0.));
#1659=DIRECTION('center_axis',(0.,0.,-1.));
#1660=DIRECTION('ref_axis',(1.,0.,0.));
#1661=DIRECTION('',(0.,0.,-1.));
#1662=DIRECTION('center_axis',(0.,0.,1.));
#1663=DIRECTION('ref_axis',(1.,0.,0.));
#1664=DIRECTION('center_axis',(0.,0.,1.));
#1665=DIRECTION('ref_axis',(1.,0.,0.));
#1666=DIRECTION('center_axis',(0.,0.,1.));
#1667=DIRECTION('ref_axis',(1.,0.,0.));
#1668=DIRECTION('center_axis',(0.,0.,1.));
#1669=DIRECTION('ref_axis',(0.707106781186552,0.707106781186543,0.));
#1670=DIRECTION('center_axis',(0.,0.,-1.));
#1671=DIRECTION('ref_axis',(0.707106781186552,0.707106781186543,0.));
#1672=DIRECTION('',(0.,0.,1.));
#1673=DIRECTION('',(0.,0.,1.));
#1674=DIRECTION('center_axis',(0.707106781186537,0.707106781186558,0.));
#1675=DIRECTION('ref_axis',(-0.707106781186558,0.707106781186537,0.));
#1676=DIRECTION('',(-0.707106781186558,0.707106781186537,0.));
#1677=DIRECTION('',(0.,0.,1.));
#1678=DIRECTION('center_axis',(0.,0.,1.));
#1679=DIRECTION('ref_axis',(-0.707106781186548,-0.707106781186548,0.));
#1680=DIRECTION('center_axis',(0.,0.,-1.));
#1681=DIRECTION('ref_axis',(-0.707106781186548,-0.707106781186548,0.));
#1682=DIRECTION('',(0.,0.,1.));
#1683=DIRECTION('center_axis',(-0.707106781186636,-0.707106781186459,0.));
#1684=DIRECTION('ref_axis',(0.707106781186459,-0.707106781186636,0.));
#1685=DIRECTION('',(0.707106781186459,-0.707106781186636,0.));
#1686=DIRECTION('center_axis',(0.,0.,1.));
#1687=DIRECTION('ref_axis',(0.707106781186525,0.70710678118657,0.));
#1688=DIRECTION('center_axis',(0.,0.,-1.));
#1689=DIRECTION('ref_axis',(0.707106781186525,0.70710678118657,0.));
#1690=DIRECTION('',(0.,0.,1.));
#1691=DIRECTION('',(0.,0.,1.));
#1692=DIRECTION('center_axis',(0.70710678118658,0.707106781186516,0.));
#1693=DIRECTION('ref_axis',(-0.707106781186516,0.70710678118658,0.));
#1694=DIRECTION('',(-0.707106781186516,0.70710678118658,0.));
#1695=DIRECTION('',(0.,0.,1.));
#1696=DIRECTION('center_axis',(0.,0.,1.));
#1697=DIRECTION('ref_axis',(0.707106786454909,-0.707106775918186,0.));
#1698=DIRECTION('center_axis',(0.,0.,-1.));
#1699=DIRECTION('ref_axis',(-0.707106781186543,-0.707106781186552,0.));
#1700=DIRECTION('',(0.,0.,1.));
#1701=DIRECTION('center_axis',(-0.70710678118664,-0.707106781186455,0.));
#1702=DIRECTION('ref_axis',(0.707106781186455,-0.70710678118664,0.));
#1703=DIRECTION('',(0.707106781186455,-0.70710678118664,0.));
#1704=DIRECTION('center_axis',(0.,0.,1.));
#1705=DIRECTION('ref_axis',(0.707106781186521,0.707106781186574,0.));
#1706=DIRECTION('center_axis',(0.,0.,-1.));
#1707=DIRECTION('ref_axis',(0.707106781186521,0.707106781186574,0.));
#1708=DIRECTION('',(0.,0.,1.));
#1709=DIRECTION('',(0.,0.,1.));
#1710=DIRECTION('center_axis',(0.707106781186583,0.707106781186512,0.));
#1711=DIRECTION('ref_axis',(-0.707106781186512,0.707106781186583,0.));
#1712=DIRECTION('',(-0.707106781186512,0.707106781186583,0.));
#1713=DIRECTION('',(0.,0.,1.));
#1714=DIRECTION('center_axis',(0.,0.,1.));
#1715=DIRECTION('ref_axis',(-0.707106781186521,-0.707106781186574,0.));
#1716=DIRECTION('center_axis',(0.,0.,-1.));
#1717=DIRECTION('ref_axis',(-0.707106781186521,-0.707106781186574,0.));
#1718=DIRECTION('',(0.,0.,1.));
#1719=DIRECTION('center_axis',(-0.707106781186612,-0.707106781186484,0.));
#1720=DIRECTION('ref_axis',(0.707106781186484,-0.707106781186612,0.));
#1721=DIRECTION('',(0.707106781186484,-0.707106781186612,0.));
#1722=DIRECTION('center_axis',(0.,0.,1.));
#1723=DIRECTION('ref_axis',(0.707106781186572,0.707106781186523,0.));
#1724=DIRECTION('center_axis',(0.,0.,-1.));
#1725=DIRECTION('ref_axis',(0.707106781186572,0.707106781186523,0.));
#1726=DIRECTION('',(0.,0.,1.));
#1727=DIRECTION('',(0.,0.,1.));
#1728=DIRECTION('center_axis',(0.707106781186633,0.707106781186462,0.));
#1729=DIRECTION('ref_axis',(-0.707106781186462,0.707106781186633,0.));
#1730=DIRECTION('',(-0.707106781186462,0.707106781186633,0.));
#1731=DIRECTION('',(0.,0.,1.));
#1732=DIRECTION('center_axis',(0.,0.,1.));
#1733=DIRECTION('ref_axis',(-0.707106781186523,-0.707106781186572,0.));
#1734=DIRECTION('center_axis',(0.,0.,-1.));
#1735=DIRECTION('ref_axis',(-0.707106781186523,-0.707106781186572,0.));
#1736=DIRECTION('',(0.,0.,1.));
#1737=DIRECTION('center_axis',(-0.707106781186619,-0.707106781186477,0.));
#1738=DIRECTION('ref_axis',(0.707106781186477,-0.707106781186619,0.));
#1739=DIRECTION('',(0.707106781186477,-0.707106781186619,0.));
#1740=DIRECTION('center_axis',(1.,2.96698434096861E-15,0.));
#1741=DIRECTION('ref_axis',(-2.96698434096861E-15,1.,0.));
#1742=DIRECTION('',(0.,0.,1.));
#1743=DIRECTION('',(2.96698434096861E-15,-1.,0.));
#1744=DIRECTION('center_axis',(0.,0.,1.));
#1745=DIRECTION('ref_axis',(0.70710678118662,-0.707106781186475,0.));
#1746=DIRECTION('center_axis',(0.,0.,1.));
#1747=DIRECTION('ref_axis',(0.70710678118662,-0.707106781186475,0.));
#1748=DIRECTION('',(0.,0.,1.));
#1749=DIRECTION('center_axis',(0.707106781186547,-0.707106781186549,0.));
#1750=DIRECTION('ref_axis',(0.707106781186549,0.707106781186546,0.));
#1751=DIRECTION('',(-0.707106781186549,-0.707106781186546,0.));
#1752=DIRECTION('',(0.,0.,1.));
#1753=DIRECTION('center_axis',(0.,0.,1.));
#1754=DIRECTION('ref_axis',(0.,-1.,0.));
#1755=DIRECTION('center_axis',(0.,0.,1.));
#1756=DIRECTION('ref_axis',(0.,-1.,0.));
#1757=DIRECTION('',(0.,0.,1.));
#1758=DIRECTION('center_axis',(0.,-1.,0.));
#1759=DIRECTION('ref_axis',(1.,0.,0.));
#1760=DIRECTION('',(-1.,0.,0.));
#1761=DIRECTION('center_axis',(0.,0.,1.));
#1762=DIRECTION('ref_axis',(1.,0.,0.));
#1763=DIRECTION('center_axis',(0.,0.,1.));
#1764=DIRECTION('ref_axis',(1.,0.,0.));
#1765=CARTESIAN_POINT('',(0.,0.,0.));
#1766=CARTESIAN_POINT('Origin',(-73.8161673707592,142.979998837416,41.7333061626243));
#1767=CARTESIAN_POINT('',(-72.1161673707592,142.979998837416,41.7333061626243));
#1768=CARTESIAN_POINT('Origin',(-73.8161673707592,142.979998837416,41.7333061626244));
#1769=CARTESIAN_POINT('',(-72.1161673707592,145.578075048769,40.2333061626244));
#1770=CARTESIAN_POINT('',(-72.1161673707592,142.979998837416,41.7333061626243));
#1771=CARTESIAN_POINT('Origin',(-73.8161673707592,145.578075048769,40.2333061626247));
#1772=CARTESIAN_POINT('Origin',(-77.0965153177089,142.573945580294,39.4050012907103));
#1773=CARTESIAN_POINT('',(-80.0965153177089,142.409402989151,39.5));
#1774=CARTESIAN_POINT('',(-79.9891785001879,144.,39.5));
#1775=CARTESIAN_POINT('Origin',(-77.0965153177089,142.409402989151,39.5));
#1776=CARTESIAN_POINT('',(-80.0965153177089,141.870299939719,39.8112512907103));
#1777=CARTESIAN_POINT('',(-80.0965153177089,142.573945580294,39.4050012907103));
#1778=CARTESIAN_POINT('',(-79.3387432737594,142.866845697964,41.5373191760582));
#1779=CARTESIAN_POINT('Origin',(-77.0965153177089,141.870299939719,39.8112512907103));
#1780=CARTESIAN_POINT('',(-79.3387432737594,145.464921909317,40.0373191760584));
#1781=CARTESIAN_POINT('',(-79.3387432737594,143.570491338539,41.1310691760581));
#1782=CARTESIAN_POINT('',(-80.0965153177089,144.468376151072,38.3112512907106));
#1783=CARTESIAN_POINT('Origin',(-77.0965153177089,144.468376151072,38.3112512907106));
#1784=CARTESIAN_POINT('',(-80.0965153177089,144.,38.5816683876141));
#1785=CARTESIAN_POINT('',(-80.0965153177089,142.573945580294,39.4050012907103));
#1786=CARTESIAN_POINT('Origin',(-77.0965153177089,144.,38.5816683876141));
#1787=CARTESIAN_POINT('Origin',(-68.0965153177089,144.,37.5));
#1788=CARTESIAN_POINT('',(-76.9915450808292,146.78522089284,42.3241440967013));
#1789=CARTESIAN_POINT('',(-77.9639953845415,146.238217597002,41.3767065964023));
#1790=CARTESIAN_POINT('',(-74.7493171247786,147.288675134595,43.1961524227068));
#1791=CARTESIAN_POINT('Origin',(-74.7493171247786,145.788675134595,40.5980762113536));
#1792=CARTESIAN_POINT('',(-71.0965153177089,147.288675134595,43.1961524227068));
#1793=CARTESIAN_POINT('',(-68.0965153177089,147.288675134595,43.1961524227068));
#1794=CARTESIAN_POINT('',(-68.0965153177089,145.788675134595,40.5980762113535));
#1795=CARTESIAN_POINT('Origin',(-71.0965153177089,145.788675134595,40.5980762113535));
#1796=CARTESIAN_POINT('',(-68.0965153177089,144.,37.5));
#1797=CARTESIAN_POINT('',(-68.0965153177089,144.,37.5));
#1798=CARTESIAN_POINT('',(-80.0965153177089,144.,37.5));
#1799=CARTESIAN_POINT('',(-86.0223864882817,144.,37.5));
#1800=CARTESIAN_POINT('',(-80.0965153177089,144.,37.5));
#1801=CARTESIAN_POINT('Origin',(-80.0965153177089,142.440598923243,40.7990381056782));
#1802=CARTESIAN_POINT('',(-76.9915450808291,144.187144681487,43.8241440967012));
#1803=CARTESIAN_POINT('',(-76.3309980763287,144.558702371518,44.4677008937783));
#1804=CARTESIAN_POINT('',(-76.9915450808291,145.486182787164,43.0741440967012));
#1805=CARTESIAN_POINT('Origin',(-80.0965153177089,144.489637028918,41.0980762113534));
#1806=CARTESIAN_POINT('',(-80.0965153177089,141.690598923242,39.5));
#1807=CARTESIAN_POINT('',(-80.0965153177089,124.218947343886,39.5));
#1808=CARTESIAN_POINT('',(-80.0965153177089,144.690598923242,44.6961524227068));
#1809=CARTESIAN_POINT('Origin',(-80.0965153177089,144.489637028918,41.0980762113534));
#1810=CARTESIAN_POINT('',(-80.0965153177089,144.,39.2990381056767));
#1811=CARTESIAN_POINT('Origin',(-68.0965153177089,144.690598923242,44.6961524227068));
#1812=CARTESIAN_POINT('',(-68.0965153177089,141.690598923242,39.5));
#1813=CARTESIAN_POINT('',(-86.0223864882817,141.690598923242,39.5));
#1814=CARTESIAN_POINT('',(-68.0965153177089,143.190598923242,42.0980762113534));
#1815=CARTESIAN_POINT('',(-68.0965153177089,144.690598923242,44.6961524227068));
#1816=CARTESIAN_POINT('',(-71.0965153177089,144.690598923242,44.6961524227068));
#1817=CARTESIAN_POINT('Origin',(-71.0965153177089,143.190598923242,42.0980762113535));
#1818=CARTESIAN_POINT('',(-74.7493171247785,144.690598923242,44.6961524227068));
#1819=CARTESIAN_POINT('',(-68.0965153177089,144.690598923242,44.6961524227068));
#1820=CARTESIAN_POINT('Origin',(-74.7493171247785,143.190598923241,42.0980762113536));
#1821=CARTESIAN_POINT('Origin',(-74.7493171247786,144.489637028918,41.3480762113534));
#1822=CARTESIAN_POINT('',(-74.7493171247786,145.989637028918,43.9461524227067));
#1823=CARTESIAN_POINT('Origin',(-68.0965153177089,147.288675134595,43.1961524227068));
#1824=CARTESIAN_POINT('',(-71.0965153177089,133.365325564044,51.2348020452855));
#1825=CARTESIAN_POINT('Origin',(-71.0965153177089,131.865325564044,48.6367258339322));
#1826=CARTESIAN_POINT('',(-68.0965153177089,131.865325564044,48.6367258339322));
#1827=CARTESIAN_POINT('Origin',(-103.948257658854,103.948257658854,39.5));
#1828=CARTESIAN_POINT('',(-118.749329060094,144.,39.5));
#1829=CARTESIAN_POINT('',(-86.0223864882817,144.,39.5));
#1830=CARTESIAN_POINT('',(-122.284862966027,142.535533905933,39.5));
#1831=CARTESIAN_POINT('Origin',(-118.749329060094,139.,39.5));
#1832=CARTESIAN_POINT('',(-142.535533905933,122.284862966028,39.5));
#1833=CARTESIAN_POINT('',(-138.335533905933,126.484862966027,39.5));
#1834=CARTESIAN_POINT('',(-144.,118.749329060095,39.5));
#1835=CARTESIAN_POINT('Origin',(-139.,118.749329060095,39.5));
#1836=CARTESIAN_POINT('',(-144.,79.9891785001879,39.5));
#1837=CARTESIAN_POINT('',(-144.,113.448793359475,39.5));
#1838=CARTESIAN_POINT('',(-142.409402989151,80.0965153177089,39.5));
#1839=CARTESIAN_POINT('Origin',(-142.409402989151,77.0965153177089,39.5));
#1840=CARTESIAN_POINT('',(-141.690598923242,80.0965153177089,39.5));
#1841=CARTESIAN_POINT('',(-124.218947343886,80.0965153177089,39.5));
#1842=CARTESIAN_POINT('',(-141.690598923242,68.0965153177089,39.5));
#1843=CARTESIAN_POINT('',(-141.690598923242,86.0223864882817,39.5));
#1844=CARTESIAN_POINT('',(-106.871067811865,68.0965153177089,39.5));
#1845=CARTESIAN_POINT('',(-106.871067811865,68.0965153177089,39.5));
#1846=CARTESIAN_POINT('',(-103.335533905933,69.5609814117758,39.5));
#1847=CARTESIAN_POINT('Origin',(-106.871067811865,73.0965153177089,39.5));
#1848=CARTESIAN_POINT('',(-69.5609814117757,103.335533905933,39.5));
#1849=CARTESIAN_POINT('',(-69.5609814117757,103.335533905933,39.5));
#1850=CARTESIAN_POINT('',(-68.0965153177088,106.871067811865,39.5));
#1851=CARTESIAN_POINT('Origin',(-73.0965153177088,106.871067811865,39.5));
#1852=CARTESIAN_POINT('',(-68.0965153177089,139.8,39.5));
#1853=CARTESIAN_POINT('',(-69.1569028709602,113.396868824716,39.5));
#1854=CARTESIAN_POINT('Origin',(-74.1569028709602,113.396868824716,39.5));
#1855=CARTESIAN_POINT('',(-90.3701063065577,134.610072260311,39.5));
#1856=CARTESIAN_POINT('Origin',(-95.3701063065577,134.610072260311,39.5));
#1857=CARTESIAN_POINT('',(-103.475965182803,87.5360749438243,39.5));
#1858=CARTESIAN_POINT('',(-101.708198229837,85.768307990858,39.5));
#1859=CARTESIAN_POINT('',(-101.708198229837,85.768307990858,39.5));
#1860=CARTESIAN_POINT('',(-104.536625354583,82.9398808661119,39.5));
#1861=CARTESIAN_POINT('Origin',(-103.12241179221,84.3540944284849,39.5));
#1862=CARTESIAN_POINT('',(-106.304392307549,84.707647819078,39.5));
#1863=CARTESIAN_POINT('',(-106.304392307549,84.707647819078,39.5));
#1864=CARTESIAN_POINT('Origin',(-104.890178745176,86.1218613814512,39.5));
#1865=CARTESIAN_POINT('',(-110.193479604075,94.2535893650966,39.5));
#1866=CARTESIAN_POINT('',(-108.425712672182,92.4858224332036,39.5));
#1867=CARTESIAN_POINT('',(-108.425712672182,92.4858224332036,39.5));
#1868=CARTESIAN_POINT('',(-111.254139775855,89.6573952873841,39.5));
#1869=CARTESIAN_POINT('Origin',(-109.839926213482,91.0716088497571,39.5));
#1870=CARTESIAN_POINT('',(-113.021906728821,91.4251622403503,39.5));
#1871=CARTESIAN_POINT('',(-113.021906728821,91.4251622403503,39.5));
#1872=CARTESIAN_POINT('Origin',(-111.607693166448,92.8393758027235,39.5));
#1873=CARTESIAN_POINT('',(-120.404101524409,84.0429674447631,39.5));
#1874=CARTESIAN_POINT('',(-118.636334571443,82.2752004917968,39.5));
#1875=CARTESIAN_POINT('',(-118.636334571443,82.2752004917968,39.5));
#1876=CARTESIAN_POINT('',(-121.464761696189,79.4467733670505,39.5));
#1877=CARTESIAN_POINT('Origin',(-120.050548133816,80.8609869294236,39.5));
#1878=CARTESIAN_POINT('',(-123.232528649155,81.2145403200167,39.5));
#1879=CARTESIAN_POINT('',(-123.232528649155,81.2145403200167,39.5));
#1880=CARTESIAN_POINT('Origin',(-121.818315086782,82.6287538823899,39.5));
#1881=CARTESIAN_POINT('',(-113.686587103137,77.3254530234907,39.5));
#1882=CARTESIAN_POINT('',(-111.918820150171,75.5576860705244,39.5));
#1883=CARTESIAN_POINT('',(-111.918820150171,75.5576860705244,39.5));
#1884=CARTESIAN_POINT('',(-114.747247274917,72.7292589457782,39.5));
#1885=CARTESIAN_POINT('Origin',(-113.333033712544,74.1434725081513,39.5));
#1886=CARTESIAN_POINT('',(-116.515014227883,74.4970258987447,39.5));
#1887=CARTESIAN_POINT('',(-116.515014227883,74.4970258987447,39.5));
#1888=CARTESIAN_POINT('Origin',(-115.10080066551,75.9112394611177,39.5));
#1889=CARTESIAN_POINT('',(-108.754882617407,116.22529594946,39.5));
#1890=CARTESIAN_POINT('Origin',(-113.754882617407,116.22529594946,39.5));
#1891=CARTESIAN_POINT('',(-87.5416791818095,95.0120925138651,39.5));
#1892=CARTESIAN_POINT('Origin',(-92.5416791818095,95.0120925138651,39.5));
#1893=CARTESIAN_POINT('Origin',(-142.979998837416,73.8161673707592,41.7333061626243));
#1894=CARTESIAN_POINT('',(-142.979998837416,72.1161673707592,41.7333061626243));
#1895=CARTESIAN_POINT('Origin',(-142.979998837416,73.8161673707592,41.7333061626244));
#1896=CARTESIAN_POINT('',(-145.578075048769,72.1161673707592,40.2333061626244));
#1897=CARTESIAN_POINT('',(-142.979998837416,72.1161673707592,41.7333061626243));
#1898=CARTESIAN_POINT('Origin',(-145.578075048769,73.8161673707592,40.2333061626247));
#1899=CARTESIAN_POINT('Origin',(-142.573945580294,77.0965153177089,39.4050012907103));
#1900=CARTESIAN_POINT('',(-144.,80.0965153177089,38.5816683876141));
#1901=CARTESIAN_POINT('Origin',(-144.,77.0965153177089,38.5816683876141));
#1902=CARTESIAN_POINT('',(-144.468376151072,80.0965153177089,38.3112512907106));
#1903=CARTESIAN_POINT('',(-142.573945580294,80.0965153177089,39.4050012907103));
#1904=CARTESIAN_POINT('',(-145.464921909317,79.3387432737595,40.0373191760584));
#1905=CARTESIAN_POINT('Origin',(-144.468376151072,77.0965153177089,38.3112512907106));
#1906=CARTESIAN_POINT('',(-142.866845697964,79.3387432737595,41.5373191760582));
#1907=CARTESIAN_POINT('',(-143.570491338539,79.3387432737595,41.1310691760581));
#1908=CARTESIAN_POINT('',(-141.870299939719,80.0965153177089,39.8112512907103));
#1909=CARTESIAN_POINT('Origin',(-141.870299939719,77.0965153177089,39.8112512907103));
#1910=CARTESIAN_POINT('',(-142.573945580294,80.0965153177089,39.4050012907103));
#1911=CARTESIAN_POINT('Origin',(-144.489637028918,80.0965153177089,41.0980762113534));
#1912=CARTESIAN_POINT('',(-144.690598923242,80.0965153177089,44.6961524227068));
#1913=CARTESIAN_POINT('Origin',(-144.690598923242,68.0965153177089,44.6961524227068));
#1914=CARTESIAN_POINT('',(-144.187144681487,76.9915450808291,43.8241440967012));
#1915=CARTESIAN_POINT('',(-144.558702371518,76.3309980763288,44.4677008937783));
#1916=CARTESIAN_POINT('',(-144.690598923242,74.7493171247785,44.6961524227068));
#1917=CARTESIAN_POINT('Origin',(-143.190598923241,74.7493171247785,42.0980762113536));
#1918=CARTESIAN_POINT('',(-144.690598923242,71.0965153177089,44.6961524227068));
#1919=CARTESIAN_POINT('',(-144.690598923242,68.0965153177089,44.6961524227068));
#1920=CARTESIAN_POINT('',(-143.190598923242,68.0965153177089,42.0980762113534));
#1921=CARTESIAN_POINT('Origin',(-143.190598923242,71.0965153177089,42.0980762113535));
#1922=CARTESIAN_POINT('',(-144.690598923242,68.0965153177089,44.6961524227068));
#1923=CARTESIAN_POINT('Origin',(-144.489637028918,74.7493171247786,41.3480762113534));
#1924=CARTESIAN_POINT('',(-146.78522089284,76.9915450808292,42.3241440967013));
#1925=CARTESIAN_POINT('',(-147.288675134595,74.7493171247786,43.1961524227068));
#1926=CARTESIAN_POINT('Origin',(-145.788675134595,74.7493171247786,40.5980762113536));
#1927=CARTESIAN_POINT('',(-145.989637028918,74.7493171247786,43.9461524227067));
#1928=CARTESIAN_POINT('',(-145.486182787164,76.9915450808291,43.0741440967012));
#1929=CARTESIAN_POINT('Origin',(-147.288675134595,68.0965153177089,43.1961524227068));
#1930=CARTESIAN_POINT('',(-147.288675134595,71.0965153177089,43.1961524227068));
#1931=CARTESIAN_POINT('',(-147.288675134595,68.0965153177089,43.1961524227068));
#1932=CARTESIAN_POINT('',(-145.713675134595,71.0965153177089,44.1054790966804));
#1933=CARTESIAN_POINT('Origin',(-144.213675134595,71.0965153177089,41.5074028853271));
#1934=CARTESIAN_POINT('',(-145.788675134595,68.0965153177089,40.5980762113535));
#1935=CARTESIAN_POINT('Origin',(-145.788675134595,71.0965153177089,40.5980762113535));
#1936=CARTESIAN_POINT('',(-144.213675134595,68.0965153177089,41.5074028853271));
#1937=CARTESIAN_POINT('Origin',(-142.440598923243,80.0965153177089,40.7990381056782));
#1938=CARTESIAN_POINT('',(-146.238217597002,77.9639953845415,41.3767065964023));
#1939=CARTESIAN_POINT('Origin',(-144.,68.0965153177089,37.5));
#1940=CARTESIAN_POINT('',(-144.,80.0965153177089,37.5));
#1941=CARTESIAN_POINT('',(-144.,80.0965153177089,37.5));
#1942=CARTESIAN_POINT('',(-144.,68.0965153177089,37.5));
#1943=CARTESIAN_POINT('',(-144.,113.448793359475,37.5));
#1944=CARTESIAN_POINT('',(-144.,68.0965153177089,37.5));
#1945=CARTESIAN_POINT('Origin',(-144.489637028918,80.0965153177089,41.0980762113534));
#1946=CARTESIAN_POINT('',(-144.,80.0965153177089,39.2990381056767));
#1947=CARTESIAN_POINT('Origin',(-144.,122.949329060095,37.5));
#1948=CARTESIAN_POINT('',(-144.,118.749329060095,37.5));
#1949=CARTESIAN_POINT('',(-144.,118.749329060095,37.5));
#1950=CARTESIAN_POINT('',(-144.,113.448793359475,37.5));
#1951=CARTESIAN_POINT('Origin',(-118.749329060094,139.,37.5));
#1952=CARTESIAN_POINT('',(-118.749329060094,144.,37.5));
#1953=CARTESIAN_POINT('',(-122.284862966027,142.535533905933,37.5));
#1954=CARTESIAN_POINT('Origin',(-118.749329060094,139.,37.5));
#1955=CARTESIAN_POINT('',(-122.284862966027,142.535533905933,37.5));
#1956=CARTESIAN_POINT('',(-118.749329060094,144.,37.5));
#1957=CARTESIAN_POINT('Origin',(-68.0965153177089,144.,37.5));
#1958=CARTESIAN_POINT('',(-86.0223864882817,144.,37.5));
#1959=CARTESIAN_POINT('Origin',(-139.,118.749329060095,37.5));
#1960=CARTESIAN_POINT('',(-142.535533905933,122.284862966028,37.5));
#1961=CARTESIAN_POINT('Origin',(-139.,118.749329060095,37.5));
#1962=CARTESIAN_POINT('',(-142.535533905933,122.284862966028,37.5));
#1963=CARTESIAN_POINT('Origin',(-126.484862966027,138.335533905933,37.5));
#1964=CARTESIAN_POINT('',(-138.335533905933,126.484862966027,37.5));
#1965=CARTESIAN_POINT('Origin',(-74.1569028709602,113.396868824716,41.5));
#1966=CARTESIAN_POINT('',(-77.1569028709602,113.396868824716,41.5));
#1967=CARTESIAN_POINT('',(-71.1569028709602,113.396868824716,41.5));
#1968=CARTESIAN_POINT('Origin',(-74.1569028709602,113.396868824716,41.5));
#1969=CARTESIAN_POINT('Origin',(-69.1569028709602,113.396868824716,41.5));
#1970=CARTESIAN_POINT('Origin',(-74.1569028709602,113.396868824716,41.5));
#1971=CARTESIAN_POINT('Origin',(-74.1569028709602,113.396868824716,37.5));
#1972=CARTESIAN_POINT('',(-77.1569028709602,113.396868824716,45.5));
#1973=CARTESIAN_POINT('Origin',(-74.1569028709602,113.396868824716,45.5));
#1974=CARTESIAN_POINT('',(-77.1569028709602,113.396868824716,37.5));
#1975=CARTESIAN_POINT('Origin',(-92.5416791818095,95.0120925138651,41.5));
#1976=CARTESIAN_POINT('',(-95.5416791818095,95.0120925138651,41.5));
#1977=CARTESIAN_POINT('',(-89.5416791818095,95.0120925138651,41.5));
#1978=CARTESIAN_POINT('Origin',(-92.5416791818095,95.0120925138651,41.5));
#1979=CARTESIAN_POINT('Origin',(-87.5416791818095,95.0120925138651,41.5));
#1980=CARTESIAN_POINT('Origin',(-92.5416791818095,95.0120925138651,41.5));
#1981=CARTESIAN_POINT('Origin',(-92.5416791818095,95.0120925138651,37.5));
#1982=CARTESIAN_POINT('',(-95.5416791818095,95.0120925138651,45.5));
#1983=CARTESIAN_POINT('Origin',(-92.5416791818095,95.0120925138651,45.5));
#1984=CARTESIAN_POINT('',(-95.5416791818095,95.0120925138651,37.5));
#1985=CARTESIAN_POINT('Origin',(-95.3701063065577,134.610072260311,41.5));
#1986=CARTESIAN_POINT('',(-98.3701063065577,134.610072260311,41.5));
#1987=CARTESIAN_POINT('',(-92.3701063065577,134.610072260311,41.5));
#1988=CARTESIAN_POINT('Origin',(-95.3701063065577,134.610072260311,41.5));
#1989=CARTESIAN_POINT('Origin',(-90.3701063065577,134.610072260311,41.5));
#1990=CARTESIAN_POINT('Origin',(-95.3701063065577,134.610072260311,41.5));
#1991=CARTESIAN_POINT('Origin',(-95.3701063065577,134.610072260311,37.5));
#1992=CARTESIAN_POINT('',(-98.3701063065577,134.610072260311,45.5));
#1993=CARTESIAN_POINT('Origin',(-95.3701063065577,134.610072260311,45.5));
#1994=CARTESIAN_POINT('',(-98.3701063065577,134.610072260311,37.5));
#1995=CARTESIAN_POINT('Origin',(-113.754882617407,116.22529594946,41.5));
#1996=CARTESIAN_POINT('',(-116.754882617407,116.22529594946,41.5));
#1997=CARTESIAN_POINT('',(-110.754882617407,116.22529594946,41.5));
#1998=CARTESIAN_POINT('Origin',(-113.754882617407,116.22529594946,41.5));
#1999=CARTESIAN_POINT('Origin',(-108.754882617407,116.22529594946,41.5));
#2000=CARTESIAN_POINT('Origin',(-113.754882617407,116.22529594946,41.5));
#2001=CARTESIAN_POINT('Origin',(-113.754882617407,116.22529594946,37.5));
#2002=CARTESIAN_POINT('',(-116.754882617407,116.22529594946,45.5));
#2003=CARTESIAN_POINT('Origin',(-113.754882617407,116.22529594946,45.5));
#2004=CARTESIAN_POINT('',(-116.754882617407,116.22529594946,37.5));
#2005=CARTESIAN_POINT('Origin',(-113.754882617407,116.22529594946,37.5));
#2006=CARTESIAN_POINT('',(-115.354882617407,116.22529594946,45.5));
#2007=CARTESIAN_POINT('Origin',(-113.754882617407,116.22529594946,45.5));
#2008=CARTESIAN_POINT('',(-115.354882617407,116.22529594946,39.5));
#2009=CARTESIAN_POINT('',(-115.354882617407,116.22529594946,37.5));
#2010=CARTESIAN_POINT('Origin',(-113.754882617407,116.22529594946,39.5));
#2011=CARTESIAN_POINT('Origin',(-113.754882617407,116.22529594946,45.5));
#2012=CARTESIAN_POINT('Origin',(-92.5416791818095,95.0120925138651,37.5));
#2013=CARTESIAN_POINT('',(-94.1416791818095,95.0120925138651,45.5));
#2014=CARTESIAN_POINT('Origin',(-92.5416791818095,95.0120925138651,45.5));
#2015=CARTESIAN_POINT('',(-94.1416791818095,95.0120925138651,39.5));
#2016=CARTESIAN_POINT('',(-94.1416791818095,95.0120925138651,37.5));
#2017=CARTESIAN_POINT('Origin',(-92.5416791818095,95.0120925138651,39.5));
#2018=CARTESIAN_POINT('Origin',(-92.5416791818095,95.0120925138651,45.5));
#2019=CARTESIAN_POINT('Origin',(-103.948257658854,103.948257658854,39.5));
#2020=CARTESIAN_POINT('Origin',(-95.3701063065577,134.610072260311,37.5));
#2021=CARTESIAN_POINT('',(-96.9701063065577,134.610072260311,45.5));
#2022=CARTESIAN_POINT('Origin',(-95.3701063065577,134.610072260311,45.5));
#2023=CARTESIAN_POINT('',(-96.9701063065577,134.610072260311,39.5));
#2024=CARTESIAN_POINT('',(-96.9701063065577,134.610072260311,37.5));
#2025=CARTESIAN_POINT('Origin',(-95.3701063065577,134.610072260311,39.5));
#2026=CARTESIAN_POINT('Origin',(-95.3701063065577,134.610072260311,45.5));
#2027=CARTESIAN_POINT('Origin',(-103.948257658854,103.948257658854,39.5));
#2028=CARTESIAN_POINT('Origin',(-74.1569028709602,113.396868824716,37.5));
#2029=CARTESIAN_POINT('',(-75.7569028709602,113.396868824716,45.5));
#2030=CARTESIAN_POINT('Origin',(-74.1569028709602,113.396868824716,45.5));
#2031=CARTESIAN_POINT('',(-75.7569028709602,113.396868824716,39.5));
#2032=CARTESIAN_POINT('',(-75.7569028709602,113.396868824716,37.5));
#2033=CARTESIAN_POINT('Origin',(-74.1569028709602,113.396868824716,39.5));
#2034=CARTESIAN_POINT('Origin',(-74.1569028709602,113.396868824716,45.5));
#2035=CARTESIAN_POINT('Origin',(-103.948257658854,103.948257658854,39.5));
#2036=CARTESIAN_POINT('Origin',(-104.890178745176,86.1218613814512,37.5));
#2037=CARTESIAN_POINT('',(-106.304392307549,84.707647819078,37.5));
#2038=CARTESIAN_POINT('',(-103.475965182803,87.5360749438243,37.5));
#2039=CARTESIAN_POINT('Origin',(-104.890178745176,86.1218613814512,37.5));
#2040=CARTESIAN_POINT('',(-103.475965182803,87.5360749438243,37.5));
#2041=CARTESIAN_POINT('',(-106.304392307549,84.707647819078,37.5));
#2042=CARTESIAN_POINT('Origin',(-104.536625354583,82.9398808661119,37.5));
#2043=CARTESIAN_POINT('',(-104.536625354583,82.9398808661119,37.5));
#2044=CARTESIAN_POINT('',(-106.304392307549,84.707647819078,37.5));
#2045=CARTESIAN_POINT('',(-104.536625354583,82.9398808661119,37.5));
#2046=CARTESIAN_POINT('Origin',(-103.12241179221,84.3540944284849,37.5));
#2047=CARTESIAN_POINT('',(-101.708198229837,85.768307990858,37.5));
#2048=CARTESIAN_POINT('Origin',(-103.12241179221,84.3540944284849,37.5));
#2049=CARTESIAN_POINT('',(-101.708198229837,85.768307990858,37.5));
#2050=CARTESIAN_POINT('Origin',(-103.475965182803,87.5360749438243,37.5));
#2051=CARTESIAN_POINT('',(-101.708198229837,85.768307990858,37.5));
#2052=CARTESIAN_POINT('Origin',(-111.607693166448,92.8393758027235,37.5));
#2053=CARTESIAN_POINT('',(-113.021906728821,91.4251622403503,37.5));
#2054=CARTESIAN_POINT('',(-110.193479604075,94.2535893650966,37.5));
#2055=CARTESIAN_POINT('Origin',(-111.607693166448,92.8393758027235,37.5));
#2056=CARTESIAN_POINT('',(-110.193479604075,94.2535893650966,37.5));
#2057=CARTESIAN_POINT('',(-113.021906728821,91.4251622403503,37.5));
#2058=CARTESIAN_POINT('Origin',(-111.254139775855,89.6573952873841,37.5));
#2059=CARTESIAN_POINT('',(-111.254139775855,89.6573952873841,37.5));
#2060=CARTESIAN_POINT('',(-113.021906728821,91.4251622403503,37.5));
#2061=CARTESIAN_POINT('',(-111.254139775855,89.6573952873841,37.5));
#2062=CARTESIAN_POINT('Origin',(-109.839926213482,91.0716088497571,37.5));
#2063=CARTESIAN_POINT('',(-108.425712672182,92.4858224332036,37.5));
#2064=CARTESIAN_POINT('Origin',(-109.839926213482,91.0716088497571,37.5));
#2065=CARTESIAN_POINT('',(-108.425712672182,92.4858224332036,37.5));
#2066=CARTESIAN_POINT('Origin',(-110.193479604075,94.2535893650966,37.5));
#2067=CARTESIAN_POINT('',(-108.425712672182,92.4858224332036,37.5));
#2068=CARTESIAN_POINT('Origin',(-121.818315086782,82.6287538823899,37.5));
#2069=CARTESIAN_POINT('',(-123.232528649155,81.2145403200167,37.5));
#2070=CARTESIAN_POINT('',(-120.404101524409,84.0429674447631,37.5));
#2071=CARTESIAN_POINT('Origin',(-121.818315086782,82.6287538823899,37.5));
#2072=CARTESIAN_POINT('',(-120.404101524409,84.0429674447631,37.5));
#2073=CARTESIAN_POINT('',(-123.232528649155,81.2145403200167,37.5));
#2074=CARTESIAN_POINT('Origin',(-121.464761696189,79.4467733670505,37.5));
#2075=CARTESIAN_POINT('',(-121.464761696189,79.4467733670505,37.5));
#2076=CARTESIAN_POINT('',(-123.232528649155,81.2145403200167,37.5));
#2077=CARTESIAN_POINT('',(-121.464761696189,79.4467733670505,37.5));
#2078=CARTESIAN_POINT('Origin',(-120.050548133816,80.8609869294236,37.5));
#2079=CARTESIAN_POINT('',(-118.636334571443,82.2752004917968,37.5));
#2080=CARTESIAN_POINT('Origin',(-120.050548133816,80.8609869294236,37.5));
#2081=CARTESIAN_POINT('',(-118.636334571443,82.2752004917968,37.5));
#2082=CARTESIAN_POINT('Origin',(-120.404101524409,84.0429674447631,37.5));
#2083=CARTESIAN_POINT('',(-118.636334571443,82.2752004917968,37.5));
#2084=CARTESIAN_POINT('Origin',(-115.10080066551,75.9112394611177,37.5));
#2085=CARTESIAN_POINT('',(-116.515014227883,74.4970258987447,37.5));
#2086=CARTESIAN_POINT('',(-113.686587103137,77.3254530234907,37.5));
#2087=CARTESIAN_POINT('Origin',(-115.10080066551,75.9112394611177,37.5));
#2088=CARTESIAN_POINT('',(-113.686587103137,77.3254530234907,37.5));
#2089=CARTESIAN_POINT('',(-116.515014227883,74.4970258987447,37.5));
#2090=CARTESIAN_POINT('Origin',(-114.747247274917,72.7292589457782,37.5));
#2091=CARTESIAN_POINT('',(-114.747247274917,72.7292589457782,37.5));
#2092=CARTESIAN_POINT('',(-116.515014227883,74.4970258987447,37.5));
#2093=CARTESIAN_POINT('',(-114.747247274917,72.7292589457782,37.5));
#2094=CARTESIAN_POINT('Origin',(-113.333033712544,74.1434725081513,37.5));
#2095=CARTESIAN_POINT('',(-111.918820150171,75.5576860705244,37.5));
#2096=CARTESIAN_POINT('Origin',(-113.333033712544,74.1434725081513,37.5));
#2097=CARTESIAN_POINT('',(-111.918820150171,75.5576860705244,37.5));
#2098=CARTESIAN_POINT('Origin',(-113.686587103137,77.3254530234907,37.5));
#2099=CARTESIAN_POINT('',(-111.918820150171,75.5576860705244,37.5));
#2100=CARTESIAN_POINT('Origin',(-68.0965153177088,106.871067811865,37.5));
#2101=CARTESIAN_POINT('',(-68.0965153177088,106.871067811865,37.5));
#2102=CARTESIAN_POINT('',(-68.0965153177088,106.871067811865,37.5));
#2103=CARTESIAN_POINT('',(-68.0965153177089,139.8,37.5));
#2104=CARTESIAN_POINT('Origin',(-73.0965153177088,106.871067811865,37.5));
#2105=CARTESIAN_POINT('',(-69.5609814117757,103.335533905933,37.5));
#2106=CARTESIAN_POINT('Origin',(-73.0965153177088,106.871067811865,37.5));
#2107=CARTESIAN_POINT('',(-69.5609814117757,103.335533905933,37.5));
#2108=CARTESIAN_POINT('Origin',(-103.335533905933,69.5609814117758,37.5));
#2109=CARTESIAN_POINT('',(-103.335533905933,69.5609814117758,37.5));
#2110=CARTESIAN_POINT('',(-69.5609814117757,103.335533905933,37.5));
#2111=CARTESIAN_POINT('',(-103.335533905933,69.5609814117758,37.5));
#2112=CARTESIAN_POINT('Origin',(-106.871067811865,73.0965153177089,37.5));
#2113=CARTESIAN_POINT('',(-106.871067811865,68.0965153177089,37.5));
#2114=CARTESIAN_POINT('Origin',(-106.871067811865,73.0965153177089,37.5));
#2115=CARTESIAN_POINT('',(-106.871067811865,68.0965153177089,37.5));
#2116=CARTESIAN_POINT('Origin',(-139.8,68.0965153177089,37.5));
#2117=CARTESIAN_POINT('',(-106.871067811865,68.0965153177089,37.5));
#2118=CARTESIAN_POINT('Origin',(-103.948257658854,103.948257658854,39.5));
#2119=CARTESIAN_POINT('Origin',(-103.948257658854,103.948257658854,37.5));
#2120=UNCERTAINTY_MEASURE_WITH_UNIT(LENGTH_MEASURE(0.01),#2124,
'DISTANCE_ACCURACY_VALUE',
'Maximum model space distance between geometric entities at asserted c
onnectivities');
#2121=UNCERTAINTY_MEASURE_WITH_UNIT(LENGTH_MEASURE(0.01),#2124,
'DISTANCE_ACCURACY_VALUE',
'Maximum model space distance between geometric entities at asserted c
onnectivities');
#2122=(
GEOMETRIC_REPRESENTATION_CONTEXT(3)
GLOBAL_UNCERTAINTY_ASSIGNED_CONTEXT((#2120))
GLOBAL_UNIT_ASSIGNED_CONTEXT((#2124,#2126,#2127))
REPRESENTATION_CONTEXT('','3D')
);
#2123=(
GEOMETRIC_REPRESENTATION_CONTEXT(3)
GLOBAL_UNCERTAINTY_ASSIGNED_CONTEXT((#2121))
GLOBAL_UNIT_ASSIGNED_CONTEXT((#2124,#2126,#2127))
REPRESENTATION_CONTEXT('','3D')
);
#2124=(
LENGTH_UNIT()
NAMED_UNIT(*)
SI_UNIT(.MILLI.,.METRE.)
);
#2125=(
LENGTH_UNIT()
NAMED_UNIT(*)
SI_UNIT($,.METRE.)
);
#2126=(
NAMED_UNIT(*)
PLANE_ANGLE_UNIT()
SI_UNIT($,.RADIAN.)
);
#2127=(
NAMED_UNIT(*)
SI_UNIT($,.STERADIAN.)
SOLID_ANGLE_UNIT()
);
#2128=SHAPE_DEFINITION_REPRESENTATION(#2129,#2130);
#2129=PRODUCT_DEFINITION_SHAPE('',$,#2132);
#2130=SHAPE_REPRESENTATION('',(#1242),#2122);
#2131=PRODUCT_DEFINITION_CONTEXT('part definition',#2136,'design');
#2132=PRODUCT_DEFINITION('2340-PPP, Beacon_mounting_board_v3',
'2340-PPP, Beacon_mounting_board_v3',#2133,#2131);
#2133=PRODUCT_DEFINITION_FORMATION('',$,#2138);
#2134=PRODUCT_RELATED_PRODUCT_CATEGORY(
'2340-PPP, Beacon_mounting_board_v3',
'2340-PPP, Beacon_mounting_board_v3',(#2138));
#2135=APPLICATION_PROTOCOL_DEFINITION('international standard',
'automotive_design',2009,#2136);
#2136=APPLICATION_CONTEXT(
'Core Data for Automotive Mechanical Design Process');
#2137=PRODUCT_CONTEXT('part definition',#2136,'mechanical');
#2138=PRODUCT('2340-PPP, Beacon_mounting_board_v3',
'2340-PPP, Beacon_mounting_board_v3',$,(#2137));
#2139=PRESENTATION_STYLE_ASSIGNMENT((#2141));
#2140=PRESENTATION_STYLE_ASSIGNMENT((#2142));
#2141=SURFACE_STYLE_USAGE(.BOTH.,#2143);
#2142=SURFACE_STYLE_USAGE(.BOTH.,#2144);
#2143=SURFACE_SIDE_STYLE('',(#2145));
#2144=SURFACE_SIDE_STYLE('',(#2146));
#2145=SURFACE_STYLE_FILL_AREA(#2147);
#2146=SURFACE_STYLE_FILL_AREA(#2148);
#2147=FILL_AREA_STYLE('Steel - Satin',(#2149));
#2148=FILL_AREA_STYLE('Plastic - Glossy (Black)',(#2150));
#2149=FILL_AREA_STYLE_COLOUR('Steel - Satin',#2151);
#2150=FILL_AREA_STYLE_COLOUR('Plastic - Glossy (Black)',#2152);
#2151=COLOUR_RGB('Steel - Satin',0.627450980392157,0.627450980392157,0.627450980392157);
#2152=COLOUR_RGB('Plastic - Glossy (Black)',0.0980392156862745,0.0980392156862745,
0.0980392156862745);
ENDSEC;
END-ISO-10303-21;
